features,recall,precision,f1,pr_auc,n_features
"['V10', 'V14', 'V16', 'V8', 'V9', 'V2', 'V21']",0.8378378378378378,0.07192575406032482,0.13247863247863248,0.6589347524274638,7
"['V10', 'V4', 'V14', 'V12', 'V16', 'V8', 'V11', 'V1', 'V21']",0.8783783783783784,0.06184586108468126,0.11555555555555555,0.6577653545980311,9
"['V10', 'V14', 'V16', 'V8', 'V9', 'V2']",0.8378378378378378,0.07345971563981042,0.13507625272331156,0.6572158731271645,6
"['V10', 'V4', 'V14', 'V12', 'V16', 'V8', 'V1', 'V2']",0.8783783783783784,0.06069094304388422,0.11353711790393013,0.6570874529063627,8
"['V10', 'V4', 'V14', 'V12', 'V16', 'V17', 'V8', 'V11', 'V1']",0.8783783783783784,0.0641025641025641,0.11948529411764706,0.6570607072694883,9
"['V10', 'V4', 'V14', 'V12', 'V16', 'V17', 'V8', 'V1', 'V2', 'V21']",0.8783783783783784,0.05974264705882353,0.11187607573149742,0.6569660262724144,10
"['V10', 'V14', 'V16', 'V17', 'V8', 'V9', 'V2']",0.8378378378378378,0.07285546415981199,0.13405405405405404,0.6569445176349443,7
"['V14', 'V10', 'V8', 'V17', 'V16', 'V9', 'V2']",0.8378378378378378,0.07285546415981199,0.13405405405405404,0.6569445176349443,7
"['V10', 'V4', 'V14', 'V12', 'V16', 'V8', 'V1', 'V2', 'V21']",0.8783783783783784,0.06001846722068329,0.11235955056179775,0.6567573219312385,9
"['V14', 'V10', 'V8', 'V17', 'V16', 'V9', 'V2', 'V20']",0.8378378378378378,0.07268464243845252,0.133764832793959,0.656368219406798,8
"['V10', 'V14', 'V16', 'V17', 'V8', 'V9', 'V2', 'V21']",0.8378378378378378,0.07069555302166476,0.13038906414300735,0.6563315339470026,8
"['V14', 'V10', 'V8', 'V17', 'V16', 'V9', 'V2', 'V21']",0.8378378378378378,0.07069555302166476,0.13038906414300735,0.6563315339470026,8
"['V10', 'V4', 'V14', 'V12', 'V16', 'V8', 'V11', 'V9', 'V1', 'V21']",0.8648648648648649,0.060836501901140684,0.11367673179396093,0.656175461504204,10
"['V10', 'V4', 'V14', 'V12', 'V16', 'V8', 'V9', 'V1', 'V21']",0.8648648648648649,0.05823475887170155,0.10912190963341858,0.6560638931447751,9
"['V10', 'V4', 'V14', 'V12', 'V16', 'V17', 'V8', 'V1', 'V2']",0.8783783783783784,0.06052141527001862,0.1132404181184669,0.6560202174906926,9
"['V10', 'V14', 'V16', 'V8', 'V9', 'V21']",0.8378378378378378,0.0713463751438435,0.13149522799575822,0.6560000495415307,6
"['V10', 'V4', 'V14', 'V12', 'V16', 'V17', 'V8', 'V11', 'V9', 'V1', 'V21']",0.8648648648648649,0.06118546845124283,0.11428571428571428,0.6559744244184288,11
"['V10', 'V4', 'V14', 'V12', 'V16', 'V8', 'V1', 'V21']",0.8648648648648649,0.057813911472448055,0.10838272650296359,0.6559734058248874,8
"['V14', 'V10', 'V8', 'V17', 'V16', 'V9', 'V2', 'V20', 'V18', 'V21', 'V19', 'V5', 'Amount', 'V12', 'V4', 'V1']",0.8783783783783784,0.06256015399422522,0.11680143755615453,0.6559668639167422,16
"['V10', 'V4', 'V14', 'V12', 'V16', 'V8', 'V9', 'V1', 'V2']",0.8648648648648649,0.060206961429915336,0.11257695690413369,0.6559097137810612,9
"['V10', 'V4', 'V14', 'V12', 'V16', 'V8', 'V1']",0.8648648648648649,0.059534883720930236,0.1114012184508268,0.6557744897617029,7
"['V10', 'V4', 'V14', 'V12', 'V16', 'V17', 'V8', 'V11', 'V9', 'V1']",0.8648648648648649,0.06355511420059583,0.11840888066604996,0.6557129025378251,10
"['V10', 'V14', 'V16', 'V8', 'V9']",0.8378378378378378,0.07294117647058823,0.1341991341991342,0.6556966612729136,5
"['V10', 'V4', 'V14', 'V12', 'V16', 'V8', 'V11', 'V9', 'V1']",0.8648648648648649,0.0631786771964462,0.11775528978840846,0.65566579064024,9
"['V14', 'V10', 'V8', 'V17', 'V16', 'V9', 'V2', 'V20', 'V18']",0.8378378378378378,0.07159353348729793,0.13191489361702127,0.6555529973957753,9
"['V10', 'V14', 'V16', 'V8', 'V9', 'V1', 'V2', 'V21']",0.8513513513513513,0.07167235494880546,0.1322140608604407,0.6554873725398419,8
"['V14', 'V10', 'V8', 'V17', 'V16', 'V9', 'V2', 'V20', 'V21']",0.8513513513513513,0.07167235494880546,0.1322140608604407,0.6552098965929675,9
"['V14', 'V10', 'V8', 'V17', 'V16', 'V9', 'V2', 'V20', 'V18', 'V21', 'V19', 'V5', 'Amount', 'V12', 'V4', 'V1', 'V7']",0.8783783783783784,0.06335282651072124,0.11818181818181818,0.655131195121428,17
"['V10', 'V4', 'V14', 'V12', 'V16', 'V8', 'V11', 'V1']",0.8783783783783784,0.06335282651072124,0.11818181818181818,0.6548875022112151,8
"['V14', 'V10', 'V8', 'V17', 'V16', 'V9', 'V2', 'Amount']",0.8243243243243243,0.06939704209328783,0.12801678908709338,0.6546326016940037,8
"['V14', 'V10', 'V8', 'V17', 'V16', 'V9', 'V2', 'V20', 'V18', 'V21', 'V19', 'V5', 'Amount', 'V12', 'V4', 'V1', 'V7', 'V6']",0.8783783783783784,0.06226053639846743,0.11627906976744186,0.6545667375035,18
"['V10', 'V14', 'V16', 'V8', 'V9', 'V1', 'V21']",0.8243243243243243,0.07003444316877153,0.1291005291005291,0.6544964764774096,7
"['V10', 'V4', 'V14', 'V12', 'V16', 'V17', 'V8', 'V1']",0.8648648648648649,0.05876951331496786,0.11006018916595013,0.6543979875782759,8
"['V14', 'V10', 'V8', 'V17', 'V16', 'V9', 'V2', 'V20', 'V18', 'V21']",0.8513513513513513,0.0707070707070707,0.1305699481865285,0.6542777041662998,10
"['V10', 'V4', 'V14', 'V12', 'V16', 'V17', 'V8', 'V9', 'V1', 'V2']",0.8648648648648649,0.0600375234521576,0.11228070175438597,0.6542167680021228,10
"['V14', 'V10', 'V8', 'V17', 'V16', 'V9', 'V2', 'V18']",0.8378378378378378,0.07184241019698726,0.13233724653148346,0.6541560694636224,8
"['V10', 'V4', 'V14', 'V12', 'V16', 'V17', 'V8', 'V1', 'V21']",0.8648648648648649,0.057709648331830475,0.10819949281487742,0.6540418752482887,9
"['V14', 'V10', 'V8', 'V17', 'V16', 'V9', 'V2', 'V20', 'V18', 'V21', 'V19', 'V5', 'Amount', 'V12', 'V4', 'V1', 'V6']",0.8783783783783784,0.06202290076335878,0.11586452762923351,0.6538292907986563,17
"['V10', 'V4', 'V14', 'V12', 'V16', 'V17', 'V8', 'V9', 'V1']",0.8648648648648649,0.0595903165735568,0.11149825783972125,0.6538202053234917,9
"['V10', 'V4', 'V14', 'V12', 'V16', 'V8', 'V9', 'V1']",0.8648648648648649,0.06054872280037843,0.11317418213969938,0.6537329287429146,8
"['V14', 'V10', 'V8', 'V17', 'V16', 'V9', 'V2', 'V19']",0.8378378378378378,0.07029478458049887,0.1297071129707113,0.6535484804901773,8
"['V10', 'V4', 'V14', 'V12', 'V16', 'V8', 'V9', 'V21']",0.8648648648648649,0.059149722735674676,0.11072664359861592,0.6535206025891093,8
"['V10', 'V4', 'V14', 'V12', 'V16', 'V17', 'V8', 'V9', 'V1', 'V21']",0.8648648648648649,0.0576057605760576,0.1080168776371308,0.6535053423070794,10
"['V10', 'V4', 'V14', 'V12', 'V16', 'V17', 'V8', 'V11', 'V1', 'V21']",0.8783783783783784,0.06243996157540826,0.11659192825112108,0.6534355923134136,10
"['V14', 'V10', 'V8', 'V17', 'V16', 'V9', 'V2', 'V20', 'Amount']",0.8243243243243243,0.06963470319634703,0.12842105263157894,0.6532662083082056,9
"['V14', 'V10', 'V8', 'V17', 'V16', 'V9', 'V2', 'V20', 'V19']",0.8378378378378378,0.06989853438556934,0.12903225806451613,0.6532127138117477,9
"['V10', 'V4', 'V14', 'V12', 'V16', 'V8', 'V21']",0.8783783783783784,0.05957836846929423,0.11158798283261803,0.6531997267432578,7
"['V10', 'V14', 'V16', 'V17', 'V8', 'V9', 'V21']",0.8378378378378378,0.07013574660633484,0.12943632567849686,0.6531390339905506,7
"['V14', 'V10', 'V8', 'V17', 'V16', 'V9', 'V21']",0.8378378378378378,0.07013574660633484,0.12943632567849686,0.6531390339905506,7
"['V14', 'V10', 'V8', 'V17', 'V16', 'V9', 'V2', 'V20', 'V18', 'V21', 'V19', 'V5', 'Amount', 'V12', 'V4', 'V1', 'V7', 'V3']",0.8783783783783784,0.06202290076335878,0.11586452762923351,0.6531241065369519,18
"['V10', 'V4', 'V14', 'V12', 'V16', 'V8', 'V9', 'V1', 'V2', 'V21']",0.8648648648648649,0.0599250936329588,0.11208406304728546,0.6530337219499053,10
"['V14', 'V10', 'V8', 'V17', 'V16', 'V9', 'V2', 'V20', 'V18', 'Amount']",0.8243243243243243,0.06931818181818182,0.1278825995807128,0.6530275797788432,10
"['V10', 'V4', 'V14', 'V12', 'V16', 'V8', 'V11', 'V9', 'V21']",0.8648648648648649,0.06374501992031872,0.11873840445269017,0.6530124398938663,9
"['V14', 'V10', 'V8', 'V17', 'V16', 'V9', 'V2', 'V20', 'V18', 'V21', 'V19', 'V5', 'Amount', 'V12', 'V4', 'V1', 'V7', 'V6', 'V3']",0.8783783783783784,0.06172839506172839,0.11535048802129548,0.6529854184020273,19
"['V10', 'V14', 'V16', 'V8', 'V9', 'V1', 'V2']",0.8513513513513513,0.07183580387685291,0.13249211356466878,0.6529557133752477,7
"['V10', 'V4', 'V14', 'V12', 'V16', 'V17', 'V8', 'V11', 'V9']",0.8648648648648649,0.06336633663366337,0.11808118081180811,0.6528937337148605,9
"['V14', 'V10', 'V8', 'V17', 'V16', 'V9', 'Amount']",0.8243243243243243,0.06877113866967305,0.12695109261186263,0.652768445286921,7
"['V10', 'V4', 'V14', 'V12', 'V16', 'V8', 'V9']",0.8513513513513513,0.05982905982905983,0.11180124223602485,0.6527005910662451,7
"['V10', 'V4', 'V14', 'V12', 'V16', 'V17', 'V8', 'V11', 'V9', 'V21']",0.8648648648648649,0.06330365974282888,0.11797235023041475,0.6526113204345491,10
"['V14', 'V10', 'V8', 'V17', 'V16', 'V9']",0.8378378378378378,0.07200929152148665,0.13262032085561498,0.6525750473768684,6
"['V10', 'V14', 'V16', 'V17', 'V8', 'V9']",0.8378378378378378,0.07200929152148665,0.13262032085561498,0.6525750473768684,6
"['V14', 'V10', 'V8', 'V17', 'V16', 'V9', 'V2', 'V20', 'V18', 'V19']",0.8378378378378378,0.06981981981981981,0.1288981288981289,0.6524925801106258,10
"['V14', 'V10', 'V8', 'V17', 'V16', 'V9', 'V2', 'V20', 'V18', 'V21', 'V19']",0.8378378378378378,0.06850828729281767,0.12665985699693566,0.6524601416239073,11
"['V14', 'V10', 'V8', 'V17', 'V16', 'V9', 'V20']",0.8378378378378378,0.07234539089848308,0.13319011815252416,0.652408844765593,7
"['V10', 'V4', 'V14', 'V12', 'V16', 'V8', 'V11', 'V1', 'V2']",0.8648648648648649,0.06201550387596899,0.11573236889692586,0.6523651510403493,9
"['V10', 'V4', 'V14', 'V12', 'V16', 'V8', 'V11', 'V21']",0.8648648648648649,0.06336633663366337,0.11808118081180811,0.6522996435423841,8
"['V10', 'V4', 'V14', 'V12', 'V16', 'V17', 'V8', 'V9', 'V1', 'V2', 'V21']",0.8648648648648649,0.0595903165735568,0.11149825783972125,0.6522701640429993,11
"['V10', 'V4', 'V14', 'V12', 'V16', 'V8']",0.8513513513513513,0.059044048734770385,0.11042944785276074,0.6522118715090979,6
"['V10', 'V4', 'V14', 'V12', 'V16', 'V17', 'V8', 'V11', 'V21']",0.8648648648648649,0.06324110671936758,0.11786372007366483,0.6521938796797868,9
"['V10', 'V14', 'V16', 'V17', 'V8', 'V2', 'V21']",0.8378378378378378,0.0640495867768595,0.11900191938579655,0.6521397328759535,7
"['V14', 'V10', 'V8', 'V17', 'V16', 'V9', 'V18']",0.8378378378378378,0.07142857142857142,0.1316348195329087,0.6521085506815275,7
"['V10', 'V4', 'V14', 'V12', 'V16', 'V8', 'V11']",0.8648648648648649,0.06412825651302605,0.11940298507462686,0.6520510372201218,7
"['V10', 'V14', 'V16', 'V8', 'V9', 'V1']",0.8243243243243243,0.07011494252873564,0.1292372881355932,0.6520159284671438,6
"['V10', 'V4', 'V14', 'V12', 'V16', 'V8', 'V11', 'V1', 'V2', 'V21']",0.8783783783783784,0.061262959472196045,0.1145374449339207,0.6518552067977499,10
"['V10', 'V14', 'V16', 'V8', 'V11', 'V9', 'V2', 'V21']",0.8378378378378378,0.07069555302166476,0.13038906414300735,0.6518400454778134,8
"['V14', 'V10', 'V8', 'V17', 'V16', 'V9', 'V2', 'V20', 'V18', 'V21', 'V5']",0.8513513513513513,0.06474820143884892,0.12034383954154727,0.6517500084833614,11
"['V14', 'V10', 'V8', 'V17', 'V16', 'V9', 'V2', 'V5']",0.8378378378378378,0.06717226435536294,0.12437311935807423,0.6515787278455057,8
"['V10', 'V4', 'V14', 'V12', 'V16', 'V8', 'V11', 'V9']",0.8648648648648649,0.064,0.1191806331471136,0.6513607448192346,8
"['V10', 'V14', 'V12', 'V16', 'V8', 'V9', 'V2', 'V21']",0.8378378378378378,0.0713463751438435,0.13149522799575822,0.6512916264268674,8
"['V14', 'V10', 'V8', 'V17', 'V16', 'V9', 'V5']",0.8378378378378378,0.0668103448275862,0.12375249500998003,0.6512908399194668,7
"['V10', 'V4', 'V14', 'V12', 'V16', 'V17', 'V8', 'V11']",0.8648648648648649,0.06387225548902195,0.11895910780669144,0.6508906051296286,8
"['V10', 'V14', 'V12', 'V16', 'V8', 'V9', 'V1', 'V2', 'V21']",0.8378378378378378,0.07126436781609195,0.13135593220338984,0.6508745463291923,9
"['V14', 'V10', 'V8', 'V17', 'V16', 'V9', 'V2', 'V20', 'V18', 'V21', 'V19', 'V5']",0.8513513513513513,0.06501547987616099,0.12080536912751678,0.6507295963284481,12
"['V14', 'V10', 'V8', 'V17', 'V16', 'V9', 'V2', 'V20', 'V18', 'V21', 'V19', 'V5', 'Amount', 'V12', 'V4', 'V1', 'V3']",0.8783783783783784,0.061378659112370164,0.1147396293027361,0.6504876451335845,17
"['V10', 'V14', 'V16', 'V17', 'V8', 'V11', 'V9', 'V2', 'V21']",0.8378378378378378,0.06783369803063458,0.12550607287449392,0.6503368455939924,9
"['V10', 'V14', 'V16', 'V17', 'V8', 'V9', 'V1', 'V21']",0.8378378378378378,0.0670995670995671,0.12424849699398798,0.6503350985757514,8
"['V14', 'V10', 'V8', 'V17', 'V16', 'V9', 'V2', 'V20', 'V5']",0.8378378378378378,0.06652360515021459,0.12326043737574553,0.6502801098714952,9
"['V4', 'V14', 'V12', 'V16', 'V8', 'V9', 'V1', 'V2', 'V21']",0.8783783783783784,0.05499153976311337,0.1035031847133758,0.6502413147014809,9
"['V10', 'V14', 'V16', 'V8', 'V2', 'V21']",0.8378378378378378,0.0641158221302999,0.11911623439000961,0.6502399175056637,6
"['V10', 'V14', 'V12', 'V16', 'V8', 'V9', 'V2']",0.8378378378378378,0.07259953161592506,0.1336206896551724,0.6502252850571386,7
"['V14', 'V10', 'V8', 'V17', 'V16', 'V9', 'V2', 'V20', 'V18', 'V5']",0.8378378378378378,0.06652360515021459,0.12326043737574553,0.6501333167174242,10
"['V14', 'V10', 'V8', 'V17', 'V16', 'V9', 'V2', 'V20', 'V18', 'V21', 'V19', 'V5', 'Amount', 'V12', 'V4', 'V11']",0.8648648648648649,0.061955469506292354,0.11562782294489611,0.6501277539315137,16
"['V14', 'V10', 'V8', 'V17', 'V16', 'V9', 'V19']",0.8378378378378378,0.06981981981981981,0.1288981288981289,0.6499856826829044,7
"['V14', 'V10', 'V8', 'V17', 'V16', 'V9', 'V2', 'V20', 'V18', 'V21', 'Amount']",0.8243243243243243,0.06725468577728776,0.12436289500509684,0.6498760845264968,11
"['V10', 'V4', 'V14', 'V12', 'V16', 'V17', 'V8', 'V9', 'V21']",0.8513513513513513,0.05716878402903811,0.10714285714285714,0.649774167491132,9
"['V10', 'V14', 'V16', 'V17', 'V8', 'V9', 'V1', 'V2', 'V21']",0.8513513513513513,0.0672358591248666,0.12462908011869436,0.6496808009853006,9
"['V14', 'V10', 'V8', 'V17', 'V16', 'V9', 'V6']",0.8378378378378378,0.07167630057803469,0.13205537806176784,0.6495401052085944,7
"['V10', 'V14', 'V12', 'V16', 'V8', 'V9', 'V1', 'V2']",0.8378378378378378,0.07175925925925926,0.13219616204690832,0.6495057843534436,8
"['V14', 'V10', 'V8', 'V17', 'V16', 'V9', 'V2', 'V20', 'V18', 'V21', 'V6']",0.8513513513513513,0.07150964812712826,0.1319371727748691,0.6492518056024842,11
"['V10', 'V14', 'V16', 'V8', 'V11', 'V9', 'V1', 'V2', 'V21']",0.8378378378378378,0.06858407079646017,0.12678936605316973,0.6491176548555837,9
"['V10', 'V4', 'V14', 'V16', 'V8', 'V11', 'V1', 'V21']",0.8648648648648649,0.0653061224489796,0.12144212523719165,0.6490499380008872,8
"['V10', 'V4', 'V14', 'V16', 'V8', 'V11', 'V9', 'V1', 'V21']",0.8648648648648649,0.0653061224489796,0.12144212523719165,0.6489785641034407,9
"['V14', 'V10', 'V8', 'V17', 'V16', 'V9', 'V2', 'V20', 'V18', 'V21', 'V19', 'V5', 'Amount', 'V12', 'V4', 'V7']",0.8783783783783784,0.06069094304388422,0.11353711790393013,0.6489123189668176,16
"['V10', 'V4', 'V14', 'V12', 'V16', 'V8', 'V2', 'V21']",0.8648648648648649,0.05909510618651893,0.11063094209161625,0.6487372287270567,8
"['V14', 'V16', 'V8', 'V9', 'V2', 'V21']",0.8243243243243243,0.06823266219239374,0.12603305785123967,0.6487274922323739,6
"['V10', 'V4', 'V14', 'V16', 'V17', 'V8', 'V11', 'V1', 'V21']",0.8648648648648649,0.06484295845997974,0.12064090480678605,0.6487096156288498,9
"['V14', 'V16', 'V17', 'V8', 'V9', 'V2', 'V21']",0.8243243243243243,0.06823266219239374,0.12603305785123967,0.6486251637142716,7
"['V14', 'V10', 'V8', 'V17', 'V16', 'V9', 'V2', 'V1']",0.8513513513513513,0.06862745098039216,0.12701612903225806,0.648536647321266,8
"['V10', 'V14', 'V16', 'V17', 'V8', 'V9', 'V1', 'V2']",0.8513513513513513,0.06862745098039216,0.12701612903225806,0.648536647321266,8
"['V10', 'V4', 'V14', 'V16', 'V17', 'V8', 'V11', 'V9', 'V1', 'V21']",0.8648648648648649,0.06477732793522267,0.12052730696798493,0.6484867070796507,10
"['V14', 'V10', 'V8', 'V17', 'V16', 'V9', 'V2', 'V20', 'V18', 'V21', 'V19', 'V5', 'Amount', 'V12', 'V4']",0.8783783783783784,0.06069094304388422,0.11353711790393013,0.6484643849777426,15
"['V10', 'V4', 'V14', 'V12', 'V16', 'V17', 'V8', 'V21']",0.8648648648648649,0.05745062836624776,0.10774410774410774,0.6483775381772308,8
"['V10', 'V4', 'V14', 'V12', 'V16', 'V17', 'V8', 'V11', 'V9', 'V1', 'V2', 'V21']",0.8513513513513513,0.06098741529525654,0.11382113821138211,0.6482779682662296,12
"['V4', 'V14', 'V12', 'V16', 'V8', 'V1', 'V2', 'V21']",0.8783783783783784,0.054076539101497505,0.10188087774294671,0.6482774492572875,8
"['V10', 'V14', 'V17', 'V8', 'V2', 'V21']",0.8378378378378378,0.06365503080082136,0.1183206106870229,0.6481476435525919,6
"['V14', 'V10', 'V8', 'V17', 'V16', 'V9', 'V2', 'V20', 'V18', 'V21', 'V19', 'V6']",0.8513513513513513,0.0707070707070707,0.1305699481865285,0.6478170440738366,12
"['V14', 'V10', 'V8', 'V17', 'V16', 'V9', 'V2', 'V20', 'V1']",0.8513513513513513,0.0681081081081081,0.12612612612612611,0.6477900260153985,9
"['V14', 'V10', 'V8', 'V17', 'V16', 'V21']",0.8378378378378378,0.06391752577319587,0.11877394636015326,0.6477647995969177,6
"['V10', 'V14', 'V16', 'V17', 'V8', 'V21']",0.8378378378378378,0.06391752577319587,0.11877394636015326,0.6477647995969177,6
"['V10', 'V14', 'V17', 'V8', 'V9', 'V2', 'V21']",0.8513513513513513,0.06766917293233082,0.1253731343283582,0.6477426426131506,7
"['V10', 'V4', 'V14', 'V12', 'V16', 'V8', 'V9', 'V2', 'V21']",0.8648648648648649,0.05970149253731343,0.11169284467713787,0.6477267695987253,9
"['V10', 'V14', 'V16', 'V17', 'V8', 'V9', 'V1']",0.8378378378378378,0.06761177753544166,0.12512613521695257,0.6477249764964568,7
"['V14', 'V10', 'V8', 'V17', 'V16', 'V9', 'V1']",0.8378378378378378,0.06761177753544166,0.12512613521695257,0.6477249764964568,7
"['V10', 'V4', 'V14', 'V12', 'V16', 'V17', 'V8', 'V11', 'V1', 'V2', 'V21']",0.8918918918918919,0.06244087038789026,0.11671087533156499,0.6476750071846373,11
"['V14', 'V10', 'V8', 'V17', 'V16', 'V9', 'V2', 'V20', 'V18', 'V21', 'V19', 'V5', 'Amount']",0.8243243243243243,0.06374085684430512,0.11833171677982542,0.6476666849214313,13
"['V14', 'V16', 'V8', 'V9', 'V21']",0.8243243243243243,0.06808035714285714,0.12577319587628866,0.6476085049441345,5
"['V4', 'V14', 'V12', 'V16', 'V8', 'V9', 'V1', 'V21']",0.8783783783783784,0.05358615004122012,0.10101010101010101,0.6475730973903067,8
"['V4', 'V14', 'V12', 'V16', 'V8', 'V11', 'V9', 'V1', 'V21']",0.8648648648648649,0.059424326833797586,0.11120764552562988,0.6475295632269022,9
"['V14', 'V10', 'V8', 'V17', 'V16']",0.8378378378378378,0.06519453207150368,0.12097560975609756,0.6474509516223679,5
"['V10', 'V14', 'V16', 'V17', 'V8']",0.8378378378378378,0.06519453207150368,0.12097560975609756,0.6474509516223679,5
"['V4', 'V14', 'V12', 'V16', 'V8', 'V11', 'V9', 'V1', 'V2', 'V21']",0.8648648648648649,0.05920444033302498,0.11082251082251082,0.6474009499419918,10
"['V10', 'V14', 'V12', 'V8', 'V9', 'V21']",0.8243243243243243,0.0686936936936937,0.12681912681912683,0.647385292823988,6
"['V14', 'V10', 'V8', 'V17', 'V16', 'V9', 'V2', 'V20', 'V18', 'V21', 'V11']",0.8378378378378378,0.06813186813186813,0.12601626016260162,0.6472801264980639,11
"['V14', 'V10', 'V8', 'V17', 'V16', 'V9', 'V2', 'V6']",0.8378378378378378,0.07226107226107226,0.13304721030042918,0.6472583256944157,8
"['V4', 'V14', 'V12', 'V16', 'V8', 'V9', 'V1', 'V2']",0.8783783783783784,0.05642361111111111,0.10603588907014681,0.6471996940582327,8
"['V14', 'V10', 'V8', 'V17', 'V16', 'V9', 'V2', 'V7']",0.8378378378378378,0.06866002214839424,0.1269191402251791,0.6471730297917373,8
"['V10', 'V14', 'V16', 'V8', 'V21']",0.8378378378378378,0.06391752577319587,0.11877394636015326,0.6471236881971489,5
"['V14', 'V10', 'V8', 'V17', 'V21']",0.8378378378378378,0.06281661600810537,0.11687087653157399,0.6470872661376421,5
"['V10', 'V14', 'V17', 'V8', 'V21']",0.8378378378378378,0.06281661600810537,0.11687087653157399,0.6470872661376421,5
"['V10', 'V4', 'V14', 'V12', 'V16', 'V17', 'V8']",0.8513513513513513,0.05785123966942149,0.10834049871023216,0.6470255075855388,7
"['V14', 'V10', 'V8', 'V17', 'V16', 'V9', 'V2', 'V20', 'V18', 'V21', 'V7']",0.8513513513513513,0.06885245901639345,0.12740141557128412,0.6470009728903157,11
"['V4', 'V14', 'V12', 'V16', 'V8', 'V9', 'V1']",0.8783783783783784,0.055603079555175364,0.10458567980691874,0.6469375043555478,7
"['V14', 'V10', 'V8', 'V17', 'V16', 'Amount']",0.8378378378378378,0.0668103448275862,0.12375249500998003,0.6469275394764495,6
"['V10', 'V14', 'V16', 'V8', 'V11', 'V9', 'V21']",0.8243243243243243,0.06884875846501129,0.12708333333333333,0.6468989639389072,7
"['V14', 'V10', 'V8', 'V17', 'V16', 'V9', 'V2', 'V20', 'V6']",0.8378378378378378,0.07242990654205607,0.13333333333333333,0.6468040745524285,9
"['V10', 'V4', 'V14', 'V12', 'V16', 'V8', 'V2']",0.8648648648648649,0.0600375234521576,0.11228070175438597,0.6468024493478621,7
"['V14', 'V16', 'V17', 'V8', 'V9', 'V21']",0.8243243243243243,0.067853170189099,0.12538540596094552,0.6467649918337889,6
"['V14', 'V10', 'V8', 'V17', 'V16', 'V19']",0.8378378378378378,0.06438213914849429,0.11957569913211186,0.6466876177387034,6
"['V14', 'V4', 'V2', 'V3', 'V5', 'V8', 'V6', 'V1', 'V7', 'V11', 'V9', 'V12', 'V10', 'V16']",0.8783783783783784,0.06196377502383222,0.1157613535173642,0.6466242415416087,14
"['V14', 'V10', 'V8', 'V17', 'V16', 'V5']",0.8378378378378378,0.06275303643724696,0.1167608286252354,0.6466042681551593,6
"['V14', 'V10', 'V8', 'V17']",0.8378378378378378,0.06602768903088392,0.12240868706811452,0.6465001558567814,4
"['V10', 'V14', 'V17', 'V8']",0.8378378378378378,0.06602768903088392,0.12240868706811452,0.6465001558567814,4
"['V14', 'V10', 'V8', 'V17', 'V16', 'V9', 'V2', 'V20', 'V18', 'V21', 'V19', 'V5', 'Amount', 'V12']",0.8513513513513513,0.06376518218623482,0.11864406779661017,0.6464983628744431,14
"['V14', 'V10', 'V8', 'V17', 'V16', 'V2']",0.8378378378378378,0.06519453207150368,0.12097560975609756,0.6464571686119097,6
"['V10', 'V14', 'V16', 'V17', 'V8', 'V2']",0.8378378378378378,0.06519453207150368,0.12097560975609756,0.6464571686119097,6
"['V14', 'V10', 'V8', 'V17', 'V5']",0.8378378378378378,0.061446977205153616,0.11449676823638043,0.6464122893288173,5
"['V10', 'V4', 'V14', 'V12', 'V16', 'V17', 'V8', 'V9']",0.8513513513513513,0.058279370952821465,0.10909090909090909,0.6464022717255432,8
"['V10', 'V4', 'V14', 'V12', 'V16', 'V17', 'V8', 'V11', 'V1', 'V2']",0.8783783783783784,0.06422924901185771,0.11970534069981584,0.6463989419982393,10
"['V14', 'V10', 'V8', 'V17', 'V16', 'V9', 'V2', 'V20', 'V18', 'V21', 'V19', 'V5', 'Amount', 'V12', 'V4', 'V3']",0.8783783783783784,0.061378659112370164,0.1147396293027361,0.6463584157433988,16
"['V14', 'V10', 'V8', 'V17', 'V16', 'V9', 'V2', 'V20', 'V18', 'V6']",0.8513513513513513,0.073512252042007,0.13533834586466165,0.6462876957288965,10
"['V10', 'V4', 'V14', 'V12', 'V16', 'V8', 'V11', 'V2', 'V21']",0.8783783783783784,0.06532663316582915,0.1216089803554724,0.6462011294920152,9
"['V14', 'V10', 'V8', 'V17', 'V18']",0.8378378378378378,0.06609808102345416,0.1225296442687747,0.646149367571059,5
"['V14', 'V10', 'V8', 'V17', 'V16', 'V9', 'V2', 'V20', 'V18', 'V1']",0.8513513513513513,0.0673076923076923,0.12475247524752475,0.6460942345371683,10
"['V10', 'V4', 'V14', 'V12', 'V16', 'V8', 'V11', 'V9', 'V2', 'V21']",0.8783783783783784,0.06506506506506507,0.1211556383970177,0.6460862991892999,10
"['V14', 'V10', 'V8', 'V17', 'V16', 'V9', 'V2', 'V20', 'V18', 'V21', 'V19', 'V5', 'Amount', 'V12', 'V4', 'V6']",0.8783783783783784,0.0608044901777362,0.1137357830271216,0.6460542264503768,16
"['V10', 'V14', 'V12', 'V16', 'V8', 'V9', 'V21']",0.8243243243243243,0.071849234393404,0.13217768147345613,0.6460538199562973,7
"['V4', 'V14', 'V12', 'V16', 'V8', 'V1', 'V21']",0.8783783783783784,0.053852526926263466,0.1014832162373146,0.6460338706147732,7
"['V14', 'V16', 'V17', 'V8', 'V9', 'V2']",0.8243243243243243,0.06971428571428571,0.1285563751317176,0.6460036116214833,6
"['V10', 'V14', 'V12', 'V16', 'V8', 'V9', 'V1', 'V21']",0.8243243243243243,0.07168037602820211,0.1318918918918919,0.6459729005536211,8
"['V14', 'V16', 'V8', 'V9', 'V2']",0.8243243243243243,0.06955530216647662,0.12828601472134596,0.6458766133921445,5
"['V14', 'V10', 'V8', 'V17', 'V16', 'V9', 'V2', 'V20', 'V18', 'V21', 'V19', 'V5', 'V6']",0.8513513513513513,0.06338028169014084,0.11797752808988764,0.6457759152599212,13
"['V10', 'V4', 'V14', 'V12', 'V16', 'V8', 'V9', 'V2']",0.8648648648648649,0.06066350710900474,0.1133746678476528,0.6457415644515556,8
"['V14', 'V10', 'V8', 'V17', 'Amount']",0.8378378378378378,0.06546990496304118,0.12144955925563174,0.6457028836898864,5
"['V10', 'V14', 'V16', 'V8']",0.8378378378378378,0.06526315789473684,0.12109375,0.6456936359127732,4
"['V14', 'V10', 'V8', 'V16']",0.8378378378378378,0.06526315789473684,0.12109375,0.6456936359127732,4
"['V10', 'V14', 'V12', 'V16', 'V8', 'V9']",0.8243243243243243,0.07279236276849642,0.1337719298245614,0.6455351930358639,6
"['V10', 'V14', 'V16', 'V9', 'V1', 'V2', 'V21']",0.8513513513513513,0.07526881720430108,0.13830954994511527,0.6455342670795642,7
"['V14', 'V10', 'V8', 'V17', 'V16', 'V9', 'V2', 'V20', 'V18', 'V21', 'V19', 'V5', 'Amount', 'V6']",0.8513513513513513,0.06481481481481481,0.12045889101338432,0.6455152673718842,14
"['V10', 'V14', 'V12', 'V16', 'V8', 'V9', 'V1']",0.8243243243243243,0.07253269916765755,0.13333333333333333,0.6454789257307374,7
"['V14', 'V10', 'V8', 'V17', 'V16', 'V18']",0.8378378378378378,0.06546990496304118,0.12144955925563174,0.6454638342551,6
"['V10', 'V14', 'V12', 'V8', 'V9', 'V2']",0.8378378378378378,0.07029478458049887,0.1297071129707113,0.6454374108224096,6
"['V10', 'V14', 'V16', 'V17', 'V8', 'V11', 'V9', 'V21']",0.8243243243243243,0.06652126499454744,0.1231079717457114,0.6454352148143704,8
"['V14', 'V16', 'V8', 'V9']",0.8243243243243243,0.06955530216647662,0.12828601472134596,0.6453540620034863,4
"['V14', 'V10', 'V8', 'V17', 'V16', 'V9', 'V2', 'V20', 'V7']",0.8378378378378378,0.06888888888888889,0.1273100616016427,0.6453110618599471,9
"['V4', 'V14', 'V12', 'V16', 'V17', 'V8', 'V9', 'V1', 'V2', 'V21']",0.8783783783783784,0.05485232067510549,0.10325655281969817,0.6452314909173149,10
"['V4', 'V14', 'V12', 'V16', 'V8', 'V1']",0.8783783783783784,0.055178268251273345,0.10383386581469649,0.6451956150786923,6
"['V10', 'V14', 'V12', 'V8', 'V9', 'V2', 'V21']",0.8378378378378378,0.06950672645739911,0.12836438923395446,0.6451313840359072,7
"['V10', 'V4', 'V14', 'V12', 'V16', 'V8', 'V11', 'V2']",0.8783783783783784,0.06592292089249494,0.12264150943396226,0.645127046213051,8
"['V10', 'V14', 'V12', 'V8', 'V9', 'V1', 'V21']",0.8243243243243243,0.06762749445676275,0.125,0.645094973351761,7
"['V10', 'V14', 'V17', 'V8', 'V9', 'V2']",0.8378378378378378,0.06761177753544166,0.12512613521695257,0.6450565109454314,6
"['V10', 'V14', 'V16', 'V8', 'V11', 'V9', 'V1', 'V21']",0.8243243243243243,0.06853932584269663,0.12655601659751037,0.6450122388177703,8
"['V10', 'V14', 'V12', 'V16', 'V17', 'V8', 'V9', 'V2', 'V21']",0.8378378378378378,0.06873614190687362,0.12704918032786885,0.6450049167664922,9
"['V14', 'V16', 'V17', 'V8', 'V9']",0.8243243243243243,0.06939704209328783,0.12801678908709338,0.644971351343744,5
"['V14', 'V10', 'V8', 'V17', 'V16', 'V9', 'V2', 'V20', 'V18', 'V21', 'V1']",0.8513513513513513,0.06687898089171974,0.12401574803149606,0.644970838910501,11
"['V4', 'V14', 'V12', 'V16', 'V8', 'V11', 'V1', 'V21']",0.8648648648648649,0.057813911472448055,0.10838272650296359,0.6448387864028642,8
"['V14', 'V10', 'V8', 'V17', 'V16', 'V9', 'V2', 'V20', 'V18', 'V21', 'V19', 'V5', 'V11']",0.8378378378378378,0.06181455633100698,0.11513463324048283,0.6448059217619315,13
"['V10', 'V14', 'V17', 'V8', 'V9', 'V21']",0.8378378378378378,0.0668824163969795,0.12387612387612387,0.6447958913413998,6
"['V10', 'V14', 'V17', 'V8', 'V11', 'V9', 'V2', 'V21']",0.8378378378378378,0.06519453207150368,0.12097560975609756,0.6447522888907252,8
"['V10', 'V14', 'V16', 'V17', 'V8', 'V11', 'V9', 'V1', 'V2', 'V21']",0.8378378378378378,0.06438213914849429,0.11957569913211186,0.6447488590705299,10
"['V4', 'V14', 'V12', 'V16', 'V8', 'V11', 'V9', 'V1']",0.8648648648648649,0.06015037593984962,0.11247803163444639,0.6447372374736318,8
"['V10', 'V4', 'V14', 'V12', 'V16', 'V17', 'V8', 'V11', 'V9', 'V1', 'V2']",0.8513513513513513,0.0625,0.11645101663585952,0.64462580798956,11
"['V10', 'V4', 'V14', 'V12', 'V16', 'V17', 'V8', 'V11', 'V2', 'V21']",0.8783783783783784,0.06454816285998013,0.12025901942645699,0.644583457565458,10
"['V14', 'V10', 'V8', 'V17', 'V16', 'V9', 'V2', 'V20', 'V18', 'V21', 'V19', 'V5', 'Amount', 'V11']",0.8243243243243243,0.06069651741293532,0.11306765523632993,0.6445768370566023,14
"['V14', 'V10', 'V8', 'V17', 'V16', 'V20']",0.8378378378378378,0.06623931623931624,0.12277227722772277,0.6445756870935664,6
"['V10', 'V4', 'V14', 'V12', 'V16', 'V8', 'V11', 'V9', 'V2']",0.8783783783783784,0.06598984771573604,0.12275731822474033,0.6445320990513347,9
"['V10', 'V14', 'V16', 'V17', 'V8', 'V1', 'V2', 'V21']",0.8513513513513513,0.06200787401574803,0.11559633027522936,0.6445195916130984,8
"['V4', 'V14', 'V12', 'V16', 'V17', 'V8', 'V11', 'V9', 'V1', 'V2', 'V21']",0.8648648648648649,0.05823475887170155,0.10912190963341858,0.6445037484146974,11
"['V10', 'V4', 'V14', 'V12', 'V16', 'V17', 'V8', 'V11', 'V9', 'V2', 'V21']",0.8783783783783784,0.06442021803766106,0.12003693444136658,0.6444913028545998,11
"['V14', 'V10', 'V8', 'V17', 'V9']",0.8378378378378378,0.06746463547334058,0.12487411883182276,0.6444803214765518,5
"['V10', 'V14', 'V17', 'V8', 'V9']",0.8378378378378378,0.06746463547334058,0.12487411883182276,0.6444803214765518,5
"['V10', 'V14', 'V12', 'V8', 'V9', 'V1', 'V2', 'V21']",0.8513513513513513,0.06847826086956521,0.1267605633802817,0.6444545820415734,8
"['V14', 'V10', 'V8', 'V17', 'V20']",0.8378378378378378,0.06602768903088392,0.12240868706811452,0.6444324149471446,5
"['V14', 'V16', 'V8', 'V9', 'V1', 'V2', 'V21']",0.8243243243243243,0.06637649619151251,0.1228600201409869,0.6443984349179689,7
"['V14', 'V10', 'V8', 'V17', 'V19']",0.8378378378378378,0.0641158221302999,0.11911623439000961,0.6443395960395292,5
"['V10', 'V14', 'V16', 'V8', 'V2']",0.8378378378378378,0.06492146596858639,0.12050534499514091,0.6443390214832636,5
"['V10', 'V14', 'V12', 'V16', 'V8', 'V11', 'V9', 'V1', 'V2', 'V21']",0.8243243243243243,0.06608884073672806,0.12236710130391174,0.6443090125828772,10
"['V10', 'V4', 'V14', 'V16', 'V8', 'V1', 'V21']",0.8648648648648649,0.05745062836624776,0.10774410774410774,0.6443023075470108,7
"['V14', 'V10', 'V8', 'V17', 'V16', 'V9', 'V2', 'V20', 'V18', 'V21', 'V19', 'V7']",0.8513513513513513,0.0661764705882353,0.12280701754385964,0.6442531754612545,12
"['V14', 'V10', 'V8', 'V17', 'V16', 'V9', 'V2', 'V20', 'V18', 'V21', 'V19', 'V5', 'V12']",0.8378378378378378,0.06365503080082136,0.1183206106870229,0.6442471581875572,13
"['V10', 'V14', 'V16', 'V8', 'V1', 'V2', 'V21']",0.8513513513513513,0.06281156530408774,0.116991643454039,0.6441097224450076,7
"['V14', 'V10', 'V8', 'V17', 'V16', 'V9', 'V2', 'V20', 'V18', 'V21', 'V19', 'Amount']",0.8243243243243243,0.06475583864118896,0.12007874015748031,0.6440317707144219,12
"['V10', 'V14', 'V16', 'V9', 'V2', 'V21']",0.8513513513513513,0.07835820895522388,0.14350797266514806,0.6439985923208714,6
"['V10', 'V14', 'V12', 'V16', 'V8', 'V11', 'V9', 'V2', 'V21']",0.8243243243243243,0.06616052060737528,0.12248995983935743,0.6439899643544902,9
"['V4', 'V14', 'V12', 'V16', 'V8', 'V9', 'V21']",0.8783783783783784,0.05642361111111111,0.10603588907014681,0.6439547452494521,7
"['V10', 'V14', 'V16', 'V8', 'V11', 'V9', 'V1']",0.8243243243243243,0.06923950056753689,0.12774869109947645,0.6438427755557751,7
"['V14', 'V12', 'V16', 'V8', 'V9', 'V1', 'V21']",0.8243243243243243,0.06652126499454744,0.1231079717457114,0.6438144662154549,7
"['V10', 'V4', 'V14', 'V16', 'V8', 'V9', 'V1', 'V21']",0.8648648648648649,0.05776173285198556,0.10829103214890017,0.6437831596680474,8
"['V14', 'V10', 'V8', 'V17', 'V16', 'V9', 'V2', 'V20', 'V18', 'V7']",0.8513513513513513,0.06923076923076923,0.12804878048780488,0.6437677775912878,10
"['V14', 'V4', 'V2', 'V3', 'V5', 'V8', 'V6', 'V1', 'V7', 'V11', 'V9', 'V12', 'V16']",0.8783783783783784,0.05834829443447038,0.10942760942760943,0.6437039325237599,13
"['V14', 'V17', 'V8', 'V9', 'V2', 'V21']",0.8243243243243243,0.06573275862068965,0.1217564870259481,0.6436061518211044,6
"['V4', 'V14', 'V12', 'V16', 'V17', 'V8', 'V1', 'V2', 'V21']",0.8783783783783784,0.053852526926263466,0.1014832162373146,0.6435899841214174,9
"['V10', 'V14', 'V12', 'V16', 'V8', 'V2', 'V21']",0.8378378378378378,0.06753812636165578,0.125,0.6435713182113248,7
"['V14', 'V10', 'V8', 'V17', 'V16', 'V9', 'V11']",0.8243243243243243,0.067853170189099,0.12538540596094552,0.6435572789290654,7
"['V10', 'V14', 'V16', 'V17', 'V8', 'V11', 'V9']",0.8243243243243243,0.067853170189099,0.12538540596094552,0.6435572789290654,7
"['V10', 'V14', 'V16', 'V17', 'V8', 'V11', 'V9', 'V2']",0.8378378378378378,0.06942889137737962,0.1282316442605998,0.6435211654905908,8
"['V14', 'V10', 'V8', 'V17', 'V16', 'V9', 'V2', 'V11']",0.8378378378378378,0.06942889137737962,0.1282316442605998,0.6435211654905908,8
"['V10', 'V4', 'V14', 'V12', 'V16', 'V8', 'V11', 'V9', 'V1', 'V2']",0.8513513513513513,0.061764705882352944,0.11517367458866545,0.6433966241448197,10
"['V10', 'V14', 'V16', 'V8', 'V11', 'V9']",0.8243243243243243,0.07068366164542295,0.13020277481323372,0.6433495163533867,6
"['V10', 'V4', 'V14', 'V12', 'V16', 'V17', 'V8', 'V2', 'V21']",0.8648648648648649,0.05745062836624776,0.10774410774410774,0.6432957246031616,9
"['V14', 'V16', 'V17', 'V8', 'V9', 'V1', 'V2', 'V21']",0.8243243243243243,0.06340956340956341,0.11776061776061776,0.6432536283436792,8
"['V14', 'V17', 'V8', 'V9', 'V21']",0.8243243243243243,0.06587473002159827,0.122,0.6432340120089475,5
"['V4', 'V14', 'V12', 'V16', 'V8', 'V11', 'V9', 'V1', 'V2']",0.8783783783783784,0.061611374407582936,0.11514614703277236,0.6432311706121092,9
"['V4', 'V14', 'V12', 'V16', 'V17', 'V8', 'V11', 'V9', 'V1', 'V21']",0.8648648648648649,0.057813911472448055,0.10838272650296359,0.6432309618349306,10
"['V10', 'V4', 'V14', 'V12', 'V16', 'V11', 'V9', 'V1', 'V21']",0.8513513513513513,0.06231454005934718,0.11612903225806452,0.6432164457128086,9
"['V10', 'V14', 'V16', 'V17', 'V8', 'V1']",0.8378378378378378,0.06224899598393574,0.11588785046728972,0.6431824056462523,6
"['V14', 'V10', 'V8', 'V17', 'V16', 'V1']",0.8378378378378378,0.06224899598393574,0.11588785046728972,0.6431824056462523,6
"['V10', 'V4', 'V14', 'V16', 'V8', 'V11', 'V9', 'V1']",0.8648648648648649,0.06484295845997974,0.12064090480678605,0.6431467385316488,8
"['V14', 'V10', 'V8', 'V17', 'V16', 'V9', 'V2', 'V20', 'V11']",0.8378378378378378,0.06911928651059086,0.12770339855818744,0.6430557686916646,9
"['V10', 'V14', 'V16', 'V8', 'V11', 'V9', 'V2']",0.8378378378378378,0.07142857142857142,0.1316348195329087,0.6430361609137721,7
"['V4', 'V14', 'V12', 'V16', 'V8', 'V11', 'V1', 'V2', 'V21']",0.8783783783783784,0.0593607305936073,0.11120615911035073,0.6430310547817933,9
"['V10', 'V14', 'V16', 'V17', 'V8', 'V11', 'V9', 'V1', 'V21']",0.8243243243243243,0.06354166666666666,0.11798839458413926,0.6430222621634022,9
"['V10', 'V4', 'V14', 'V12', 'V16', 'V17', 'V8', 'V11', 'V9', 'V2']",0.8783783783783784,0.06435643564356436,0.11992619926199262,0.6430106535779323,10
"['V10', 'V4', 'V14', 'V12', 'V16', 'V17', 'V8', 'V9', 'V2', 'V21']",0.8648648648648649,0.057971014492753624,0.10865874363327674,0.6429472608932603,10
"['V10', 'V14', 'V12', 'V8', 'V9']",0.8243243243243243,0.06947608200455581,0.12815126050420167,0.6429403117686513,5
"['V10', 'V14', 'V16', 'V8', 'V11', 'V9', 'V1', 'V2']",0.8243243243243243,0.06823266219239374,0.12603305785123967,0.6429380465280904,8
"['V10', 'V4', 'V14', 'V12', 'V16', 'V11', 'V21']",0.8513513513513513,0.0625,0.11645101663585952,0.6428892796930886,7
"['V10', 'V14', 'V12', 'V8', 'V9', 'V1']",0.8243243243243243,0.06892655367231638,0.12721584984358708,0.6428688468557773,6
"['V10', 'V4', 'V14', 'V12', 'V16', 'V11', 'V9', 'V21']",0.8513513513513513,0.06231454005934718,0.11612903225806452,0.6428563725308566,8
"['V10', 'V14', 'V8', 'V9', 'V2', 'V21']",0.8513513513513513,0.06494845360824743,0.1206896551724138,0.6428143999085879,6
"['V10', 'V14', 'V12', 'V16', 'V8', 'V1', 'V2', 'V21']",0.8513513513513513,0.06803455723542116,0.126,0.6427986996760785,8
"['V10', 'V4', 'V14', 'V12', 'V16', 'V11', 'V1', 'V21']",0.8513513513513513,0.062438057482656094,0.11634349030470914,0.6427889876297778,8
"['V10', 'V14', 'V17', 'V8', 'V11', 'V9', 'V21']",0.8378378378378378,0.06567796610169492,0.12180746561886051,0.6426963404160211,7
"['V10', 'V14', 'V12', 'V16', 'V8', 'V11', 'V9', 'V1', 'V2']",0.8243243243243243,0.067853170189099,0.12538540596094552,0.6426929682532379,9
"['V10', 'V4', 'V14', 'V12', 'V8', 'V1', 'V21']",0.8783783783783784,0.05706760316066725,0.10717230008244023,0.6426668692068701,7
"['V10', 'V14', 'V17', 'V8', 'V2']",0.8378378378378378,0.06602768903088392,0.12240868706811452,0.6426494117671998,5
"['V14', 'V10', 'V8', 'V17', 'V2']",0.8378378378378378,0.06602768903088392,0.12240868706811452,0.6426494117671998,5
"['V10', 'V14', 'V8', 'V11', 'V9', 'V2', 'V21']",0.8378378378378378,0.06465067778936393,0.12003872216844143,0.6426035833947465,7
"['V14', 'V4', 'V2', 'V3', 'V5', 'V8', 'V6', 'V1', 'V7', 'V11', 'V9', 'V12', 'V10', 'V17', 'V21']",0.8918918918918919,0.06105457909343201,0.11428571428571428,0.6425678946870262,15
"['V10', 'V14', 'V12', 'V16', 'V17', 'V8', 'V9', 'V1', 'V21']",0.8243243243243243,0.06517094017094018,0.12079207920792079,0.6425654739567552,9
"['V14', 'V10', 'V8', 'V17', 'V16', 'V9', 'V2', 'V20', 'V18', 'V21', 'V3']",0.8378378378378378,0.06478578892371996,0.12027158098933075,0.6425645792230655,11
"['V14', 'V10', 'V8', 'V17', 'V16', 'V9', 'V2', 'V20', 'V18', 'V21', 'V19', 'V5', 'Amount', 'V12', 'V6']",0.8513513513513513,0.06474820143884892,0.12034383954154727,0.6425429206350431,15
"['V10', 'V4', 'V14', 'V12', 'V8', 'V9', 'V1', 'V21']",0.8783783783783784,0.0568678915135608,0.10682004930156122,0.6425373168277378,8
"['V10', 'V4', 'V14', 'V16', 'V8', 'V11', 'V1']",0.8648648648648649,0.06517311608961303,0.12121212121212122,0.6425312157997503,7
"['V4', 'V14', 'V12', 'V16', 'V17', 'V8', 'V9', 'V1', 'V21']",0.8783783783783784,0.05430242272347535,0.1022816679779701,0.6425236197066848,9
"['V10', 'V14', 'V16', 'V9', 'V1', 'V21']",0.8378378378378378,0.07607361963190185,0.13948256467941508,0.6424705304563381,6
"['V4', 'V14', 'V12', 'V16', 'V8', 'V1', 'V2']",0.8783783783783784,0.05550811272416738,0.10441767068273092,0.6424314940177046,7
"['V10', 'V14', 'V16', 'V8', 'V1']",0.8378378378378378,0.06326530612244897,0.11764705882352941,0.6424092634515732,5
"['V10', 'V14', 'V12', 'V16', 'V8', 'V2']",0.8243243243243243,0.06703296703296703,0.12398373983739837,0.642343510355515,6
"['V10', 'V14', 'V12', 'V8', 'V9', 'V1', 'V2']",0.8513513513513513,0.06938325991189427,0.12830957230142567,0.6422790144307655,7
"['V10', 'V14', 'V16', 'V17', 'V9', 'V1', 'V21']",0.8513513513513513,0.06528497409326425,0.12127045235803657,0.6422776836061395,7
"['V4', 'V14', 'V12', 'V16', 'V17', 'V8', 'V9', 'V1', 'V2']",0.8783783783783784,0.05642361111111111,0.10603588907014681,0.6422506103190835,9
"['V10', 'V14', 'V12', 'V16', 'V8', 'V11', 'V9', 'V2']",0.8243243243243243,0.06777777777777778,0.12525667351129363,0.6422379713009655,8
"['V14', 'V10', 'V8', 'V17', 'V16', 'V9', 'V2', 'V20', 'V18', 'V11']",0.8378378378378378,0.07005649717514124,0.12930135557872785,0.6422334250198845,10
"['V14', 'V12', 'V16', 'V8', 'V9', 'V2', 'V21']",0.8243243243243243,0.06482465462274177,0.12019704433497537,0.6422228906518469,7
"['V10', 'V14', 'V16', 'V17', 'V9', 'V1', 'V2', 'V21']",0.8513513513513513,0.06488156539649846,0.12057416267942583,0.6422047805334342,8
"['V10', 'V4', 'V14', 'V16', 'V17', 'V8', 'V1', 'V21']",0.8648648648648649,0.05658709106984969,0.10622406639004149,0.6421758416336867,8
"['V10', 'V4', 'V14', 'V16', 'V17', 'V8', 'V11', 'V9', 'V1']",0.8648648648648649,0.06445115810674723,0.11996251171508904,0.6421715625366619,9
"['V4', 'V14', 'V12', 'V16', 'V17', 'V8', 'V11', 'V9', 'V1']",0.8648648648648649,0.05802357207615594,0.10875106202209006,0.6421713848884382,9
"['V10', 'V4', 'V14', 'V12', 'V16', 'V17', 'V8', 'V11', 'V2']",0.8783783783783784,0.0647410358565737,0.12059369202226346,0.6421662493451213,9
"['V4', 'V14', 'V12', 'V16', 'V17', 'V8', 'V11', 'V1', 'V21']",0.8648648648648649,0.05699020480854853,0.10693400167084377,0.6421607004701494,9
"['V4', 'V14', 'V12', 'V16', 'V8', 'V9', 'V2', 'V21']",0.8783783783783784,0.05747126436781609,0.1078838174273859,0.6420988703732897,8
"['V14', 'V12', 'V16', 'V8', 'V9', 'V1', 'V2', 'V21']",0.8243243243243243,0.06434599156118144,0.11937377690802348,0.6420835520148013,8
"['V10', 'V14', 'V16', 'V17', 'V8', 'V11', 'V9', 'V1']",0.8243243243243243,0.06380753138075314,0.11844660194174757,0.641958474446862,8
"['V10', 'V14', 'V12', 'V16', 'V17', 'V8', 'V9', 'V1', 'V2', 'V21']",0.8378378378378378,0.06567796610169492,0.12180746561886051,0.6419330133900739,10
"['V14', 'V10', 'V8', 'V17', 'V16', 'V9', 'V2', 'V12']",0.8243243243243243,0.0686164229471316,0.12668743509865005,0.6418697674658161,8
"['V10', 'V14', 'V12', 'V16', 'V17', 'V8', 'V9', 'V2']",0.8243243243243243,0.0686164229471316,0.12668743509865005,0.6418697674658161,8
"['V14', 'V10', 'V8', 'V18']",0.8378378378378378,0.061446977205153616,0.11449676823638043,0.6418517532467651,4
"['V10', 'V4', 'V14', 'V16', 'V17', 'V8', 'V11', 'V1']",0.8648648648648649,0.06432160804020101,0.11973807296538821,0.641714614737113,8
"['V4', 'V14', 'V12', 'V16', 'V17', 'V8', 'V1', 'V21']",0.8783783783783784,0.05341002465078061,0.10069713400464755,0.6416847288284727,8
"['V14', 'V10', 'V8', 'V17', 'V16', 'V6']",0.8378378378378378,0.06695464362850972,0.124,0.6416532820830729,6
"['V4', 'V14', 'V12', 'V16', 'V8', 'V11', 'V9', 'V21']",0.8648648648648649,0.05850091407678245,0.1095890410958904,0.6416311248148583,8
"['V14', 'V10', 'V8', 'V17', 'V16', 'V7']",0.8378378378378378,0.06602768903088392,0.12240868706811452,0.6416062078354754,6
"['V10', 'V14', 'V8', 'V9', 'V1', 'V21']",0.8513513513513513,0.06521739130434782,0.12115384615384615,0.6415581964360173,6
"['V14', 'V10', 'V8', 'V17', 'V16', 'V9', 'V2', 'V20', 'V18', 'V21', 'V19', 'V11']",0.8378378378378378,0.06673842841765339,0.12362911266201396,0.6415529625226202,12
"['V10', 'V4', 'V14', 'V16', 'V17', 'V8', 'V9', 'V1', 'V21']",0.8648648648648649,0.05745062836624776,0.10774410774410774,0.6415390031302848,9
"['V10', 'V4', 'V14', 'V12', 'V8', 'V11', 'V1', 'V21']",0.8783783783783784,0.06103286384976526,0.1141352063213345,0.6415369862123053,8
"['V14', 'V10', 'V8', 'V17', 'V16', 'V9', 'V3']",0.8378378378378378,0.0668103448275862,0.12375249500998003,0.6415157347984353,7
"['V10', 'V14', 'V12', 'V16', 'V8', 'V1', 'V2']",0.8378378378378378,0.06813186813186813,0.12601626016260162,0.6415126087304374,7
"['V10', 'V4', 'V14', 'V16', 'V17', 'V8', 'V11', 'V1', 'V2', 'V21']",0.8648648648648649,0.0636182902584493,0.11851851851851852,0.6414768500993944,10
"['V10', 'V4', 'V14', 'V16', 'V8', 'V11', 'V1', 'V2', 'V21']",0.8648648648648649,0.06368159203980099,0.11862835959221502,0.641474545707475,9
"['V10', 'V4', 'V14', 'V16', 'V8', 'V11', 'V9', 'V1', 'V2', 'V21']",0.8648648648648649,0.06438631790744467,0.1198501872659176,0.6414701516621241,10
"['V14', 'V10', 'V8', 'V17', 'V6']",0.8378378378378378,0.06492146596858639,0.12050534499514091,0.6414690893499466,5
"['V4', 'V14', 'V12', 'V16', 'V17', 'V8', 'V11', 'V9', 'V1', 'V2']",0.8648648648648649,0.05986903648269411,0.11198600174978128,0.6414426827366765,10
"['V10', 'V4', 'V14', 'V12', 'V8', 'V11', 'V9', 'V1', 'V21']",0.8783783783783784,0.06063432835820896,0.11343804537521815,0.6414425735152554,9
"['V10', 'V14', 'V16', 'V17', 'V9', 'V21']",0.8378378378378378,0.0711825487944891,0.1312169312169312,0.6413767285097697,6
"['V10', 'V14', 'V16', 'V8', 'V1', 'V21']",0.8378378378378378,0.06224899598393574,0.11588785046728972,0.6413497800518445,6
"['V10', 'V14', 'V9', 'V1', 'V21']",0.8513513513513513,0.06803455723542116,0.126,0.641341740311489,5
"['V10', 'V4', 'V14', 'V16', 'V8', 'V1']",0.8648648648648649,0.059424326833797586,0.11120764552562988,0.6413230817444983,6
"['V10', 'V4', 'V14', 'V12', 'V16', 'V8', 'V11', 'V9', 'V1', 'V2', 'V21']",0.8513513513513513,0.06051873198847262,0.11300448430493273,0.6413113448028349,11
"['V14', 'V17', 'V8', 'V9', 'V2']",0.8243243243243243,0.06770255271920089,0.12512820512820513,0.6413007234325342,5
"['V10', 'V14', 'V16', 'V9', 'V21']",0.8378378378378378,0.07740324594257178,0.1417142857142857,0.6412968541444405,5
"['V10', 'V14', 'V16', 'V17', 'V8', 'V1', 'V21']",0.8378378378378378,0.060903732809430254,0.11355311355311355,0.641286186854001,7
"['V10', 'V4', 'V14', 'V16', 'V8', 'V9', 'V1']",0.8648648648648649,0.05986903648269411,0.11198600174978128,0.6412595952411478,7
"['V10', 'V14', 'V17', 'V8', 'V9', 'V1', 'V21']",0.8513513513513513,0.06501547987616099,0.12080536912751678,0.6412270123337507,7
"['V4', 'V14', 'V12', 'V16', 'V8', 'V11', 'V1']",0.8648648648648649,0.058931860036832415,0.1103448275862069,0.6411443757663311,7
"['V10', 'V4', 'V14', 'V16', 'V17', 'V8', 'V1']",0.8648648648648649,0.058931860036832415,0.1103448275862069,0.641054628651488,7
"['V10', 'V14', 'V16', 'V8', 'V11', 'V2', 'V21']",0.8378378378378378,0.06588735387885228,0.12216748768472907,0.6410205486035271,7
"['V14', 'V17', 'V8', 'V9']",0.8243243243243243,0.06755260243632337,0.12487205731832139,0.6409930889957369,4
"['V10', 'V14', 'V8', 'V11', 'V9', 'V21']",0.8378378378378378,0.06492146596858639,0.12050534499514091,0.6409869081813907,6
"['V4', 'V14', 'V12', 'V16', 'V8', 'V21']",0.8918918918918919,0.057291666666666664,0.10766721044045677,0.640967786697534,6
"['V10', 'V4', 'V14', 'V12', 'V16', 'V17', 'V8', 'V2']",0.8648648648648649,0.05866177818515124,0.10987124463519313,0.6409360627520024,8
"['V10', 'V14', 'V16', 'V17', 'V9', 'V2', 'V21']",0.8513513513513513,0.07039106145251396,0.13003095975232198,0.6408993410924692,7
"['V10', 'V14', 'V8', 'V2', 'V21']",0.8513513513513513,0.05977229601518026,0.11170212765957446,0.6408903401053555,5
"['V10', 'V4', 'V14', 'V12', 'V17', 'V8', 'V11', 'V1', 'V21']",0.8783783783783784,0.06109022556390977,0.11423550087873462,0.6408706604731617,9
"['V10', 'V4', 'V14', 'V16', 'V17', 'V8', 'V11', 'V9', 'V1', 'V2', 'V21']",0.8648648648648649,0.06387225548902195,0.11895910780669144,0.6407991652630673,11
"['V10', 'V4', 'V14', 'V16', 'V17', 'V8', 'V9', 'V1']",0.8648648648648649,0.05898617511520737,0.11044003451251079,0.640715462557478,8
"['V14', 'V10', 'V8', 'V17', 'V16', 'V9', 'V2', 'V20', 'V3']",0.8378378378378378,0.06652360515021459,0.12326043737574553,0.6407017184798581,9
"['V14', 'V10', 'V8', 'V17', 'V16', 'V9', 'V2', 'V3']",0.8378378378378378,0.0668103448275862,0.12375249500998003,0.6406453071661371,8
"['V10', 'V14', 'V8', 'V9', 'V21']",0.8378378378378378,0.06458333333333334,0.11992263056092843,0.6405657434773505,5
"['V14', 'V10', 'V8', 'V17', 'V16', 'V9', 'V2', 'V20', 'V12']",0.8378378378378378,0.06942889137737962,0.1282316442605998,0.6405418789533385,9
"['V10', 'V4', 'V14', 'V16', 'V8', 'V1', 'V2', 'V21']",0.8648648648648649,0.05739910313901345,0.10765349032800672,0.640445620347074,8
"['V14', 'V10', 'V8', 'V17', 'V16', 'V9', 'V2', 'V20', 'V18', 'V21', 'V19', 'V12']",0.8378378378378378,0.06790799561883899,0.12563323201621074,0.6404289277809045,12
"['V10', 'V4', 'V14', 'V12', 'V16', 'V11', 'V9', 'V1']",0.8513513513513513,0.06146341463414634,0.11464968152866242,0.6404267574697633,8
"['V10', 'V4', 'V14', 'V12', 'V16', 'V11', 'V9', 'V1', 'V2']",0.8513513513513513,0.06158357771260997,0.11485870556061988,0.6403780323056226,9
"['V4', 'V14', 'V12', 'V16', 'V17', 'V8', 'V11', 'V1', 'V2', 'V21']",0.8783783783783784,0.05803571428571429,0.10887772194304858,0.6402597375797782,10
"['V4', 'V14', 'V12', 'V16', 'V17', 'V8', 'V9', 'V1']",0.8783783783783784,0.055698371893744644,0.10475423045930701,0.6402400429044824,8
"['V14', 'V10', 'V8', 'V17', 'V7']",0.8378378378378378,0.06465067778936393,0.12003872216844143,0.6402346417854237,5
"['V10', 'V4', 'V14', 'V12', 'V16', 'V11', 'V1', 'V2']",0.8513513513513513,0.0615234375,0.11475409836065574,0.6401793253346588,8
"['V14', 'V10', 'V8', 'V17', 'V16', 'V9', 'V7']",0.8378378378378378,0.06935123042505593,0.128099173553719,0.6401126782921387,7
"['V10', 'V14', 'V16', 'V17', 'V8', 'V11', 'V2', 'V21']",0.8378378378378378,0.06519453207150368,0.12097560975609756,0.6401030799558226,8
"['V14', 'V12', 'V16', 'V8', 'V9', 'V2']",0.8243243243243243,0.06559139784946237,0.12151394422310757,0.6400744108821955,6
"['V14', 'V10', 'V8', 'V17', 'V16', 'V9', 'V2', 'V20', 'V18', 'V21', 'V19', 'V1']",0.8513513513513513,0.06408952187182096,0.11920529801324503,0.6400573537338965,12
"['V14', 'V16', 'V8', 'V9', 'V1', 'V21']",0.8243243243243243,0.0664488017429194,0.12298387096774194,0.6399704809398844,6
"['V10', 'V14', 'V16', 'V8', 'V1', 'V2']",0.8378378378378378,0.06294416243654823,0.11709159584513693,0.6399440299315884,6
"['V10', 'V14', 'V9', 'V1', 'V2', 'V21']",0.8513513513513513,0.06745182012847965,0.125,0.6399254893196977,6
"['V10', 'V4', 'V14', 'V12', 'V16', 'V11', 'V1']",0.8513513513513513,0.06134371957156767,0.11444141689373297,0.6398888582119249,7
"['V10', 'V4', 'V14', 'V12', 'V17', 'V8', 'V11', 'V9', 'V1', 'V21']",0.8783783783783784,0.060240963855421686,0.11274934952298352,0.6398811197143578,10
"['V10', 'V4', 'V14', 'V12', 'V16', 'V11', 'V9']",0.8513513513513513,0.0615234375,0.11475409836065574,0.6398414902948208,7
"['V14', 'V4', 'V2', 'V3', 'V5', 'V8', 'V6', 'V1', 'V7', 'V11', 'V9', 'V12', 'V10', 'V17', 'V16', 'V20']",0.8783783783783784,0.06487025948103792,0.120817843866171,0.6398375583923773,16
"['V10', 'V4', 'V14', 'V12', 'V16', 'V11']",0.8513513513513513,0.0615234375,0.11475409836065574,0.6398361728561978,6
"['V10', 'V14', 'V16', 'V17', 'V8', 'V1', 'V2']",0.8378378378378378,0.061630218687872766,0.11481481481481481,0.6398306285393477,7
"['V14', 'V16', 'V8', 'V9', 'V1']",0.8243243243243243,0.06652126499454744,0.1231079717457114,0.6397902299011156,5
"['V10', 'V4', 'V14', 'V12', 'V16', 'V11', 'V2']",0.8513513513513513,0.06182531894013739,0.11527904849039342,0.6397900244443223,7
"['V14', 'V12', 'V16', 'V8', 'V9', 'V21']",0.8243243243243243,0.06666666666666667,0.12335692618806876,0.6397497477659739,6
"['V10', 'V4', 'V14', 'V12', 'V16', 'V11', 'V9', 'V2']",0.8513513513513513,0.06182531894013739,0.11527904849039342,0.6397143158190043,8
"['V10', 'V4', 'V14', 'V16', 'V17', 'V8', 'V1', 'V2', 'V21']",0.8648648648648649,0.05714285714285714,0.10720268006700168,0.6397030440108867,9
"['V10', 'V4', 'V14', 'V12', 'V16', 'V9', 'V1']",0.8513513513513513,0.05779816513761468,0.10824742268041238,0.6396950480973783,7
"['V10', 'V4', 'V14', 'V12', 'V16', 'V9']",0.8513513513513513,0.05779816513761468,0.10824742268041238,0.6396861268600225,6
"['V10', 'V4', 'V14', 'V16', 'V8', 'V1', 'V2']",0.8648648648648649,0.059813084112149535,0.11188811188811189,0.6396852486160215,7
"['V14', 'V4', 'V2', 'V3', 'V5', 'V8', 'V6', 'V1', 'V7', 'V11', 'V9', 'V12', 'V10', 'V17', 'V16', 'V18', 'V20']",0.8783783783783784,0.06506506506506507,0.1211556383970177,0.6396568298085351,17
"['V10', 'V4', 'V14', 'V12', 'V16', 'V11', 'V1', 'V2', 'V21']",0.8513513513513513,0.063,0.11731843575418995,0.639656028677362,9
"['V10', 'V14', 'V17', 'V8', 'V11', 'V9']",0.8378378378378378,0.06673842841765339,0.12362911266201396,0.6396504984313195,6
"['V10', 'V4', 'V14', 'V12', 'V16', 'V17', 'V8', 'V9', 'V2']",0.8648648648648649,0.0585544373284538,0.10968294772922023,0.6396500729293926,9
"['V10', 'V4', 'V14', 'V12', 'V16', 'V1']",0.8513513513513513,0.05785123966942149,0.10834049871023216,0.639621930414755,6
"['V10', 'V4', 'V14', 'V12', 'V16']",0.8513513513513513,0.057904411764705885,0.10843373493975904,0.6396156521792764,5
"['V10', 'V4', 'V14', 'V16', 'V17', 'V8', 'V9', 'V1', 'V2', 'V21']",0.8648648648648649,0.05812897366030881,0.10893617021276596,0.6395921288912665,10
"['V10', 'V4', 'V14', 'V12', 'V8', 'V9', 'V1']",0.8648648648648649,0.05876951331496786,0.11006018916595013,0.6395175336478214,7
"['V10', 'V14', 'V8', 'V11', 'V9', 'V1', 'V21']",0.8243243243243243,0.06340956340956341,0.11776061776061776,0.6394585796266435,7
"['V4', 'V14', 'V16', 'V8', 'V9', 'V1', 'V2', 'V21']",0.8513513513513513,0.048761609907120744,0.09224011713030747,0.6394507599091125,8
"['V10', 'V4', 'V14', 'V16', 'V8', 'V9', 'V1', 'V2', 'V21']",0.8648648648648649,0.0585544373284538,0.10968294772922023,0.6393672139185407,9
"['V4', 'V14', 'V12', 'V16', 'V8', 'V9']",0.8648648648648649,0.056838365896980464,0.10666666666666667,0.6393594029775134,6
"['V14', 'V10', 'V8', 'V17', 'V16', 'V9', 'V2', 'V20', 'V18', 'V3']",0.8378378378378378,0.06666666666666667,0.12350597609561753,0.639254695664481,10
"['V14', 'V12', 'V16', 'V8', 'V9', 'V1', 'V2']",0.8243243243243243,0.06566200215285253,0.12163509471585245,0.6392427719823345,7
"['V14', 'V16', 'V8', 'V9', 'V1', 'V2']",0.8243243243243243,0.06630434782608696,0.1227364185110664,0.6390979738635612,6
"['V10', 'V14', 'V12', 'V8', 'V2', 'V21']",0.8648648648648649,0.06625258799171843,0.12307692307692308,0.6390714776474454,6
"['V10', 'V4', 'V14', 'V12', 'V8', 'V1']",0.8648648648648649,0.05834092980856882,0.10930828351836037,0.6390513837342059,6
"['V10', 'V4', 'V14', 'V12', 'V16', 'V11', 'V9', 'V1', 'V2', 'V21']",0.8513513513513513,0.062376237623762376,0.11623616236162361,0.6390462098640194,10
"['V10', 'V14', 'V9', 'V21']",0.8378378378378378,0.06761177753544166,0.12512613521695257,0.6389144263639664,4
"['V10', 'V14', 'V8', 'V9', 'V2']",0.8378378378378378,0.06431535269709543,0.11946050096339114,0.6388065387682098,5
"['V10', 'V4', 'V14', 'V12', 'V16', 'V21']",0.8513513513513513,0.05779816513761468,0.10824742268041238,0.6387587565637068,6
"['V10', 'V4', 'V14', 'V16', 'V8', 'V9', 'V1', 'V2']",0.8648648648648649,0.060206961429915336,0.11257695690413369,0.6387559266870502,8
"['V10', 'V4', 'V14', 'V12', 'V16', 'V1', 'V21']",0.8513513513513513,0.05795768169273229,0.10852713178294573,0.6387510099591172,7
"['V10', 'V4', 'V14', 'V12', 'V16', 'V9', 'V21']",0.8513513513513513,0.058011049723756904,0.10862068965517241,0.6387416047890186,7
"['V14', 'V10', 'V8', 'V17', 'V16', 'V9', 'V2', 'V20', 'V18', 'V21', 'V12']",0.8378378378378378,0.06813186813186813,0.12601626016260162,0.6387398794166044,11
"['V14', 'V16', 'V17', 'V8', 'V9', 'V1', 'V2']",0.8243243243243243,0.06441393875395987,0.11949069539666993,0.6387254374706657,7
"['V14', 'V10', 'V8', 'V17', 'V16', 'V9', 'V2', 'V20', 'V18', 'V12']",0.8378378378378378,0.06942889137737962,0.1282316442605998,0.6387207420526235,10
"['V14', 'V12', 'V16', 'V8', 'V9']",0.8243243243243243,0.06762749445676275,0.125,0.6387199961395134,5
"['V10', 'V4', 'V14', 'V12', 'V16', 'V9', 'V1', 'V21']",0.8513513513513513,0.058011049723756904,0.10862068965517241,0.6386193465975465,8
"['V10', 'V4', 'V14', 'V12', 'V17', 'V8', 'V1', 'V21']",0.8783783783783784,0.056719022687609075,0.10655737704918032,0.6386065565171438,8
"['V14', 'V10', 'V8', 'V21']",0.8378378378378378,0.05910390848427073,0.11041852181656278,0.638602200274036,4
"['V10', 'V14', 'V8', 'V21']",0.8378378378378378,0.05910390848427073,0.11041852181656278,0.638602200274036,4
"['V14', 'V16', 'V8', 'V11', 'V9', 'V2', 'V21']",0.8243243243243243,0.06681270536692223,0.12360688956433637,0.6385512364607039,7
"['V14', 'V4', 'V2', 'V3', 'V5', 'V8', 'V6', 'V1', 'V7', 'V11', 'V9', 'V12', 'V10', 'V17', 'V16', 'V18', 'V19', 'V20']",0.8783783783783784,0.06539235412474849,0.12172284644194757,0.6385428860714926,18
"['V10', 'V4', 'V14', 'V12', 'V17', 'V8', 'V9', 'V1', 'V21']",0.8783783783783784,0.05711775043936731,0.10726072607260725,0.6385283629034811,9
"['V10', 'V14', 'V17', 'V9', 'V1', 'V21']",0.8513513513513513,0.06318956870611836,0.11764705882352941,0.6385156760233972,6
"['V4', 'V14', 'V16', 'V17', 'V8', 'V9', 'V1', 'V2', 'V21']",0.8513513513513513,0.04868624420401855,0.09210526315789473,0.6385128900615995,9
"['V10', 'V4', 'V14', 'V12', 'V16', 'V17', 'V11', 'V21']",0.8513513513513513,0.05977229601518026,0.11170212765957446,0.6384845407137254,8
"['V10', 'V14', 'V12', 'V8', 'V1', 'V21']",0.8378378378378378,0.06438213914849429,0.11957569913211186,0.6383988898378742,6
"['V4', 'V14', 'V12', 'V16', 'V8', 'V11', 'V1', 'V2']",0.8783783783783784,0.05974264705882353,0.11187607573149742,0.6383824100047524,8
"['V14', 'V4', 'V2', 'V3', 'V5', 'V8', 'V6', 'V1', 'V7', 'V11', 'V9', 'V12', 'V10', 'V17', 'V16', 'V18', 'Amount']",0.8783783783783784,0.06416584402764067,0.11959521619135234,0.6383780212856991,17
"['V10', 'V4', 'V14', 'V12', 'V8', 'V11', 'V9', 'V21']",0.8783783783783784,0.06310679611650485,0.11775362318840579,0.6383530858357496,8
"['V14', 'V16', 'V17', 'V8', 'V9', 'V1']",0.8243243243243243,0.06434599156118144,0.11937377690802348,0.6382990378040987,6
"['V10', 'V4', 'V14', 'V12', 'V16', 'V11', 'V2', 'V21']",0.8513513513513513,0.06325301204819277,0.11775700934579439,0.6382664348901633,8
"['V10', 'V14', 'V16', 'V8', 'V11', 'V21']",0.8378378378378378,0.06659505907626208,0.12338308457711443,0.6382573885819847,6
"['V10', 'V4', 'V14', 'V12', 'V16', 'V17', 'V11', 'V1', 'V21']",0.8513513513513513,0.05982905982905983,0.11180124223602485,0.6382569273517626,9
"['V10', 'V4', 'V14', 'V12', 'V16', 'V11', 'V9', 'V2', 'V21']",0.8513513513513513,0.06293706293706294,0.1172093023255814,0.638251764488453,9
"['V10', 'V14', 'V8', 'V9']",0.8378378378378378,0.06458333333333334,0.11992263056092843,0.6382420835432523,4
"['V14', 'V10', 'V8', 'V9']",0.8378378378378378,0.06458333333333334,0.11992263056092843,0.6382420835432523,4
"['V10', 'V4', 'V14', 'V16', 'V17', 'V8', 'V1', 'V2']",0.8648648648648649,0.05964585274930102,0.11159546643417612,0.638232638653062,8
"['V4', 'V14', 'V16', 'V8', 'V9', 'V1', 'V21']",0.8513513513513513,0.048799380325329204,0.09230769230769231,0.6381700918584537,7
"['V14', 'V16', 'V17', 'V8', 'V9', 'V1', 'V21']",0.8243243243243243,0.06340956340956341,0.11776061776061776,0.638091173161954,7
"['V4', 'V14', 'V16', 'V8', 'V9', 'V1', 'V2']",0.8513513513513513,0.050199203187251,0.09480812641083522,0.6380814246344296,7
"['V10', 'V14', 'V12', 'V16', 'V17', 'V8', 'V2', 'V21']",0.8513513513513513,0.06481481481481481,0.12045889101338432,0.6380776922923708,8
"['V14', 'V4', 'V2', 'V3', 'V5', 'V8', 'V6', 'V1', 'V7', 'V11', 'V9', 'V12', 'V10', 'V17', 'V18']",0.8918918918918919,0.06364513018322084,0.1188118811881188,0.6380664569731785,15
"['V10', 'V14', 'V12', 'V16', 'V8', 'V11', 'V9', 'V1', 'V21']",0.8243243243243243,0.06792873051224944,0.12551440329218108,0.6379132919719646,9
"['V14', 'V10', 'V8', 'V17', 'V16', 'V9', 'V2', 'V20', 'V18', 'V21', 'V19', 'V3']",0.8378378378378378,0.06332992849846783,0.1177587844254511,0.6378872118211448,12
"['V10', 'V14', 'V16', 'V9', 'V2']",0.8378378378378378,0.0748792270531401,0.13747228381374724,0.6378728477551898,5
"['V10', 'V4', 'V14', 'V16', 'V17', 'V8', 'V9', 'V1', 'V2']",0.8648648648648649,0.05970149253731343,0.11169284467713787,0.6378223322448373,9
"['V4', 'V14', 'V16', 'V8', 'V9', 'V1']",0.8513513513513513,0.050119331742243436,0.0946656649135988,0.637814447689967,6
"['V10', 'V4', 'V14', 'V12', 'V16', 'V17', 'V11', 'V9', 'V1', 'V21']",0.8513513513513513,0.05909943714821764,0.11052631578947368,0.6377791780606733,10
"['V4', 'V14', 'V12', 'V16', 'V17', 'V8', 'V9', 'V21']",0.8648648648648649,0.05355648535564853,0.1008668242710796,0.6377321436668879,8
"['V4', 'V14', 'V12', 'V16', 'V17', 'V8', 'V1', 'V2']",0.8783783783783784,0.05541346973572037,0.10425020048115477,0.6377004935236399,8
"['V10', 'V14', 'V12', 'V17', 'V8', 'V9', 'V1', 'V2', 'V21']",0.8513513513513513,0.06422018348623854,0.11943127962085308,0.6376572343428002,9
"['V4', 'V14', 'V12', 'V16', 'V17', 'V8', 'V11', 'V1']",0.8648648648648649,0.05786618444846293,0.10847457627118644,0.6376377182573252,8
"['V14', 'V4', 'V2', 'V3', 'V5', 'V8', 'V6', 'V1', 'V7', 'V11', 'V9', 'V12', 'V10', 'V21']",0.8918918918918919,0.06043956043956044,0.11320754716981132,0.6375865960436988,14
"['V10', 'V14', 'V16', 'V17', 'V8', 'V11', 'V9', 'V1', 'V2']",0.8378378378378378,0.06451612903225806,0.11980676328502415,0.6374556494673389,9
"['V10', 'V4', 'V14', 'V16', 'V8', 'V11', 'V21']",0.8513513513513513,0.06481481481481481,0.12045889101338432,0.6374459729498057,7
"['V10', 'V14', 'V17', 'V8', 'V9', 'V1']",0.8378378378378378,0.0640495867768595,0.11900191938579655,0.6374368853587322,6
"['V14', 'V10', 'V8', 'V17', 'V16', 'V9', 'V2', 'V20', 'V18', 'V21', 'V19', 'V5', 'Amount', 'V7']",0.8378378378378378,0.059443911792905084,0.11101163831692032,0.6374356692457362,14
"['V10', 'V14', 'V12', 'V16', 'V17', 'V8', 'V9', 'V1']",0.8243243243243243,0.0668859649122807,0.12373225152129817,0.6374082460078674,8
"['V10', 'V14', 'V12', 'V17', 'V8', 'V9', 'V2', 'V21']",0.8378378378378378,0.06666666666666667,0.12350597609561753,0.6373837936563675,8
"['V4', 'V14', 'V16', 'V17', 'V8', 'V9', 'V1', 'V21']",0.8513513513513513,0.048799380325329204,0.09230769230769231,0.6373699919371254,8
"['V10', 'V4', 'V14', 'V12', 'V8', 'V11', 'V21']",0.8783783783783784,0.06274131274131274,0.11711711711711711,0.6373551902482915,7
"['V10', 'V14', 'V12', 'V16', 'V17', 'V8', 'V9', 'V1', 'V2']",0.8378378378378378,0.06595744680851064,0.1222879684418146,0.6372931934488228,9
"['V10', 'V14', 'V12', 'V16', 'V8', 'V11', 'V9', 'V1']",0.8243243243243243,0.06908267270668177,0.12748171368861025,0.6372908268437547,8
"['V4', 'V14', 'V16', 'V17', 'V8', 'V9', 'V1', 'V2']",0.8513513513513513,0.050079491255961846,0.0945945945945946,0.6372756924802048,8
"['V10', 'V4', 'V14', 'V12', 'V16', 'V17', 'V11', 'V9', 'V21']",0.8513513513513513,0.059266227657572904,0.11081794195250659,0.6372537698622712,9
"['V10', 'V14', 'V17', 'V8', 'V11', 'V9', 'V1', 'V21']",0.8243243243243243,0.06124497991967871,0.11401869158878504,0.6372337892381877,8
"['V10', 'V4', 'V14', 'V12', 'V8', 'V9', 'V21']",0.8783783783783784,0.0580875781948168,0.10896898575020955,0.6372306700433683,7
"['V4', 'V14', 'V12', 'V16', 'V17', 'V8', 'V11', 'V9', 'V21']",0.8648648648648649,0.05653710247349823,0.10613598673300166,0.6372158408177098,9
"['V10', 'V14', 'V12', 'V16', 'V8', 'V11', 'V9', 'V21']",0.8243243243243243,0.0683090705487122,0.12616339193381593,0.6372077643480519,8
"['V4', 'V14', 'V16', 'V17', 'V8', 'V9', 'V1']",0.8513513513513513,0.05003971405877681,0.09452363090772693,0.6372054031576685,7
"['V10', 'V4', 'V14', 'V16', 'V8', 'V11', 'V9', 'V21']",0.8648648648648649,0.06550665301944729,0.12178877259752617,0.6371914985463438,8
"['V14', 'V12', 'V16', 'V8', 'V9', 'V1']",0.8243243243243243,0.06853932584269663,0.12655601659751037,0.6371720548500751,6
"['V10', 'V14', 'V8', 'V11', 'V9']",0.8378378378378378,0.06581740976645435,0.1220472440944882,0.6371445594801175,5
"['V10', 'V14', 'V16', 'V8', 'V11', 'V1', 'V21']",0.8378378378378378,0.06444906444906445,0.11969111969111969,0.63713912356306,7
"['V14', 'V10', 'V8', 'V17', 'V16', 'V9', 'V2', 'V20', 'V18', 'V21', 'V19', 'V5', 'Amount', 'V12', 'V7']",0.8513513513513513,0.06338028169014084,0.11797752808988764,0.6370833164144679,15
"['V14', 'V10', 'V8', 'V17', 'V16', 'V9', 'V2', 'V20', 'V18', 'V21', 'V19', 'V5', 'Amount', 'V12', 'V11']",0.8378378378378378,0.06156901688182721,0.1147086031452359,0.6370663685115997,15
"['V4', 'V14', 'V12', 'V16', 'V8', 'V11', 'V9', 'V2', 'V21']",0.8783783783783784,0.06007393715341959,0.11245674740484429,0.6370283944223061,9
"['V10', 'V4', 'V14', 'V16', 'V8', 'V11', 'V9', 'V1', 'V2']",0.8648648648648649,0.06464646464646465,0.12030075187969924,0.6370250924608495,9
"['V10', 'V4', 'V14', 'V12', 'V16', 'V1', 'V2', 'V21']",0.8513513513513513,0.058011049723756904,0.10862068965517241,0.6370199340727091,8
"['V10', 'V14', 'V8']",0.8378378378378378,0.06025267249757046,0.11242067089755213,0.6369851821820421,3
"['V14', 'V10', 'V8']",0.8378378378378378,0.06025267249757046,0.11242067089755213,0.6369851821820421,3
"['V10', 'V4', 'V14', 'V12', 'V16', 'V2']",0.8513513513513513,0.057904411764705885,0.10843373493975904,0.6369585846425702,6
"['V4', 'V14', 'V12', 'V16', 'V17', 'V8', 'V11', 'V1', 'V2']",0.8783783783783784,0.05952380952380952,0.11149228130360206,0.636940198053401,9
"['V10', 'V4', 'V14', 'V12', 'V16', 'V1', 'V2']",0.8513513513513513,0.05774518790100825,0.10815450643776824,0.6369133317224819,7
"['V4', 'V14', 'V12', 'V16', 'V17', 'V8', 'V1']",0.8783783783783784,0.05508474576271186,0.10366826156299841,0.6369074365718304,7
"['V10', 'V14', 'V12', 'V16', 'V17', 'V8', 'V2']",0.8378378378378378,0.06471816283924843,0.12015503875968993,0.6368115841016183,7
"['V10', 'V14', 'V12', 'V16', 'V17', 'V8', 'V11', 'V9', 'V2', 'V21']",0.8243243243243243,0.06407563025210083,0.1189083820662768,0.6368051832757003,10
"['V4', 'V14', 'V12', 'V16', 'V8', 'V11', 'V9']",0.8648648648648649,0.0599250936329588,0.11208406304728546,0.6367680166488817,7
"['V14', 'V10', 'V8', 'V17', 'V16', 'V9', 'V2', 'V20', 'V18', 'V21', 'V19', 'V5', 'V1']",0.8513513513513513,0.0586046511627907,0.10966057441253264,0.6367663801361884,13
"['V10', 'V14', 'V16', 'V8', 'V11']",0.8378378378378378,0.06746463547334058,0.12487411883182276,0.6367436736630528,5
"['V10', 'V4', 'V14', 'V16', 'V8', 'V11', 'V1', 'V2']",0.8648648648648649,0.06438631790744467,0.1198501872659176,0.6367395870564255,8
"['V10', 'V4', 'V14', 'V12', 'V16', 'V9', 'V2']",0.8513513513513513,0.057692307692307696,0.10806174957118353,0.636737577027974,7
"['V10', 'V14', 'V12', 'V16', 'V8', 'V11', 'V9']",0.8243243243243243,0.06931818181818182,0.1278825995807128,0.6367062740012235,7
"['V10', 'V14', 'V12', 'V17', 'V8', 'V2', 'V21']",0.8648648648648649,0.06451612903225806,0.1200750469043152,0.6366836193884448,7
"['V14', 'V10', 'V8', 'V17', 'V16', 'V9', 'V2', 'V20', 'V18', 'V21', 'V19', 'V5', 'V7']",0.8378378378378378,0.05938697318007663,0.11091234347048301,0.636616474961778,13
"['V10', 'V14', 'V12', 'V16', 'V17', 'V8', 'V9', 'V21']",0.8243243243243243,0.06838565022421525,0.12629399585921325,0.636599921493545,8
"['V10', 'V14', 'V12', 'V8', 'V11', 'V9', 'V1', 'V21']",0.8243243243243243,0.06747787610619468,0.12474437627811862,0.6365906114683386,8
"['V14', 'V10', 'V8', 'V17', 'V16', 'V9', 'V12']",0.8243243243243243,0.0691609977324263,0.12761506276150628,0.6365880600211404,7
"['V10', 'V14', 'V12', 'V16', 'V17', 'V8', 'V9']",0.8243243243243243,0.0691609977324263,0.12761506276150628,0.6365880600211404,7
"['V10', 'V14', 'V8', 'V9', 'V1']",0.8378378378378378,0.06352459016393443,0.1180952380952381,0.6365734822591508,5
"['V10', 'V14', 'V12', 'V8', 'V2']",0.8513513513513513,0.06610703043022036,0.12268743914313535,0.6365466208383871,5
"['V10', 'V4', 'V14', 'V12', 'V16', 'V9', 'V1', 'V2']",0.8513513513513513,0.05785123966942149,0.10834049871023216,0.6364838519739443,8
"['V10', 'V4', 'V14', 'V16', 'V17', 'V8', 'V11', 'V9', 'V1', 'V2']",0.8648648648648649,0.06458123107971746,0.12018779342723004,0.6364790386304217,10
"['V14', 'V16', 'V17', 'V8', 'V11', 'V9', 'V2', 'V21']",0.8243243243243243,0.06601731601731602,0.12224448897795591,0.6364773530047475,8
"['V4', 'V14', 'V16', 'V8', 'V11', 'V9', 'V1', 'V2', 'V21']",0.8513513513513513,0.05560458958517211,0.1043910521955261,0.636469495709339,9
"['V10', 'V4', 'V14', 'V12', 'V8', 'V21']",0.8783783783783784,0.057624113475177305,0.10815307820299501,0.6364459211331689,6
"['V10', 'V14', 'V12', 'V17', 'V8', 'V9', 'V2']",0.8513513513513513,0.06796116504854369,0.1258741258741259,0.636419630389094,7
"['V14', 'V10', 'V8', 'V17', 'V16', 'V9', 'V2', 'V20', 'V18', 'V21', 'V19', 'V5', 'V4']",0.8783783783783784,0.0625,0.11669658886894076,0.6364121655393268,13
"['V10', 'V4', 'V14', 'V12', 'V16', 'V17', 'V11', 'V9']",0.8513513513513513,0.058878504672897194,0.11013986013986014,0.6363899057049018,8
"['V10', 'V14', 'V16', 'V17', 'V8', 'V11', 'V21']",0.8378378378378378,0.06533192834562697,0.12121212121212122,0.6363683184019642,7
"['V10', 'V14', 'V12', 'V17', 'V8', 'V9', 'V1', 'V21']",0.8243243243243243,0.0629514963880289,0.11697027804410355,0.6363514648856075,8
"['V10', 'V4', 'V14', 'V12', 'V16', 'V2', 'V21']",0.8513513513513513,0.05795768169273229,0.10852713178294573,0.636350103451782,7
"['V10', 'V14', 'V16', 'V9', 'V1']",0.8243243243243243,0.07210401891252956,0.13260869565217392,0.6363396725058654,5
"['V10', 'V4', 'V14', 'V12', 'V8', 'V11', 'V9', 'V1']",0.8648648648648649,0.062196307094266275,0.11604714415231188,0.6363361272081558,8
"['V10', 'V14', 'V12', 'V16', 'V17', 'V8', 'V11', 'V9', 'V1', 'V2', 'V21']",0.8243243243243243,0.0629514963880289,0.11697027804410355,0.6363356192205979,11
"['V14', 'V4', 'V2', 'V3', 'V5', 'V8', 'V6', 'V1', 'V7', 'V11', 'V9', 'V12', 'V10', 'V17', 'V16', 'V19']",0.8918918918918919,0.06483300589390963,0.12087912087912088,0.6363263384293641,16
"['V10', 'V4', 'V14', 'V12', 'V16', 'V17', 'V11']",0.8513513513513513,0.059433962264150944,0.1111111111111111,0.6362889040831936,7
"['V4', 'V14', 'V12', 'V16', 'V8', 'V11', 'V21']",0.8648648648648649,0.058394160583941604,0.1094017094017094,0.6362830460306312,7
"['V14', 'V12', 'V8', 'V9', 'V1', 'V21']",0.8243243243243243,0.06475583864118896,0.12007874015748031,0.6362486289521567,6
"['V14', 'V4', 'V2', 'V3', 'V5', 'V8', 'V6', 'V1', 'V7', 'V11', 'V9', 'V12', 'V10', 'V17', 'Amount']",0.8918918918918919,0.06273764258555133,0.1172291296625222,0.6362325199338517,15
"['V4', 'V14', 'V12', 'V16', 'V8', 'V2', 'V21']",0.8783783783783784,0.05726872246696035,0.10752688172043011,0.6362198512386423,7
"['V10', 'V4', 'V14', 'V12', 'V16', 'V9', 'V1', 'V2', 'V21']",0.8513513513513513,0.05817174515235457,0.10890233362143474,0.6362080496521911,9
"['V14', 'V16', 'V9', 'V1', 'V2', 'V21']",0.8378378378378378,0.07251461988304093,0.13347685683530677,0.6361576617254305,6
"['V10', 'V14', 'V12', 'V16', 'V8', 'V21']",0.8243243243243243,0.06630434782608696,0.1227364185110664,0.6361512493070798,6
"['V10', 'V4', 'V14', 'V12', 'V8', 'V11', 'V1']",0.8648648648648649,0.06183574879227053,0.11541929666366095,0.6361443804606499,7
"['V10', 'V4', 'V14', 'V12', 'V16', 'V9', 'V2', 'V21']",0.8513513513513513,0.05785123966942149,0.10834049871023216,0.6361256400186378,8
"['V4', 'V14', 'V16', 'V8', 'V11', 'V9', 'V1', 'V21']",0.8378378378378378,0.05433829973707274,0.10205761316872428,0.6361147258385715,8
"['V14', 'V4', 'V2', 'V3', 'V5', 'V8', 'V6', 'V1', 'V7', 'V11', 'V9', 'V12', 'V10', 'V17']",0.8918918918918919,0.06273764258555133,0.1172291296625222,0.6360738758035679,14
"['V4', 'V14', 'V12', 'V16', 'V8', 'V9', 'V2']",0.8783783783783784,0.05819158460161146,0.109151973131822,0.636045829657169,7
"['V10', 'V14', 'V12', 'V8', 'V11', 'V9', 'V2', 'V21']",0.8513513513513513,0.06702127659574468,0.1242603550295858,0.6359725627749333,8
"['V14', 'V10', 'V8', 'V17', 'V16', 'V3']",0.8378378378378378,0.0625,0.11632270168855535,0.6358900423705179,6
"['V10', 'V14', 'V12', 'V16', 'V17', 'V8', 'V11', 'V9', 'V1', 'V2']",0.8243243243243243,0.06517094017094018,0.12079207920792079,0.6358729249734415,10
"['V14', 'V4', 'V2', 'V3', 'V5', 'V8', 'V6', 'V1', 'V7', 'V11', 'V9', 'V12', 'V10', 'V17', 'V16', 'V18', 'V19']",0.8918918918918919,0.06483300589390963,0.12087912087912088,0.6358690084603356,17
"['V14', 'V12', 'V8', 'V9', 'V2', 'V21']",0.8243243243243243,0.06455026455026455,0.1197252208047105,0.6357802223998634,6
"['V10', 'V14', 'V12', 'V16', 'V8', 'V11', 'V1', 'V2', 'V21']",0.8243243243243243,0.06218144750254842,0.11563981042654028,0.6357564166025383,9
"['V14', 'V10', 'V8', 'V7']",0.8378378378378378,0.061507936507936505,0.11460258780036968,0.6357550850300923,4
"['V4', 'V14', 'V16', 'V8', 'V11', 'V9', 'V1']",0.8378378378378378,0.056363636363636366,0.10562180579216354,0.635754865945915,7
"['V10', 'V4', 'V14', 'V16', 'V8', 'V11', 'V9', 'V2', 'V21']",0.8648648648648649,0.06464646464646465,0.12030075187969924,0.6357508877232076,9
"['V10', 'V4', 'V14', 'V16', 'V17', 'V8', 'V11', 'V1', 'V2']",0.8648648648648649,0.0642570281124498,0.11962616822429907,0.6357352724225193,9
"['V14', 'V4', 'V2', 'V3', 'V5', 'V8', 'V6', 'V1', 'V7', 'V11', 'V9', 'V12', 'V10', 'V17', 'V16']",0.8918918918918919,0.06364513018322084,0.1188118811881188,0.6357237681597181,15
"['V10', 'V4', 'V14', 'V16', 'V17', 'V8', 'V11', 'V9', 'V21']",0.8648648648648649,0.06471183013144591,0.12041392285983067,0.6357156318954534,9
"['V14', 'V4', 'V2', 'V3', 'V5', 'V8', 'V6', 'V1', 'V7', 'V11', 'V9', 'V12', 'V10', 'V17', 'V16', 'V18', 'V19', 'Amount']",0.8783783783783784,0.0647410358565737,0.12059369202226346,0.6357074356690811,18
"['V14', 'V4', 'V2', 'V3', 'V5', 'V8', 'V6', 'V1', 'V7', 'V11', 'V9', 'V12', 'V10', 'V17', 'V16', 'V18']",0.8918918918918919,0.06420233463035019,0.11978221415607986,0.6357035780846776,16
"['V10', 'V14', 'V17', 'V8', 'V1', 'V21']",0.8513513513513513,0.061284046692607,0.11433756805807622,0.6356809593010792,6
"['V14', 'V10', 'V8', 'V17', 'V1']",0.8378378378378378,0.062,0.1154562383612663,0.635677935259723,5
"['V10', 'V14', 'V17', 'V8', 'V1']",0.8378378378378378,0.062,0.1154562383612663,0.635677935259723,5
"['V14', 'V4', 'V2', 'V3', 'V5', 'V8', 'V6', 'V1', 'V7', 'V11', 'V9', 'V12', 'V10', 'V17', 'V19']",0.8918918918918919,0.06261859582542695,0.11702127659574468,0.6356518010581497,15
"['V10', 'V14', 'V12', 'V16', 'V17', 'V8', 'V1', 'V2', 'V21']",0.8648648648648649,0.06406406406406406,0.11929170549860205,0.6356496829571505,9
"['V10', 'V14', 'V12', 'V16', 'V17', 'V8', 'V11', 'V9', 'V2']",0.8243243243243243,0.06496272630457935,0.12043435340572557,0.6356465491462657,9
"['V14', 'V4', 'V2', 'V3', 'V5', 'V8', 'V6', 'V1', 'V7', 'V11', 'V9', 'V12', 'V10', 'V17', 'V20']",0.8918918918918919,0.06291706387035272,0.11754229741763135,0.6356372107797374,15
"['V10', 'V14', 'V12', 'V16', 'V8', 'V1', 'V21']",0.8243243243243243,0.06580366774541532,0.12187812187812187,0.635626270076918,7
"['V10', 'V14', 'V16', 'V9', 'V1', 'V2']",0.8513513513513513,0.07291666666666667,0.13432835820895522,0.6356202235301998,6
"['V10', 'V14', 'V12', 'V16', 'V8']",0.8378378378378378,0.06828193832599119,0.12627291242362526,0.6355548511260494,5
"['V10', 'V4', 'V14', 'V16', 'V8', 'V11', 'V2', 'V21']",0.8648648648648649,0.06471183013144591,0.12041392285983067,0.6355467747245986,8
"['V10', 'V4', 'V14', 'V16', 'V17', 'V8', 'V11', 'V21']",0.8648648648648649,0.06490872210953347,0.12075471698113208,0.6355461158329572,8
"['V4', 'V14', 'V16', 'V17', 'V8', 'V11', 'V9', 'V1', 'V2', 'V21']",0.8513513513513513,0.05536028119507909,0.10396039603960396,0.6355187141539304,10
"['V10', 'V14', 'V12', 'V16', 'V17', 'V8', 'V1', 'V21']",0.8378378378378378,0.06281661600810537,0.11687087653157399,0.6354121323729063,8
"['V4', 'V14', 'V16', 'V17', 'V8', 'V11', 'V9', 'V1']",0.8378378378378378,0.05575539568345324,0.1045531197301855,0.6353838786673275,8
"['V10', 'V14', 'V12', 'V16', 'V17', 'V8', 'V11', 'V9', 'V1', 'V21']",0.8243243243243243,0.06510138740661686,0.12067260138476756,0.6353797178705985,10
"['V10', 'V14', 'V17', 'V8', 'V11', 'V9', 'V2']",0.8378378378378378,0.06666666666666667,0.12350597609561753,0.6353415960592996,7
"['V14', 'V4', 'V2', 'V3', 'V5', 'V8', 'V6', 'V1', 'V7', 'V11', 'V9', 'V12', 'V10', 'V17', 'V16', 'V18', 'V19', 'V21', 'V20']",0.8783783783783784,0.06335282651072124,0.11818181818181818,0.6352872649255639,19
"['V10', 'V14', 'V12', 'V16', 'V8', 'V11', 'V2', 'V21']",0.8378378378378378,0.06300813008130081,0.11720226843100189,0.6352527545099711,8
"['V14', 'V10', 'V8', 'V17', 'V16', 'V11']",0.8378378378378378,0.0670995670995671,0.12424849699398798,0.6352349861846783,6
"['V10', 'V14', 'V16', 'V17', 'V8', 'V11']",0.8378378378378378,0.0670995670995671,0.12424849699398798,0.6352349861846783,6
"['V4', 'V14', 'V16', 'V17', 'V8', 'V1', 'V21']",0.8513513513513513,0.04823889739663093,0.09130434782608696,0.63522700380843,7
"['V4', 'V14', 'V16', 'V17', 'V8', 'V1', 'V2', 'V21']",0.8513513513513513,0.04820198928844682,0.09123823316437364,0.6351772483448925,8
"['V14', 'V4', 'V2', 'V3', 'V5', 'V8', 'V6', 'V1', 'V7', 'V11', 'V9', 'V12', 'V10', 'V17', 'V16', 'Amount']",0.8783783783783784,0.06366307541625857,0.1187214611872146,0.6351744041175778,16
"['V14', 'V10', 'V8', 'Amount']",0.8378378378378378,0.060784313725490195,0.113345521023766,0.6351155356600691,4
"['V10', 'V4', 'V14', 'V12', 'V17', 'V8', 'V11', 'V9', 'V1']",0.8648648648648649,0.06147934678194044,0.1147982062780269,0.6351122921330107,9
"['V10', 'V14', 'V12', 'V17', 'V8', 'V11', 'V9', 'V2', 'V21']",0.8243243243243243,0.06218144750254842,0.11563981042654028,0.6350980341789394,9
"['V10', 'V14', 'V12', 'V16', 'V8', 'V1']",0.8378378378378378,0.06828193832599119,0.12627291242362526,0.6350849074209474,6
"['V10', 'V14', 'V17', 'V9', 'V21']",0.8378378378378378,0.06623931623931624,0.12277227722772277,0.6350382742476056,5
"['V10', 'V4', 'V14', 'V16', 'V8', 'V9', 'V21']",0.8648648648648649,0.05920444033302498,0.11082251082251082,0.6350350123944628,7
"['V14', 'V4', 'V2', 'V3', 'V5', 'V8', 'V6', 'V1', 'V7', 'V11', 'V9', 'V12', 'V10', 'V17', 'V16', 'V18', 'V19', 'V21', 'V20', 'Amount']",0.8783783783783784,0.06422924901185771,0.11970534069981584,0.6349642431990179,20
"['V14', 'V10', 'V8', 'V17', 'V16', 'V9', 'V2', 'V20', 'V18', 'V21', 'V19', 'V5', 'Amount', 'V12', 'V4', 'V1', 'V7', 'V6', 'V3', 'V11']",0.8783783783783784,0.06422924901185771,0.11970534069981584,0.6349642431990179,20
"['V4', 'V14', 'V16', 'V8', 'V11', 'V1', 'V21']",0.8378378378378378,0.05462555066079295,0.10256410256410256,0.6348961607580689,7
"['V10', 'V14', 'V12', 'V8', 'V21']",0.8378378378378378,0.06533192834562697,0.12121212121212122,0.6348366717874177,5
"['V10', 'V14', 'V9', 'V2', 'V21']",0.8513513513513513,0.06885245901639345,0.12740141557128412,0.6347900328230889,5
"['V14', 'V16', 'V8', 'V11', 'V9', 'V21']",0.8243243243243243,0.06823266219239374,0.12603305785123967,0.6347821518741613,6
"['V10', 'V4', 'V14', 'V12', 'V17', 'V8', 'V11', 'V1']",0.8648648648648649,0.06147934678194044,0.1147982062780269,0.6347649385352307,8
"['V10', 'V4', 'V14', 'V12', 'V16', 'V17', 'V11', 'V1']",0.8513513513513513,0.059266227657572904,0.11081794195250659,0.6347385435782815,8
"['V10', 'V4', 'V14', 'V12', 'V16', 'V17', 'V11', 'V9', 'V1']",0.8513513513513513,0.05909943714821764,0.11052631578947368,0.6347167898992577,9
"['V14', 'V16', 'V8', 'V11', 'V9', 'V1', 'V2', 'V21']",0.8243243243243243,0.06740331491712707,0.12461695607763024,0.6346745566670181,8
"['V4', 'V14', 'V12', 'V16', 'V8']",0.8783783783783784,0.05752212389380531,0.1079734219269103,0.634668345633183,5
"['V4', 'V14', 'V12', 'V16', 'V17', 'V8', 'V9', 'V2', 'V21']",0.8783783783783784,0.05546075085324232,0.1043338683788122,0.6346534215675974,9
"['V14', 'V16', 'V8', 'V11', 'V9', 'V1', 'V21']",0.8243243243243243,0.06762749445676275,0.125,0.6346361434077531,7
"['V10', 'V14', 'V12', 'V8']",0.8378378378378378,0.06616862326574173,0.12265084075173097,0.6346186546828118,4
"['V14', 'V10', 'V8', 'V12']",0.8378378378378378,0.06616862326574173,0.12265084075173097,0.6346186546828118,4
"['V14', 'V16', 'V9', 'V1', 'V21']",0.8243243243243243,0.07151230949589683,0.13160733549083065,0.6346016342541122,5
"['V4', 'V14', 'V16', 'V17', 'V8', 'V1', 'V2']",0.8513513513513513,0.04941176470588235,0.09340252038547071,0.634535040600847,7
"['V14', 'V4', 'V2', 'V3', 'V5', 'V8', 'V6', 'V1', 'V7', 'V11', 'V9', 'V12', 'V10', 'V18']",0.8918918918918919,0.06333973128598848,0.11827956989247312,0.6345118827194617,14
"['V10', 'V14', 'V8', 'V2']",0.8378378378378378,0.059558117195004805,0.11121076233183856,0.6345007404276944,4
"['V14', 'V10', 'V8', 'V2']",0.8378378378378378,0.059558117195004805,0.11121076233183856,0.6345007404276944,4
"['V4', 'V14', 'V16', 'V17', 'V8', 'V11', 'V9', 'V1', 'V21']",0.8378378378378378,0.05400696864111498,0.10147299509001637,0.6344999140140003,9
"['V4', 'V14', 'V12', 'V16', 'V17', 'V8', 'V9']",0.8648648648648649,0.055077452667814115,0.10355987055016182,0.6344804414453498,7
"['V10', 'V4', 'V14', 'V12', 'V17', 'V8', 'V9', 'V1']",0.8648648648648649,0.058287795992714025,0.10921501706484642,0.6344794872178227,8
"['V10', 'V4', 'V14', 'V12', 'V17', 'V8', 'V1']",0.8648648648648649,0.05823475887170155,0.10912190963341858,0.6344346258634558,7
"['V10', 'V4', 'V14', 'V16', 'V8', 'V21']",0.8648648648648649,0.05871559633027523,0.10996563573883161,0.6343911455246775,6
"['V10', 'V4', 'V14', 'V12', 'V17', 'V8', 'V11', 'V21']",0.8783783783783784,0.0621414913957935,0.11607142857142858,0.6343450004696651,8
"['V10', 'V14', 'V8', 'V9', 'V1', 'V2', 'V21']",0.8513513513513513,0.06474820143884892,0.12034383954154727,0.6343094549988143,7
"['V10', 'V14', 'V17', 'V8', 'V9', 'V1', 'V2', 'V21']",0.8513513513513513,0.0646817248459959,0.12022900763358779,0.6342833713740537,8
"['V10', 'V14', 'V17', 'V9', 'V2', 'V21']",0.8513513513513513,0.06645569620253164,0.1232876712328767,0.6342792037073023,6
"['V10', 'V14', 'V12', 'V8', 'V11', 'V9', 'V1', 'V2', 'V21']",0.8513513513513513,0.0681081081081081,0.12612612612612611,0.634270909622292,9
"['V10', 'V14', 'V8', 'V11', 'V9', 'V2']",0.8378378378378378,0.06526315789473684,0.12109375,0.6342382691239329,6
"['V10', 'V14', 'V16', 'V9']",0.8378378378378378,0.07542579075425791,0.13839285714285715,0.6342170266361802,4
"['V4', 'V14', 'V16', 'V8', 'V1', 'V2', 'V21']",0.8513513513513513,0.0481283422459893,0.0911062906724512,0.634206205812339,7
"['V4', 'V14', 'V16', 'V8', 'V1', 'V21']",0.8513513513513513,0.0481283422459893,0.0911062906724512,0.6341739953117089,6
"['V10', 'V4', 'V14', 'V12', 'V17', 'V8', 'V11', 'V9', 'V21']",0.8783783783783784,0.0621414913957935,0.11607142857142858,0.6341075440312566,9
"['V10', 'V14', 'V12', 'V16', 'V8', 'V11', 'V1', 'V2']",0.8243243243243243,0.0629514963880289,0.11697027804410355,0.6340615369120599,8
"['V10', 'V4', 'V14', 'V16', 'V17', 'V8', 'V21']",0.8648648648648649,0.05750224618149147,0.10783487784330244,0.6340233561266868,7
"['V10', 'V4', 'V14', 'V12', 'V16', 'V17', 'V11', 'V1', 'V2', 'V21']",0.8513513513513513,0.05965909090909091,0.11150442477876106,0.6340086002548002,10
"['V14', 'V16', 'V9', 'V21']",0.8243243243243243,0.07376058041112454,0.13540510543840178,0.6339870967635327,4
"['V10', 'V14', 'V16', 'V17', 'V9', 'V1', 'V2']",0.8513513513513513,0.06474820143884892,0.12034383954154727,0.6339298710824349,7
"['V14', 'V12', 'V8', 'V9', 'V21']",0.8243243243243243,0.0650319829424307,0.12055335968379446,0.6339252537114208,5
"['V14', 'V16', 'V9', 'V2', 'V21']",0.8243243243243243,0.07376058041112454,0.13540510543840178,0.6338898468084538,5
"['V14', 'V16', 'V17', 'V9', 'V2', 'V21']",0.8243243243243243,0.07052023121387284,0.1299254526091587,0.6338660506549644,6
"['V10', 'V4', 'V14', 'V16', 'V17', 'V8', 'V11', 'V2', 'V21']",0.8648648648648649,0.06412825651302605,0.11940298507462686,0.6338293375137046,9
"['V14', 'V10', 'V8', 'V17', 'V16', 'V9', 'V2', 'V20', 'V18', 'V21', 'V19', 'V5', 'Amount', 'V4']",0.8648648648648649,0.06037735849056604,0.1128747795414462,0.6338241491098303,14
"['V10', 'V14', 'V17', 'V2', 'V21']",0.8513513513513513,0.065625,0.1218568665377176,0.6337758259605751,5
"['V4', 'V14', 'V12', 'V16', 'V17', 'V8', 'V21']",0.8918918918918919,0.05459057071960298,0.10288386593920498,0.6337646779747297,7
"['V10', 'V14', 'V16', 'V17', 'V8', 'V11', 'V1', 'V21']",0.8378378378378378,0.06212424849699399,0.11567164179104478,0.6337583850006253,8
"['V10', 'V14', 'V16', 'V2', 'V21']",0.8378378378378378,0.06850828729281767,0.12665985699693566,0.633741699078635,5
"['V4', 'V14', 'V16', 'V8', 'V9', 'V21']",0.8513513513513513,0.04956726986624705,0.09368029739776952,0.6337156707019509,6
"['V10', 'V4', 'V14', 'V16', 'V17', 'V8', 'V11', 'V9', 'V2', 'V21']",0.8648648648648649,0.0641925777331996,0.11951447245564893,0.6336894184374482,10
"['V14', 'V12', 'V8', 'V9', 'V1', 'V2', 'V21']",0.8513513513513513,0.06494845360824743,0.1206896551724138,0.6336891816393676,7
"['V10', 'V14', 'V16', 'V17', 'V9', 'V2']",0.8378378378378378,0.06904231625835189,0.12757201646090535,0.6336811352825462,6
"['V10', 'V4', 'V14', 'V12', 'V8', 'V1', 'V2', 'V21']",0.8918918918918919,0.05956678700361011,0.1116751269035533,0.6336584561247993,8
"['V10', 'V14', 'V12', 'V17', 'V8', 'V9', 'V21']",0.8378378378378378,0.06731813246471227,0.12462311557788945,0.6336243410474255,7
"['V4', 'V14', 'V16', 'V8', 'V11', 'V9', 'V1', 'V2']",0.8378378378378378,0.056261343012704176,0.1054421768707483,0.6336192803058873,8
"['V10', 'V4', 'V14', 'V16', 'V8', 'V2', 'V21']",0.8648648648648649,0.0585544373284538,0.10968294772922023,0.6336014597472974,7
"['V10', 'V14', 'V16', 'V11', 'V9', 'V2', 'V21']",0.8378378378378378,0.07626076260762607,0.13979706877113868,0.6335507475036445,7
"['V10', 'V14', 'V8', 'V11', 'V9', 'V1']",0.8243243243243243,0.06340956340956341,0.11776061776061776,0.6335500531421476,6
"['V10', 'V14', 'V12', 'V16', 'V17', 'V8', 'V11', 'V9', 'V21']",0.8243243243243243,0.06510138740661686,0.12067260138476756,0.6335397955101629,9
"['V14', 'V10', 'V8', 'V19']",0.8378378378378378,0.05849056603773585,0.10934744268077601,0.6335114539234888,4
"['V10', 'V14', 'V16', 'V17', 'V9', 'V1']",0.8513513513513513,0.06494845360824743,0.1206896551724138,0.6334770718928016,6
"['V10', 'V4', 'V14', 'V12', 'V17', 'V8', 'V9', 'V21']",0.8783783783783784,0.05772646536412078,0.10833333333333334,0.6334508976976678,8
"['V4', 'V14', 'V16', 'V17', 'V8', 'V11', 'V9', 'V1', 'V2']",0.8378378378378378,0.05595667870036101,0.10490693739424704,0.6333749540221624,9
"['V14', 'V12', 'V16', 'V17', 'V8', 'V9', 'V1', 'V2', 'V21']",0.8243243243243243,0.05826170009551098,0.10883140053523639,0.6333581947306086,9
"['V10', 'V14', 'V17', 'V8', 'V1', 'V2', 'V21']",0.8513513513513513,0.06086956521739131,0.11361587015329125,0.6333522653701927,7
"['V10', 'V4', 'V14', 'V16', 'V8', 'V9', 'V2', 'V21']",0.8648648648648649,0.059149722735674676,0.11072664359861592,0.6333374763170542,8
"['V10', 'V14', 'V12', 'V8', 'V1', 'V2', 'V21']",0.8513513513513513,0.06528497409326425,0.12127045235803657,0.6332976471811157,7
"['V10', 'V4', 'V14', 'V16', 'V8', 'V11']",0.8513513513513513,0.06514994829369183,0.12103746397694524,0.6332966400475593,6
"['V10', 'V14', 'V16', 'V17', 'V2', 'V21']",0.8378378378378378,0.06581740976645435,0.1220472440944882,0.6332770639954415,6
"['V10', 'V4', 'V14', 'V12', 'V16', 'V17', 'V11', 'V2', 'V21']",0.8513513513513513,0.05977229601518026,0.11170212765957446,0.6332697650994333,9
"['V14', 'V10', 'V8', 'V17', 'V16', 'V9', 'V2', 'V20', 'V18', 'V21', 'V19', 'V5', 'Amount', 'V12', 'V1']",0.8378378378378378,0.06031128404669261,0.11252268602540835,0.6332637740532553,15
"['V10', 'V4', 'V14', 'V16', 'V8']",0.8648648648648649,0.06049149338374291,0.11307420494699646,0.6332572814022341,5
"['V4', 'V14', 'V16', 'V17', 'V8', 'V11', 'V1', 'V21']",0.8378378378378378,0.054481546572934976,0.10231023102310231,0.6331988747417695,8
"['V4', 'V14', 'V16', 'V8', 'V1', 'V2']",0.8513513513513513,0.04918032786885246,0.0929889298892989,0.6331972324387198,6
"['V10', 'V4', 'V14', 'V16', 'V8', 'V9']",0.8648648648648649,0.06072106261859583,0.11347517730496454,0.6331303593056479,6
"['V14', 'V4', 'V2', 'V3', 'V5', 'V8', 'V6', 'V1', 'V7', 'V11', 'V9', 'V12', 'V10', 'V17', 'V16', 'V21']",0.8918918918918919,0.06279733587059944,0.11733333333333333,0.6331041166537908,16
"['V10', 'V14', 'V12', 'V8', 'V11', 'V9', 'V21']",0.8243243243243243,0.0671067106710671,0.12410986775178026,0.633082483620661,7
"['V10', 'V14', 'V16', 'V8', 'V11', 'V1']",0.8378378378378378,0.06478578892371996,0.12027158098933075,0.6330345613584326,6
"['V10', 'V14', 'V17', 'V9', 'V1', 'V2', 'V21']",0.8513513513513513,0.062376237623762376,0.11623616236162361,0.6330176609305503,7
"['V10', 'V14', 'V12', 'V16', 'V9', 'V1', 'V2', 'V21']",0.8378378378378378,0.07354685646500593,0.13522355507088332,0.6330172833152384,8
"['V10', 'V4', 'V14', 'V12', 'V8', 'V9', 'V1', 'V2', 'V21']",0.8783783783783784,0.05871725383920506,0.1100762066045724,0.6330141686893372,9
"['V10', 'V14', 'V16', 'V8', 'V11', 'V2']",0.8378378378378378,0.06790799561883899,0.12563323201621074,0.633006991090029,6
"['V10', 'V4', 'V14', 'V16', 'V17', 'V8', 'V2', 'V21']",0.8648648648648649,0.05750224618149147,0.10783487784330244,0.6329869279306105,8
"['V4', 'V14', 'V16', 'V8', 'V9', 'V2', 'V21']",0.8513513513513513,0.049606299212598425,0.09375,0.6328488795120449,7
"['V10', 'V14', 'V12', 'V17', 'V8', 'V9', 'V1', 'V2']",0.8513513513513513,0.06583072100313479,0.12221144519883609,0.632840936234473,8
"['V10', 'V4', 'V14', 'V12', 'V17', 'V8', 'V1', 'V2', 'V21']",0.8918918918918919,0.05972850678733032,0.11195928753180662,0.6328085886999133,9
"['V4', 'V14', 'V16', 'V17', 'V8', 'V11', 'V1']",0.8378378378378378,0.05595667870036101,0.10490693739424704,0.6327561828774206,7
"['V14', 'V10', 'V8', 'V17', 'V16', 'V9', 'V2', 'V20', 'V18', 'V21', 'V19', 'V5', 'Amount', 'V12', 'V4', 'V1', 'V11']",0.8783783783783784,0.06280193236714976,0.11722272317403065,0.6327515670107601,17
"['V10', 'V4', 'V14', 'V16', 'V8', 'V9', 'V2']",0.8648648648648649,0.060778727445394115,0.11357586512866016,0.6327357650977207,7
"['V14', 'V16', 'V17', 'V9', 'V1', 'V2', 'V21']",0.8378378378378378,0.06418219461697723,0.11923076923076924,0.6327214995519229,7
"['V10', 'V14', 'V16', 'V8', 'V11', 'V1', 'V2', 'V21']",0.8378378378378378,0.06372045220966084,0.11843361986628462,0.6327170859416368,8
"['V10', 'V4', 'V14', 'V16', 'V8', 'V2']",0.8648648648648649,0.06072106261859583,0.11347517730496454,0.6327028143728628,6
"['V4', 'V14', 'V16', 'V17', 'V8', 'V1']",0.8513513513513513,0.04929577464788732,0.09319526627218935,0.6326288849340412,6
"['V10', 'V4', 'V14', 'V16', 'V17', 'V8', 'V9', 'V21']",0.8648648648648649,0.057813911472448055,0.10838272650296359,0.6326203155698417,8
"['V4', 'V14', 'V12', 'V16', 'V8', 'V11']",0.8648648648648649,0.05876951331496786,0.11006018916595013,0.6326177820203257,6
"['V10', 'V14', 'V12', 'V16', 'V17', 'V8', 'V1', 'V2']",0.8648648648648649,0.06504065040650407,0.12098298676748583,0.6326145879185976,8
"['V4', 'V14', 'V16', 'V8', 'V11', 'V1', 'V2', 'V21']",0.8513513513513513,0.05545774647887324,0.10413223140495868,0.6325738808757965,8
"['V10', 'V14', 'V12', 'V17', 'V8', 'V2']",0.8513513513513513,0.06408952187182096,0.11920529801324503,0.6325720355167818,6
"['V14', 'V16', 'V17', 'V9', 'V21']",0.8243243243243243,0.07076566125290024,0.13034188034188035,0.6325659450138695,5
"['V10', 'V14', 'V12', 'V16', 'V8', 'V11', 'V2']",0.8243243243243243,0.06282183316168898,0.11674641148325358,0.6325591057253007,7
"['V4', 'V14', 'V12', 'V16', 'V17', 'V8', 'V11', 'V9']",0.8648648648648649,0.05739910313901345,0.10765349032800672,0.6325409944466944,8
"['V4', 'V14', 'V16', 'V8', 'V9', 'V2']",0.8513513513513513,0.05003971405877681,0.09452363090772693,0.6324835979585269,6
"['V4', 'V14', 'V16', 'V8', 'V11', 'V1']",0.8378378378378378,0.056108597285067875,0.10517387616624257,0.632481090725344,6
"['V10', 'V14', 'V12', 'V16', 'V17', 'V8', 'V11', 'V2', 'V21']",0.8243243243243243,0.05992141453831041,0.11172161172161173,0.6324711325117316,9
"['V14', 'V16', 'V17', 'V9', 'V1', 'V21']",0.8378378378378378,0.06418219461697723,0.11923076923076924,0.6324540525626353,6
"['V10', 'V14', 'V12', 'V17', 'V8', 'V21']",0.8378378378378378,0.06237424547283702,0.11610486891385768,0.6324499664709097,6
"['V10', 'V4', 'V14', 'V12', 'V17', 'V8', 'V21']",0.8783783783783784,0.056818181818181816,0.10673234811165845,0.6324215673875961,7
"['V10', 'V14', 'V12', 'V16', 'V17', 'V8', 'V21']",0.8378378378378378,0.06418219461697723,0.11923076923076924,0.6323777370463095,7
"['V14', 'V12', 'V16', 'V8', 'V11', 'V9', 'V1', 'V2', 'V21']",0.8378378378378378,0.07037457434733257,0.12984293193717278,0.632352923376566,9
"['V10', 'V4', 'V14', 'V16', 'V11', 'V9', 'V2']",0.8648648648648649,0.0641925777331996,0.11951447245564893,0.6323391403260991,7
"['V10', 'V4', 'V14', 'V16', 'V11', 'V2']",0.8648648648648649,0.06510681586978637,0.12109744560075686,0.6322842971563455,6
"['V10', 'V14', 'V12', 'V16', 'V17', 'V8', 'V11', 'V9']",0.8243243243243243,0.06616052060737528,0.12248995983935743,0.6322795612517417,8
"['V10', 'V14', 'V12', 'V17', 'V8', 'V9']",0.8378378378378378,0.0684326710816777,0.12653061224489795,0.6322777363705718,6
"['V10', 'V4', 'V14', 'V12', 'V17', 'V8', 'V11', 'V1', 'V2', 'V21']",0.8918918918918919,0.06162464985994398,0.11528384279475982,0.632264708897836,10
"['V4', 'V14', 'V16', 'V8', 'V1']",0.8513513513513513,0.048989113530326596,0.09264705882352942,0.6321956991127037,5
"['V14', 'V12', 'V16', 'V8', 'V11', 'V9', 'V2']",0.8243243243243243,0.06963470319634703,0.12842105263157894,0.6321695039738056,7
"['V10', 'V14', 'V12', 'V16', 'V9', 'V1', 'V21']",0.8243243243243243,0.07615480649188515,0.13942857142857143,0.6321542925794663,7
"['V10', 'V14', 'V12', 'V16', 'V9', 'V1', 'V2']",0.8378378378378378,0.07234539089848308,0.13319011815252416,0.6321377258344016,7
"['V10', 'V14', 'V16', 'V17', 'V9']",0.8378378378378378,0.06935123042505593,0.128099173553719,0.6321359389505695,5
"['V10', 'V4', 'V14', 'V12', 'V8', 'V9']",0.8783783783783784,0.05974264705882353,0.11187607573149742,0.6320399231566135,6
"['V10', 'V14', 'V12', 'V8', 'V11', 'V9', 'V2']",0.8243243243243243,0.06608884073672806,0.12236710130391174,0.6320103781065907,7
"['V4', 'V14', 'V16', 'V17', 'V8', 'V9', 'V21']",0.8513513513513513,0.04891304347826087,0.09251101321585903,0.6319973909302715,7
"['V4', 'V14', 'V16', 'V17', 'V8', 'V9', 'V2', 'V21']",0.8513513513513513,0.04895104895104895,0.09257898603967671,0.6319822793249394,8
"['V10', 'V14', 'V17', 'V8', 'V11', 'V2', 'V21']",0.8378378378378378,0.06465067778936393,0.12003872216844143,0.6319671974239699,7
"['V14', 'V16', 'V17', 'V8', 'V11', 'V9', 'V21']",0.8243243243243243,0.06608884073672806,0.12236710130391174,0.631908894099932,7
"['V10', 'V4', 'V14', 'V16', 'V11', 'V1', 'V2']",0.8513513513513513,0.06494845360824743,0.1206896551724138,0.6318999740299529,7
"['V4', 'V14', 'V16', 'V8', 'V9']",0.8513513513513513,0.050119331742243436,0.0946656649135988,0.6318912974021441,5
"['V10', 'V14', 'V12', 'V8', 'V1']",0.8378378378378378,0.06471816283924843,0.12015503875968993,0.6318655412766909,5
"['V10', 'V14', 'V9', 'V1']",0.8513513513513513,0.0673076923076923,0.12475247524752475,0.6318578070428758,4
"['V10', 'V4', 'V14', 'V12', 'V16', 'V17', 'V11', 'V9', 'V1', 'V2']",0.8513513513513513,0.059044048734770385,0.11042944785276074,0.6318501424789409,10
"['V10', 'V14', 'V16', 'V17', 'V8', 'V11', 'V1']",0.8378378378378378,0.06275303643724696,0.1167608286252354,0.6318446584334059,7
"['V10', 'V4', 'V14', 'V12', 'V16', 'V17', 'V11', 'V9', 'V2', 'V21']",0.8513513513513513,0.05921052631578947,0.11072056239015818,0.6318130982578168,10
"['V10', 'V4', 'V14', 'V12', 'V16', 'V17', 'V11', 'V2']",0.8513513513513513,0.05937794533459001,0.11101321585903083,0.6318044823217912,8
"['V4', 'V14', 'V12', 'V16', 'V17', 'V8', 'V2', 'V21']",0.8783783783783784,0.05480607082630692,0.10317460317460317,0.6317752773755281,8
"['V10', 'V4', 'V14', 'V16', 'V17', 'V8', 'V9']",0.8648648648648649,0.059369202226345084,0.1111111111111111,0.6317541886140202,7
"['V14', 'V10', 'V8', 'V17', 'V16', 'V9', 'V4']",0.8648648648648649,0.059369202226345084,0.1111111111111111,0.6317541886140202,7
"['V14', 'V10', 'V8', 'V17', 'V16', 'V9', 'V2', 'V20', 'V18', 'V21', 'V19', 'V5', 'V3']",0.8378378378378378,0.058991436726926735,0.11022222222222222,0.63170891810417,13
"['V10', 'V14', 'V16', 'V17', 'V11', 'V9', 'V2', 'V21']",0.8378378378378378,0.06813186813186813,0.12601626016260162,0.63169475931787,8
"['V10', 'V14', 'V12', 'V16', 'V17', 'V8', 'V11', 'V2']",0.8378378378378378,0.061446977205153616,0.11449676823638043,0.631693234245769,8
"['V14', 'V12', 'V16', 'V8', 'V11', 'V9', 'V2', 'V21']",0.8378378378378378,0.07037457434733257,0.12984293193717278,0.6316855476591469,8
"['V10', 'V14', 'V17', 'V8', 'V11', 'V9', 'V1']",0.8243243243243243,0.06174089068825911,0.11487758945386065,0.6316598548859412,7
"['V10', 'V4', 'V14', 'V12', 'V16', 'V17', 'V11', 'V9', 'V2']",0.8513513513513513,0.05954631379962193,0.11130742049469965,0.6316533715706083,9
"['V10', 'V14', 'V12', 'V16', 'V8', 'V11', 'V1', 'V21']",0.8243243243243243,0.06230847803881512,0.11585944919278253,0.631652571908838,8
"['V4', 'V14', 'V12', 'V16', 'V17', 'V8', 'V11', 'V21']",0.8648648648648649,0.057091882247992866,0.10711297071129706,0.6316466960631907,8
"['V10', 'V14', 'V8', 'V11', 'V2', 'V21']",0.8378378378378378,0.061507936507936505,0.11460258780036968,0.6316425534000354,6
"['V10', 'V14', 'V2', 'V21']",0.8513513513513513,0.06281156530408774,0.116991643454039,0.6316125162581843,4
"['V10', 'V14', 'V16', 'V17', 'V8', 'V11', 'V2']",0.8378378378378378,0.06717226435536294,0.12437311935807423,0.6315996423100612,7
"['V10', 'V4', 'V14', 'V16', 'V11', 'V2', 'V21']",0.8648648648648649,0.064,0.1191806331471136,0.6315299003126698,7
"['V14', 'V16', 'V17', 'V8', 'V11', 'V9', 'V1', 'V2', 'V21']",0.8243243243243243,0.06334371754932502,0.11764705882352941,0.6315160255035762,9
"['V14', 'V10', 'V8', 'V17', 'V12']",0.8378378378378378,0.06339468302658487,0.11787072243346007,0.6315044391706608,5
"['V10', 'V14', 'V12', 'V17', 'V8']",0.8378378378378378,0.06339468302658487,0.11787072243346007,0.6315044391706608,5
"['V10', 'V4', 'V14', 'V12', 'V16', 'V17', 'V21']",0.8513513513513513,0.056199821587867974,0.10543933054393305,0.6314965694380127,7
"['V10', 'V14', 'V12', 'V16', 'V8', 'V11', 'V21']",0.8243243243243243,0.06205493387589013,0.11542100283822138,0.6314822072983297,7
"['V4', 'V14', 'V12', 'V16', 'V8', 'V11', 'V2', 'V21']",0.8783783783783784,0.06063432835820896,0.11343804537521815,0.6314784551391471,8
"['V14', 'V10', 'V8', 'V17', 'V16', 'V12']",0.8378378378378378,0.06512605042016807,0.12085769980506822,0.6314667568401948,6
"['V10', 'V14', 'V12', 'V16', 'V17', 'V8']",0.8378378378378378,0.06512605042016807,0.12085769980506822,0.6314667568401948,6
"['V10', 'V4', 'V14', 'V16', 'V11', 'V9', 'V1', 'V2', 'V21']",0.8648648648648649,0.06458123107971746,0.12018779342723004,0.6314644224448391,9
"['V14', 'V12', 'V16', 'V8', 'V11', 'V9', 'V1', 'V2']",0.8378378378378378,0.0711825487944891,0.1312169312169312,0.6314639199107084,8
"['V4', 'V14', 'V16', 'V17', 'V8', 'V11', 'V1', 'V2', 'V21']",0.8513513513513513,0.05526315789473684,0.10378912685337727,0.6314631510493786,9
"['V10', 'V4', 'V14', 'V16', 'V8', 'V11', 'V9']",0.8648648648648649,0.06584362139917696,0.12237093690248566,0.6314590470781228,7
"['V10', 'V14', 'V12', 'V17', 'V8', 'V1', 'V21']",0.8513513513513513,0.062376237623762376,0.11623616236162361,0.6314523102656572,7
"['V14', 'V12', 'V8', 'V9', 'V1']",0.8243243243243243,0.0650319829424307,0.12055335968379446,0.6314187377978399,5
"['V10', 'V14', 'V12', 'V8', 'V11', 'V9']",0.8243243243243243,0.06823266219239374,0.12603305785123967,0.6314160998567545,6
"['V4', 'V14', 'V16', 'V8', 'V11', 'V9', 'V21']",0.8513513513513513,0.05526315789473684,0.10378912685337727,0.6313666858595994,7
"['V14', 'V10', 'V8', 'V17', 'V16', 'V9', 'V2', 'V20', 'V18', 'V21', 'V19', 'V5', 'Amount', 'V1']",0.8378378378378378,0.05788982259570495,0.10829694323144105,0.6313274129517812,14
"['V10', 'V14', 'V16', 'V17', 'V1', 'V21']",0.8513513513513513,0.061764705882352944,0.11517367458866545,0.6312692444337431,6
"['V4', 'V14', 'V16', 'V17', 'V8', 'V9', 'V2']",0.8513513513513513,0.04980237154150197,0.09410007468259896,0.6312650470737741,7
"['V14', 'V12', 'V16', 'V17', 'V8', 'V9', 'V2', 'V21']",0.8243243243243243,0.06033630069238378,0.11244239631336406,0.6312496022672778,8
"['V4', 'V14', 'V12', 'V16', 'V8', 'V2']",0.8918918918918919,0.05908683974932856,0.11083123425692695,0.6312387057996152,6
"['V10', 'V4', 'V14', 'V16', 'V11', 'V9', 'V2', 'V21']",0.8648648648648649,0.06451612903225806,0.1200750469043152,0.6312363834608187,8
"['V10', 'V4', 'V14', 'V12', 'V16', 'V17', 'V11', 'V1', 'V2']",0.8513513513513513,0.059154929577464786,0.1106233538191396,0.6312132914103872,9
"['V14', 'V12', 'V8', 'V11', 'V9', 'V1', 'V21']",0.8243243243243243,0.06900452488687783,0.12734864300626306,0.6312000143023776,7
"['V14', 'V4', 'V2', 'V3', 'V5', 'V8', 'V6', 'V1', 'V7', 'V11', 'V9', 'V12', 'V10', 'V17', 'V16', 'V18', 'V19', 'V21']",0.8918918918918919,0.06340057636887608,0.11838565022421525,0.6311971503109061,18
"['V10', 'V14', 'V16', 'V21']",0.8378378378378378,0.06935123042505593,0.128099173553719,0.6311761168589737,4
"['V10', 'V14', 'V12', 'V16', 'V17', 'V8', 'V11', 'V1', 'V2', 'V21']",0.8378378378378378,0.06048780487804878,0.11282984531392175,0.6311749914068056,10
"['V10', 'V14', 'V17', 'V21']",0.8378378378378378,0.0656084656084656,0.12168792934249265,0.6311578831814808,4
"['V14', 'V12', 'V16', 'V17', 'V8', 'V9', 'V1', 'V21']",0.8243243243243243,0.060515873015873016,0.11275415896487985,0.6311278604855276,8
"['V14', 'V4', 'V2', 'V3', 'V5', 'V8', 'V6', 'V1', 'V7', 'V11', 'V9', 'V12', 'V10', 'V17', 'V16', 'V18', 'V21']",0.8918918918918919,0.06321839080459771,0.11806797853309481,0.6311054704364675,17
"['V10', 'V14', 'V12', 'V16', 'V9', 'V1']",0.8243243243243243,0.07439024390243902,0.13646532438478748,0.631061046216185,6
"['V10', 'V4', 'V14', 'V12', 'V16', 'V17', 'V11', 'V9', 'V1', 'V2', 'V21']",0.8513513513513513,0.059154929577464786,0.1106233538191396,0.6310559073957474,11
"['V10', 'V4', 'V14', 'V16', 'V17', 'V8', 'V2']",0.8648648648648649,0.059369202226345084,0.1111111111111111,0.6310453681579701,7
"['V14', 'V17', 'V8', 'V11', 'V9', 'V2', 'V21']",0.8243243243243243,0.06468716861081654,0.119960668633235,0.6310211629216879,7
"['V10', 'V14', 'V12', 'V8', 'V1', 'V2']",0.8648648648648649,0.06680584551148225,0.12403100775193798,0.631015282563469,6
"['V10', 'V4', 'V14', 'V12', 'V16', 'V17', 'V1']",0.8513513513513513,0.05609973285841496,0.10526315789473684,0.6309957225273729,7
"['V10', 'V4', 'V14', 'V12', 'V8']",0.8783783783783784,0.059469350411710885,0.11139674378748929,0.6309929337192202,5
"['V10', 'V4', 'V14', 'V12', 'V17', 'V8', 'V11', 'V9', 'V1', 'V2', 'V21']",0.8783783783783784,0.06046511627906977,0.11314186248912098,0.6309711231759846,11
"['V10', 'V4', 'V14', 'V12', 'V8', 'V11', 'V9', 'V1', 'V2', 'V21']",0.8783783783783784,0.06046511627906977,0.11314186248912098,0.630954816828219,10
"['V14', 'V10', 'V8', 'V20']",0.8378378378378378,0.05990338164251208,0.11181244364292155,0.6309184159184467,4
"['V14', 'V10', 'V8', 'V17', 'V16', 'V4']",0.8648648648648649,0.05931417979610751,0.11101474414570685,0.6309179965211174,6
"['V10', 'V4', 'V14', 'V16', 'V17', 'V8']",0.8648648648648649,0.05931417979610751,0.11101474414570685,0.6309179965211174,6
"['V10', 'V14', 'V12', 'V16', 'V17', 'V8', 'V11', 'V9', 'V1']",0.8243243243243243,0.06566200215285253,0.12163509471585245,0.6308856609590707,9
"['V10', 'V4', 'V14', 'V16', 'V11', 'V1', 'V2', 'V21']",0.8513513513513513,0.06350806451612903,0.11819887429643527,0.6308841119789597,8
"['V10', 'V14', 'V12', 'V8', 'V11', 'V9', 'V1', 'V2']",0.8378378378378378,0.06790799561883899,0.12563323201621074,0.6308652000640741,8
"['V10', 'V14', 'V12', 'V17', 'V8', 'V11', 'V9', 'V21']",0.8243243243243243,0.06380753138075314,0.11844660194174757,0.6308605570179523,8
"['V10', 'V14', 'V12', 'V16', 'V8', 'V11', 'V1']",0.8243243243243243,0.06288659793814433,0.11685823754789272,0.630832752387065,7
"['V10', 'V4', 'V14', 'V16', 'V11', 'V21']",0.8648648648648649,0.06406406406406406,0.11929170549860205,0.6308227433638631,6
"['V10', 'V14', 'V16', 'V11', 'V9', 'V1', 'V21']",0.8243243243243243,0.07279236276849642,0.1337719298245614,0.63079980595915,7
"['V10', 'V14', 'V17', 'V8', 'V11', 'V21']",0.8378378378378378,0.06385169927909372,0.11866028708133972,0.6306496480319675,6
"['V10', 'V14', 'V12', 'V17', 'V8', 'V11', 'V9']",0.8378378378378378,0.06574761399787911,0.12192723697148476,0.6306491061378441,7
"['V10', 'V14', 'V12', 'V17', 'V8', 'V11', 'V9', 'V2']",0.8243243243243243,0.06434599156118144,0.11937377690802348,0.6306417551587856,8
"['V4', 'V14', 'V16', 'V17', 'V8', 'V9']",0.8513513513513513,0.0498812351543943,0.09424083769633508,0.6306354758384258,6
"['V10', 'V14', 'V8', 'V11', 'V9', 'V1', 'V2', 'V21']",0.8513513513513513,0.06454918032786885,0.12,0.6306286692453528,8
"['V10', 'V14', 'V12', 'V16', 'V9', 'V21']",0.8243243243243243,0.07702020202020202,0.14087759815242495,0.6306173816480399,6
"['V10', 'V4', 'V14', 'V16', 'V17', 'V8', 'V9', 'V2']",0.8648648648648649,0.0595903165735568,0.11149825783972125,0.6306155686852831,8
"['V14', 'V10', 'V8', 'V17', 'V16', 'V9', 'V2', 'V4']",0.8648648648648649,0.0595903165735568,0.11149825783972125,0.6306155686852831,8
"['V10', 'V14', 'V12', 'V17', 'V8', 'V9', 'V1']",0.8378378378378378,0.06574761399787911,0.12192723697148476,0.6305753525545102,7
"['V14', 'V4', 'V2', 'V3', 'V5', 'V8', 'V6', 'V1', 'V7', 'V11', 'V9', 'V12', 'V10', 'V17', 'V16', 'V18', 'V19', 'V21', 'Amount']",0.8783783783783784,0.0626204238921002,0.11690647482014388,0.6305649719747468,19
"['V10', 'V4', 'V14', 'V12', 'V16', 'V17', 'V1', 'V21']",0.8513513513513513,0.056199821587867974,0.10543933054393305,0.6305573920756422,8
"['V10', 'V14', 'V16', 'V17', 'V8', 'V11', 'V1', 'V2', 'V21']",0.8378378378378378,0.06187624750499002,0.11524163568773234,0.6304991482716634,9
"['V10', 'V4', 'V14', 'V16', 'V9', 'V2']",0.8648648648648649,0.05745062836624776,0.10774410774410774,0.6304954381895029,6
"['V10', 'V14', 'V8', 'V1', 'V21']",0.8513513513513513,0.058878504672897194,0.11013986013986014,0.6304723554171437,5
"['V10', 'V14', 'V17', 'V8', 'V9', 'V1', 'V2']",0.8513513513513513,0.06454918032786885,0.12,0.6304223028647157,7
"['V10', 'V14', 'V16', 'V11', 'V9', 'V1', 'V2', 'V21']",0.8243243243243243,0.07168037602820211,0.1318918918918919,0.6304103280216432,8
"['V10', 'V4', 'V14', 'V12', 'V16', 'V17', 'V9', 'V1']",0.8513513513513513,0.05604982206405694,0.10517529215358931,0.6303775096562761,8
"['V10', 'V4', 'V14', 'V16', 'V17', 'V8', 'V9', 'V2', 'V21']",0.8648648648648649,0.05776173285198556,0.10829103214890017,0.6303627540607706,9
"['V10', 'V4', 'V14', 'V16', 'V11', 'V9', 'V1', 'V2']",0.8648648648648649,0.06484295845997974,0.12064090480678605,0.6303075415510198,8
"['V10', 'V14', 'V12', 'V17', 'V8', 'V11', 'V9', 'V1', 'V21']",0.8243243243243243,0.06288659793814433,0.11685823754789272,0.6303045161829841,9
"['V10', 'V14', 'V12', 'V16', 'V8', 'V11']",0.8243243243243243,0.06256410256410257,0.11630123927550047,0.6302927805402979,6
"['V10', 'V14', 'V8', 'V11', 'V21']",0.8378378378378378,0.06224899598393574,0.11588785046728972,0.6302876211945626,5
"['V4', 'V14', 'V16', 'V17', 'V9', 'V1', 'V2', 'V21']",0.8513513513513513,0.04772727272727273,0.09038737446197992,0.6302554504326578,8
"['V14', 'V10', 'V8', 'V17', 'V16', 'V9', 'V2', 'V20', 'V18', 'V21', 'V19', 'V5', 'Amount', 'V12', 'V4', 'V1', 'V7', 'V6', 'V11']",0.8783783783783784,0.06422924901185771,0.11970534069981584,0.6302342880767186,19
"['V10', 'V14', 'V16', 'V11', 'V9', 'V21']",0.8378378378378378,0.07635467980295567,0.1399548532731377,0.6302144212836149,6
"['V10', 'V14', 'V16', 'V1', 'V21']",0.8378378378378378,0.06595744680851064,0.1222879684418146,0.6302126106815638,5
"['V4', 'V14', 'V16', 'V17', 'V8', 'V11', 'V1', 'V2']",0.8378378378378378,0.056210335448776065,0.10535259133389975,0.6302052229970103,8
"['V10', 'V14', 'V12', 'V8', 'V11', 'V9', 'V1']",0.8243243243243243,0.06923950056753689,0.12774869109947645,0.6302011402821507,7
"['V10', 'V14', 'V16', 'V17', 'V21']",0.8378378378378378,0.06631016042780749,0.12289395441030723,0.63016134723799,5
"['V4', 'V14', 'V16', 'V8', 'V2', 'V21']",0.8513513513513513,0.04838709677419355,0.09156976744186046,0.6301582331383292,6
"['V4', 'V14', 'V16', 'V8', 'V11', 'V1', 'V2']",0.8378378378378378,0.056414922656960874,0.10571184995737426,0.6301312506816913,7
"['V10', 'V4', 'V14', 'V16', 'V11', 'V1', 'V21']",0.8648648648648649,0.06438631790744467,0.1198501872659176,0.6300788355869329,7
"['V4', 'V14', 'V16', 'V17', 'V9', 'V2', 'V21']",0.8513513513513513,0.0473328324567994,0.08967971530249111,0.6300448472761659,7
"['V10', 'V4', 'V14', 'V12', 'V17', 'V8', 'V9', 'V1', 'V2', 'V21']",0.8783783783783784,0.05855855855855856,0.1097972972972973,0.6300217147526826,10
"['V10', 'V4', 'V14', 'V16', 'V17', 'V8', 'V11']",0.8513513513513513,0.063,0.11731843575418995,0.6299991666884291,7
"['V10', 'V4', 'V14', 'V12', 'V8', 'V11', 'V1', 'V2', 'V21']",0.8918918918918919,0.06071757129714812,0.11369509043927649,0.6299430016501958,9
"['V10', 'V4', 'V14', 'V16', 'V17', 'V8', 'V11', 'V9']",0.8648648648648649,0.06380857427716849,0.11884865366759517,0.629939656609292,8
"['V4', 'V14', 'V16', 'V17', 'V8', 'V11', 'V9', 'V21']",0.8513513513513513,0.05445116681071737,0.10235580828594638,0.6298933008940506,8
"['V14', 'V10', 'V8', 'V17', 'V16', 'V9', 'V2', 'V20', 'V18', 'V21', 'V19', 'V5', 'Amount', 'V12', 'V4', 'V1', 'V7', 'V11']",0.8783783783783784,0.06274131274131274,0.11711711711711711,0.6298712116766849,18
"['V4', 'V14', 'V12', 'V16', 'V17', 'V8', 'V11', 'V9', 'V2', 'V21']",0.8783783783783784,0.057932263814616754,0.10869565217391304,0.6297946547029261,10
"['V14', 'V10', 'V8', 'V1']",0.8513513513513513,0.059044048734770385,0.11042944785276074,0.6297673672419964,4
"['V10', 'V14', 'V8', 'V1']",0.8513513513513513,0.059044048734770385,0.11042944785276074,0.6297673672419964,4
"['V10', 'V4', 'V14', 'V12', 'V16', 'V17', 'V9', 'V21']",0.8513513513513513,0.05660377358490566,0.10614995787700084,0.629745561519729,8
"['V4', 'V14', 'V12', 'V16', 'V17', 'V8', 'V9', 'V2']",0.8648648648648649,0.056091148115687994,0.10534979423868313,0.629690477387817,8
"['V10', 'V14', 'V8', 'V9', 'V1', 'V2']",0.8513513513513513,0.06395939086294417,0.11898016997167139,0.6296829558762898,6
"['V4', 'V14', 'V16', 'V17', 'V8', 'V2', 'V21']",0.8513513513513513,0.04790874524714829,0.09071274298056156,0.6296389169453618,7
"['V10', 'V14', 'V16', 'V17', 'V1', 'V2', 'V21']",0.8513513513513513,0.06164383561643835,0.11496350364963503,0.6295550599846315,7
"['V10', 'V4', 'V14', 'V16', 'V11', 'V9', 'V1', 'V21']",0.8648648648648649,0.06471183013144591,0.12041392285983067,0.6294540960092283,8
"['V14', 'V12', 'V8', 'V9', 'V1', 'V2']",0.8243243243243243,0.06314699792960662,0.11730769230769231,0.6294487163824147,6
"['V10', 'V4', 'V14', 'V12', 'V16', 'V17', 'V9', 'V1', 'V21']",0.8513513513513513,0.05625,0.10552763819095477,0.6294477966949518,9
"['V10', 'V4', 'V14', 'V12', 'V16', 'V17']",0.8513513513513513,0.05604982206405694,0.10517529215358931,0.6294351334003979,6
"['V14', 'V16', 'V8', 'V11', 'V9']",0.8243243243243243,0.06800445930880714,0.12564366632337795,0.6294231970436259,5
"['V10', 'V14', 'V21']",0.8378378378378378,0.06288032454361055,0.1169811320754717,0.6293900532650484,3
"['V14', 'V10', 'V21']",0.8378378378378378,0.06288032454361055,0.1169811320754717,0.6293900532650484,3
"['V10', 'V4', 'V14', 'V16', 'V2']",0.8648648648648649,0.05786618444846293,0.10847457627118644,0.6293634203240116,5
"['V14', 'V12', 'V16', 'V17', 'V8', 'V9', 'V2']",0.8243243243243243,0.06087824351297405,0.11338289962825279,0.6293354123468335,7
"['V14', 'V12', 'V16', 'V17', 'V8', 'V9', 'V21']",0.8243243243243243,0.06167846309403438,0.1147695202257761,0.6293293647892882,7
"['V10', 'V14', 'V11', 'V9', 'V2', 'V21']",0.8378378378378378,0.06904231625835189,0.12757201646090535,0.6293018495041907,6
"['V10', 'V14', 'V12', 'V16', 'V9', 'V2']",0.8378378378378378,0.07276995305164319,0.13390928725701945,0.6292928245301037,6
"['V14', 'V4', 'V2', 'V3', 'V5', 'V8', 'V6', 'V1', 'V7', 'V11', 'V9', 'V12', 'V10', 'V20']",0.8918918918918919,0.062146892655367235,0.11619718309859155,0.6292640579424325,14
"['V10', 'V14', 'V12', 'V17', 'V8', 'V11', 'V9', 'V1', 'V2', 'V21']",0.8513513513513513,0.0634441087613293,0.11808809746954077,0.6292408620421625,10
"['V10', 'V14', 'V17', 'V11', 'V9', 'V2', 'V21']",0.8378378378378378,0.06526315789473684,0.12109375,0.6292291211619363,7
"['V14', 'V12', 'V8', 'V9', 'V2']",0.8243243243243243,0.06496272630457935,0.12043435340572557,0.629157859686104,5
"['V10', 'V4', 'V14', 'V16', 'V11', 'V9', 'V21']",0.8648648648648649,0.06477732793522267,0.12052730696798493,0.629131111846266,7
"['V14', 'V10', 'V8', 'V17', 'V16', 'V9', 'V2', 'V20', 'V18', 'V21', 'V19', 'V5', 'Amount', 'V3']",0.8378378378378378,0.059961315280464215,0.11191335740072202,0.6290897350382456,14
"['V4', 'V14', 'V16', 'V17', 'V9', 'V21']",0.8513513513513513,0.04769114307342922,0.09032258064516129,0.6290658697390009,6
"['V10', 'V14', 'V12', 'V8', 'V11', 'V21']",0.8378378378378378,0.062311557788944726,0.11599625818521983,0.6290392733176795,6
"['V4', 'V14', 'V16', 'V17', 'V2', 'V21']",0.8513513513513513,0.047655068078668684,0.09025787965616046,0.6290000297977436,6
"['V14', 'V16', 'V17', 'V8', 'V11', 'V9', 'V1', 'V21']",0.8243243243243243,0.0639412997903564,0.11867704280155641,0.6289899973994854,8
"['V4', 'V14', 'V16', 'V9', 'V2', 'V21']",0.8513513513513513,0.04842428900845504,0.09163636363636364,0.6289207153704012,6
"['V10', 'V14', 'V16', 'V1', 'V2', 'V21']",0.8513513513513513,0.06624605678233439,0.12292682926829268,0.6288782617368578,6
"['V10', 'V4', 'V14', 'V16', 'V8', 'V11', 'V2']",0.8648648648648649,0.065439672801636,0.12167300380228137,0.6288615522225788,7
"['V4', 'V14', 'V12', 'V16', 'V9', 'V1', 'V21']",0.8648648648648649,0.05545927209705372,0.10423452768729642,0.6287796009909485,7
"['V4', 'V14', 'V12', 'V16', 'V9', 'V21']",0.8648648648648649,0.055315471045808126,0.10398050365556458,0.6287243240405013,6
"['V4', 'V14', 'V12', 'V16', 'V8', 'V11', 'V9', 'V2']",0.8783783783783784,0.06132075471698113,0.1146384479717813,0.6286796856967214,8
"['V10', 'V4', 'V14', 'V12', 'V8', 'V1', 'V2']",0.8918918918918919,0.061167747914735865,0.11448395490026018,0.6286731596212344,7
"['V10', 'V4', 'V14', 'V16', 'V9', 'V2', 'V21']",0.8648648648648649,0.0579185520361991,0.1085665818490246,0.6286677344180633,7
"['V14', 'V12', 'V16', 'V8', 'V11', 'V9', 'V1', 'V21']",0.8378378378378378,0.07085714285714285,0.13066385669125394,0.6286631107488122,8
"['V14', 'V12', 'V17', 'V8', 'V9', 'V2', 'V21']",0.8243243243243243,0.06230847803881512,0.11585944919278253,0.6286445334515178,7
"['V14', 'V17', 'V8', 'V11', 'V9', 'V21']",0.8243243243243243,0.06468716861081654,0.119960668633235,0.6286351034558005,6
"['V4', 'V14', 'V16', 'V8', 'V21']",0.8513513513513513,0.04823889739663093,0.09130434782608696,0.6286301394710632,5
"['V4', 'V14', 'V16', 'V17', 'V1', 'V2', 'V21']",0.8513513513513513,0.0473328324567994,0.08967971530249111,0.6285663240085183,7
"['V10', 'V4', 'V14', 'V12', 'V16', 'V17', 'V9']",0.8513513513513513,0.05609973285841496,0.10526315789473684,0.628559257360257,7
"['V4', 'V14', 'V12', 'V16', 'V17', 'V8']",0.8783783783783784,0.0551314673452078,0.10375099760574621,0.628534373744544,6
"['V10', 'V4', 'V14', 'V12', 'V8', 'V9', 'V1', 'V2']",0.8783783783783784,0.06057781919850885,0.11333914559721012,0.6285241828543747,8
"['V10', 'V4', 'V14', 'V12', 'V8', 'V11', 'V9']",0.8783783783783784,0.06422924901185771,0.11970534069981584,0.62847982577219,7
"['V10', 'V14', 'V9', 'V1', 'V2']",0.8513513513513513,0.06631578947368422,0.123046875,0.6284724052666044,5
"['V14', 'V12', 'V16', 'V8', 'V11', 'V9', 'V21']",0.8378378378378378,0.07085714285714285,0.13066385669125394,0.6284539421507552,7
"['V10', 'V4', 'V14', 'V16', 'V2', 'V21']",0.8648648648648649,0.0579185520361991,0.1085665818490246,0.6284418163138646,6
"['V10', 'V14', 'V12', 'V16', 'V17', 'V8', 'V1']",0.8378378378378378,0.06345957011258956,0.11798287345385347,0.6283724002629594,7
"['V10', 'V4', 'V14', 'V16', 'V8', 'V11', 'V9', 'V2']",0.8648648648648649,0.06557377049180328,0.1219047619047619,0.6283050733383598,8
"['V10', 'V14', 'V12', 'V17', 'V8', 'V11', 'V1', 'V21']",0.8378378378378378,0.05927342256214149,0.11071428571428571,0.6282919679738637,8
"['V10', 'V14', 'V12', 'V16', 'V9', 'V2', 'V21']",0.8378378378378378,0.07460890493381468,0.13701657458563535,0.6282525282607502,7
"['V4', 'V14', 'V12', 'V8', 'V9', 'V1', 'V21']",0.8918918918918919,0.05104408352668213,0.09656181419166057,0.6282349471816119,7
"['V10', 'V4', 'V14', 'V12', 'V17', 'V8']",0.8783783783783784,0.0593607305936073,0.11120615911035073,0.6282233097438837,6
"['V14', 'V17', 'V9', 'V1', 'V21']",0.8378378378378378,0.06431535269709543,0.11946050096339114,0.6282216799671777,5
"['V10', 'V14', 'V9', 'V2']",0.8513513513513513,0.06737967914438503,0.12487611496531219,0.6281898741714768,4
"['V14', 'V12', 'V16', 'V17', 'V8', 'V11', 'V9', 'V1', 'V21']",0.8378378378378378,0.06378600823045268,0.11854684512428298,0.6281472259252482,9
"['V10', 'V4', 'V14', 'V16', 'V9', 'V1', 'V2']",0.8648648648648649,0.05714285714285714,0.10720268006700168,0.6280878669471683,7
"['V14', 'V9', 'V1', 'V21']",0.8378378378378378,0.06512605042016807,0.12085769980506822,0.6280518511527146,4
"['V14', 'V10', 'V8', 'V5']",0.8378378378378378,0.05688073394495413,0.10652920962199312,0.6280422549241133,4
"['V10', 'V4', 'V14', 'V12', 'V8', 'V11']",0.8783783783783784,0.06403940886699508,0.11937557392102846,0.6280139370326547,6
"['V14', 'V16', 'V8', 'V11', 'V9', 'V2']",0.8243243243243243,0.06792873051224944,0.12551440329218108,0.6279888231384504,6
"['V14', 'V4', 'V2', 'V3', 'V5', 'V8', 'V6', 'V1', 'V7', 'V11', 'V9', 'V12', 'V10', 'V19']",0.8918918918918919,0.061167747914735865,0.11448395490026018,0.6279851206223969,14
"['V10', 'V14', 'V12', 'V17', 'V8', 'V1', 'V2', 'V21']",0.8648648648648649,0.06183574879227053,0.11541929666366095,0.6279648103305064,8
"['V4', 'V14', 'V12', 'V16', 'V11', 'V9', 'V1', 'V21']",0.8648648648648649,0.06009389671361502,0.11237928007023705,0.6279231782985891,8
"['V10', 'V14', 'V12', 'V8', 'V11', 'V2', 'V21']",0.8378378378378378,0.06084396467124632,0.11344922232387923,0.627903179857157,7
"['V10', 'V14', 'V12', 'V16', 'V11', 'V9', 'V1', 'V21']",0.8243243243243243,0.07682619647355164,0.14055299539170507,0.6278523552867867,8
"['V14', 'V9', 'V1', 'V2', 'V21']",0.8378378378378378,0.06492146596858639,0.12050534499514091,0.6278053352035022,5
"['V10', 'V4', 'V14', 'V12', 'V16', 'V17', 'V1', 'V2']",0.8513513513513513,0.05630026809651475,0.10561609388097234,0.6277891614520884,8
"['V10', 'V14', 'V8', 'V1', 'V2', 'V21']",0.8648648648648649,0.05818181818181818,0.10902896081771721,0.6277659449760401,6
"['V10', 'V14', 'V12', 'V16', 'V9']",0.8243243243243243,0.07549504950495049,0.1383219954648526,0.6277633451831574,5
"['V4', 'V14', 'V16', 'V8', 'V11', 'V21']",0.8513513513513513,0.05604982206405694,0.10517529215358931,0.6277351437007564,6
"['V10', 'V4', 'V14', 'V12', 'V17', 'V8', 'V9']",0.8783783783783784,0.05877034358047016,0.11016949152542373,0.6277273062304757,7
"['V14', 'V16', 'V8', 'V11', 'V9', 'V1']",0.8243243243243243,0.06800445930880714,0.12564366632337795,0.6277165799401657,6
"['V10', 'V14', 'V16', 'V17', 'V11', 'V9', 'V1', 'V21']",0.8243243243243243,0.062436028659160696,0.11607992388201713,0.6276521489125734,8
"['V14', 'V12', 'V16', 'V17', 'V8', 'V9']",0.8243243243243243,0.06308169596690796,0.11719500480307397,0.6275923948150698,6
"['V4', 'V14', 'V12', 'V16', 'V11', 'V1', 'V21']",0.8648648648648649,0.059813084112149535,0.11188811188811189,0.6275872543956419,7
"['V4', 'V14', 'V12', 'V16', 'V1', 'V21']",0.8648648648648649,0.054935622317596564,0.1033091202582728,0.6274893899446693,6
"['V10', 'V14', 'V17', 'V8', 'V11', 'V9', 'V1', 'V2', 'V21']",0.8513513513513513,0.063,0.11731843575418995,0.6274810838987959,9
"['V14', 'V4', 'V2', 'V3', 'V5', 'V8', 'V6', 'V1', 'V7', 'V11', 'V9', 'V12', 'V10', 'Amount']",0.8918918918918919,0.06111111111111111,0.11438474870017332,0.6274731020372531,14
"['V10', 'V4', 'V14', 'V12', 'V16', 'V17', 'V1', 'V2', 'V21']",0.8513513513513513,0.056,0.10508757297748124,0.6274208753852741,9
"['V4', 'V14', 'V12', 'V16', 'V17', 'V8', 'V11']",0.8648648648648649,0.057091882247992866,0.10711297071129706,0.6274030899407631,7
"['V14', 'V10', 'V8', 'V17', 'V16', 'V9', 'V2', 'V20', 'V18', 'V21', 'V19', 'V5', 'Amount', 'V12', 'V3']",0.8378378378378378,0.06084396467124632,0.11344922232387923,0.6273819029983475,15
"['V14', 'V12', 'V8', 'V9']",0.8243243243243243,0.06587473002159827,0.122,0.6273767172838727,4
"['V14', 'V16', 'V17', 'V8', 'V11', 'V9']",0.8243243243243243,0.0668859649122807,0.12373225152129817,0.6273749037255051,6
"['V14', 'V12', 'V16', 'V8', 'V11', 'V9']",0.8378378378378378,0.07175925925925926,0.13219616204690832,0.6273411550930671,6
"['V14', 'V12', 'V16', 'V8', 'V11', 'V9', 'V1']",0.8378378378378378,0.07175925925925926,0.13219616204690832,0.6273373089611107,7
"['V10', 'V4', 'V14', 'V12', 'V8', 'V9', 'V2', 'V21']",0.8783783783783784,0.058876811594202896,0.11035653650254669,0.6273099906773425,8
"['V4', 'V14', 'V16', 'V17', 'V8', 'V21']",0.8513513513513513,0.04772727272727273,0.09038737446197992,0.6272803020280722,6
"['V10', 'V14', 'V12', 'V8', 'V11']",0.8378378378378378,0.06339468302658487,0.11787072243346007,0.6272617494233974,5
"['V10', 'V4', 'V14', 'V16', 'V9', 'V1', 'V2', 'V21']",0.8648648648648649,0.05802357207615594,0.10875106202209006,0.6272580921929959,8
"['V14', 'V10', 'V8', 'V17', 'V3']",0.8378378378378378,0.06243705941591138,0.1162136832239925,0.6272418707935469,5
"['V10', 'V4', 'V14', 'V12', 'V11', 'V9', 'V21']",0.8648648648648649,0.06207565470417071,0.1158371040723982,0.6272266826405263,7
"['V10', 'V4', 'V14', 'V12', 'V11', 'V21']",0.8648648648648649,0.062196307094266275,0.11604714415231188,0.627214581765137,6
"['V4', 'V14', 'V12', 'V16', 'V17', 'V8', 'V2']",0.8918918918918919,0.05665236051502146,0.10653753026634383,0.6271408926830033,7
"['V10', 'V14', 'V12', 'V16', 'V17', 'V8', 'V11', 'V21']",0.8378378378378378,0.06031128404669261,0.11252268602540835,0.6271350018107943,8
"['V14', 'V4', 'V2', 'V3', 'V5', 'V8', 'V6', 'V1', 'V7', 'V11', 'V9', 'V12', 'V10']",0.8918918918918919,0.06099815157116451,0.11418685121107267,0.6271231060602594,13
"['V10', 'V4', 'V14', 'V16', 'V1', 'V2']",0.8648648648648649,0.0579185520361991,0.1085665818490246,0.6271095015620439,6
"['V4', 'V14', 'V16', 'V17', 'V9', 'V1', 'V21']",0.8513513513513513,0.047872340425531915,0.09064748201438849,0.627091116447077,7
"['V14', 'V17', 'V8', 'V9', 'V1', 'V2', 'V21']",0.8378378378378378,0.06268958543983821,0.11665098777046096,0.62708857778226,7
"['V10', 'V4', 'V14', 'V16', 'V11']",0.8648648648648649,0.06477732793522267,0.12052730696798493,0.6270867033523954,5
"['V4', 'V14', 'V16', 'V8', 'V11', 'V9', 'V2', 'V21']",0.8513513513513513,0.05565371024734982,0.1044776119402985,0.6270278989982196,8
"['V4', 'V14', 'V12', 'V16', 'V11', 'V9', 'V21']",0.8648648648648649,0.059813084112149535,0.11188811188811189,0.6270127181253309,7
"['V14', 'V17', 'V9', 'V1', 'V2', 'V21']",0.8378378378378378,0.06431535269709543,0.11946050096339114,0.6269776444852524,6
"['V10', 'V4', 'V14', 'V12', 'V11']",0.8648648648648649,0.06124401913875598,0.11438784629133154,0.6269223426189545,5
"['V4', 'V14', 'V16', 'V9', 'V21']",0.8513513513513513,0.04861111111111111,0.09197080291970802,0.6269186510942361,5
"['V10', 'V14', 'V16', 'V2']",0.8378378378378378,0.0668824163969795,0.12387612387612387,0.6269017257322665,4
"['V14', 'V10', 'V16']",0.8378378378378378,0.06753812636165578,0.125,0.6268806498537352,3
"['V10', 'V14', 'V16']",0.8378378378378378,0.06753812636165578,0.125,0.6268806498537352,3
"['V10', 'V14', 'V12', 'V16', 'V17', 'V8', 'V11', 'V1', 'V2']",0.8243243243243243,0.06045589692765114,0.11265004616805172,0.62685378526818,9
"['V10', 'V4', 'V14', 'V12', 'V11', 'V9']",0.8648648648648649,0.061010486177311724,0.11398040961709706,0.626806733222683,6
"['V4', 'V14', 'V12', 'V16', 'V9', 'V2', 'V21']",0.8648648648648649,0.055944055944055944,0.10509031198686371,0.6268045481327907,7
"['V10', 'V4', 'V14', 'V12', 'V16', 'V17', 'V2']",0.8513513513513513,0.056451612903225805,0.10588235294117647,0.6268035298863518,7
"['V14', 'V12', 'V8', 'V11', 'V9', 'V21']",0.8243243243243243,0.0673289183222958,0.12448979591836734,0.6266986125877282,6
"['V10', 'V4', 'V14', 'V16', 'V1', 'V2', 'V21']",0.8648648648648649,0.058394160583941604,0.1094017094017094,0.6266908348461686,7
"['V10', 'V4', 'V14', 'V12', 'V17', 'V8', 'V1', 'V2']",0.8918918918918919,0.06105457909343201,0.11428571428571428,0.6266569831657979,8
"['V10', 'V14', 'V16', 'V11', 'V9', 'V2']",0.8378378378378378,0.07363420427553444,0.13537117903930132,0.6266351083940874,6
"['V10', 'V14', 'V9']",0.8378378378378378,0.06739130434782609,0.12474849094567404,0.6266094919306051,3
"['V14', 'V10', 'V9']",0.8378378378378378,0.06739130434782609,0.12474849094567404,0.6266094919306051,3
"['V10', 'V14', 'V12', 'V16', 'V17', 'V8', 'V11']",0.8378378378378378,0.061507936507936505,0.11460258780036968,0.6265892130914169,7
"['V10', 'V14', 'V16', 'V17', 'V11', 'V9', 'V1', 'V2', 'V21']",0.8378378378378378,0.06307222787385554,0.1173131504257332,0.626577063495029,9
"['V10', 'V14', 'V12', 'V8', 'V11', 'V1', 'V21']",0.8243243243243243,0.0625,0.11619047619047619,0.6265431982252803,7
"['V10', 'V4', 'V14', 'V12', 'V11', 'V1', 'V21']",0.8513513513513513,0.06231454005934718,0.11612903225806452,0.6265240722517349,7
"['V10', 'V14', 'V17', 'V9', 'V1']",0.8513513513513513,0.06338028169014084,0.11797752808988764,0.626506677961859,5
"['V4', 'V14', 'V12', 'V16', 'V21']",0.8648648648648649,0.055220017256255395,0.10381184103811841,0.6264970950496578,5
"['V10', 'V14', 'V12', 'V17', 'V8', 'V11', 'V21']",0.8378378378378378,0.05978784956605593,0.1116111611161116,0.626496207571722,7
"['V4', 'V14', 'V12', 'V8', 'V11', 'V9', 'V1', 'V21']",0.8918918918918919,0.05913978494623656,0.11092436974789915,0.6264569885969365,8
"['V10', 'V14', 'V17']",0.8378378378378378,0.06418219461697723,0.11923076923076924,0.6263964834156204,3
"['V14', 'V10', 'V17']",0.8378378378378378,0.06418219461697723,0.11923076923076924,0.6263964834156204,3
"['V14', 'V10', 'V8', 'V17', 'V11']",0.8378378378378378,0.06666666666666667,0.12350597609561753,0.6263880378023919,5
"['V10', 'V14', 'V17', 'V8', 'V11']",0.8378378378378378,0.06666666666666667,0.12350597609561753,0.6263880378023919,5
"['V10', 'V4', 'V14', 'V12', 'V8', 'V2', 'V21']",0.8783783783783784,0.0593607305936073,0.11120615911035073,0.6263615630443922,7
"['V10', 'V4', 'V14', 'V12', 'V16', 'V17', 'V9', 'V1', 'V2']",0.8513513513513513,0.05685920577617329,0.1065989847715736,0.6263394391081321,9
"['V10', 'V14', 'V12', 'V17', 'V8', 'V11', 'V2', 'V21']",0.8513513513513513,0.06005719733079123,0.11219946571682991,0.6263108107457289,8
"['V10', 'V14', 'V17', 'V11', 'V9', 'V21']",0.8378378378378378,0.06717226435536294,0.12437311935807423,0.6262983999455191,6
"['V14', 'V12', 'V17', 'V8', 'V9', 'V21']",0.8243243243243243,0.06301652892561983,0.11708253358925144,0.6262234209042923,6
"['V4', 'V14', 'V12', 'V16', 'V17', 'V8', 'V11', 'V2', 'V21']",0.8783783783783784,0.05834829443447038,0.10942760942760943,0.6262058887205746,9
"['V10', 'V4', 'V14', 'V12', 'V11', 'V9', 'V1', 'V21']",0.8513513513513513,0.06256206554121152,0.11655874190564293,0.6261925196589067,8
"['V10', 'V4', 'V14', 'V12', 'V17', 'V8', 'V9', 'V1', 'V2']",0.8783783783783784,0.06029684601113173,0.11284722222222222,0.6261806203458824,9
"['V10', 'V14', 'V17', 'V2']",0.8378378378378378,0.06352459016393443,0.1180952380952381,0.6261615668887216,4
"['V14', 'V12', 'V16', 'V17', 'V8', 'V9', 'V1', 'V2']",0.8243243243243243,0.05939629990262902,0.11080835603996367,0.6261593890186145,8
"['V4', 'V14', 'V12', 'V16', 'V11', 'V21']",0.8648648648648649,0.059813084112149535,0.11188811188811189,0.6261590351646523,6
"['V10', 'V4', 'V14', 'V12', 'V16', 'V17', 'V2', 'V21']",0.8513513513513513,0.055900621118012424,0.10491257285595337,0.6261570561423205,8
"['V10', 'V14', 'V12', 'V16', 'V17', 'V8', 'V11', 'V1', 'V21']",0.8378378378378378,0.059845559845559844,0.11171171171171171,0.6261058146590114,9
"['V10', 'V4', 'V14', 'V12', 'V17', 'V8', 'V11']",0.8783783783783784,0.06292352371732816,0.11743450767841011,0.6260997732396391,7
"['V14', 'V10', 'V7']",0.8378378378378378,0.06673842841765339,0.12362911266201396,0.6260729250276311,3
"['V4', 'V14', 'V16', 'V2', 'V21']",0.8513513513513513,0.04842428900845504,0.09163636363636364,0.6260668189064273,5
"['V14', 'V8', 'V9', 'V21']",0.8378378378378378,0.05950095969289827,0.1111111111111111,0.6260553236601586,4
"['V10', 'V4', 'V14', 'V12', 'V16', 'V17', 'V9', 'V2']",0.8513513513513513,0.056807935076645624,0.10650887573964497,0.6260359355929648,8
"['V4', 'V14', 'V16', 'V17', 'V8', 'V2']",0.8513513513513513,0.049528301886792456,0.09361069836552749,0.6260143062160235,6
"['V14', 'V12', 'V17', 'V8', 'V9', 'V2']",0.8378378378378378,0.06365503080082136,0.1183206106870229,0.6259921170623077,6
"['V14', 'V10', 'V8', 'V6']",0.8378378378378378,0.06025267249757046,0.11242067089755213,0.6259854284122643,4
"['V10', 'V14', 'V12', 'V17', 'V8', 'V11', 'V9', 'V1', 'V2']",0.8513513513513513,0.06448311156601842,0.11988582302568981,0.6259754957204776,9
"['V10', 'V14', 'V16', 'V17', 'V2']",0.8378378378378378,0.06378600823045268,0.11854684512428298,0.6259754755953633,5
"['V10', 'V4', 'V14', 'V16', 'V11', 'V1']",0.8648648648648649,0.0649746192893401,0.12086874409820586,0.6259740569339048,6
"['V14', 'V16', 'V17', 'V8', 'V11', 'V9', 'V2']",0.8243243243243243,0.06695938529088913,0.12385786802030457,0.625959724259458,7
"['V10', 'V14', 'V16', 'V17', 'V11', 'V9', 'V21']",0.8378378378378378,0.06942889137737962,0.1282316442605998,0.6259585630183513,7
"['V10', 'V4', 'V14', 'V16', 'V11', 'V9']",0.8648648648648649,0.06451612903225806,0.1200750469043152,0.6259164558730794,6
"['V10', 'V14', 'V12', 'V8', 'V11', 'V1', 'V2', 'V21']",0.8513513513513513,0.06262425447316103,0.11666666666666667,0.6259143127401555,8
"['V10', 'V14', 'V17', 'V9', 'V2']",0.8513513513513513,0.06638566912539515,0.12316715542521994,0.6258945905679515,5
"['V10', 'V4', 'V14', 'V12', 'V17', 'V8', 'V11', 'V9']",0.8783783783783784,0.06280193236714976,0.11722272317403065,0.6258755515749898,8
"['V10', 'V4', 'V14', 'V16', 'V17', 'V11', 'V9', 'V2']",0.8648648648648649,0.060778727445394115,0.11357586512866016,0.6258424818358318,8
"['V10', 'V4', 'V14', 'V16', 'V21']",0.8648648648648649,0.05871559633027523,0.10996563573883161,0.6258400183101995,5
"['V4', 'V14', 'V12', 'V16', 'V11', 'V9', 'V1', 'V2', 'V21']",0.8648648648648649,0.06015037593984962,0.11247803163444639,0.6258164727657929,9
"['V10', 'V14', 'V1', 'V21']",0.8513513513513513,0.06075216972034716,0.11341134113411341,0.6258147648210334,4
"['V10', 'V14', 'V12', 'V16', 'V17', 'V8', 'V11', 'V1']",0.8378378378378378,0.06031128404669261,0.11252268602540835,0.6257878667436826,8
"['V14', 'V16', 'V9', 'V2']",0.8243243243243243,0.07142857142857142,0.1314655172413793,0.62576677491721,4
"['V10', 'V14', 'V17', 'V1', 'V21']",0.8513513513513513,0.06063522617901829,0.11320754716981132,0.625759841230562,5
"['V14', 'V12', 'V16', 'V17', 'V8', 'V11', 'V9', 'V2']",0.8243243243243243,0.0642781875658588,0.11925708699902249,0.6256675790902116,8
"['V10', 'V14', 'V12', 'V17', 'V8', 'V1']",0.8378378378378378,0.06181455633100698,0.11513463324048283,0.6256543596760155,6
"['V4', 'V14', 'V12', 'V16', 'V11', 'V9', 'V2', 'V21']",0.8648648648648649,0.06037735849056604,0.1128747795414462,0.625645762865178,8
"['V4', 'V14', 'V16', 'V8', 'V2']",0.8513513513513513,0.04964539007092199,0.09381980640357408,0.6256251209334839,5
"['V10', 'V14', 'V16', 'V11', 'V9']",0.8378378378378378,0.0744297719087635,0.13671444321940462,0.6255757268406,5
"['V10', 'V14', 'V12', 'V17', 'V8', 'V11', 'V9', 'V1']",0.8243243243243243,0.06400839454354669,0.11879259980525804,0.6255557496840758,8
"['V14', 'V8', 'V9', 'V2', 'V21']",0.8378378378378378,0.059672762271414825,0.11141060197663971,0.6255417351667565,5
"['V4', 'V14', 'V16', 'V9', 'V1', 'V21']",0.8513513513513513,0.0485362095531587,0.09183673469387756,0.6255382827840744,6
"['V10', 'V14', 'V12', 'V17', 'V8', 'V11']",0.8378378378378378,0.0611439842209073,0.11397058823529412,0.625483569747554,6
"['V10', 'V14', 'V12', 'V8', 'V11', 'V1']",0.8378378378378378,0.06451612903225806,0.11980676328502415,0.6254749323862921,6
"['V4', 'V14', 'V16', 'V17', 'V8', 'V11', 'V9', 'V2', 'V21']",0.8513513513513513,0.05502183406113537,0.10336341263330599,0.6254527005803234,9
"['V10', 'V14', 'V16', 'V17']",0.8378378378378378,0.06478578892371996,0.12027158098933075,0.625406830304284,4
"['V14', 'V12', 'V16', 'V17', 'V8', 'V11', 'V9', 'V21']",0.8378378378378378,0.06492146596858639,0.12050534499514091,0.6253812958685852,8
"['V4', 'V14', 'V12', 'V16', 'V11', 'V1', 'V2', 'V21']",0.8648648648648649,0.06043437204910293,0.11297440423654016,0.6253715227327865,8
"['V10', 'V14', 'V11', 'V9', 'V21']",0.8378378378378378,0.07021517553793885,0.12957157784743992,0.6253507388425961,5
"['V10', 'V14', 'V17', 'V9']",0.8378378378378378,0.06645230439442658,0.12313803376365443,0.6253375023894212,4
"['V4', 'V14', 'V16', 'V8', 'V11', 'V9']",0.8378378378378378,0.056414922656960874,0.10571184995737426,0.6252362245687587,6
"['V14', 'V12', 'V16', 'V17', 'V8', 'V11', 'V9', 'V2', 'V21']",0.8243243243243243,0.06367432150313153,0.1182170542635659,0.6252258333660539,9
"['V14', 'V12', 'V16', 'V17', 'V8', 'V9', 'V1']",0.8243243243243243,0.060939060939060936,0.11348837209302326,0.6252070004049427,7
"['V4', 'V14', 'V16', 'V17', 'V8', 'V11', 'V21']",0.8513513513513513,0.05492589363557106,0.10319410319410319,0.6252061812760721,7
"['V10', 'V4', 'V14', 'V16', 'V9', 'V21']",0.8648648648648649,0.05823475887170155,0.10912190963341858,0.6250986233923417,6
"['V4', 'V14', 'V16', 'V9', 'V1', 'V2', 'V21']",0.8513513513513513,0.04842428900845504,0.09163636363636364,0.625062119087511,7
"['V10', 'V14', 'V16', 'V17', 'V11', 'V9', 'V2']",0.8378378378378378,0.0668103448275862,0.12375249500998003,0.6250576176118524,7
"['V4', 'V14', 'V12', 'V16', 'V17', 'V8', 'V11', 'V9', 'V2']",0.8648648648648649,0.05812897366030881,0.10893617021276596,0.6250541521913656,9
"['V10', 'V4', 'V14', 'V16', 'V17', 'V8', 'V11', 'V2']",0.8648648648648649,0.06330365974282888,0.11797235023041475,0.6249436487355021,8
"['V10', 'V4', 'V14', 'V16', 'V17', 'V8', 'V11', 'V9', 'V2']",0.8648648648648649,0.06355511420059583,0.11840888066604996,0.6249368355124654,9
"['V10', 'V14', 'V12', 'V16', 'V1', 'V21']",0.8243243243243243,0.07060185185185185,0.1300639658848614,0.6248896387372591,6
"['V4', 'V14', 'V16', 'V17', 'V21']",0.8513513513513513,0.04719101123595506,0.08942512420156139,0.6248781389849865,5
"['V10', 'V14', 'V12', 'V17', 'V8', 'V1', 'V2']",0.8648648648648649,0.06262230919765166,0.11678832116788321,0.6248635192459203,7
"['V10', 'V14', 'V11', 'V9', 'V1', 'V21']",0.8243243243243243,0.0673289183222958,0.12448979591836734,0.6248558319118975,6
"['V4', 'V14', 'V12', 'V16', 'V11', 'V9', 'V1']",0.8648648648648649,0.05964585274930102,0.11159546643417612,0.6248553261206433,7
"['V4', 'V14', 'V12', 'V16', 'V11', 'V2', 'V21']",0.8648648648648649,0.06009389671361502,0.11237928007023705,0.6248111422899716,7
"['V10', 'V14', 'V16', 'V11', 'V2', 'V21']",0.8378378378378378,0.07234539089848308,0.13319011815252416,0.6247883759269867,6
"['V10', 'V4', 'V14', 'V16', 'V17', 'V11', 'V9', 'V2', 'V21']",0.8648648648648649,0.06183574879227053,0.11541929666366095,0.6247857771480062,9
"['V4', 'V14', 'V16', 'V21']",0.8513513513513513,0.04831288343558282,0.09143686502177069,0.6247619171743114,4
"['V14', 'V10', 'V2']",0.8378378378378378,0.060546875,0.11293260473588343,0.6247590105467966,3
"['V10', 'V14', 'V2']",0.8378378378378378,0.060546875,0.11293260473588343,0.6247590105467966,3
"['V10', 'V14', 'V16', 'V8', 'V11', 'V1', 'V2']",0.8378378378378378,0.06444906444906445,0.11969111969111969,0.6247416656926995,7
"['V10', 'V4', 'V14', 'V16', 'V17', 'V9', 'V2']",0.8648648648648649,0.05474764756201882,0.10297666934835076,0.6247241394606532,7
"['V4', 'V14', 'V16', 'V8']",0.8513513513513513,0.0499603489294211,0.09438202247191012,0.6247102992367277,4
"['V4', 'V14', 'V12', 'V16', 'V11', 'V1']",0.8648648648648649,0.059424326833797586,0.11120764552562988,0.62470496970838,6
"['V4', 'V14', 'V12', 'V16', 'V9', 'V1', 'V2', 'V21']",0.8648648648648649,0.055267702936096716,0.1038961038961039,0.6246752260562165,8
"['V10', 'V4', 'V14', 'V16', 'V17', 'V11', 'V2']",0.8648648648648649,0.06060606060606061,0.11327433628318584,0.6246378824377472,7
"['V14', 'V12', 'V17', 'V8', 'V9', 'V1', 'V21']",0.8243243243243243,0.059628543499511244,0.11121239744758432,0.6245404247690738,7
"['V4', 'V14', 'V12', 'V8', 'V9', 'V21']",0.8918918918918919,0.05305466237942122,0.10015174506828528,0.6245331315393164,6
"['V10', 'V14', 'V12', 'V16', 'V11', 'V9', 'V1', 'V2', 'V21']",0.8378378378378378,0.07416267942583732,0.13626373626373625,0.6245101901694259,9
"['V4', 'V14', 'V16', 'V17', 'V1', 'V21']",0.8513513513513513,0.04758308157099698,0.09012875536480687,0.6244990662251101,6
"['V4', 'V14', 'V12', 'V16', 'V11', 'V9']",0.8648648648648649,0.05964585274930102,0.11159546643417612,0.6244371688389694,6
"['V14', 'V12', 'V16', 'V17', 'V8', 'V11', 'V9', 'V1', 'V2', 'V21']",0.8243243243243243,0.06354166666666666,0.11798839458413926,0.6244317370915138,10
"['V4', 'V14', 'V12', 'V16', 'V2', 'V21']",0.8648648648648649,0.05574912891986063,0.10474631751227496,0.6244206505195564,6
"['V10', 'V14', 'V17', 'V8', 'V11', 'V1', 'V21']",0.8378378378378378,0.061446977205153616,0.11449676823638043,0.6244194845955136,7
"['V10', 'V14', 'V12', 'V16', 'V11', 'V9', 'V1']",0.8243243243243243,0.07384987893462469,0.13555555555555557,0.6243759147957638,7
"['V14', 'V12', 'V8', 'V11', 'V9', 'V2', 'V21']",0.8243243243243243,0.06468716861081654,0.119960668633235,0.6243732091515587,7
"['V14', 'V16', 'V9']",0.8243243243243243,0.07117852975495916,0.1310418904403867,0.6243538016511267,3
"['V14', 'V12', 'V17', 'V8', 'V9', 'V1', 'V2', 'V21']",0.8513513513513513,0.06005719733079123,0.11219946571682991,0.6243044548375831,8
"['V10', 'V14', 'V17', 'V8', 'V1', 'V2']",0.8513513513513513,0.06200787401574803,0.11559633027522936,0.6243010399874687,6
"['V14', 'V17', 'V9', 'V2', 'V21']",0.8243243243243243,0.06892655367231638,0.12721584984358708,0.6242278333170669,5
"['V10', 'V14', 'V1', 'V2', 'V21']",0.8513513513513513,0.05988593155893536,0.11190053285968028,0.6242050723103377,5
"['V10', 'V14', 'V17', 'V1', 'V2', 'V21']",0.8513513513513513,0.05988593155893536,0.11190053285968028,0.6242045069028804,6
"['V4', 'V14', 'V16', 'V11', 'V9', 'V2', 'V21']",0.8513513513513513,0.05421686746987952,0.10194174757281553,0.6241652704778816,7
"['V10', 'V4', 'V14', 'V16', 'V17', 'V11', 'V9', 'V1', 'V2']",0.8648648648648649,0.06153846153846154,0.11490125673249552,0.6240988258160638,9
"['V4', 'V14', 'V16', 'V11', 'V21']",0.8513513513513513,0.05417024935511608,0.10185933710590138,0.6240986200591794,5
"['V4', 'V14', 'V16', 'V11', 'V2', 'V21']",0.8513513513513513,0.05412371134020619,0.10177705977382875,0.6240967991737307,6
"['V10', 'V4', 'V14', 'V16', 'V17', 'V11', 'V9', 'V21']",0.8648648648648649,0.061895551257253385,0.11552346570397112,0.6240848001544783,8
"['V4', 'V14', 'V16', 'V17', 'V8', 'V11', 'V9']",0.8378378378378378,0.05525846702317291,0.10367892976588629,0.6240819617525389,7
"['V4', 'V14', 'V12', 'V17', 'V8', 'V9', 'V1', 'V21']",0.8918918918918919,0.05132192846034215,0.09705882352941177,0.6240713474448732,8
"['V14', 'V17', 'V8', 'V11', 'V9']",0.8243243243243243,0.0668859649122807,0.12373225152129817,0.6240640864814062,5
"['V4', 'V14', 'V12', 'V16', 'V11']",0.8648648648648649,0.05964585274930102,0.11159546643417612,0.6240600228928238,5
"['V10', 'V14', 'V12', 'V9', 'V1', 'V21']",0.8378378378378378,0.07425149700598803,0.13641364136413642,0.6240283189898891,6
"['V4', 'V14', 'V16', 'V17', 'V8']",0.8513513513513513,0.049841772151898736,0.09417040358744394,0.6240275357311053,5
"['V10', 'V4', 'V14', 'V12', 'V11', 'V1']",0.8648648648648649,0.06237816764132553,0.11636363636363636,0.6239901755894613,6
"['V4', 'V14', 'V16', 'V11', 'V1', 'V2', 'V21']",0.8513513513513513,0.05421686746987952,0.10194174757281553,0.623940043370189,7
"['V4', 'V14', 'V16', 'V1', 'V2', 'V21']",0.8513513513513513,0.04868624420401855,0.09210526315789473,0.6239373238035879,6
"['V14', 'V12', 'V17', 'V8', 'V9']",0.8378378378378378,0.06444906444906445,0.11969111969111969,0.6239342107765472,5
"['V4', 'V14', 'V12', 'V8', 'V11', 'V1', 'V21']",0.8918918918918919,0.058823529411764705,0.11036789297658862,0.6239210926337272,7
"['V10', 'V4', 'V14', 'V16', 'V11', 'V9', 'V1']",0.8648648648648649,0.064,0.1191806331471136,0.6238966155890485,7
"['V10', 'V4', 'V14', 'V12', 'V8', 'V11', 'V9', 'V2', 'V21']",0.8648648648648649,0.06237816764132553,0.11636363636363636,0.6238693000211953,9
"['V10', 'V14', 'V12', 'V16', 'V2', 'V21']",0.8378378378378378,0.07151095732410612,0.13177470775770456,0.623814063532307,6
"['V10', 'V14', 'V16', 'V11', 'V9', 'V1']",0.8243243243243243,0.07093023255813953,0.13062098501070663,0.6237916439795612,6
"['V10', 'V14', 'V12', 'V9', 'V1', 'V2', 'V21']",0.8378378378378378,0.07093821510297482,0.1308016877637131,0.6237855828586635,7
"['V14', 'V12', 'V16', 'V17', 'V8', 'V11', 'V9']",0.8243243243243243,0.06531049250535331,0.12103174603174603,0.6237663017176461,7
"['V4', 'V14', 'V16', 'V11', 'V9', 'V21']",0.8513513513513513,0.054357204486626405,0.10218978102189781,0.6237590891820154,6
"['V10', 'V14', 'V17', 'V11', 'V9', 'V1', 'V21']",0.8243243243243243,0.06118355065195587,0.11391223155929038,0.6237500544118213,7
"['V4', 'V14', 'V16', 'V1', 'V21']",0.8513513513513513,0.04846153846153846,0.09170305676855896,0.6237478226741221,5
"['V10', 'V4', 'V14', 'V12', 'V8', 'V11', 'V9', 'V1', 'V2']",0.8783783783783784,0.06208213944603629,0.1159678858162355,0.6237189783786518,9
"['V14', 'V16', 'V17', 'V9', 'V2']",0.8243243243243243,0.06823266219239374,0.12603305785123967,0.6237036177104205,5
"['V14', 'V12', 'V8', 'V11', 'V9', 'V1']",0.8243243243243243,0.06987399770904926,0.12882787750791974,0.6237008502404584,6
"['V10', 'V14', 'V16', 'V1', 'V2']",0.8513513513513513,0.06596858638743455,0.12244897959183673,0.6236564612022576,5
"['V14', 'V4', 'V2', 'V3', 'V5', 'V8', 'V6', 'V1', 'V7', 'V11', 'V9', 'V16']",0.8513513513513513,0.05521472392638037,0.1037037037037037,0.6236536331619439,12
"['V10', 'V4', 'V14', 'V12', 'V1', 'V21']",0.8648648648648649,0.0579185520361991,0.1085665818490246,0.6236022451604293,6
"['V14', 'V17', 'V8', 'V9', 'V1', 'V21']",0.8378378378378378,0.06307222787385554,0.1173131504257332,0.6235784413923486,6
"['V10', 'V14', 'V12', 'V16', 'V11', 'V9']",0.8243243243243243,0.0715962441314554,0.13174946004319654,0.6235678957948626,6
"['V10', 'V4', 'V14', 'V12', 'V11', 'V9', 'V1']",0.8648648648648649,0.06183574879227053,0.11541929666366095,0.6235502016130916,7
"['V10', 'V4', 'V14', 'V12', 'V21']",0.8648648648648649,0.057813911472448055,0.10838272650296359,0.62354813015275,5
"['V10', 'V4', 'V14', 'V12', 'V9', 'V1', 'V21']",0.8648648648648649,0.057813911472448055,0.10838272650296359,0.6235161752033441,7
"['V10', 'V4', 'V14', 'V12', 'V9', 'V21']",0.8648648648648649,0.05776173285198556,0.10829103214890017,0.6234885790840269,6
"['V10', 'V4', 'V14', 'V12', 'V17', 'V8', 'V11', 'V9', 'V1', 'V2']",0.8783783783783784,0.06226053639846743,0.11627906976744186,0.6234683875954683,10
"['V14', 'V12', 'V8', 'V11', 'V9']",0.8243243243243243,0.06800445930880714,0.12564366632337795,0.6234455608323436,5
"['V4', 'V14', 'V12', 'V17', 'V8', 'V11', 'V9', 'V1', 'V21']",0.8918918918918919,0.05789473684210526,0.10873146622734761,0.6234431134257011,9
"['V10', 'V14', 'V12', 'V9', 'V1', 'V2']",0.8378378378378378,0.06989853438556934,0.12903225806451613,0.6234288053269684,6
"['V4', 'V14', 'V12', 'V8', 'V9', 'V1', 'V2', 'V21']",0.8918918918918919,0.052256532066508314,0.0987284966342558,0.6234261120640163,8
"['V10', 'V4', 'V14', 'V16']",0.8648648648648649,0.058447488584474884,0.10949529512403763,0.6234261008649534,4
"['V10', 'V4', 'V14', 'V16', 'V17', 'V11', 'V21']",0.8648648648648649,0.06207565470417071,0.1158371040723982,0.6234222052734852,7
"['V10', 'V4', 'V14', 'V16', 'V1', 'V21']",0.8648648648648649,0.05866177818515124,0.10987124463519313,0.6234200359144769,6
"['V14', 'V10', 'V18']",0.8378378378378378,0.061386138613861385,0.11439114391143912,0.6233869385378003,3
"['V4', 'V14', 'V12', 'V16', 'V9', 'V1']",0.8783783783783784,0.05574614065180103,0.10483870967741936,0.6233605491094003,6
"['V10', 'V4', 'V14', 'V12', 'V16', 'V17', 'V9', 'V2', 'V21']",0.8513513513513513,0.05595026642984014,0.105,0.623348061180298,9
"['V10', 'V14', 'V12', 'V9', 'V1']",0.8378378378378378,0.07242990654205607,0.13333333333333333,0.6233158262876032,5
"['V4', 'V14', 'V16', 'V11', 'V1', 'V21']",0.8513513513513513,0.05421686746987952,0.10194174757281553,0.6233061104097444,6
"['V10', 'V4', 'V14', 'V16', 'V9', 'V1', 'V21']",0.8648648648648649,0.05823475887170155,0.10912190963341858,0.6232808989600938,7
"['V10', 'V14', 'V12', 'V16', 'V11', 'V9', 'V2', 'V21']",0.8243243243243243,0.07126168224299065,0.13118279569892474,0.623269241407031,8
"['V10', 'V14', 'V12', 'V9', 'V2']",0.8378378378378378,0.06958473625140292,0.12849740932642487,0.6232686544053099,5
"['V10', 'V4', 'V14', 'V16', 'V17', 'V2']",0.8648648648648649,0.055267702936096716,0.1038961038961039,0.6232256936364982,6
"['V14', 'V4', 'V2', 'V3', 'V5', 'V8', 'V6', 'V1', 'V7', 'V11', 'V9', 'V12', 'V21']",0.8918918918918919,0.056945642795513375,0.1070559610705596,0.6231839392496284,13
"['V10', 'V4', 'V14', 'V12']",0.8648648648648649,0.05776173285198556,0.10829103214890017,0.6231545847992466,4
"['V4', 'V14', 'V16', 'V11', 'V9', 'V1', 'V21']",0.8513513513513513,0.054404145077720206,0.10227272727272728,0.6231472140570709,7
"['V10', 'V4', 'V14', 'V16', 'V17', 'V11', 'V2', 'V21']",0.8648648648648649,0.06177606177606178,0.11531531531531532,0.6231425979817302,8
"['V4', 'V14', 'V16', 'V11', 'V9', 'V1', 'V2', 'V21']",0.8513513513513513,0.054357204486626405,0.10218978102189781,0.6231406590447472,8
"['V10', 'V4', 'V14', 'V12', 'V9']",0.8648648648648649,0.05776173285198556,0.10829103214890017,0.6231343722084326,5
"['V10', 'V14', 'V11', 'V9', 'V2']",0.8378378378378378,0.06731813246471227,0.12462311557788945,0.6231279909747423,5
"['V14', 'V4', 'V2', 'V3', 'V5', 'V8', 'V6', 'V1', 'V7', 'V11', 'V16']",0.8513513513513513,0.05521472392638037,0.1037037037037037,0.6230929955689178,11
"['V4', 'V14', 'V12', 'V8', 'V11', 'V9', 'V1', 'V2', 'V21']",0.8918918918918919,0.06043956043956044,0.11320754716981132,0.6230071283954749,9
"['V10', 'V4', 'V14', 'V12', 'V16', 'V17', 'V9', 'V1', 'V2', 'V21']",0.8513513513513513,0.05630026809651475,0.10561609388097234,0.6229659314522223,10
"['V4', 'V14', 'V16', 'V17', 'V11', 'V9', 'V21']",0.8513513513513513,0.052941176470588235,0.09968354430379747,0.6229611572458881,7
"['V14', 'V10', 'V8', 'V11']",0.8378378378378378,0.06431535269709543,0.11946050096339114,0.6229164141155926,4
"['V10', 'V14', 'V8', 'V11']",0.8378378378378378,0.06431535269709543,0.11946050096339114,0.6229164141155926,4
"['V10', 'V14', 'V12', 'V16', 'V11', 'V9', 'V21']",0.8243243243243243,0.07322929171668667,0.1345093715545755,0.6229038295558403,7
"['V10', 'V14', 'V16', 'V11', 'V1', 'V2', 'V21']",0.8378378378378378,0.06783369803063458,0.12550607287449392,0.6228741704406879,7
"['V10', 'V14', 'V12', 'V16', 'V11', 'V9', 'V1', 'V2']",0.8243243243243243,0.07117852975495916,0.1310418904403867,0.6228560414530971,8
"['V14', 'V12', 'V16', 'V17', 'V8', 'V11', 'V9', 'V1', 'V2']",0.8243243243243243,0.0639412997903564,0.11867704280155641,0.6228338877808728,9
"['V10', 'V4', 'V14', 'V12', 'V17', 'V8', 'V2', 'V21']",0.8783783783783784,0.058611361587015326,0.10989010989010989,0.6228232462779038,8
"['V10', 'V14', 'V16', 'V17', 'V1', 'V2']",0.8513513513513513,0.06116504854368932,0.11413043478260869,0.6228223012727441,6
"['V10', 'V14', 'V16', 'V17', 'V1']",0.8378378378378378,0.06060606060606061,0.11303555150410209,0.6228064178676441,5
"['V14', 'V4', 'V2', 'V3', 'V5', 'V8', 'V6', 'V1', 'V16']",0.8513513513513513,0.04895104895104895,0.09257898603967671,0.6227903631191564,9
"['V14', 'V12', 'V17', 'V8', 'V11', 'V9', 'V2', 'V21']",0.8243243243243243,0.060039370078740155,0.11192660550458716,0.6227755134968558,8
"['V4', 'V14', 'V16', 'V17', 'V11', 'V9', 'V2', 'V21']",0.8513513513513513,0.05285234899328859,0.0995260663507109,0.6227725093597418,8
"['V10', 'V4', 'V14', 'V16', 'V9']",0.8648648648648649,0.05834092980856882,0.10930828351836037,0.6227622677332805,5
"['V10', 'V14', 'V12', 'V9', 'V2', 'V21']",0.8378378378378378,0.07200929152148665,0.13262032085561498,0.6227472647553677,6
"['V14', 'V17', 'V9', 'V21']",0.8243243243243243,0.06884875846501129,0.12708333333333333,0.6227426806551749,4
"['V14', 'V16', 'V17', 'V9']",0.8243243243243243,0.0683090705487122,0.12616339193381593,0.6227162823122547,4
"['V4', 'V14', 'V16', 'V8', 'V11']",0.8378378378378378,0.056414922656960874,0.10571184995737426,0.6227148245350109,5
"['V14', 'V16', 'V8', 'V11', 'V9', 'V1', 'V2']",0.8243243243243243,0.0683090705487122,0.12616339193381593,0.6226941524282776,7
"['V4', 'V14', 'V12', 'V16', 'V1', 'V2', 'V21']",0.8783783783783784,0.05613126079447323,0.10551948051948051,0.6226499073577046,7
"['V14', 'V8', 'V11', 'V9', 'V2', 'V21']",0.8243243243243243,0.059628543499511244,0.11121239744758432,0.6226368825577755,6
"['V10', 'V4', 'V14', 'V12', 'V17', 'V8', 'V11', 'V1', 'V2']",0.8918918918918919,0.062381852551984876,0.1166077738515901,0.6226204516103291,9
"['V14', 'V10', 'V8', 'V3']",0.8378378378378378,0.05910390848427073,0.11041852181656278,0.6225714330977947,4
"['V10', 'V14', 'V11', 'V9', 'V1', 'V2', 'V21']",0.8513513513513513,0.06900328587075576,0.1276595744680851,0.6225662091451697,7
"['V14', 'V4', 'V2', 'V3', 'V5', 'V8', 'V6', 'V1', 'V7', 'V16']",0.8513513513513513,0.04918032786885246,0.0929889298892989,0.622538866166278,10
"['V10', 'V14', 'V16', 'V11', 'V1', 'V21']",0.8378378378378378,0.06904231625835189,0.12757201646090535,0.622459398089989,6
"['V10', 'V14', 'V12', 'V16', 'V2']",0.8378378378378378,0.07029478458049887,0.1297071129707113,0.6224582905594013,5
"['V10', 'V14', 'V8', 'V11', 'V1', 'V21']",0.8378378378378378,0.06060606060606061,0.11303555150410209,0.622452178243884,6
"['V10', 'V14', 'V12', 'V17', 'V8', 'V11', 'V1', 'V2', 'V21']",0.8648648648648649,0.06054872280037843,0.11317418213969938,0.6224159744706435,9
"['V4', 'V14', 'V12', 'V16', 'V9', 'V1', 'V2']",0.8783783783783784,0.05598621877691645,0.10526315789473684,0.6223964795882316,7
"['V14', 'V12', 'V16', 'V17', 'V8', 'V11', 'V9', 'V1']",0.8378378378378378,0.06471816283924843,0.12015503875968993,0.6223938309122297,8
"['V14', 'V16', 'V17', 'V8', 'V11', 'V9', 'V1']",0.8243243243243243,0.06400839454354669,0.11879259980525804,0.622350469397207,7
"['V10', 'V4', 'V14', 'V17', 'V8', 'V11', 'V1', 'V21']",0.8648648648648649,0.06342913776015857,0.11819021237303785,0.6223069800875587,8
"['V14', 'V12', 'V17', 'V8', 'V11', 'V9', 'V21']",0.8243243243243243,0.06308169596690796,0.11719500480307397,0.6222984433881243,7
"['V4', 'V14', 'V12', 'V16', 'V8', 'V11', 'V2']",0.8783783783783784,0.06091846298031865,0.11393514460999124,0.6222831207451363,7
"['V14', 'V16', 'V17', 'V11', 'V9', 'V2', 'V21']",0.8243243243243243,0.06823266219239374,0.12603305785123967,0.6222665383043873,7
"['V10', 'V4', 'V14', 'V16', 'V17', 'V9', 'V1', 'V2']",0.8648648648648649,0.055077452667814115,0.10355987055016182,0.6222657242532952,8
"['V14', 'V16', 'V11', 'V9', 'V2', 'V21']",0.8243243243243243,0.07411907654921021,0.13600891861761427,0.6222650883226429,6
"['V10', 'V14', 'V17', 'V11', 'V9', 'V2']",0.8378378378378378,0.06398348813209494,0.11888782358581017,0.6222366269107114,6
"['V10', 'V14', 'V17', 'V9', 'V1', 'V2']",0.8513513513513513,0.063,0.11731843575418995,0.6222299610447286,6
"['V14', 'V12', 'V8', 'V11', 'V9', 'V2']",0.8243243243243243,0.06623235613463627,0.12261306532663317,0.6221606813910199,6
"['V14', 'V17', 'V8', 'V9', 'V1']",0.8243243243243243,0.06224489795918367,0.1157495256166983,0.622144650414303,5
"['V14', 'V16', 'V11', 'V9', 'V1', 'V2', 'V21']",0.8243243243243243,0.0733173076923077,0.1346578366445916,0.6221417093175423,7
"['V10', 'V14', 'V12', 'V17', 'V8', 'V11', 'V1']",0.8378378378378378,0.06031128404669261,0.11252268602540835,0.6221091228495298,7
"['V10', 'V4', 'V14', 'V16', 'V17', 'V11']",0.8648648648648649,0.060778727445394115,0.11357586512866016,0.6221055330533748,6
"['V10', 'V14', 'V16', 'V17', 'V11', 'V9']",0.8378378378378378,0.06820682068206821,0.12614445574771108,0.6220852384204932,6
"['V10', 'V4', 'V14', 'V16', 'V1']",0.8648648648648649,0.058447488584474884,0.10949529512403763,0.6220718096554335,5
"['V14', 'V10', 'V20']",0.8378378378378378,0.06132542037586548,0.11428571428571428,0.6220647252952891,3
"['V10', 'V4', 'V14', 'V16', 'V17', 'V11', 'V9', 'V1', 'V2', 'V21']",0.8648648648648649,0.06201550387596899,0.11573236889692586,0.6220314963605601,10
"['V4', 'V14', 'V12', 'V16', 'V9', 'V2']",0.8648648648648649,0.055315471045808126,0.10398050365556458,0.622018803978797,6
"['V10', 'V14', 'V16', 'V1']",0.8378378378378378,0.0656084656084656,0.12168792934249265,0.6220003469603852,4
"['V14', 'V16', 'V17', 'V11', 'V9', 'V21']",0.8243243243243243,0.06808035714285714,0.12577319587628866,0.6219871303007359,6
"['V10', 'V14', 'V12', 'V8', 'V11', 'V2']",0.8378378378378378,0.062311557788944726,0.11599625818521983,0.6219812599541577,6
"['V4', 'V14', 'V12', 'V16', 'V11', 'V9', 'V1', 'V2']",0.8648648648648649,0.0595903165735568,0.11149825783972125,0.621973595825679,8
"['V10', 'V14', 'V12', 'V17', 'V8', 'V11', 'V2']",0.8378378378378378,0.06072477962781587,0.1132420091324201,0.6219703719177802,7
"['V10', 'V14', 'V16', 'V11', 'V9', 'V1', 'V2']",0.8243243243243243,0.07027649769585254,0.12951167728237792,0.621956729997029,7
"['V4', 'V14', 'V12', 'V16', 'V9']",0.8648648648648649,0.055030094582975066,0.10347615198059822,0.6218721930631244,5
"['V4', 'V14', 'V16', 'V17', 'V11', 'V2', 'V21']",0.8513513513513513,0.05280804694048617,0.09944751381215469,0.6218708680895166,7
"['V4', 'V14', 'V16', 'V17', 'V11', 'V21']",0.8513513513513513,0.05285234899328859,0.0995260663507109,0.6218697282501596,6
"['V4', 'V14', 'V12', 'V16', 'V1']",0.8783783783783784,0.05574614065180103,0.10483870967741936,0.6218410356789441,5
"['V10', 'V4', 'V14', 'V17', 'V8', 'V11', 'V9', 'V1', 'V21']",0.8648648648648649,0.06336633663366337,0.11808118081180811,0.6218371060407696,9
"['V4', 'V14', 'V16', 'V17', 'V11', 'V9', 'V1', 'V2', 'V21']",0.8513513513513513,0.052719665271966525,0.09929078014184398,0.6218206000823986,9
"['V10', 'V14', 'V12', 'V16', 'V1']",0.8243243243243243,0.06971428571428571,0.1285563751317176,0.6218013399770616,5
"['V10', 'V4', 'V14', 'V12', 'V1']",0.8648648648648649,0.057709648331830475,0.10819949281487742,0.6217643651116067,5
"['V10', 'V14', 'V12', 'V8', 'V11', 'V1', 'V2']",0.8378378378378378,0.062311557788944726,0.11599625818521983,0.6217305251373694,7
"['V4', 'V14', 'V12', 'V16', 'V11', 'V9', 'V2']",0.8648648648648649,0.0595903165735568,0.11149825783972125,0.6217228352780845,7
"['V14', 'V16', 'V11', 'V9', 'V21']",0.8243243243243243,0.07376058041112454,0.13540510543840178,0.6216852107381456,5
"['V10', 'V14', 'V16', 'V17', 'V8', 'V11', 'V1', 'V2']",0.8378378378378378,0.06307222787385554,0.1173131504257332,0.6216606909560514,8
"['V10', 'V14', 'V12', 'V9', 'V21']",0.8243243243243243,0.0735826296743064,0.13510520487264674,0.6216451159984683,5
"['V14', 'V12', 'V8', 'V11', 'V9', 'V1', 'V2', 'V21']",0.8378378378378378,0.06896551724137931,0.12744090441932168,0.621636521195993,8
"['V14', 'V17', 'V8', 'V11', 'V9', 'V1', 'V21']",0.8243243243243243,0.06192893401015229,0.11520302171860246,0.6216181891332261,7
"['V10', 'V14', 'V8', 'V11', 'V9', 'V1', 'V2']",0.8378378378378378,0.06294416243654823,0.11709159584513693,0.6216164809832646,7
"['V4', 'V14', 'V16', 'V8', 'V11', 'V2', 'V21']",0.8513513513513513,0.05675675675675676,0.10641891891891891,0.6215733987314292,7
"['V4', 'V14', 'V16', 'V17', 'V11', 'V9', 'V1', 'V21']",0.8513513513513513,0.052675585284280936,0.09921259842519685,0.6215653457064251,8
"['V14', 'V16', 'V17', 'V9', 'V1', 'V2']",0.8243243243243243,0.06143001007049345,0.11433926897844424,0.621554441321343,6
"['V10', 'V4', 'V14', 'V16', 'V17', 'V11', 'V9']",0.8648648648648649,0.06060606060606061,0.11327433628318584,0.621433286850547,7
"['V10', 'V4', 'V14', 'V16', 'V17', 'V11', 'V1', 'V2', 'V21']",0.8648648648648649,0.06165703275529865,0.11510791366906475,0.6214187745793014,9
"['V14', 'V10', 'V6']",0.8378378378378378,0.0611439842209073,0.11397058823529412,0.6214080527595798,3
"['V4', 'V14', 'V12', 'V16']",0.8783783783783784,0.05574614065180103,0.10483870967741936,0.621389096901066,4
"['V10', 'V14', 'V12', 'V16', 'V1', 'V2', 'V21']",0.8378378378378378,0.06950672645739911,0.12836438923395446,0.621381457371096,7
"['V10', 'V4', 'V14', 'V16', 'V17', 'V2', 'V21']",0.8648648648648649,0.056189640035118525,0.1055234954657873,0.6213384188424405,7
"['V14', 'V10', 'Amount']",0.8378378378378378,0.061938061938061936,0.11534883720930232,0.6213239112384542,3
"['V10', 'V14', 'V12', 'V16', 'V1', 'V2']",0.8378378378378378,0.06919642857142858,0.12783505154639174,0.6213183148952645,6
"['V10', 'V14', 'V12', 'V11', 'V9', 'V1', 'V2', 'V21']",0.8378378378378378,0.07251461988304093,0.13347685683530677,0.6212956343546008,8
"['V10', 'V4', 'V14', 'V16', 'V17', 'V9', 'V2', 'V21']",0.8648648648648649,0.056338028169014086,0.10578512396694215,0.6212100683749336,8
"['V4', 'V14', 'V12', 'V16', 'V11', 'V2']",0.8648648648648649,0.059534883720930236,0.1114012184508268,0.6211980229445894,6
"['V4', 'V14', 'V12', 'V16', 'V11', 'V1', 'V2']",0.8648648648648649,0.0595903165735568,0.11149825783972125,0.621189876565947,7
"['V10', 'V4', 'V14', 'V16', 'V17']",0.8648648648648649,0.05545927209705372,0.10423452768729642,0.621188396339394,5
"['V4', 'V14', 'V12', 'V16', 'V1', 'V2']",0.8783783783783784,0.05588993981083405,0.10509296685529507,0.6211718521820989,6
"['V10', 'V14', 'V17', 'V8', 'V11', 'V2']",0.8378378378378378,0.06731813246471227,0.12462311557788945,0.6211167212353791,6
"['V10', 'V14', 'V12', 'V16', 'V11', 'V9', 'V2']",0.8243243243243243,0.06923950056753689,0.12774869109947645,0.6211121027107764,7
"['V10', 'V4', 'V14', 'V16', 'V17', 'V11', 'V9', 'V1', 'V21']",0.8648648648648649,0.06183574879227053,0.11541929666366095,0.6210708286548823,9
"['V4', 'V14', 'V12', 'V16', 'V2']",0.8648648648648649,0.05517241379310345,0.10372771474878444,0.6210552523565749,5
"['V4', 'V14', 'V16', 'V17', 'V8', 'V11']",0.8378378378378378,0.05540661304736372,0.10393964794635373,0.6210308361875178,6
"['V4', 'V14', 'V16', 'V17', 'V8', 'V11', 'V9', 'V2']",0.8513513513513513,0.05655296229802514,0.10606060606060606,0.6209693880805315,8
"['V4', 'V14', 'V12', 'V8', 'V1', 'V21']",0.8918918918918919,0.05088666152659985,0.0962800875273523,0.6209401115999549,6
"['V14', 'V12', 'V16', 'V9', 'V1', 'V2', 'V21']",0.8378378378378378,0.07093821510297482,0.1308016877637131,0.6209264734877571,7
"['V4', 'V14', 'V12', 'V8', 'V9', 'V1']",0.8918918918918919,0.05275779376498801,0.09962264150943397,0.6208711243160038,6
"['V10', 'V14', 'V12', 'V11', 'V9', 'V1', 'V21']",0.8243243243243243,0.0752157829839704,0.13785310734463277,0.6208597410008775,7
"['V10', 'V4', 'V14', 'V12', 'V11', 'V1', 'V2', 'V21']",0.8513513513513513,0.0621301775147929,0.11580882352941177,0.6208259708415522,8
"['V10', 'V4', 'V14', 'V12', 'V11', 'V2', 'V21']",0.8513513513513513,0.06206896551724138,0.11570247933884298,0.6208088289872153,7
"['V10', 'V4', 'V14', 'V12', 'V11', 'V9', 'V2']",0.8648648648648649,0.061127029608404965,0.11418376449598573,0.6208085633088988,7
"['V10', 'V4', 'V14', 'V17', 'V8', 'V1', 'V21']",0.8648648648648649,0.056239015817223195,0.10561056105610561,0.6207962824634033,7
"['V10', 'V4', 'V14', 'V16', 'V17', 'V11', 'V1', 'V2']",0.8648648648648649,0.061895551257253385,0.11552346570397112,0.6207882878156809,8
"['V10', 'V4', 'V14', 'V12', 'V11', 'V2']",0.8648648648648649,0.061420345489443376,0.11469534050179211,0.620766812284461,6
"['V10', 'V4', 'V14', 'V16', 'V9', 'V1']",0.8648648648648649,0.058394160583941604,0.1094017094017094,0.6207541097317094,6
"['V10', 'V4', 'V14', 'V12', 'V8', 'V11', 'V2', 'V21']",0.8648648648648649,0.06171648987463838,0.1152115211521152,0.6207373916569346,8
"['V10', 'V4', 'V14', 'V12', 'V9', 'V1']",0.8648648648648649,0.05765765765765766,0.10810810810810811,0.6207368790916467,6
"['V4', 'V14', 'V16', 'V8', 'V11', 'V9', 'V2']",0.8513513513513513,0.05732484076433121,0.10741687979539642,0.620719672889212,7
"['V4', 'V14', 'V16', 'V17', 'V11', 'V1', 'V2', 'V21']",0.8513513513513513,0.05280804694048617,0.09944751381215469,0.6207109789335429,8
"['V14', 'V12', 'V17', 'V8', 'V11', 'V9']",0.8243243243243243,0.06421052631578947,0.119140625,0.6206863026454389,6
"['V4', 'V14', 'V12', 'V17', 'V8', 'V9', 'V21']",0.8918918918918919,0.05238095238095238,0.09895052473763119,0.6206461463366242,7
"['V10', 'V4', 'V14', 'V16', 'V17', 'V11', 'V1', 'V21']",0.8648648648648649,0.06165703275529865,0.11510791366906475,0.6206279894877904,8
"['V10', 'V4', 'V14', 'V12', 'V8', 'V11', 'V1', 'V2']",0.8918918918918919,0.0625,0.1168141592920354,0.6206189082556436,8
"['V4', 'V14', 'V12', 'V8', 'V11', 'V9', 'V21']",0.8918918918918919,0.06038426349496798,0.11311053984575835,0.6205871450402014,7
"['V10', 'V4', 'V14', 'V12', 'V11', 'V9', 'V1', 'V2', 'V21']",0.8513513513513513,0.06225296442687747,0.11602209944751381,0.6205529588465697,9
"['V10', 'V4', 'V14', 'V12', 'V11', 'V9', 'V2', 'V21']",0.8513513513513513,0.06231454005934718,0.11612903225806452,0.6205055976186953,8
"['V4', 'V14', 'V12', 'V8', 'V11', 'V9', 'V1']",0.8783783783783784,0.0604089219330855,0.11304347826086956,0.6204979515687883,7
"['V14', 'V16', 'V17', 'V9', 'V1']",0.8243243243243243,0.062118126272912425,0.11553030303030302,0.6204881595338728,5
"['V14', 'V16', 'V17', 'V11', 'V9', 'V1', 'V2', 'V21']",0.8243243243243243,0.06288659793814433,0.11685823754789272,0.6204701365962321,8
"['V10', 'V14', 'V12', 'V16']",0.8243243243243243,0.07134502923976609,0.13132400430570507,0.6203909005594425,4
"['V4', 'V14', 'V16', 'V17', 'V8', 'V11', 'V2', 'V21']",0.8513513513513513,0.05516637478108581,0.10361842105263158,0.620388588212651,8
"['V10', 'V4', 'V14', 'V17', 'V8', 'V9', 'V1', 'V21']",0.8648648648648649,0.05599300087489064,0.10517666392769104,0.6203528533359806,8
"['V14', 'V12', 'V16', 'V8', 'V2', 'V21']",0.8243243243243243,0.0615539858728557,0.11455399061032864,0.6203469921198762,6
"['V14', 'V10', 'V19']",0.8378378378378378,0.06084396467124632,0.11344922232387923,0.620295299250922,3
"['V14', 'V12', 'V17', 'V8', 'V11', 'V9', 'V1', 'V21']",0.8243243243243243,0.06360792492179354,0.1181026137463698,0.6202074136726787,8
"['V14', 'V16', 'V9', 'V1', 'V2']",0.8243243243243243,0.06963470319634703,0.12842105263157894,0.6201942951946137,5
"['V10', 'V14', 'V11', 'V9']",0.8378378378378378,0.06820682068206821,0.12614445574771108,0.6201809383661993,4
"['V4', 'V14', 'V16', 'V17', 'V11', 'V1', 'V21']",0.8513513513513513,0.052719665271966525,0.09929078014184398,0.6201525854085196,7
"['V14', 'V12', 'V17', 'V8', 'V11', 'V9', 'V2']",0.8243243243243243,0.06288659793814433,0.11685823754789272,0.6201464959341825,7
"['V14', 'V16', 'V9', 'V1']",0.8243243243243243,0.07019562715765247,0.12937433722163308,0.6201311439681584,4
"['V10', 'V4', 'V14', 'V12', 'V11', 'V1', 'V2']",0.8648648648648649,0.06177606177606178,0.11531531531531532,0.6201150287312984,7
"['V14', 'V16', 'V11', 'V9', 'V1', 'V21']",0.8243243243243243,0.07253269916765755,0.13333333333333333,0.6201042407830054,6
"['V10', 'V14', 'V12', 'V16', 'V11', 'V2', 'V21']",0.8243243243243243,0.06770255271920089,0.12512820512820513,0.620055393605472,7
"['V10', 'V4', 'V14', 'V12', 'V11', 'V9', 'V1', 'V2']",0.8648648648648649,0.061597690086621755,0.11500449236298294,0.6200365297674431,8
"['V10', 'V4', 'V14', 'V16', 'V17', 'V1', 'V2']",0.8648648648648649,0.055315471045808126,0.10398050365556458,0.6200158870631772,7
"['V4', 'V14', 'V12', 'V8', 'V21']",0.8918918918918919,0.05246422893481717,0.0990990990990991,0.6199885321779831,5
"['V14', 'V12', 'V16', 'V9', 'V2', 'V21']",0.8243243243243243,0.07068366164542295,0.13020277481323372,0.6199872523241049,6
"['V10', 'V14', 'V17', 'V11', 'V9']",0.8378378378378378,0.06623931623931624,0.12277227722772277,0.6199834052928913,5
"['V4', 'V14', 'V12', 'V17', 'V8', 'V9', 'V1', 'V2', 'V21']",0.8918918918918919,0.052715654952076675,0.09954751131221719,0.6199757299272304,9
"['V14', 'V8', 'V11', 'V9', 'V21']",0.8243243243243243,0.06063618290258449,0.11296296296296296,0.6198687055022156,5
"['V14', 'V8', 'V9', 'V1', 'V21']",0.8378378378378378,0.0611439842209073,0.11397058823529412,0.6198231082544545,5
"['V10', 'V14', 'V16', 'V11', 'V21']",0.8378378378378378,0.07345971563981042,0.13507625272331156,0.6197301513876659,5
"['V10', 'V4', 'V14', 'V16', 'V17', 'V9', 'V1', 'V2', 'V21']",0.8648648648648649,0.05638766519823789,0.10587262200165426,0.6196638648004469,9
"['V10', 'V4', 'V14', 'V16', 'V17', 'V1', 'V2', 'V21']",0.8648648648648649,0.056338028169014086,0.10578512396694215,0.6196565747249285,8
"['V10', 'V4', 'V14', 'V8', 'V11', 'V1', 'V21']",0.8648648648648649,0.06207565470417071,0.1158371040723982,0.6196442445187288,7
"['V10', 'V4', 'V14', 'V12', 'V17', 'V8', 'V9', 'V2', 'V21']",0.8783783783783784,0.05834829443447038,0.10942760942760943,0.6196078541451759,9
"['V10', 'V14', 'V12', 'V11', 'V9', 'V1']",0.8243243243243243,0.07322929171668667,0.1345093715545755,0.6195372146719552,6
"['V10', 'V14', 'V17', 'V8', 'V11', 'V9', 'V1', 'V2']",0.8378378378378378,0.06212424849699399,0.11567164179104478,0.6194739251508624,8
"['V14', 'V8', 'V11', 'V9', 'V1', 'V21']",0.8243243243243243,0.06106106106106106,0.11369990680335508,0.6194650041514105,6
"['V14', 'V8', 'V9']",0.8378378378378378,0.06025267249757046,0.11242067089755213,0.6194615160577229,3
"['V10', 'V4', 'V14', 'V12', 'V9', 'V2']",0.8648648648648649,0.05850091407678245,0.1095890410958904,0.6194409850581415,6
"['V14', 'V17', 'V8', 'V11', 'V9', 'V2']",0.8243243243243243,0.06666666666666667,0.12335692618806876,0.6193942292049753,6
"['V14', 'V8', 'V9', 'V1', 'V2', 'V21']",0.8378378378378378,0.059558117195004805,0.11121076233183856,0.6193219789524822,6
"['V4', 'V14', 'V12', 'V17', 'V8', 'V11', 'V1', 'V21']",0.8918918918918919,0.058355437665782495,0.10954356846473029,0.6192831501937335,8
"['V10', 'V4', 'V14', 'V16', 'V17', 'V9']",0.8648648648648649,0.05541125541125541,0.10414971521562245,0.6192271703987835,6
"['V14', 'V10', 'V8', 'V17', 'V16', 'V9', 'V2', 'V20', 'V18', 'V21', 'V19', 'V4']",0.8783783783783784,0.06298449612403101,0.11754068716094032,0.6192099097295445,12
"['V4', 'V14', 'V12', 'V17', 'V8', 'V1', 'V21']",0.8918918918918919,0.05112316034082107,0.0967032967032967,0.6191607309118302,7
"['V10', 'V4', 'V14', 'V16', 'V17', 'V21']",0.8648648648648649,0.05565217391304348,0.10457516339869281,0.6191558768524085,6
"['V14', 'V17', 'V11', 'V9', 'V21']",0.8243243243243243,0.06725468577728776,0.12436289500509684,0.6190804393535887,5
"['V4', 'V14', 'V16', 'V17', 'V9', 'V1', 'V2']",0.8513513513513513,0.04747550866616428,0.08993576017130621,0.619065443451308,7
"['V14', 'V8', 'V9', 'V2']",0.8378378378378378,0.06060606060606061,0.11303555150410209,0.6190629600914173,4
"['V4', 'V14', 'V12', 'V17', 'V8', 'V11', 'V9', 'V21']",0.8918918918918919,0.05851063829787234,0.10981697171381032,0.619060569014745,8
"['V10', 'V14', 'V12', 'V16', 'V21']",0.8243243243243243,0.07305389221556886,0.1342134213421342,0.6190548469694653,5
"['V10', 'V14', 'V16', 'V17', 'V11', 'V9', 'V1', 'V2']",0.8378378378378378,0.06275303643724696,0.1167608286252354,0.6189894895591502,8
"['V10', 'V4', 'V14', 'V16', 'V17', 'V9', 'V21']",0.8648648648648649,0.05599300087489064,0.10517666392769104,0.618930486983104,7
"['V10', 'V4', 'V14', 'V12', 'V2']",0.8648648648648649,0.05850091407678245,0.1095890410958904,0.6187915119508646,5
"['V10', 'V14', 'V8', 'V11', 'V2']",0.8378378378378378,0.06294416243654823,0.11709159584513693,0.6187233028888816,5
"['V10', 'V4', 'V14', 'V12', 'V9', 'V1', 'V2']",0.8648648648648649,0.05866177818515124,0.10987124463519313,0.6187186749879655,7
"['V4', 'V14', 'V16', 'V8', 'V11', 'V2']",0.8513513513513513,0.05748175182481752,0.1076923076923077,0.6185370138711744,6
"['V10', 'V4', 'V14', 'V16', 'V17', 'V11', 'V1']",0.8648648648648649,0.060778727445394115,0.11357586512866016,0.6184853204021107,7
"['V14', 'V12', 'V16', 'V9', 'V1', 'V21']",0.8243243243243243,0.07279236276849642,0.1337719298245614,0.6184279221648754,6
"['V14', 'V17', 'V11', 'V9', 'V2', 'V21']",0.8243243243243243,0.0671806167400881,0.12423625254582485,0.6183847426492171,6
"['V14', 'V17', 'V8', 'V9', 'V1', 'V2']",0.8378378378378378,0.06256306760847628,0.11643192488262911,0.6183606720571984,6
"['V4', 'V14', 'V12', 'V8', 'V1', 'V2', 'V21']",0.8918918918918919,0.052050473186119876,0.09836065573770492,0.6183586083438768,7
"['V14', 'V12', 'V16', 'V8', 'V2']",0.8243243243243243,0.06218144750254842,0.11563981042654028,0.6182829146142131,5
"['V14', 'V16', 'V17', 'V8', 'V11', 'V9', 'V1', 'V2']",0.8243243243243243,0.0639412997903564,0.11867704280155641,0.6182710463714721,8
"['V4', 'V14', 'V12', 'V17', 'V8', 'V11', 'V9', 'V1', 'V2', 'V21']",0.8918918918918919,0.059782608695652176,0.11205432937181664,0.618252796374653,10
"['V10', 'V4', 'V14', 'V12', 'V8', 'V2']",0.8783783783783784,0.06007393715341959,0.11245674740484429,0.6182062247184421,6
"['V10', 'V14', 'V12', 'V16', 'V11', 'V2']",0.8243243243243243,0.06652126499454744,0.1231079717457114,0.6181931241717229,6
"['V10', 'V14', 'V8', 'V1', 'V2']",0.8513513513513513,0.05822550831792976,0.10899653979238755,0.6180519748969735,5
"['V10', 'V4', 'V14', 'V12', 'V2', 'V21']",0.8648648648648649,0.05834092980856882,0.10930828351836037,0.6180362710810196,6
"['V10', 'V4', 'V14', 'V12', 'V1', 'V2']",0.8648648648648649,0.05860805860805861,0.1097770154373928,0.6179904250206283,6
"['V10', 'V4', 'V14', 'V8', 'V11', 'V9', 'V1', 'V21']",0.8648648648648649,0.06201550387596899,0.11573236889692586,0.6179897195668032,8
"['V10', 'V14', 'V16', 'V17', 'V11', 'V9', 'V1']",0.8243243243243243,0.06161616161616162,0.11466165413533834,0.6179869695333079,7
"['V14', 'V12', 'V16', 'V11', 'V9', 'V1', 'V2', 'V21']",0.8243243243243243,0.07466340269277846,0.13692480359147025,0.6179399966726361,8
"['V4', 'V14', 'V12', 'V16', 'V17', 'V8', 'V11', 'V2']",0.8783783783783784,0.059144676979071886,0.11082693947144075,0.6179205147625525,8
"['V10', 'V4', 'V14', 'V12', 'V17', 'V11', 'V21']",0.8648648648648649,0.05871559633027523,0.10996563573883161,0.6179084321403986,7
"['V10', 'V14', 'V12', 'V9']",0.8243243243243243,0.07244655581947744,0.1331877729257642,0.6179076976428658,4
"['V10', 'V4', 'V14', 'V12', 'V17', 'V8', 'V11', 'V2', 'V21']",0.8783783783783784,0.0621414913957935,0.11607142857142858,0.6178628420714957,9
"['V4', 'V14', 'V16', 'V17', 'V8', 'V11', 'V2']",0.8378378378378378,0.05525846702317291,0.10367892976588629,0.6178208702391061,7
"['V4', 'V14', 'V16', 'V11', 'V2']",0.8513513513513513,0.05426356589147287,0.1020242914979757,0.6178164500678079,5
"['V14', 'V12', 'V8', 'V11', 'V9', 'V1', 'V2']",0.8243243243243243,0.0683090705487122,0.12616339193381593,0.6178060968807857,7
"['V4', 'V14', 'V16', 'V11', 'V1', 'V2']",0.8513513513513513,0.054498269896193774,0.1024390243902439,0.6177909673365908,6
"['V10', 'V14', 'V12', 'V16', 'V11', 'V1', 'V2', 'V21']",0.8378378378378378,0.06896551724137931,0.12744090441932168,0.6177800133876489,8
"['V10', 'V14', 'V17', 'V11', 'V9', 'V1', 'V2', 'V21']",0.8513513513513513,0.061946902654867256,0.1154903758020165,0.6177730545701214,8
"['V14', 'V17', 'V9', 'V2']",0.8243243243243243,0.06747787610619468,0.12474437627811862,0.6177614508802322,4
"['V14', 'V12', 'V16', 'V9', 'V2']",0.8243243243243243,0.06900452488687783,0.12734864300626306,0.6177487785791822,5
"['V14', 'V12', 'V16', 'V8', 'V11', 'V1', 'V2', 'V21']",0.8378378378378378,0.06275303643724696,0.1167608286252354,0.6177332737856503,8
"['V14', 'V12', 'V16', 'V8', 'V1', 'V2', 'V21']",0.8378378378378378,0.062,0.1154562383612663,0.6176774884125105,7
"['V10', 'V4', 'V14', 'V12', 'V1', 'V2', 'V21']",0.8648648648648649,0.05812897366030881,0.10893617021276596,0.6176429443491142,7
"['V10', 'V4', 'V14', 'V12', 'V17', 'V11', 'V9', 'V21']",0.8648648648648649,0.058931860036832415,0.1103448275862069,0.617642782480276,8
"['V14', 'V4', 'V2', 'V3', 'V5', 'V8', 'V16']",0.8378378378378378,0.047436878347360364,0.08979000724112962,0.6176040220213135,7
"['V14', 'V12', 'V16', 'V8', 'V11', 'V2', 'V21']",0.8378378378378378,0.0625,0.11632270168855535,0.6176021821455543,7
"['V10', 'V14', 'V16', 'V17', 'V11', 'V21']",0.8378378378378378,0.06746463547334058,0.12487411883182276,0.6175946523976471,6
"['V10', 'V4', 'V14', 'V12', 'V9', 'V1', 'V2', 'V21']",0.8648648648648649,0.058394160583941604,0.1094017094017094,0.6175639719823863,8
"['V14', 'V17', 'V9']",0.8243243243243243,0.06725468577728776,0.12436289500509684,0.6175248597552007,3
"['V10', 'V4', 'V14', 'V12', 'V9', 'V2', 'V21']",0.8648648648648649,0.0585544373284538,0.10968294772922023,0.6175149721034934,7
"['V10', 'V14', 'V16', 'V11', 'V2']",0.8378378378378378,0.07101947308132875,0.13093980992608237,0.6174393438661399,5
"['V10', 'V4', 'V14', 'V12', 'V17', 'V11', 'V9', 'V1', 'V21']",0.8513513513513513,0.058768656716417914,0.1099476439790576,0.6174050989676976,9
"['V10', 'V4', 'V14', 'V12', 'V17', 'V11', 'V1', 'V21']",0.8513513513513513,0.058823529411764705,0.11004366812227075,0.6174031202837871,8
"['V4', 'V14', 'V16', 'V9', 'V2']",0.8513513513513513,0.04831288343558282,0.09143686502177069,0.6173484987883905,5
"['V10', 'V4', 'V14', 'V16', 'V17', 'V11', 'V9', 'V1']",0.8648648648648649,0.061127029608404965,0.11418376449598573,0.6173258986038194,8
"['V14', 'V16', 'V17', 'V11', 'V9', 'V1', 'V21']",0.8243243243243243,0.06230847803881512,0.11585944919278253,0.6172928767454342,7
"['V10', 'V14', 'V17', 'V8', 'V11', 'V1']",0.8378378378378378,0.061752988047808766,0.1150278293135436,0.6172906629283357,6
"['V10', 'V14', 'V12', 'V1', 'V21']",0.8243243243243243,0.0671067106710671,0.12410986775178026,0.6172343750690104,5
"['V10', 'V4', 'V14', 'V16', 'V17', 'V1', 'V21']",0.8648648648648649,0.05638766519823789,0.10587262200165426,0.6172305457922076,7
"['V14', 'V12', 'V17', 'V8', 'V9', 'V1']",0.8243243243243243,0.060396039603960394,0.11254612546125461,0.6172156153219885,6
"['V4', 'V14', 'V12', 'V16', 'V17', 'V9', 'V1', 'V21']",0.8648648648648649,0.05378151260504202,0.10126582278481013,0.6171904755874726,8
"['V4', 'V14', 'V12', 'V8', 'V9', 'V2', 'V21']",0.8918918918918919,0.05365853658536585,0.10122699386503067,0.6171821701060713,7
"['V4', 'V14', 'V12', 'V8', 'V11', 'V21']",0.8918918918918919,0.05962059620596206,0.1117696867061812,0.6171384903064884,6
"['V10', 'V4', 'V14', 'V12', 'V8', 'V9', 'V2']",0.8783783783783784,0.06069094304388422,0.11353711790393013,0.6170309913627839,7
"['V14', 'V4', 'V2', 'V16']",0.8513513513513513,0.04838709677419355,0.09156976744186046,0.6170135385722288,4
"['V4', 'V14', 'V16', 'V2']",0.8513513513513513,0.04838709677419355,0.09156976744186046,0.6170135385722288,4
"['V14', 'V12', 'V9', 'V1', 'V2', 'V21']",0.8378378378378378,0.06835722160970231,0.12640163098878696,0.6169469061584997,6
"['V10', 'V14', 'V16', 'V11', 'V1']",0.8378378378378378,0.06790799561883899,0.12563323201621074,0.6169302917281367,5
"['V4', 'V14', 'V12', 'V8', 'V9']",0.8918918918918919,0.05454545454545454,0.102803738317757,0.6169270466694073,5
"['V10', 'V14', 'V11', 'V9', 'V1']",0.8243243243243243,0.06637649619151251,0.1228600201409869,0.6169067947685402,5
"['V10', 'V4', 'V14', 'V12', 'V17', 'V8', 'V11', 'V9', 'V2', 'V21']",0.8648648648648649,0.061127029608404965,0.11418376449598573,0.6168829771165539,10
"['V14', 'V12', 'V16', 'V8', 'V21']",0.8243243243243243,0.06256410256410257,0.11630123927550047,0.6168411838698998,5
"['V4', 'V14', 'V12', 'V17', 'V8', 'V1', 'V2', 'V21']",0.8918918918918919,0.05209155485398579,0.09843400447427293,0.616772520666156,8
"['V10', 'V14', 'V12', 'V16', 'V11', 'V1', 'V21']",0.8243243243243243,0.0691609977324263,0.12761506276150628,0.6167378059334513,7
"['V10', 'V4', 'V14', 'V16', 'V17', 'V9', 'V1', 'V21']",0.8648648648648649,0.056288478452066845,0.10569777043765483,0.6167285584990552,8
"['V10', 'V14', 'V12', 'V11', 'V9', 'V2', 'V21']",0.8378378378378378,0.06645230439442658,0.12313803376365443,0.6166691503768081,7
"['V4', 'V14', 'V12', 'V16', 'V17', 'V9', 'V1', 'V2', 'V21']",0.8648648648648649,0.0542832909245123,0.10215482841181166,0.6165769337326459,9
"['V14', 'V4', 'V2', 'V3', 'V5', 'V8', 'V6', 'V1', 'V7', 'V11', 'V9', 'V12', 'V20']",0.8918918918918919,0.057692307692307696,0.10837438423645321,0.6165527969597506,13
"['V4', 'V14', 'V12', 'V16', 'V17', 'V9', 'V21']",0.8648648648648649,0.05373635600335852,0.10118577075098814,0.616518033933708,7
"['V4', 'V14', 'V16', 'V17', 'V9', 'V2']",0.8513513513513513,0.04701492537313433,0.0891089108910891,0.6164957745801034,6
"['V4', 'V14', 'V12', 'V16', 'V17', 'V11', 'V9', 'V21']",0.8648648648648649,0.05579773321708806,0.10483210483210484,0.6164413454506377,8
"['V10', 'V14', 'V16', 'V17', 'V11', 'V2', 'V21']",0.8378378378378378,0.06702702702702702,0.12412412412412413,0.6164258673772383,7
"['V10', 'V14', 'V12', 'V16', 'V17', 'V9', 'V1', 'V21']",0.8378378378378378,0.06533192834562697,0.12121212121212122,0.6163263738658058,8
"['V14', 'V12', 'V16', 'V9', 'V1']",0.8243243243243243,0.07168037602820211,0.1318918918918919,0.6162858012970742,5
"['V4', 'V14', 'V12', 'V17', 'V8', 'V9', 'V1']",0.8918918918918919,0.0528,0.09969788519637462,0.6162642729102057,7
"['V10', 'V4', 'V14', 'V8', 'V9', 'V1', 'V21']",0.8648648648648649,0.054841473864610114,0.1031426269137792,0.6162338566763021,7
"['V4', 'V14', 'V12', 'V8', 'V9', 'V1', 'V2']",0.8918918918918919,0.05374592833876222,0.10138248847926268,0.6161682520016504,7
"['V4', 'V14', 'V16', 'V17', 'V2']",0.8513513513513513,0.04712041884816754,0.0892983699503898,0.6160889097797738,5
"['V4', 'V14', 'V12', 'V16', 'V17', 'V11', 'V9', 'V1', 'V21']",0.8648648648648649,0.05555555555555555,0.10440456769983687,0.6160678750556496,9
"['V4', 'V14', 'V12', 'V16', 'V17', 'V21']",0.8648648648648649,0.05337781484570475,0.10054988216810684,0.6160511219496297,6
"['V4', 'V14', 'V12', 'V17', 'V8', 'V9', 'V2', 'V21']",0.8918918918918919,0.05292702485966319,0.09992429977289932,0.6160495949595367,8
"['V4', 'V14', 'V12', 'V16', 'V17', 'V11', 'V1', 'V21']",0.8648648648648649,0.056091148115687994,0.10534979423868313,0.6160229392729715,8
"['V14', 'V12', 'V16', 'V8', 'V1', 'V2']",0.8243243243243243,0.06174089068825911,0.11487758945386065,0.6160195650406504,6
"['V10', 'V4', 'V14', 'V12', 'V17', 'V11']",0.8648648648648649,0.05866177818515124,0.10987124463519313,0.6159995851346663,6
"['V14', 'V12', 'V16', 'V8', 'V1', 'V21']",0.8243243243243243,0.06174089068825911,0.11487758945386065,0.6159389207888908,6
"['V14', 'V12', 'V17', 'V8', 'V11', 'V9', 'V1', 'V2', 'V21']",0.8378378378378378,0.06345957011258956,0.11798287345385347,0.6159313591595775,9
"['V10', 'V4', 'V14', 'V12', 'V17', 'V11', 'V9']",0.8648648648648649,0.05866177818515124,0.10987124463519313,0.6158781491537971,7
"['V14', 'V12', 'V16', 'V17', 'V8', 'V2', 'V21']",0.8378378378378378,0.05950095969289827,0.1111111111111111,0.6158678859874366,7
"['V10', 'V4', 'V14', 'V16', 'V17', 'V1']",0.8648648648648649,0.055507372072853424,0.10431947840260798,0.6158289504349939,6
"['V4', 'V14', 'V12', 'V16', 'V17', 'V9', 'V2', 'V21']",0.8648648648648649,0.05414551607445008,0.10191082802547771,0.6158188457210254,8
"['V4', 'V14', 'V16', 'V11', 'V9', 'V2']",0.8513513513513513,0.05421686746987952,0.10194174757281553,0.6157350785489022,6
"['V4', 'V14', 'V12', 'V16', 'V17', 'V11', 'V1', 'V2', 'V21']",0.8648648648648649,0.056091148115687994,0.10534979423868313,0.615688688407077,9
"['V14', 'V12', 'V8', 'V1', 'V21']",0.8378378378378378,0.059672762271414825,0.11141060197663971,0.6156791260951442,5
"['V10', 'V14', 'V12', 'V11', 'V9', 'V21']",0.8243243243243243,0.07193396226415094,0.13232104121475055,0.6156676860327632,6
"['V4', 'V14', 'V12', 'V16', 'V17', 'V11', 'V21']",0.8648648648648649,0.0564373897707231,0.10596026490066225,0.6156365894721881,7
"['V14', 'V12', 'V16', 'V8']",0.8243243243243243,0.06360792492179354,0.1181026137463698,0.6154724785417434,4
"['V14', 'V4', 'V2', 'V3', 'V5', 'V8', 'V6', 'V1', 'V7', 'V11', 'V9', 'V12', 'Amount']",0.8918918918918919,0.0582010582010582,0.10927152317880795,0.615459764239464,13
"['V10', 'V4', 'V14', 'V17', 'V8', 'V11', 'V21']",0.8783783783783784,0.06422924901185771,0.11970534069981584,0.6154383293202698,7
"['V14', 'V12', 'V16', 'V11', 'V9', 'V21']",0.8243243243243243,0.07367149758454106,0.1352549889135255,0.6154358936729752,6
"['V10', 'V14', 'V12', 'V1']",0.8243243243243243,0.06630434782608696,0.1227364185110664,0.6154099203956913,4
"['V10', 'V14', 'V11', 'V21']",0.8378378378378378,0.06761177753544166,0.12512613521695257,0.6154035528633388,4
"['V4', 'V14', 'V12', 'V17', 'V8', 'V11', 'V21']",0.8918918918918919,0.058666666666666666,0.11009174311926606,0.6153945753270503,7
"['V10', 'V14', 'V12', 'V2', 'V21']",0.8378378378378378,0.0684326710816777,0.12653061224489795,0.6153932695191311,5
"['V14', 'V10', 'V12']",0.8378378378378378,0.07021517553793885,0.12957157784743992,0.6153753443998721,3
"['V10', 'V14', 'V12']",0.8378378378378378,0.07021517553793885,0.12957157784743992,0.6153753443998721,3
"['V4', 'V14', 'V12', 'V16', 'V17', 'V1', 'V21']",0.8648648648648649,0.05351170568561873,0.10078740157480315,0.6153708917027797,7
"['V10', 'V14', 'V12', 'V1', 'V2', 'V21']",0.8378378378378378,0.06761177753544166,0.12512613521695257,0.615359858252753,6
"['V10', 'V4', 'V14', 'V8', 'V1', 'V21']",0.8783783783783784,0.055698371893744644,0.10475423045930701,0.6153540509545572,6
"['V10', 'V14', 'V16', 'V11']",0.8378378378378378,0.0711825487944891,0.1312169312169312,0.6153338617647844,4
"['V4', 'V14', 'V12', 'V8', 'V11', 'V1', 'V2', 'V21']",0.8918918918918919,0.058876003568242644,0.11046025104602511,0.6153300816840398,8
"['V10', 'V14', 'V12', 'V17', 'V8', 'V11', 'V1', 'V2']",0.8513513513513513,0.06017191977077364,0.11239964317573595,0.6152471971046,8
"['V10', 'V14', 'V12', 'V16', 'V11', 'V1']",0.8243243243243243,0.06800445930880714,0.12564366632337795,0.6152351415489883,6
"['V14', 'V12', 'V17', 'V8', 'V9', 'V1', 'V2']",0.8513513513513513,0.0609284332688588,0.11371841155234658,0.6152106579346772,7
"['V14', 'V4', 'V2', 'V3', 'V5', 'V8', 'V6', 'V16']",0.8783783783783784,0.050505050505050504,0.09551800146950772,0.6151879469418909,8
"['V14', 'V17', 'V8', 'V11', 'V9', 'V1', 'V2', 'V21']",0.8243243243243243,0.06081754735792622,0.11327762302692665,0.6151238058826332,8
"['V14', 'V4', 'V2', 'V3', 'V5', 'V8', 'V6', 'V1', 'V7', 'V11', 'V9', 'V12', 'V18']",0.8918918918918919,0.05871886120996441,0.11018363939899833,0.6150633606935118,13
"['V10', 'V14', 'V12', 'V16', 'V17', 'V9', 'V2', 'V21']",0.8378378378378378,0.06458333333333334,0.11992263056092843,0.615051251480349,8
"['V10', 'V14', 'V1']",0.8513513513513513,0.06051873198847262,0.11300448430493273,0.6150223101073614,3
"['V14', 'V10', 'V1']",0.8513513513513513,0.06051873198847262,0.11300448430493273,0.6150223101073614,3
"['V10', 'V14', 'V8', 'V11', 'V1']",0.8378378378378378,0.0611439842209073,0.11397058823529412,0.61496945149961,5
"['V10', 'V4', 'V14', 'V17', 'V8', 'V11', 'V9', 'V21']",0.8783783783783784,0.06480558325024925,0.12070566388115135,0.6149533446660316,8
"['V14', 'V12', 'V16', 'V11', 'V9', 'V2', 'V21']",0.8243243243243243,0.07393939393939394,0.135706340378198,0.6149423095074185,7
"['V14', 'V8', 'V9', 'V1']",0.8243243243243243,0.05893719806763285,0.11000901713255185,0.6149300711331337,4
"['V14', 'V12', 'V16', 'V9', 'V21']",0.8243243243243243,0.07393939393939394,0.135706340378198,0.6149212786463433,5
"['V10', 'V4', 'V14', 'V16', 'V17', 'V9', 'V1']",0.8648648648648649,0.05545927209705372,0.10423452768729642,0.6148933841528899,7
"['V10', 'V14', 'V12', 'V16', 'V17', 'V9', 'V2']",0.8513513513513513,0.06481481481481481,0.12045889101338432,0.614887595137209,7
"['V4', 'V14', 'V12', 'V17', 'V8', 'V11', 'V9', 'V1']",0.8783783783783784,0.058876811594202896,0.11035653650254669,0.6148160529655048,8
"['V4', 'V14', 'V12', 'V16', 'V17', 'V11', 'V9', 'V1', 'V2', 'V21']",0.8648648648648649,0.05604203152364273,0.10526315789473684,0.6147994504893911,10
"['V4', 'V14', 'V12', 'V17', 'V8', 'V21']",0.8918918918918919,0.05160281469898358,0.0975609756097561,0.6147835296917692,6
"['V10', 'V14', 'V12', 'V16', 'V11', 'V21']",0.8243243243243243,0.0686164229471316,0.12668743509865005,0.614746525803561,6
"['V4', 'V14', 'V16', 'V11']",0.8513513513513513,0.05502183406113537,0.10336341263330599,0.6147295507878519,4
"['V10', 'V14', 'V12', 'V1', 'V2']",0.8378378378378378,0.06695464362850972,0.124,0.6146911230477639,5
"['V4', 'V14', 'V16', 'V9']",0.8513513513513513,0.0485362095531587,0.09183673469387756,0.6146910794448436,4
"['V10', 'V14', 'V16', 'V17', 'V11', 'V1', 'V2', 'V21']",0.8378378378378378,0.06156901688182721,0.1147086031452359,0.6146871358133297,8
"['V14', 'V11', 'V9', 'V21']",0.8243243243243243,0.06538049303322616,0.1211519364448858,0.6146225484853376,4
"['V4', 'V14', 'V12', 'V8', 'V1']",0.8918918918918919,0.052884615384615384,0.09984871406959153,0.6146012249606108,5
"['V4', 'V14', 'V16', 'V17', 'V1', 'V2']",0.8513513513513513,0.04701492537313433,0.0891089108910891,0.6145539629662661,6
"['V10', 'V14', 'V12', 'V2']",0.8513513513513513,0.06847826086956521,0.1267605633802817,0.614476000351723,4
"['V10', 'V14', 'V12', 'V21']",0.8378378378378378,0.07126436781609195,0.13135593220338984,0.6144733424154373,4
"['V10', 'V4', 'V14', 'V12', 'V17', 'V8', 'V2']",0.8783783783783784,0.05941499085923217,0.1113013698630137,0.6144701735951971,7
"['V10', 'V14', 'V17', 'V11', 'V21']",0.8378378378378378,0.06739130434782609,0.12474849094567404,0.6144280579527308,5
"['V4', 'V14', 'V12', 'V8', 'V11', 'V9']",0.8918918918918919,0.0617399438727783,0.11548556430446194,0.614424543925462,6
"['V4', 'V14', 'V16', 'V9', 'V1', 'V2']",0.8513513513513513,0.0481283422459893,0.0911062906724512,0.6144064353050631,6
"['V14', 'V16', 'V11', 'V9', 'V2']",0.8243243243243243,0.07168037602820211,0.1318918918918919,0.6143887111246622,5
"['V14', 'V11', 'V9', 'V2', 'V21']",0.8243243243243243,0.06524064171122995,0.12091179385530228,0.614384890265099,5
"['V14', 'V12', 'V8', 'V2', 'V21']",0.8378378378378378,0.06042884990253411,0.11272727272727273,0.6143733847443591,5
"['V4', 'V14', 'V12', 'V17', 'V8', 'V11', 'V1', 'V2', 'V21']",0.8918918918918919,0.058823529411764705,0.11036789297658862,0.6143438933250539,9
"['V4', 'V14', 'V16', 'V1', 'V2']",0.8513513513513513,0.048091603053435114,0.09104046242774566,0.6143290345879013,5
"['V14', 'V11', 'V9', 'V1', 'V21']",0.8243243243243243,0.06545064377682404,0.12127236580516898,0.6143007218838369,5
"['V10', 'V14', 'V12', 'V11', 'V9', 'V2']",0.8243243243243243,0.06455026455026455,0.1197252208047105,0.6143001097527344,6
"['V14', 'V4', 'V2', 'V3', 'V5', 'V8', 'V6', 'V1', 'V7', 'V11', 'V9', 'V12', 'V19']",0.8918918918918919,0.05845881310894597,0.10972568578553615,0.6142878482093922,13
"['V14', 'V16', 'V17', 'V11', 'V9', 'V2']",0.8243243243243243,0.06573275862068965,0.1217564870259481,0.6142874635124852,6
"['V10', 'V14', 'V12', 'V11', 'V9']",0.8243243243243243,0.07003444316877153,0.1291005291005291,0.6142033647108535,5
"['V14', 'V4', 'V2', 'V3', 'V5', 'V8', 'V6', 'V1', 'V7', 'V11', 'V9', 'V12']",0.8918918918918919,0.05814977973568282,0.10918114143920596,0.6141639206581078,12
"['V14', 'V12', 'V16', 'V11', 'V9', 'V1', 'V21']",0.8243243243243243,0.07721518987341772,0.1412037037037037,0.6140935711378895,7
"['V10', 'V4', 'V14', 'V17', 'V8', 'V21']",0.8783783783783784,0.05747126436781609,0.1078838174273859,0.6140688214100781,6
"['V10', 'V4', 'V14', 'V17', 'V8', 'V9', 'V21']",0.8783783783783784,0.05742049469964664,0.1077943615257048,0.6140249803095996,7
"['V4', 'V14', 'V16', 'V11', 'V1']",0.8513513513513513,0.05492589363557106,0.10319410319410319,0.6139205451265911,5
"['V10', 'V14', 'V12', 'V17', 'V9', 'V1', 'V21']",0.8513513513513513,0.06331658291457286,0.11786716557530402,0.613846362403155,7
"['V14', 'V4', 'V16']",0.8513513513513513,0.04842428900845504,0.09163636363636364,0.6138179361616005,3
"['V4', 'V14', 'V16']",0.8513513513513513,0.04842428900845504,0.09163636363636364,0.6138179361616005,3
"['V10', 'V14', 'V12', 'V11', 'V2', 'V21']",0.8243243243243243,0.06327800829875518,0.11753371868978806,0.6137585711629618,6
"['V14', 'V12', 'V16', 'V9', 'V1', 'V2']",0.8378378378378378,0.06935123042505593,0.128099173553719,0.6137040340850284,6
"['V10', 'V4', 'V14', 'V17', 'V8', 'V1', 'V2', 'V21']",0.8783783783783784,0.05726872246696035,0.10752688172043011,0.6136976216330898,8
"['V10', 'V14', 'V12', 'V16', 'V11', 'V1', 'V2']",0.8243243243243243,0.06703296703296703,0.12398373983739837,0.6136843006837375,7
"['V10', 'V14', 'V12', 'V11', 'V9', 'V1', 'V2']",0.8378378378378378,0.07005649717514124,0.12930135557872785,0.6136208389218879,7
"['V4', 'V14', 'V12', 'V16', 'V17', 'V11', 'V9', 'V1']",0.8648648648648649,0.05560382276281494,0.10448979591836735,0.613612059093257,8
"['V10', 'V14', 'V17', 'V1']",0.8513513513513513,0.06051873198847262,0.11300448430493273,0.613594075135224,4
"['V14', 'V12', 'V16', 'V8', 'V1']",0.8243243243243243,0.06275720164609054,0.11663479923518165,0.6134901775992985,5
"['V4', 'V14', 'V16', 'V11', 'V9', 'V1', 'V2']",0.8513513513513513,0.05445116681071737,0.10235580828594638,0.6134824504969456,7
"['V14', 'V8', 'V11', 'V9', 'V1', 'V2', 'V21']",0.8243243243243243,0.06027667984189723,0.11233885819521179,0.6134656510955866,7
"['V10', 'V4', 'V14', 'V12', 'V17', 'V21']",0.8648648648648649,0.05653710247349823,0.10613598673300166,0.6134477955798581,6
"['V4', 'V14', 'V12', 'V16', 'V17', 'V1', 'V2', 'V21']",0.8648648648648649,0.053691275167785234,0.10110584518167456,0.6134239238703878,8
"['V10', 'V14', 'V12', 'V16', 'V11']",0.8243243243243243,0.06808035714285714,0.12577319587628866,0.613383449772758,5
"['V4', 'V14', 'V12', 'V16', 'V17', 'V2', 'V21']",0.8648648648648649,0.05355648535564853,0.1008668242710796,0.6133431715765436,7
"['V10', 'V14', 'V17', 'V8', 'V11', 'V1', 'V2', 'V21']",0.8378378378378378,0.06037000973709834,0.11262488646684832,0.6133423309352611,8
"['V4', 'V14', 'V16', 'V17', 'V11', 'V2']",0.8513513513513513,0.053389830508474574,0.10047846889952153,0.613323744809301,6
"['V10', 'V4', 'V14', 'V8', 'V11', 'V21']",0.8783783783783784,0.0626204238921002,0.11690647482014388,0.6132988580934416,6
"['V10', 'V4', 'V14', 'V12', 'V17', 'V9', 'V1', 'V21']",0.8648648648648649,0.055846422338568937,0.10491803278688525,0.6132818296489607,8
"['V14', 'V12', 'V16', 'V17', 'V8', 'V11', 'V2', 'V21']",0.8243243243243243,0.05716963448922212,0.10692375109553023,0.6132661203303852,8
"['V4', 'V14', 'V16', 'V17', 'V11', 'V9', 'V2']",0.8513513513513513,0.05357142857142857,0.1008,0.6132327259500676,7
"['V14', 'V12', 'V9', 'V2']",0.8243243243243243,0.06673960612691467,0.12348178137651822,0.6131610668958505,4
"['V4', 'V14', 'V12', 'V16', 'V17', 'V11', 'V9', 'V2', 'V21']",0.8648648648648649,0.05638766519823789,0.10587262200165426,0.6131244179119709,9
"['V10', 'V4', 'V14', 'V12', 'V17', 'V1', 'V21']",0.8648648648648649,0.056140350877192984,0.10543657331136738,0.6130907924953292,7
"['V14', 'V12', 'V9', 'V2', 'V21']",0.8243243243243243,0.06846240179573512,0.12642487046632125,0.6130864126385799,5
"['V4', 'V14', 'V12', 'V8', 'V11', 'V1']",0.8918918918918919,0.05994550408719346,0.1123404255319149,0.6130244520220681,6
"['V10', 'V14', 'V11', 'V2', 'V21']",0.8378378378378378,0.06645230439442658,0.12313803376365443,0.6130131616119963,5
"['V4', 'V14', 'V12', 'V16', 'V17', 'V11', 'V9']",0.8648648648648649,0.055846422338568937,0.10491803278688525,0.613008113923913,7
"['V10', 'V14', 'V17', 'V11', 'V2', 'V21']",0.8378378378378378,0.06623931623931624,0.12277227722772277,0.612971546704749,6
"['V14', 'V12', 'V17', 'V8', 'V11', 'V9', 'V1']",0.8243243243243243,0.06407563025210083,0.1189083820662768,0.6129711715021422,7
"['V10', 'V14', 'V16', 'V17', 'V11', 'V2']",0.8378378378378378,0.0656084656084656,0.12168792934249265,0.6127349227662398,6
"['V4', 'V14', 'V12', 'V8', 'V2', 'V21']",0.8918918918918919,0.0531829170024174,0.10038022813688213,0.6127330006534081,6
"['V4', 'V14', 'V12', 'V16', 'V17', 'V11', 'V2', 'V21']",0.8648648648648649,0.0566873339238264,0.10640066500415628,0.6127139088805099,8
"['V14', 'V12', 'V16', 'V8', 'V11', 'V2']",0.8243243243243243,0.06256410256410257,0.11630123927550047,0.612686978133118,6
"['V10', 'V4', 'V14', 'V12', 'V17']",0.8648648648648649,0.056239015817223195,0.10561056105610561,0.6126511545603837,5
"['V14', 'V16', 'V17', 'V11', 'V9']",0.8243243243243243,0.06559139784946237,0.12151394422310757,0.6125714063469972,5
"['V14', 'V4', 'V2', 'V3', 'V5', 'V8', 'V6', 'V1', 'V7', 'V11', 'V9', 'V12', 'V17']",0.8918918918918919,0.05789473684210526,0.10873146622734761,0.61255382318944,13
"['V14', 'V12', 'V9', 'V1', 'V21']",0.8243243243243243,0.07060185185185185,0.1300639658848614,0.6125480395879279,5
"['V4', 'V14', 'V12', 'V16', 'V17', 'V11', 'V1']",0.8648648648648649,0.05560382276281494,0.10448979591836735,0.6125460500354784,7
"['V10', 'V14', 'V12', 'V11', 'V1', 'V21']",0.8243243243243243,0.06846240179573512,0.12642487046632125,0.6125405383595146,6
"['V14', 'V10', 'V8', 'V17', 'V16', 'V9', 'V2', 'V20', 'V18', 'V21', 'V4']",0.8783783783783784,0.06196377502383222,0.1157613535173642,0.6123763312983567,11
"['V14', 'V12', 'V16', 'V8', 'V11', 'V1', 'V2']",0.8378378378378378,0.06358974358974359,0.11820781696854146,0.6123729447786285,7
"['V4', 'V14', 'V12', 'V16', 'V17', 'V9', 'V1', 'V2']",0.8648648648648649,0.053691275167785234,0.10110584518167456,0.6123568960142166,8
"['V4', 'V14', 'V16', 'V9', 'V1']",0.8513513513513513,0.04861111111111111,0.09197080291970802,0.6123468136115575,5
"['V10', 'V4', 'V14', 'V8', 'V11', 'V9', 'V21']",0.8783783783783784,0.06280193236714976,0.11722272317403065,0.6123106001432149,7
"['V10', 'V4', 'V14', 'V12', 'V17', 'V9']",0.8648648648648649,0.056338028169014086,0.10578512396694215,0.612294473949503,6
"['V4', 'V14', 'V12', 'V9', 'V21']",0.8783783783783784,0.0521669341894061,0.09848484848484848,0.6122901846685356,5
"['V10', 'V4', 'V14', 'V12', 'V17', 'V9', 'V21']",0.8648648648648649,0.05599300087489064,0.10517666392769104,0.6122839399874526,7
"['V4', 'V14', 'V12', 'V17', 'V8', 'V1']",0.8918918918918919,0.05292702485966319,0.09992429977289932,0.612220022563351,6
"['V10', 'V4', 'V14', 'V12', 'V8', 'V11', 'V9', 'V2']",0.8783783783783784,0.06506506506506507,0.1211556383970177,0.6121728092076542,8
"['V10', 'V4', 'V14', 'V12', 'V17', 'V11', 'V1']",0.8648648648648649,0.058931860036832415,0.1103448275862069,0.6120995514837493,7
"['V4', 'V14', 'V12', 'V16', 'V17', 'V11']",0.8648648648648649,0.05599300087489064,0.10517666392769104,0.6120720876113136,6
"['V10', 'V4', 'V14', 'V8', 'V21']",0.8783783783783784,0.056228373702422146,0.10569105691056911,0.6120555181524101,5
"['V4', 'V14', 'V12', 'V16', 'V17', 'V11', 'V9', 'V1', 'V2']",0.8648648648648649,0.05574912891986063,0.10474631751227496,0.6120134823951027,9
"['V10', 'V4', 'V14', 'V8', 'V9', 'V21']",0.8783783783783784,0.05637467476149176,0.10594947025264874,0.6120103700099111,6
"['V4', 'V14', 'V12', 'V17', 'V8', 'V9', 'V1', 'V2']",0.8918918918918919,0.054142739950779326,0.10208816705336426,0.6119836590290586,8
"['V10', 'V14', 'V12', 'V16', 'V17', 'V9', 'V1', 'V2', 'V21']",0.8378378378378378,0.06256306760847628,0.11643192488262911,0.6119765129553821,9
"['V10', 'V4', 'V14', 'V12', 'V17', 'V11', 'V9', 'V1']",0.8648648648648649,0.05904059040590406,0.11053540587219343,0.6119677837304563,8
"['V10', 'V4', 'V14', 'V12', 'V17', 'V8', 'V9', 'V2']",0.8783783783783784,0.05996309963099631,0.11226252158894647,0.6119600033224651,8
"['V4', 'V14', 'V16', 'V1']",0.8513513513513513,0.0485362095531587,0.09183673469387756,0.6119152371257075,4
"['V10', 'V4', 'V14', 'V17', 'V8', 'V9', 'V1', 'V2', 'V21']",0.8783783783783784,0.0568678915135608,0.10682004930156122,0.6119091418390092,9
"['V14', 'V12', 'V16', 'V17', 'V8', 'V2']",0.8378378378378378,0.06019417475728155,0.11231884057971014,0.6118848279854129,6
"['V14', 'V12', 'V16', 'V17', 'V8', 'V1', 'V21']",0.8378378378378378,0.057998129092609915,0.1084864391951006,0.6118360418158926,7
"['V14', 'V12', 'V16', 'V9']",0.8243243243243243,0.07210401891252956,0.13260869565217392,0.6118129558889734,4
"['V4', 'V14', 'V12', 'V11', 'V9', 'V21']",0.8783783783783784,0.05996309963099631,0.11226252158894647,0.6118105212245637,6
"['V10', 'V14', 'V16', 'V17', 'V11', 'V1', 'V21']",0.8378378378378378,0.061752988047808766,0.1150278293135436,0.6117989730036998,7
"['V10', 'V14', 'V12', 'V11', 'V1', 'V2', 'V21']",0.8378378378378378,0.06609808102345416,0.1225296442687747,0.611730123649825,7
"['V4', 'V14', 'V16', 'V17', 'V11', 'V1', 'V2']",0.8513513513513513,0.05303030303030303,0.09984152139461172,0.6117036538258223,7
"['V4', 'V14', 'V16', 'V17', 'V9']",0.8513513513513513,0.04740406320541761,0.08980755523877405,0.6116827831211383,5
"['V14', 'V12', 'V16', 'V11', 'V9', 'V1']",0.8243243243243243,0.07349397590361446,0.13495575221238937,0.6116649459372469,6
"['V4', 'V14', 'V12', 'V16', 'V17', 'V1']",0.8783783783783784,0.054076539101497505,0.10188087774294671,0.6116540338633091,6
"['V10', 'V14', 'V12', 'V16', 'V17', 'V11', 'V9', 'V2', 'V21']",0.8243243243243243,0.06380753138075314,0.11844660194174757,0.6116113225269808,9
"['V10', 'V4', 'V14', 'V17', 'V8', 'V1']",0.8648648648648649,0.05750224618149147,0.10783487784330244,0.6115663050212052,6
"['V14', 'V16', 'V11', 'V9']",0.8243243243243243,0.07142857142857142,0.1314655172413793,0.6115516677619812,4
"['V14', 'V12', 'V8', 'V21']",0.8378378378378378,0.06072477962781587,0.1132420091324201,0.6115082932821627,4
"['V10', 'V14', 'V11', 'V9', 'V1', 'V2']",0.8378378378378378,0.0656084656084656,0.12168792934249265,0.6114662739038427,6
"['V4', 'V14', 'V12', 'V17', 'V8', 'V9']",0.8918918918918919,0.05335489086499596,0.10068649885583524,0.6114213723178326,6
"['V10', 'V4', 'V14', 'V17', 'V8', 'V9', 'V1']",0.8648648648648649,0.05786618444846293,0.10847457627118644,0.6113962695307442,7
"['V14', 'V12', 'V17', 'V8', 'V2', 'V21']",0.8378378378378378,0.058935361216730035,0.11012433392539965,0.6113782786113912,6
"['V4', 'V14', 'V12', 'V16', 'V17', 'V9', 'V2']",0.8648648648648649,0.053691275167785234,0.10110584518167456,0.6113445927370786,7
"['V4', 'V14', 'V12', 'V16', 'V17', 'V11', 'V9', 'V2']",0.8648648648648649,0.056091148115687994,0.10534979423868313,0.6113228096954729,8
"['V4', 'V14', 'V12', 'V11', 'V21']",0.8783783783783784,0.06007393715341959,0.11245674740484429,0.6112800011425089,5
"['V4', 'V14', 'V16', 'V17', 'V11', 'V9', 'V1', 'V2']",0.8513513513513513,0.052941176470588235,0.09968354430379747,0.6112759165154367,8
"['V10', 'V14', 'V12', 'V17', 'V9', 'V2']",0.8513513513513513,0.06256206554121152,0.11655874190564293,0.6112496034369099,6
"['V10', 'V14', 'V12', 'V11', 'V2']",0.8243243243243243,0.06269270298047276,0.11652340019102196,0.611208948715409,5
"['V14', 'V17', 'V11', 'V9', 'V2']",0.8243243243243243,0.06496272630457935,0.12043435340572557,0.6111799536577601,5
"['V4', 'V14', 'V12', 'V8']",0.8918918918918919,0.05396565821749796,0.1017733230531997,0.6111451503877365,4
"['V14', 'V12', 'V9', 'V21']",0.8243243243243243,0.07176470588235294,0.13203463203463203,0.6111235539393752,4
"['V4', 'V14', 'V12', 'V16', 'V17', 'V9', 'V1']",0.8648648648648649,0.05382674516400336,0.10134600158353127,0.6110819639680927,7
"['V4', 'V14', 'V12', 'V16', 'V17', 'V1', 'V2']",0.8783783783783784,0.054484492875104776,0.1026045777426993,0.6110170044502247,7
"['V4', 'V14', 'V12', 'V16', 'V17', 'V9']",0.8648648648648649,0.05378151260504202,0.10126582278481013,0.6109890341897442,6
"['V4', 'V14', 'V12', 'V17', 'V8', 'V11', 'V1']",0.8918918918918919,0.059513074842200184,0.11158072696534235,0.6109721410566924,7
"['V10', 'V14', 'V12', 'V17', 'V9', 'V2', 'V21']",0.8513513513513513,0.06331658291457286,0.11786716557530402,0.6109662742914348,7
"['V10', 'V14', 'V12', 'V16', 'V17', 'V11', 'V9', 'V2']",0.8243243243243243,0.061991869918699184,0.11531190926275993,0.6109501387336036,8
"['V10', 'V14', 'V17', 'V1', 'V2']",0.8513513513513513,0.05965909090909091,0.11150442477876106,0.6109045266095772,5
"['V4', 'V14', 'V16', 'V17']",0.8513513513513513,0.04712041884816754,0.0892983699503898,0.6108345347376055,4
"['V4', 'V14', 'V12', 'V16', 'V17']",0.8648648648648649,0.053156146179401995,0.10015649452269171,0.6107665173654903,5
"['V10', 'V14', 'V12', 'V16', 'V17', 'V9', 'V1', 'V2']",0.8378378378378378,0.06181455633100698,0.11513463324048283,0.6107132049394809,8
"['V14', 'V12', 'V16', 'V8', 'V11', 'V1']",0.8378378378378378,0.06288032454361055,0.1169811320754717,0.6107066329688835,6
"['V14', 'V12', 'V16', 'V11', 'V9', 'V2']",0.8243243243243243,0.07043879907621248,0.12978723404255318,0.6107059228600595,6
"['V10', 'V14', 'V11', 'V1', 'V21']",0.8378378378378378,0.06444906444906445,0.11969111969111969,0.6106999711363702,5
"['V4', 'V14', 'V16', 'V17', 'V9', 'V1']",0.8513513513513513,0.04747550866616428,0.08993576017130621,0.6106473272137471,6
"['V4', 'V14', 'V16', 'V11', 'V9']",0.8513513513513513,0.05502183406113537,0.10336341263330599,0.6106467932807533,5
"['V14', 'V16', 'V17', 'V8', 'V2', 'V21']",0.8378378378378378,0.060077519379844964,0.11211573236889692,0.6106345699055544,6
"['V10', 'V14', 'V16', 'V11', 'V1', 'V2']",0.8378378378378378,0.06768558951965066,0.12525252525252525,0.6105885239772891,6
"['V10', 'V14', 'V1', 'V2']",0.8513513513513513,0.059322033898305086,0.11091549295774648,0.6105523437857852,4
"['V10', 'V4', 'V14', 'V12', 'V17', 'V11', 'V2', 'V21']",0.8513513513513513,0.058333333333333334,0.10918544194107452,0.6105085291658922,8
"['V10', 'V14', 'V8', 'V11', 'V1', 'V2', 'V21']",0.8378378378378378,0.05938697318007663,0.11091234347048301,0.6105051762242986,7
"['V4', 'V14', 'V12', 'V17', 'V8', 'V11', 'V9']",0.8918918918918919,0.060218978102189784,0.11282051282051282,0.6104648216440876,7
"['V4', 'V14', 'V12', 'V21']",0.8783783783783784,0.05220883534136546,0.09855951478392722,0.6104476760420938,4
"['V14', 'V12', 'V17', 'V8', 'V11', 'V9', 'V1', 'V2']",0.8378378378378378,0.06438213914849429,0.11957569913211186,0.6103987002615169,8
"['V14', 'V17', 'V8', 'V11', 'V9', 'V1']",0.8243243243243243,0.0625,0.11619047619047619,0.610385937217761,6
"['V4', 'V14', 'V12', 'V16', 'V17', 'V11', 'V1', 'V2']",0.8648648648648649,0.05574912891986063,0.10474631751227496,0.61038376816933,8
"['V10', 'V14', 'V12', 'V16', 'V17', 'V2']",0.8648648648648649,0.06458123107971746,0.12018779342723004,0.6103317736506735,6
"['V10', 'V4', 'V14', 'V12', 'V17', 'V11', 'V1', 'V2', 'V21']",0.8513513513513513,0.058333333333333334,0.10918544194107452,0.610257508384261,9
"['V4', 'V14', 'V16', 'V17', 'V11']",0.8513513513513513,0.05352591333899745,0.10071942446043165,0.6102455051974357,5
"['V14', 'V12', 'V11', 'V9', 'V1', 'V21']",0.8243243243243243,0.07625,0.13958810068649885,0.6101965035343127,6
"['V4', 'V14', 'V16', 'V11', 'V9', 'V1']",0.8513513513513513,0.05492589363557106,0.10319410319410319,0.6100933992704324,6
"['V10', 'V14', 'V12', 'V16', 'V17', 'V9', 'V1']",0.8243243243243243,0.06314699792960662,0.11730769230769231,0.6099914835928076,7
"['V14', 'V12', 'V16', 'V8', 'V11']",0.8378378378378378,0.06307222787385554,0.1173131504257332,0.6099699099796849,5
"['V10', 'V4', 'V14', 'V12', 'V17', 'V11', 'V9', 'V2', 'V21']",0.8513513513513513,0.058279370952821465,0.10909090909090909,0.6099563539102679,9
"['V10', 'V4', 'V14', 'V12', 'V17', 'V11', 'V9', 'V1', 'V2', 'V21']",0.8513513513513513,0.058279370952821465,0.10909090909090909,0.6099180623142062,10
"['V14', 'V17', 'V11', 'V9', 'V1', 'V21']",0.8243243243243243,0.06230847803881512,0.11585944919278253,0.6098958525658158,6
"['V14', 'V12', 'V9']",0.8243243243243243,0.07052023121387284,0.1299254526091587,0.6097789535938658,3
"['V4', 'V14', 'V12', 'V8', 'V11', 'V9', 'V2', 'V21']",0.8918918918918919,0.06077348066298342,0.11379310344827587,0.6097468029291448,8
"['V10', 'V4', 'V14', 'V12', 'V8', 'V11', 'V2']",0.8783783783783784,0.0639763779527559,0.11926605504587157,0.6096860147737574,7
"['V10', 'V4', 'V14', 'V11', 'V9', 'V21']",0.8648648648648649,0.062135922330097085,0.11594202898550725,0.609653508189951,6
"['V10', 'V4', 'V14', 'V12', 'V17', 'V1']",0.8648648648648649,0.056288478452066845,0.10569777043765483,0.6096153065950741,6
"['V10', 'V14', 'V12', 'V11', 'V1']",0.8243243243243243,0.06792873051224944,0.12551440329218108,0.6095815331329353,5
"['V14', 'V11', 'V9', 'V1', 'V2', 'V21']",0.8243243243243243,0.06524064171122995,0.12091179385530228,0.6095750158374985,6
"['V14', 'V12', 'V16', 'V17', 'V8', 'V21']",0.8378378378378378,0.05938697318007663,0.11091234347048301,0.6095686030473705,6
"['V4', 'V14', 'V12', 'V11', 'V9', 'V1', 'V21']",0.8783783783783784,0.06046511627906977,0.11314186248912098,0.6095620644212288,7
"['V10', 'V4', 'V14', 'V12', 'V17', 'V9', 'V1']",0.8648648648648649,0.05599300087489064,0.10517666392769104,0.6095458394234224,7
"['V10', 'V14', 'V12', 'V11', 'V21']",0.8243243243243243,0.06725468577728776,0.12436289500509684,0.6095354254583109,5
"['V10', 'V4', 'V14', 'V11', 'V21']",0.8648648648648649,0.0624390243902439,0.1164695177434031,0.6094985456864752,5
"['V14', 'V4', 'V2', 'V3', 'V5', 'V16']",0.8378378378378378,0.04644194756554307,0.0880056777856636,0.6094680737522153,6
"['V10', 'V14', 'V12', 'V17', 'V9', 'V1']",0.8513513513513513,0.06256206554121152,0.11655874190564293,0.6094492481228265,6
"['V10', 'V14', 'V12', 'V16', 'V17', 'V9', 'V21']",0.8378378378378378,0.06958473625140292,0.12849740932642487,0.6094251092806682,7
"['V14', 'V12', 'V8']",0.8378378378378378,0.06084396467124632,0.11344922232387923,0.6094244140071976,3
"['V4', 'V14', 'V16', 'V17', 'V11', 'V9']",0.8513513513513513,0.053480475382003394,0.10063897763578275,0.6094074541602731,6
"['V14', 'V12', 'V16', 'V2', 'V21']",0.8243243243243243,0.06601731601731602,0.12224448897795591,0.60939063142603,5
"['V10', 'V14', 'V11']",0.8378378378378378,0.06588735387885228,0.12216748768472907,0.6093838750959719,3
"['V14', 'V10', 'V11']",0.8378378378378378,0.06588735387885228,0.12216748768472907,0.6093838750959719,3
"['V10', 'V4', 'V14', 'V17', 'V8', 'V2', 'V21']",0.8783783783783784,0.057624113475177305,0.10815307820299501,0.6093657697635145,7
"['V14', 'V12', 'V16', 'V8', 'V11', 'V1', 'V21']",0.8378378378378378,0.06275303643724696,0.1167608286252354,0.6093500655601024,7
"['V14', 'V17', 'V11', 'V9', 'V1', 'V2', 'V21']",0.8243243243243243,0.06192893401015229,0.11520302171860246,0.6093310294717711,7
"['V4', 'V14', 'V12', 'V11', 'V1', 'V21']",0.8783783783783784,0.06057781919850885,0.11333914559721012,0.6093146458461002,6
"['V4', 'V14', 'V12', 'V16', 'V17', 'V11', 'V2']",0.8648648648648649,0.056140350877192984,0.10543657331136738,0.6093123029885256,7
"['V14', 'V12', 'V9', 'V1', 'V2']",0.8378378378378378,0.06702702702702702,0.12412412412412413,0.6092933008648672,5
"['V14', 'V9', 'V2', 'V21']",0.8243243243243243,0.06374085684430512,0.11833171677982542,0.6092923908682272,4
"['V4', 'V14', 'V12', 'V16', 'V17', 'V2']",0.8648648648648649,0.053112033195020746,0.10007818608287725,0.6092410981591955,6
"['V10', 'V4', 'V14', 'V17', 'V8', 'V9', 'V2', 'V21']",0.8783783783783784,0.05747126436781609,0.1078838174273859,0.6092185021336606,8
"['V10', 'V4', 'V14', 'V17', 'V8', 'V11', 'V1', 'V2', 'V21']",0.8783783783783784,0.06304558680892337,0.11764705882352941,0.6091894550441972,9
"['V10', 'V4', 'V14', 'V11', 'V9', 'V2', 'V21']",0.8648648648648649,0.062317429406037,0.11625794732061762,0.6091670174904517,7
"['V4', 'V14', 'V12', 'V17', 'V8', 'V2', 'V21']",0.8918918918918919,0.05238095238095238,0.09895052473763119,0.6091339200073123,7
"['V14', 'V12', 'V16', 'V17', 'V8']",0.8378378378378378,0.06048780487804878,0.11282984531392175,0.6091338571584743,5
"['V4', 'V14', 'V12', 'V8', 'V11']",0.8918918918918919,0.06105457909343201,0.11428571428571428,0.6091267795817497,5
"['V4', 'V14', 'V16', 'V17', 'V1']",0.8513513513513513,0.04708520179372197,0.08923512747875353,0.609019668459528,5
"['V4', 'V14', 'V12', 'V9', 'V1', 'V21']",0.8783783783783784,0.0526742301458671,0.09938837920489296,0.608937480177096,6
"['V14', 'V12', 'V9', 'V1']",0.8243243243243243,0.06853932584269663,0.12655601659751037,0.6089278890642316,4
"['V14', 'V12', 'V16', 'V11', 'V9', 'V1', 'V2']",0.8243243243243243,0.07244655581947744,0.1331877729257642,0.6088992855598646,7
"['V10', 'V14', 'V16', 'V17', 'V11']",0.8378378378378378,0.0668103448275862,0.12375249500998003,0.6088983531888703,5
"['V14', 'V12', 'V16', 'V2']",0.8243243243243243,0.06510138740661686,0.12067260138476756,0.6087575831048385,4
"['V10', 'V14', 'V16', 'V17', 'V11', 'V1']",0.8378378378378378,0.061630218687872766,0.11481481481481481,0.6087357309265237,6
"['V10', 'V14', 'V12', 'V16', 'V17', 'V2', 'V21']",0.8648648648648649,0.065439672801636,0.12167300380228137,0.6087120171062468,7
"['V14', 'V12', 'V16', 'V8', 'V11', 'V21']",0.8378378378378378,0.0625,0.11632270168855535,0.60868733698495,6
"['V14', 'V12', 'V16', 'V17', 'V8', 'V11', 'V1', 'V2', 'V21']",0.8378378378378378,0.05805243445692884,0.1085814360770578,0.6086327671281175,9
"['V10', 'V14', 'V17', 'V11', 'V9', 'V1']",0.8243243243243243,0.06087824351297405,0.11338289962825279,0.6085992131760842,6
"['V10', 'V14', 'V12', 'V11']",0.8378378378378378,0.06753812636165578,0.125,0.6085164531104104,4
"['V14', 'V16', 'V17', 'V8', 'V21']",0.8378378378378378,0.05961538461538462,0.11131059245960502,0.6085022879347093,5
"['V14', 'V12', 'V17', 'V8', 'V21']",0.8378378378378378,0.05921680993314231,0.11061552185548618,0.6083580876399102,5
"['V10', 'V14', 'V12', 'V16', 'V17', 'V11', 'V9', 'V1', 'V21']",0.8243243243243243,0.06482465462274177,0.12019704433497537,0.6083211978944661,9
"['V14', 'V8', 'V9', 'V1', 'V2']",0.8378378378378378,0.058991436726926735,0.11022222222222222,0.6083147139581058,5
"['V10', 'V14', 'V11', 'V2']",0.8378378378378378,0.06471816283924843,0.12015503875968993,0.6083021402276888,4
"['V14', 'V4', 'V2', 'V3', 'V5', 'V8', 'V6', 'V1', 'V7', 'V11', 'V12']",0.8918918918918919,0.0584070796460177,0.10963455149501661,0.6082856699028661,11
"['V10', 'V14', 'V12', 'V16', 'V17', 'V11', 'V2', 'V21']",0.8378378378378378,0.06262626262626263,0.11654135338345864,0.6082745603554603,8
"['V10', 'V14', 'V12', 'V17', 'V2', 'V21']",0.8648648648648649,0.06299212598425197,0.11743119266055047,0.608251168693071,6
"['V14', 'V17', 'V11', 'V9']",0.8243243243243243,0.06489361702127659,0.1203155818540434,0.6082456208329144,4
"['V14', 'V12', 'V16', 'V17', 'V8', 'V1', 'V2', 'V21']",0.8513513513513513,0.05758683729433273,0.10787671232876712,0.6082344313130659,8
"['V10', 'V4', 'V14', 'V11', 'V2', 'V21']",0.8648648648648649,0.06237816764132553,0.11636363636363636,0.6082131372226901,6
"['V10', 'V14', 'V12', 'V16', 'V17', 'V11', 'V2']",0.8378378378378378,0.061630218687872766,0.11481481481481481,0.6082066946577254,7
"['V14', 'V12', 'V8', 'V11', 'V1', 'V21']",0.8243243243243243,0.060396039603960394,0.11254612546125461,0.6081933251446602,6
"['V10', 'V4', 'V14', 'V17', 'V8', 'V11', 'V9', 'V1', 'V2', 'V21']",0.8783783783783784,0.06360078277886497,0.11861313868613138,0.6081690195992837,10
"['V4', 'V14', 'V16', 'V17', 'V11', 'V1']",0.8513513513513513,0.05325443786982249,0.10023866348448687,0.6081525674453697,6
"['V10', 'V4', 'V14', 'V17', 'V8', 'V11', 'V1']",0.8648648648648649,0.06504065040650407,0.12098298676748583,0.6081157261680606,7
"['V14', 'V12', 'V16', 'V17', 'V8', 'V11', 'V1', 'V21']",0.8378378378378378,0.05735430157261795,0.10735930735930736,0.6080896455696494,8
"['V14', 'V4', 'V2', 'V3', 'V5', 'V8', 'V6', 'V1', 'V7', 'V12']",0.8918918918918919,0.05128205128205128,0.09698750918442321,0.6080315850354361,10
"['V14', 'V12', 'V17', 'V8', 'V11', 'V2', 'V21']",0.8378378378378378,0.05520926090828139,0.1035923141186299,0.6080142256811661,7
"['V14', 'V12', 'V16', 'V17', 'V8', 'V11', 'V2']",0.8243243243243243,0.05876685934489403,0.10971223021582734,0.6079563754011564,7
"['V14', 'V10', 'V5']",0.8513513513513513,0.05473501303214596,0.10285714285714286,0.6079455640087799,3
"['V14', 'V12', 'V8', 'V1', 'V2', 'V21']",0.8513513513513513,0.06075216972034716,0.11341134113411341,0.6078801747287423,6
"['V10', 'V4', 'V14', 'V17', 'V8', 'V11', 'V9', 'V1']",0.8648648648648649,0.06451612903225806,0.1200750469043152,0.6078416498696081,8
"['V14', 'V12', 'V8', 'V11', 'V2', 'V21']",0.8243243243243243,0.05658627087198516,0.10590277777777778,0.6077698524310089,6
"['V4', 'V14', 'V16', 'V17', 'V11', 'V9', 'V1']",0.8513513513513513,0.05325443786982249,0.10023866348448687,0.6077632703062531,7
"['V14', 'V4', 'V2', 'V3', 'V16']",0.8378378378378378,0.048324240062353856,0.09137803979366249,0.6076376397499686,5
"['V14', 'V8', 'V11', 'V9', 'V1']",0.8243243243243243,0.0615539858728557,0.11455399061032864,0.6076043359122573,5
"['V14', 'V9', 'V1']",0.8378378378378378,0.06345957011258956,0.11798287345385347,0.6075797709535644,3
"['V4', 'V14', 'V17', 'V9', 'V2', 'V21']",0.8513513513513513,0.04375,0.083223249669749,0.6075703481277045,6
"['V10', 'V4', 'V14', 'V8', 'V11', 'V1']",0.8648648648648649,0.06324110671936758,0.11786372007366483,0.6075688470793036,6
"['V14', 'V9', 'V21']",0.8243243243243243,0.06340956340956341,0.11776061776061776,0.6075325509930063,3
"['V14', 'V10', 'V8', 'V17', 'V4']",0.8648648648648649,0.058287795992714025,0.10921501706484642,0.6075069531743655,5
"['V10', 'V4', 'V14', 'V17', 'V8']",0.8648648648648649,0.058287795992714025,0.10921501706484642,0.6075069531743655,5
"['V10', 'V4', 'V14', 'V17', 'V11', 'V9', 'V21']",0.8648648648648649,0.061068702290076333,0.1140819964349376,0.607502325641251,7
"['V4', 'V14', 'V12', 'V8', 'V9', 'V2']",0.8918918918918919,0.05569620253164557,0.10484511517077046,0.6074850127118427,6
"['V10', 'V14', 'V17', 'V11', 'V1', 'V21']",0.8378378378378378,0.06181455633100698,0.11513463324048283,0.6074647117149041,6
"['V14', 'V16', 'V11', 'V9', 'V1']",0.8243243243243243,0.07068366164542295,0.13020277481323372,0.6074434920466707,5
"['V4', 'V14', 'V12', 'V17', 'V8']",0.8918918918918919,0.05374592833876222,0.10138248847926268,0.6074285592140102,5
"['V10', 'V4', 'V14', 'V17', 'V8', 'V9']",0.8648648648648649,0.05807622504537205,0.10884353741496598,0.6074049203577104,6
"['V10', 'V4', 'V14', 'V12', 'V17', 'V11', 'V1', 'V2']",0.8648648648648649,0.05850091407678245,0.1095890410958904,0.6073991935699519,8
"['V4', 'V14', 'V12', 'V1', 'V21']",0.8783783783783784,0.052759740259740256,0.0995405819295559,0.6073375122933024,5
"['V14', 'V12', 'V16', 'V11', 'V9']",0.8243243243243243,0.07076566125290024,0.13034188034188035,0.6073368360596071,5
"['V10', 'V4', 'V14', 'V8', 'V1', 'V2', 'V21']",0.8783783783783784,0.05588993981083405,0.10509296685529507,0.6072253586708091,7
"['V10', 'V14', 'V12', 'V16', 'V17', 'V11', 'V9', 'V1', 'V2', 'V21']",0.8378378378378378,0.06372045220966084,0.11843361986628462,0.6072064287184975,10
"['V14', 'V17', 'V9', 'V1']",0.8378378378378378,0.06307222787385554,0.1173131504257332,0.607159652113677,4
"['V10', 'V4', 'V14', 'V17', 'V11', 'V21']",0.8648648648648649,0.061010486177311724,0.11398040961709706,0.6071588363434589,6
"['V14', 'V12', 'V8', 'V2']",0.8378378378378378,0.060077519379844964,0.11211573236889692,0.6071473861129868,4
"['V10', 'V14', 'V12', 'V17', 'V11', 'V9', 'V2', 'V21']",0.8513513513513513,0.06,0.11209964412811388,0.6070625913519643,8
"['V10', 'V14', 'V12', 'V16', 'V17', 'V1', 'V2', 'V21']",0.8513513513513513,0.06231454005934718,0.11612903225806452,0.6070332237714072,8
"['V10', 'V14', 'V12', 'V17', 'V9', 'V21']",0.8378378378378378,0.06567796610169492,0.12180746561886051,0.6070281047662534,6
"['V10', 'V14', 'V12', 'V17', 'V11', 'V9', 'V2']",0.8513513513513513,0.058279370952821465,0.10909090909090909,0.6070269087658847,7
"['V10', 'V4', 'V14', 'V9', 'V2', 'V21']",0.8648648648648649,0.05714285714285714,0.10720268006700168,0.6069820504703443,6
"['V10', 'V14', 'V12', 'V16', 'V17', 'V11', 'V1', 'V21']",0.8378378378378378,0.06212424849699399,0.11567164179104478,0.6069787048670929,8
"['V14', 'V12', 'V16', 'V17', 'V9', 'V2']",0.8378378378378378,0.061083743842364535,0.11386593204775022,0.60696727095336,6
"['V10', 'V4', 'V14', 'V12', 'V17', 'V11', 'V9', 'V1', 'V2']",0.8648648648648649,0.058394160583941604,0.1094017094017094,0.6069523537648246,9
"['V10', 'V14', 'V12', 'V11', 'V1', 'V2']",0.8378378378378378,0.06546990496304118,0.12144955925563174,0.6068377997031766,6
"['V4', 'V14', 'V17', 'V2', 'V21']",0.8513513513513513,0.04384133611691023,0.08338848444738584,0.606831305862339,5
"['V4', 'V14', 'V12', 'V9', 'V2', 'V21']",0.8783783783783784,0.0526742301458671,0.09938837920489296,0.6068011204168938,6
"['V4', 'V14', 'V12', 'V17', 'V8', 'V11', 'V9', 'V2', 'V21']",0.8918918918918919,0.05972850678733032,0.11195928753180662,0.6068003511787213,9
"['V10', 'V14', 'V12', 'V16', 'V17', 'V11', 'V9', 'V1', 'V2']",0.8243243243243243,0.06230847803881512,0.11585944919278253,0.6067731897378829,9
"['V14', 'V12', 'V16', 'V1', 'V2', 'V21']",0.8378378378378378,0.06478578892371996,0.12027158098933075,0.6067555273495839,6
"['V10', 'V14', 'V12', 'V17', 'V2']",0.8648648648648649,0.0624390243902439,0.1164695177434031,0.6067527916292758,5
"['V10', 'V14', 'V17', 'V11', 'V2']",0.8378378378378378,0.06418219461697723,0.11923076923076924,0.6067465629534239,5
"['V14', 'V12', 'V16', 'V17', 'V8', 'V11', 'V21']",0.8378378378378378,0.05772811918063315,0.10801393728222997,0.6066762605908304,7
"['V10', 'V4', 'V14', 'V8', 'V9', 'V2', 'V21']",0.8783783783783784,0.05666957279860506,0.10647010647010648,0.6066464053564249,7
"['V10', 'V4', 'V14', 'V2', 'V21']",0.8648648648648649,0.05678793256433008,0.10657785179017486,0.6066444455015776,5
"['V4', 'V14', 'V12', 'V8', 'V1', 'V2']",0.8918918918918919,0.05392156862745098,0.1016949152542373,0.6066308225717091,6
"['V10', 'V14', 'V12', 'V16', 'V17', 'V9']",0.8378378378378378,0.06790799561883899,0.12563323201621074,0.6066279310782197,6
"['V4', 'V14', 'V12', 'V9', 'V1', 'V2', 'V21']",0.8783783783783784,0.052845528455284556,0.09969325153374232,0.6065993134075168,7
"['V10', 'V14', 'V12', 'V16', 'V17', 'V11', 'V1', 'V2', 'V21']",0.8378378378378378,0.060546875,0.11293260473588343,0.6065821852846282,9
"['V10', 'V4', 'V14', 'V12', 'V17', 'V11', 'V9', 'V2']",0.8648648648648649,0.05807622504537205,0.10884353741496598,0.6065769813203237,8
"['V10', 'V4', 'V14', 'V9', 'V2']",0.8648648648648649,0.05658709106984969,0.10622406639004149,0.6065586621430737,5
"['V10', 'V4', 'V14', 'V12', 'V17', 'V11', 'V2']",0.8648648648648649,0.05834092980856882,0.10930828351836037,0.6065133607904777,7
"['V14', 'V12', 'V16', 'V17', 'V9', 'V2', 'V21']",0.8243243243243243,0.060939060939060936,0.11348837209302326,0.6064978882293255,7
"['V14', 'V11', 'V9', 'V2']",0.8243243243243243,0.0639412997903564,0.11867704280155641,0.6063702705817883,4
"['V4', 'V14', 'V12', 'V17', 'V8', 'V9', 'V2']",0.8918918918918919,0.054455445544554455,0.1026438569206843,0.6063255101203212,7
"['V14', 'V17', 'V8', 'V2', 'V21']",0.8378378378378378,0.05772811918063315,0.10801393728222997,0.6062268661043324,5
"['V14', 'V16', 'V8', 'V21']",0.8378378378378378,0.056776556776556776,0.10634648370497427,0.6062171901427456,4
"['V10', 'V4', 'V14', 'V17', 'V9', 'V2']",0.8648648648648649,0.05658709106984969,0.10622406639004149,0.6062097245316715,6
"['V10', 'V14', 'V12', 'V17', 'V9']",0.8378378378378378,0.06444906444906445,0.11969111969111969,0.6061970385405243,5
"['V10', 'V4', 'V14', 'V21']",0.8648648648648649,0.05693950177935943,0.10684474123539232,0.606179350109852,4
"['V4', 'V14', 'V17', 'V8', 'V9', 'V1', 'V21']",0.8648648648648649,0.04529370134465676,0.08607935440484196,0.6061359771155079,7
"['V14', 'V12', 'V17', 'V8', 'V1', 'V21']",0.8513513513513513,0.05630026809651475,0.10561609388097234,0.6060978702274988,6
"['V10', 'V14', 'V12', 'V17', 'V9', 'V1', 'V2', 'V21']",0.8378378378378378,0.06072477962781587,0.1132420091324201,0.6060929841378776,8
"['V14', 'V4', 'V2', 'V10']",0.8648648648648649,0.05714285714285714,0.10720268006700168,0.6060510907963694,4
"['V10', 'V4', 'V14', 'V2']",0.8648648648648649,0.05714285714285714,0.10720268006700168,0.6060510907963694,4
"['V10', 'V14', 'V12', 'V16', 'V17', 'V11', 'V9']",0.8378378378378378,0.06666666666666667,0.12350597609561753,0.6060505051910167,7
"['V10', 'V14', 'V12', 'V16', 'V17', 'V11', 'V9', 'V21']",0.8243243243243243,0.06673960612691467,0.12348178137651822,0.6060291889987408,8
"['V14', 'V16', 'V8', 'V2', 'V21']",0.8378378378378378,0.05688073394495413,0.10652920962199312,0.606022060474767,5
"['V10', 'V4', 'V14', 'V8', 'V9', 'V1', 'V2', 'V21']",0.8783783783783784,0.05613126079447323,0.10551948051948051,0.605994277750111,8
"['V10', 'V14', 'V12', 'V16', 'V17', 'V11', 'V9', 'V1']",0.8243243243243243,0.06380753138075314,0.11844660194174757,0.6059185222756756,8
"['V10', 'V14', 'V12', 'V16', 'V17', 'V11', 'V21']",0.8378378378378378,0.06398348813209494,0.11888782358581017,0.6059057865756203,7
"['V14', 'V12', 'V8', 'V1']",0.8378378378378378,0.06060606060606061,0.11303555150410209,0.6058816654833703,4
"['V10', 'V4', 'V14', 'V12', 'V17', 'V8', 'V11', 'V2']",0.8783783783783784,0.0626204238921002,0.11690647482014388,0.605870910390627,8
"['V14', 'V12', 'V8', 'V11', 'V21']",0.8378378378378378,0.060019361084220714,0.1120144534778681,0.6057442226414035,5
"['V10', 'V14', 'V17', 'V11']",0.8378378378378378,0.06553911205073996,0.12156862745098039,0.6057148915789758,4
"['V4', 'V14', 'V12', 'V8', 'V11', 'V9', 'V1', 'V2']",0.8918918918918919,0.06077348066298342,0.11379310344827587,0.6057026047424852,8
"['V10', 'V4', 'V14', 'V8', 'V2', 'V21']",0.8783783783783784,0.05632582322357019,0.10586319218241043,0.6056603106407072,6
"['V4', 'V14', 'V17', 'V9', 'V21']",0.8513513513513513,0.043933054393305436,0.08355437665782493,0.6056590558459607,5
"['V10', 'V4', 'V14', 'V12', 'V17', 'V1', 'V2']",0.8648648648648649,0.056838365896980464,0.10666666666666667,0.6056567007533098,7
"['V4', 'V14', 'V12', 'V17', 'V8', 'V1', 'V2']",0.8918918918918919,0.053833605220228384,0.10153846153846154,0.6056448995022908,7
"['V4', 'V14', 'V12', 'V11', 'V9', 'V2', 'V21']",0.8783783783783784,0.060861423220973786,0.1138353765323993,0.6055753481299211,7
"['V10', 'V4', 'V14', 'V12', 'V17', 'V8', 'V11', 'V9', 'V2']",0.8648648648648649,0.06256109481915934,0.11668185961713765,0.605570834189763,9
"['V10', 'V14', 'V12', 'V17', 'V9', 'V1', 'V2']",0.8513513513513513,0.06158357771260997,0.11485870556061988,0.6055035951786677,7
"['V10', 'V4', 'V14', 'V17', 'V8', 'V11']",0.8648648648648649,0.06517311608961303,0.12121212121212122,0.6054984780083772,6
"['V14', 'V17', 'V8', 'V21']",0.8378378378378378,0.05794392523364486,0.10839160839160839,0.6054932186172437,4
"['V14', 'V12', 'V16', 'V11', 'V2', 'V21']",0.8243243243243243,0.06616052060737528,0.12248995983935743,0.6054882135397401,6
"['V10', 'V4', 'V14', 'V9', 'V21']",0.8648648648648649,0.057245080500894455,0.10738255033557047,0.6054815641936708,5
"['V10', 'V14', 'V12', 'V16', 'V17', 'V11', 'V1']",0.8378378378378378,0.06156901688182721,0.1147086031452359,0.6054561177521174,7
"['V4', 'V14', 'V12', 'V11', 'V9', 'V1', 'V2', 'V21']",0.8783783783783784,0.060861423220973786,0.1138353765323993,0.6054540903685677,8
"['V14', 'V12', 'V16', 'V11', 'V2']",0.8243243243243243,0.06573275862068965,0.1217564870259481,0.6053896900620142,5
"['V10', 'V14', 'V12', 'V16', 'V17', 'V1', 'V21']",0.8378378378378378,0.06378600823045268,0.11854684512428298,0.6053840782377474,7
"['V10', 'V4', 'V12', 'V16', 'V11', 'V9', 'V2']",0.8513513513513513,0.05052125100240577,0.09538228614685844,0.6053318105185226,7
"['V10', 'V14', 'V12', 'V16', 'V17', 'V21']",0.8378378378378378,0.06609808102345416,0.1225296442687747,0.6053157550224212,6
"['V10', 'V4', 'V12', 'V16', 'V11', 'V2']",0.8513513513513513,0.05060240963855422,0.09552691432903715,0.6052924039930063,6
"['V4', 'V14', 'V12', 'V17', 'V11', 'V9', 'V21']",0.8783783783783784,0.055793991416309016,0.10492332526230831,0.6052118924193458,7
"['V10', 'V14', 'V12', 'V16', 'V17']",0.8378378378378378,0.06533192834562697,0.12121212121212122,0.6051865045383983,5
"['V14', 'V12', 'V17', 'V8']",0.8378378378378378,0.058991436726926735,0.11022222222222222,0.6051859988655237,4
"['V14', 'V11', 'V9']",0.8243243243243243,0.06414300736067298,0.11902439024390243,0.6051561270110393,3
"['V14', 'V9', 'V1', 'V2']",0.8378378378378378,0.06313645621181263,0.11742424242424243,0.6051358793782585,4
"['V4', 'V14', 'V17', 'V8', 'V9', 'V1', 'V2', 'V21']",0.8648648648648649,0.04507042253521127,0.0856760374832664,0.6050963072572013,8
"['V14', 'V12', 'V17', 'V8', 'V2']",0.8378378378378378,0.05921680993314231,0.11061552185548618,0.6049894270658533,5
"['V14', 'V12', 'V11', 'V9', 'V2', 'V21']",0.8243243243243243,0.06747787610619468,0.12474437627811862,0.6049360124809534,6
"['V14', 'V16', 'V11', 'V9', 'V1', 'V2']",0.8243243243243243,0.06846240179573512,0.12642487046632125,0.6049104474715201,6
"['V14', 'V12', 'V16', 'V17', 'V9', 'V1', 'V2', 'V21']",0.8378378378378378,0.05910390848427073,0.11041852181656278,0.6048846351790893,8
"['V4', 'V14', 'V12', 'V11', 'V1', 'V2', 'V21']",0.8783783783783784,0.06063432835820896,0.11343804537521815,0.6048459457948088,7
"['V10', 'V4', 'V14', 'V12', 'V17', 'V1', 'V2', 'V21']",0.8783783783783784,0.05696757230499562,0.10699588477366255,0.6048427047101813,8
"['V4', 'V14', 'V17', 'V8', 'V9', 'V21']",0.8648648648648649,0.04548685145700071,0.08642808912896692,0.6048342683147503,6
"['V4', 'V14', 'V12', 'V11', 'V9']",0.8783783783783784,0.0593607305936073,0.11120615911035073,0.6048199398668787,5
"['V14', 'V12', 'V16', 'V17', 'V8', 'V1', 'V2']",0.8378378378378378,0.05805243445692884,0.1085814360770578,0.604813721825145,7
"['V14', 'V12', 'V16', 'V1', 'V2']",0.8243243243243243,0.06414300736067298,0.11902439024390243,0.6048042349623425,5
"['V14', 'V12', 'V16', 'V17', 'V8', 'V1']",0.8378378378378378,0.058991436726926735,0.11022222222222222,0.6047941796324036,6
"['V10', 'V4', 'V14', 'V12', 'V17', 'V2', 'V21']",0.8783783783783784,0.05721830985915493,0.10743801652892562,0.6047744726975991,7
"['V10', 'V4', 'V14', 'V17', 'V9', 'V2', 'V21']",0.8648648648648649,0.056288478452066845,0.10569777043765483,0.6047696728161821,7
"['V4', 'V14', 'V12', 'V1', 'V2', 'V21']",0.8783783783783784,0.053061224489795916,0.10007698229407236,0.6047481646636922,6
"['V10', 'V4', 'V12', 'V16', 'V11', 'V1', 'V2']",0.8513513513513513,0.050119331742243436,0.0946656649135988,0.6047436643784816,7
"['V14', 'V12', 'V11', 'V9', 'V1', 'V2', 'V21']",0.8243243243243243,0.07287933094384708,0.13391877058177826,0.6047382600675119,7
"['V10', 'V4', 'V14', 'V12', 'V17', 'V9', 'V1', 'V2']",0.8648648648648649,0.05638766519823789,0.10587262200165426,0.6047170709080196,8
"['V10', 'V4', 'V14', 'V8', 'V11', 'V9', 'V1', 'V2', 'V21']",0.8783783783783784,0.0626204238921002,0.11690647482014388,0.6047155530670718,9
"['V14', 'V12', 'V16', 'V17', 'V11', 'V9', 'V2', 'V21']",0.8243243243243243,0.06387434554973823,0.1185617103984451,0.6046852276326589,8
"['V4', 'V14', 'V12', 'V9']",0.8783783783783784,0.05187549880287311,0.09796533534287867,0.6046666811162485,4
"['V10', 'V12', 'V11', 'V9', 'V21']",0.7972972972972973,0.0667420814479638,0.12317327766179541,0.6046432048371121,5
"['V4', 'V14', 'V12', 'V11', 'V2', 'V21']",0.8783783783783784,0.0608044901777362,0.1137357830271216,0.6045816379659615,6
"['V10', 'V4', 'V14', 'V17', 'V8', 'V11', 'V9', 'V2', 'V21']",0.8783783783783784,0.0641025641025641,0.11948529411764706,0.6045266762164859,9
"['V4', 'V14', 'V12', 'V11']",0.8783783783783784,0.05919854280510018,0.11092150170648464,0.6044964268199182,4
"['V10', 'V12', 'V11', 'V9', 'V1', 'V2']",0.7972972972972973,0.05539906103286385,0.10359964881474978,0.6044513514487652,6
"['V10', 'V4', 'V14', 'V8', 'V9', 'V1']",0.8648648648648649,0.0564373897707231,0.10596026490066225,0.6044511659274169,6
"['V10', 'V4', 'V14', 'V17', 'V9', 'V21']",0.8648648648648649,0.056288478452066845,0.10569777043765483,0.6044343495309916,6
"['V10', 'V4', 'V14', 'V17', 'V8', 'V11', 'V9']",0.8648648648648649,0.0653061224489796,0.12144212523719165,0.6043679265158677,7
"['V14', 'V12', 'V11', 'V9', 'V1']",0.8243243243243243,0.0733173076923077,0.1346578366445916,0.6043618489865034,5
"['V4', 'V14', 'V17', 'V8', 'V9', 'V2', 'V21']",0.8648648648648649,0.04529370134465676,0.08607935440484196,0.6043616797396265,7
"['V14', 'V4', 'V2', 'V3', 'V5', 'V8', 'V6', 'V1', 'V12']",0.8918918918918919,0.05084745762711865,0.09620991253644315,0.60435696544194,9
"['V4', 'V14', 'V12', 'V17', 'V11', 'V9', 'V1', 'V21']",0.8783783783783784,0.056228373702422146,0.10569105691056911,0.6043542053219587,8
"['V10', 'V4', 'V14', 'V17', 'V21']",0.8648648648648649,0.056288478452066845,0.10569777043765483,0.6043447775898405,5
"['V14', 'V12', 'V11', 'V9', 'V21']",0.8243243243243243,0.07068366164542295,0.13020277481323372,0.6043402938115084,5
"['V10', 'V4', 'V14', 'V17', 'V2', 'V21']",0.8648648648648649,0.056288478452066845,0.10569777043765483,0.604330126984153,6
"['V14', 'V17', 'V9', 'V1', 'V2']",0.8378378378378378,0.06262626262626263,0.11654135338345864,0.6043182953112151,5
"['V10', 'V14', 'V12', 'V16', 'V17', 'V1', 'V2']",0.8513513513513513,0.06146341463414634,0.11464968152866242,0.6043074581359764,7
"['V4', 'V14', 'V12', 'V8', 'V11', 'V2', 'V21']",0.8918918918918919,0.06049495875343722,0.11330472103004292,0.6042974475294386,7
"['V14', 'V8', 'V11', 'V9']",0.8243243243243243,0.061306532663316586,0.11412535079513564,0.6042785843131772,4
"['V10', 'V4', 'V12', 'V16', 'V11', 'V9', 'V1', 'V2']",0.8513513513513513,0.04976303317535545,0.09402985074626866,0.6042081708973932,8
"['V10', 'V14', 'V17', 'V11', 'V9', 'V1', 'V2']",0.8513513513513513,0.062438057482656094,0.11634349030470914,0.6042057884997746,7
"['V14', 'V16', 'V17', 'V11', 'V9', 'V1', 'V2']",0.8243243243243243,0.06106106106106106,0.11369990680335508,0.6042035192476899,7
"['V14', 'V12', 'V16', 'V17', 'V9', 'V1', 'V21']",0.8243243243243243,0.060756972111553786,0.11317254174397032,0.6041870401614845,7
"['V10', 'V14', 'V12', 'V17', 'V11', 'V2', 'V21']",0.8513513513513513,0.05921052631578947,0.11072056239015818,0.6041859100500526,7
"['V10', 'V14', 'V11', 'V1', 'V2', 'V21']",0.8513513513513513,0.06441717791411043,0.11977186311787072,0.6041823505310686,6
"['V14', 'V8', 'V11', 'V9', 'V2']",0.8243243243243243,0.0615539858728557,0.11455399061032864,0.6041134295111729,5
"['V14', 'V12', 'V16', 'V1', 'V21']",0.8243243243243243,0.06455026455026455,0.1197252208047105,0.6040285638217375,5
"['V10', 'V14', 'V12', 'V17', 'V11', 'V9', 'V1', 'V21']",0.8243243243243243,0.06262833675564682,0.11641221374045801,0.6040243313899988,8
"['V10', 'V4', 'V14', 'V8', 'V11', 'V1', 'V2', 'V21']",0.8783783783783784,0.06274131274131274,0.11711711711711711,0.6039960418757901,8
"['V10', 'V4', 'V14', 'V17', 'V11', 'V9', 'V2', 'V21']",0.8648648648648649,0.060778727445394115,0.11357586512866016,0.603924567655664,8
"['V14', 'V12', 'V11', 'V9', 'V2']",0.8243243243243243,0.0650319829424307,0.12055335968379446,0.6037812215751043,5
"['V14', 'V12', 'V16', 'V11', 'V1', 'V2', 'V21']",0.8243243243243243,0.06666666666666667,0.12335692618806876,0.6037536280059995,7
"['V10', 'V4', 'V14', 'V12', 'V17', 'V9', 'V2']",0.8648648648648649,0.0566873339238264,0.10640066500415628,0.6037518185912509,7
"['V10', 'V14', 'V12', 'V17', 'V11', 'V1', 'V21']",0.8378378378378378,0.06025267249757046,0.11242067089755213,0.6037378840898866,7
"['V10', 'V4', 'V14', 'V8', 'V1']",0.8648648648648649,0.05648720211827008,0.1060480530240265,0.6037126291133021,5
"['V14', 'V12', 'V16', 'V17', 'V8', 'V11']",0.8378378378378378,0.05887939221272555,0.11002661934338953,0.6036799812759929,6
"['V10', 'V14', 'V12', 'V17', 'V1', 'V21']",0.8513513513513513,0.061704211557296766,0.11506849315068493,0.603677048306947,6
"['V4', 'V14', 'V12', 'V17', 'V8', 'V11']",0.8918918918918919,0.05956678700361011,0.1116751269035533,0.6036665195421178,6
"['V14', 'V12', 'V16', 'V21']",0.8243243243243243,0.06695938529088913,0.12385786802030457,0.6036558529212854,4
"['V10', 'V4', 'V14', 'V17', 'V11', 'V2', 'V21']",0.8648648648648649,0.06095238095238095,0.11387900355871886,0.603650855444421,7
"['V10', 'V14', 'V12', 'V17', 'V21']",0.8378378378378378,0.06300813008130081,0.11720226843100189,0.6036265542195359,5
"['V10', 'V4', 'V14', 'V12', 'V17', 'V2']",0.8783783783783784,0.05772646536412078,0.10833333333333334,0.6036242060556333,6
"['V10', 'V4', 'V14', 'V11', 'V1', 'V21']",0.8648648648648649,0.06207565470417071,0.1158371040723982,0.6036223779597156,6
"['V4', 'V14', 'V12']",0.8783783783783784,0.052125100240577385,0.0984102952308857,0.6036144352951093,3
"['V14', 'V4', 'V12']",0.8783783783783784,0.052125100240577385,0.0984102952308857,0.6036144352951093,3
"['V10', 'V4', 'V14', 'V11', 'V1', 'V2', 'V21']",0.8648648648648649,0.062317429406037,0.11625794732061762,0.6036069757512482,7
"['V10', 'V4', 'V14', 'V17', 'V8', 'V11', 'V2', 'V21']",0.8783783783783784,0.06461232604373758,0.12037037037037036,0.60358194610395,8
"['V14', 'V16', 'V17', 'V11', 'V9', 'V1']",0.8243243243243243,0.061,0.11359404096834265,0.603575680166068,6
"['V10', 'V4', 'V14', 'V17', 'V2']",0.8648648648648649,0.0564373897707231,0.10596026490066225,0.6035748907079704,5
"['V14', 'V12', 'V17', 'V9', 'V2', 'V21']",0.8378378378378378,0.06237424547283702,0.11610486891385768,0.603559862365367,6
"['V4', 'V14', 'V12', 'V17', 'V11', 'V21']",0.8783783783783784,0.05666957279860506,0.10647010647010648,0.6035512178983609,6
"['V10', 'V4', 'V14', 'V11', 'V2']",0.8648648648648649,0.06330365974282888,0.11797235023041475,0.6035168851238233,5
"['V14', 'V12', 'V16', 'V17', 'V11', 'V9', 'V2']",0.8243243243243243,0.06218144750254842,0.11563981042654028,0.6034566370430208,7
"['V4', 'V14', 'V12', 'V11', 'V1']",0.8783783783783784,0.05968778696051423,0.1117798796216681,0.6034069576134754,5
"['V10', 'V12', 'V16', 'V11', 'V9', 'V21']",0.7972972972972973,0.06420021762785637,0.11883182275931521,0.6033728469818259,6
"['V4', 'V14', 'V12', 'V11', 'V9', 'V1']",0.8783783783783784,0.05985267034990792,0.11206896551724138,0.603356055550949,6
"['V4', 'V14', 'V12', 'V9', 'V1']",0.8783783783783784,0.05229283990345937,0.09870918754745633,0.6033375006598554,5
"['V10', 'V14', 'V12', 'V17']",0.8378378378378378,0.06212424849699399,0.11567164179104478,0.6033331788810088,4
"['V10', 'V12', 'V11', 'V9', 'V1', 'V21']",0.7972972972972973,0.0665163472378805,0.12278876170655567,0.6032898587671717,6
"['V10', 'V4', 'V14', 'V8', 'V11', 'V9', 'V1']",0.8648648648648649,0.06374501992031872,0.11873840445269017,0.6032534926299874,7
"['V10', 'V4', 'V14', 'V11', 'V9', 'V2']",0.8648648648648649,0.061895551257253385,0.11552346570397112,0.6032531383541366,6
"['V10', 'V14', 'V12', 'V16', 'V17', 'V11', 'V1', 'V2']",0.8378378378378378,0.06031128404669261,0.11252268602540835,0.6032305023244922,8
"['V10', 'V14', 'V12', 'V16', 'V17', 'V11']",0.8378378378378378,0.06339468302658487,0.11787072243346007,0.6031470464643491,6
"['V10', 'V4', 'V14', 'V11', 'V9', 'V1', 'V2', 'V21']",0.8648648648648649,0.062135922330097085,0.11594202898550725,0.6031361156554977,8
"['V4', 'V14', 'V17', 'V9', 'V1', 'V2', 'V21']",0.8513513513513513,0.04509663564781675,0.08565601631543168,0.6031274622376888,7
"['V10', 'V12', 'V11', 'V9', 'V1']",0.7972972972972973,0.05566037735849057,0.10405643738977072,0.6031158781928477,5
"['V10', 'V12', 'V11', 'V9', 'V2']",0.7972972972972973,0.05694980694980695,0.1063063063063063,0.6031046769456238,5
"['V10', 'V12', 'V16', 'V11', 'V9', 'V2']",0.8108108108108109,0.055970149253731345,0.10471204188481675,0.6030699407993398,6
"['V10', 'V12', 'V16', 'V11', 'V9']",0.8108108108108109,0.055970149253731345,0.10471204188481675,0.6030478774907063,5
"['V4', 'V14', 'V12', 'V2', 'V21']",0.8783783783783784,0.05319148936170213,0.10030864197530864,0.6030430083371587,5
"['V10', 'V12', 'V11', 'V9']",0.7972972972972973,0.05728155339805825,0.1068840579710145,0.6030378354312786,4
"['V10', 'V14', 'V12', 'V16', 'V17', 'V1']",0.8378378378378378,0.06313645621181263,0.11742424242424243,0.6029717655852235,6
"['V14', 'V12', 'V16', 'V11', 'V1', 'V21']",0.8243243243243243,0.06673960612691467,0.12348178137651822,0.6028872721986773,6
"['V10', 'V12', 'V11', 'V9', 'V2', 'V21']",0.7972972972972973,0.06606942889137737,0.12202688728024819,0.6027755536272005,6
"['V10', 'V14', 'V12', 'V17', 'V11', 'V21']",0.8378378378378378,0.06048780487804878,0.11282984531392175,0.6027561316101794,6
"['V4', 'V14', 'V12', 'V17', 'V8', 'V11', 'V9', 'V1', 'V2']",0.8918918918918919,0.06027397260273973,0.11291702309666382,0.6026783320133585,9
"['V14', 'V12', 'V17', 'V8', 'V11', 'V21']",0.8378378378378378,0.056517775752051046,0.10589239965841162,0.602648762203756,6
"['V10', 'V12', 'V11', 'V9', 'V1', 'V2', 'V21']",0.7972972972972973,0.06644144144144144,0.12266112266112267,0.6025836419839135,7
"['V14', 'V16', 'V17', 'V8']",0.8378378378378378,0.06126482213438735,0.1141804788213628,0.6025638154995345,4
"['V14', 'V12', 'V17', 'V9', 'V2']",0.8378378378378378,0.06126482213438735,0.1141804788213628,0.6025560861910865,5
"['V14', 'V12', 'V16', 'V11', 'V21']",0.8243243243243243,0.06623235613463627,0.12261306532663317,0.6025409754079983,5
"['V10', 'V4', 'V14', 'V17', 'V8', 'V1', 'V2']",0.8648648648648649,0.05786618444846293,0.10847457627118644,0.6025322679726821,7
"['V14', 'V12', 'V8', 'V11', 'V1', 'V2', 'V21']",0.8378378378378378,0.05938697318007663,0.11091234347048301,0.6025203127762604,7
"['V14', 'V12', 'V8', 'V1', 'V2']",0.8648648648648649,0.0625,0.11657559198542805,0.6024732225920977,5
"['V14', 'V12', 'V17', 'V11', 'V9', 'V2', 'V21']",0.8378378378378378,0.06072477962781587,0.1132420091324201,0.6023909766165987,7
"['V14', 'V12', 'V16']",0.8243243243243243,0.0664488017429194,0.12298387096774194,0.602331723683212,3
"['V10', 'V4', 'V14', 'V12', 'V17', 'V9', 'V2', 'V21']",0.8648648648648649,0.0566873339238264,0.10640066500415628,0.6023171704075418,8
"['V10', 'V14', 'V16', 'V17', 'V11', 'V1', 'V2']",0.8378378378378378,0.0611439842209073,0.11397058823529412,0.6023145967577209,7
"['V14', 'V12', 'V8', 'V11']",0.8378378378378378,0.060077519379844964,0.11211573236889692,0.6022773367137559,4
"['V10', 'V4', 'V14', 'V17', 'V8', 'V9', 'V1', 'V2']",0.8648648648648649,0.05776173285198556,0.10829103214890017,0.6022611263894879,8
"['V14', 'V12', 'V8', 'V11', 'V1']",0.8378378378378378,0.06181455633100698,0.11513463324048283,0.602216101387416,5
"['V4', 'V14', 'V9', 'V2', 'V21']",0.8648648648648649,0.0430976430976431,0.08210391276459268,0.6022090463779539,5
"['V10', 'V4', 'V14', 'V11']",0.8648648648648649,0.06336633663366337,0.11808118081180811,0.6021389103483379,4
"['V10', 'V14', 'V11', 'V1']",0.8378378378378378,0.06385169927909372,0.11866028708133972,0.602079927722363,4
"['V10', 'V4', 'V14', 'V8', 'V11', 'V2', 'V21']",0.8783783783783784,0.06274131274131274,0.11711711711711711,0.6020447056442549,7
"['V4', 'V14', 'V12', 'V8', 'V2']",0.8918918918918919,0.05486284289276808,0.1033672670321065,0.6019844976910438,5
"['V14', 'V12', 'V16', 'V17', 'V9', 'V1', 'V2']",0.8378378378378378,0.058991436726926735,0.11022222222222222,0.601947254466477,7
"['V4', 'V14', 'V17', 'V21']",0.8648648648648649,0.04478656403079076,0.08516300731869594,0.6019341756274347,4
"['V10', 'V4', 'V14', 'V8', 'V11', 'V9', 'V2', 'V21']",0.8783783783783784,0.0626204238921002,0.11690647482014388,0.6019294534147918,8
"['V10', 'V4', 'V14', 'V12', 'V17', 'V9', 'V1', 'V2', 'V21']",0.8648648648648649,0.056288478452066845,0.10569777043765483,0.6019074332763432,9
"['V10', 'V4', 'V14', 'V8', 'V11']",0.8648648648648649,0.06374501992031872,0.11873840445269017,0.601892923081518,5
"['V14', 'V9', 'V2']",0.8378378378378378,0.06352459016393443,0.1180952380952381,0.601887801237909,3
"['V10', 'V4', 'V14', 'V17', 'V8', 'V9', 'V2']",0.8648648648648649,0.058394160583941604,0.1094017094017094,0.601882147544508,7
"['V14', 'V12', 'V16', 'V17', 'V9']",0.8378378378378378,0.06300813008130081,0.11720226843100189,0.6017256447996208,5
"['V14', 'V12', 'V11', 'V9']",0.8243243243243243,0.0686164229471316,0.12668743509865005,0.6016240815951596,4
"['V10', 'V4', 'V14', 'V17', 'V8', 'V2']",0.8648648648648649,0.05823475887170155,0.10912190963341858,0.601588897848416,6
"['V14', 'V10', 'V8', 'V17', 'V16', 'V9', 'V2', 'V20', 'V4']",0.8783783783783784,0.06220095693779904,0.1161751563896336,0.6015612074952044,9
"['V10', 'V12', 'V16', 'V11', 'V9', 'V1', 'V2']",0.7972972972972973,0.05291479820627803,0.0992430613961312,0.6015458390185939,7
"['V14', 'V12', 'V16', 'V17', 'V9', 'V21']",0.8243243243243243,0.06347554630593132,0.1178743961352657,0.6015174297049457,6
"['V10', 'V4', 'V14', 'V8', 'V11', 'V9']",0.8648648648648649,0.06349206349206349,0.11829944547134935,0.6014760879093343,6
"['V10', 'V14', 'V12', 'V17', 'V11', 'V2']",0.8378378378378378,0.05772811918063315,0.10801393728222997,0.601367925653845,6
"['V10', 'V4', 'V14', 'V17', 'V11', 'V9', 'V2']",0.8648648648648649,0.06165703275529865,0.11510791366906475,0.6013191046029648,7
"['V14', 'V12', 'V16', 'V11', 'V1', 'V2']",0.8243243243243243,0.06531049250535331,0.12103174603174603,0.60131663811109,6
"['V14', 'V12', 'V16', 'V1']",0.8243243243243243,0.06387434554973823,0.1185617103984451,0.6012427708989942,4
"['V10', 'V14', 'V17', 'V11', 'V1', 'V2', 'V21']",0.8513513513513513,0.06146341463414634,0.11464968152866242,0.6010878179010969,7
"['V14', 'V12', 'V16', 'V17', 'V11', 'V9', 'V1', 'V2', 'V21']",0.8243243243243243,0.06237218813905931,0.11596958174904944,0.6010502399428753,9
"['V14', 'V10', 'V4']",0.8648648648648649,0.057245080500894455,0.10738255033557047,0.6010433464873632,3
"['V14', 'V4', 'V10']",0.8648648648648649,0.057245080500894455,0.10738255033557047,0.6010433464873632,3
"['V10', 'V4', 'V14']",0.8648648648648649,0.057245080500894455,0.10738255033557047,0.6010433464873632,3
"['V4', 'V14', 'V12', 'V1']",0.8783783783783784,0.05254648342764753,0.09916094584286804,0.6010329542032992,4
"['V14', 'V12', 'V16', 'V17', 'V8', 'V11', 'V1', 'V2']",0.8243243243243243,0.05738476011288805,0.10729991204925242,0.601013826527694,8
"['V10', 'V12', 'V16', 'V11', 'V9', 'V1']",0.7972972972972973,0.05291479820627803,0.0992430613961312,0.6009162095284947,6
"['V10', 'V4', 'V12', 'V16', 'V8', 'V11', 'V9', 'V1', 'V21']",0.8513513513513513,0.05172413793103448,0.09752321981424149,0.6008450900459822,9
"['V10', 'V4', 'V16', 'V11', 'V9', 'V2']",0.8513513513513513,0.05219552609776305,0.09836065573770492,0.6008448434680467,6
"['V4', 'V14', 'V17', 'V1', 'V2', 'V21']",0.8513513513513513,0.044839857651245554,0.08519269776876268,0.6007799112488362,6
"['V14', 'V12', 'V17', 'V9', 'V21']",0.8378378378378378,0.06478578892371996,0.12027158098933075,0.6007664966242713,5
"['V10', 'V14', 'V12', 'V17', 'V11', 'V9', 'V21']",0.8378378378378378,0.06275303643724696,0.1167608286252354,0.6007468445814351,7
"['V14', 'V12', 'V8', 'V11', 'V2']",0.8378378378378378,0.05860113421550094,0.10954063604240283,0.6007274109541579,5
"['V4', 'V14', 'V12', 'V17', 'V8', 'V11', 'V2', 'V21']",0.8918918918918919,0.05913978494623656,0.11092436974789915,0.6006987773388529,8
"['V10', 'V4', 'V14', 'V8', 'V9']",0.8648648648648649,0.05673758865248227,0.1064891846921797,0.6006413356932054,5
"['V10', 'V4', 'V14', 'V11', 'V9', 'V1', 'V21']",0.8648648648648649,0.062317429406037,0.11625794732061762,0.6005889069095743,7
"['V14', 'V12', 'V16', 'V17', 'V8', 'V11', 'V1']",0.8513513513513513,0.059154929577464786,0.1106233538191396,0.600552149163691,7
"['V10', 'V4', 'V14', 'V17', 'V11', 'V2']",0.8648648648648649,0.06183574879227053,0.11541929666366095,0.6005288662568727,6
"['V14', 'V10', 'V8', 'V4']",0.8648648648648649,0.05693950177935943,0.10684474123539232,0.6004911881426483,4
"['V10', 'V4', 'V14', 'V8']",0.8648648648648649,0.05693950177935943,0.10684474123539232,0.6004911881426483,4
"['V14', 'V10', 'V8', 'V17', 'V16', 'V9', 'V2', 'V20', 'V18', 'V4']",0.8783783783783784,0.06292352371732816,0.11743450767841011,0.6004565919942385,10
"['V14', 'V12', 'V17', 'V8', 'V11']",0.8378378378378378,0.05849056603773585,0.10934744268077601,0.6004165329300312,5
"['V10', 'V4', 'V14', 'V9', 'V1', 'V2', 'V21']",0.8648648648648649,0.0576057605760576,0.1080168776371308,0.6003290221464317,7
"['V10', 'V4', 'V14', 'V17', 'V11']",0.8648648648648649,0.06183574879227053,0.11541929666366095,0.6003022875995745,5
"['V14', 'V12', 'V16', 'V17', 'V9', 'V1']",0.8243243243243243,0.05992141453831041,0.11172161172161173,0.6002913176264676,6
"['V10', 'V14', 'V12', 'V17', 'V11']",0.8378378378378378,0.060077519379844964,0.11211573236889692,0.600288048812408,5
"['V10', 'V14', 'V12', 'V17', 'V11', 'V9', 'V1']",0.8378378378378378,0.06307222787385554,0.1173131504257332,0.6002784519769819,7
"['V10', 'V4', 'V14', 'V11', 'V1', 'V2']",0.8648648648648649,0.064,0.1191806331471136,0.6002567174295509,6
"['V4', 'V14', 'V17', 'V8', 'V11', 'V9', 'V1', 'V21']",0.8513513513513513,0.04980237154150197,0.09410007468259896,0.6001351308162334,8
"['V4', 'V14', 'V9', 'V21']",0.8648648648648649,0.04303967720242098,0.08199871877001921,0.6001201007693021,4
"['V4', 'V14', 'V12', 'V8', 'V11', 'V9', 'V2']",0.8918918918918919,0.061971830985915494,0.11589113257243196,0.6000891050951204,7
"['V10', 'V4', 'V14', 'V17']",0.8648648648648649,0.05658709106984969,0.10622406639004149,0.6000850696544181,4
"['V14', 'V16', 'V8']",0.8378378378378378,0.05740740740740741,0.10745233968804159,0.6000285228467463,3
"['V10', 'V4', 'V14', 'V1', 'V2', 'V21']",0.8648648648648649,0.0576057605760576,0.1080168776371308,0.6000125870575126,6
"['V4', 'V14', 'V12', 'V17', 'V11', 'V1', 'V21']",0.8783783783783784,0.056719022687609075,0.10655737704918032,0.5999883074057607,7
"['V10', 'V12', 'V16', 'V11', 'V9', 'V1', 'V21']",0.7972972972972973,0.061780104712041886,0.11467444120505345,0.5999215233825942,7
"['V10', 'V14', 'V12', 'V17', 'V11', 'V1']",0.8378378378378378,0.05961538461538462,0.11131059245960502,0.5999084559767894,6
"['V4', 'V14', 'V17', 'V8', 'V21']",0.8648648648648649,0.04519774011299435,0.08590604026845637,0.5999039856604523,5
"['V4', 'V14', 'V17', 'V8', 'V2', 'V21']",0.8648648648648649,0.04516584333098095,0.08584842387659289,0.5998993466881782,6
"['V4', 'V14', 'V12', 'V17', 'V9', 'V21']",0.8783783783783784,0.050623052959501556,0.09572901325478646,0.5998917377456958,6
"['V14', 'V12', 'V17', 'V8', 'V11', 'V1', 'V21']",0.8378378378378378,0.05656934306569343,0.10598290598290598,0.5998838892907821,7
"['V4', 'V14', 'V12', 'V9', 'V2']",0.8783783783783784,0.05280259951259139,0.09961685823754789,0.5998528539716982,5
"['V10', 'V4', 'V14', 'V17', 'V11', 'V9', 'V1', 'V2', 'V21']",0.8648648648648649,0.061068702290076333,0.1140819964349376,0.599813767229228,9
"['V10', 'V14', 'V17', 'V11', 'V1']",0.8378378378378378,0.061083743842364535,0.11386593204775022,0.5997448669491521,5
"['V14', 'V12', 'V1', 'V21']",0.8243243243243243,0.062118126272912425,0.11553030303030302,0.5997327175098547,4
"['V4', 'V14', 'V17', 'V9', 'V1', 'V21']",0.8513513513513513,0.044839857651245554,0.08519269776876268,0.5997137179564521,6
"['V4', 'V14', 'V12', 'V8', 'V11', 'V1', 'V2']",0.8918918918918919,0.06043956043956044,0.11320754716981132,0.5997114956770865,7
"['V14', 'V12', 'V17', 'V11', 'V9', 'V2']",0.8378378378378378,0.058823529411764705,0.1099290780141844,0.5997040223100207,6
"['V14', 'V16', 'V17', 'V8', 'V1', 'V21']",0.8378378378378378,0.055855855855855854,0.10472972972972973,0.599685910563784,6
"['V10', 'V4', 'V14', 'V9']",0.8648648648648649,0.05678793256433008,0.10657785179017486,0.5996643945098875,4
"['V14', 'V16', 'V17', 'V8', 'V1', 'V2', 'V21']",0.8378378378378378,0.056363636363636366,0.10562180579216354,0.5996175754656203,7
"['V14', 'V16', 'V17', 'V8', 'V2']",0.8378378378378378,0.061083743842364535,0.11386593204775022,0.5996148279826758,5
"['V14', 'V10', 'V3']",0.8378378378378378,0.060784313725490195,0.113345521023766,0.5996019821096242,3
"['V14', 'V12', 'V17', 'V8', 'V1', 'V2', 'V21']",0.8648648648648649,0.05765765765765766,0.10810810810810811,0.5995789055503069,7
"['V4', 'V14', 'V12', 'V9', 'V1', 'V2']",0.8783783783783784,0.052845528455284556,0.09969325153374232,0.5995734949094865,6
"['V10', 'V4', 'V14', 'V17', 'V9']",0.8648648648648649,0.056338028169014086,0.10578512396694215,0.5994448682291256,5
"['V14', 'V16', 'V8', 'V1', 'V21']",0.8378378378378378,0.05550581915846016,0.10411418975650713,0.599379212230705,5
"['V10', 'V14', 'V12', 'V17', 'V1']",0.8513513513513513,0.06146341463414634,0.11464968152866242,0.5993619858485804,5
"['V14', 'V12', 'V16', 'V11']",0.8243243243243243,0.06517094017094018,0.12079207920792079,0.5993338080561439,4
"['V10', 'V14', 'V12', 'V17', 'V11', 'V9', 'V1', 'V2', 'V21']",0.8378378378378378,0.06031128404669261,0.11252268602540835,0.5993148101437407,9
"['V4', 'V14', 'V17', 'V11', 'V9', 'V21']",0.8513513513513513,0.04933437744714174,0.09326424870466321,0.5993106607881769,6
"['V4', 'V14', 'V9', 'V1', 'V2', 'V21']",0.8513513513513513,0.04490377761938703,0.08530805687203792,0.5993015424426885,6
"['V14', 'V4', 'V2', 'V3', 'V5', 'V10']",0.8648648648648649,0.054841473864610114,0.1031426269137792,0.5992865669695491,6
"['V4', 'V14', 'V17', 'V8', 'V1', 'V21']",0.8648648648648649,0.04510218463706836,0.08573342263898191,0.599228303486007,6
"['V14', 'V12', 'V17', 'V9', 'V1', 'V21']",0.8378378378378378,0.060077519379844964,0.11211573236889692,0.5991937280282329,6
"['V10', 'V12', 'V16', 'V11', 'V9', 'V2', 'V21']",0.7972972972972973,0.06378378378378378,0.11811811811811812,0.5991795307371638,7
"['V4', 'V14', 'V12', 'V17', 'V21']",0.8783783783783784,0.05090054815974941,0.09622501850481126,0.599177550374263,5
"['V4', 'V14', 'V17', 'V11', 'V9', 'V2', 'V21']",0.8513513513513513,0.04945054945054945,0.09347181008902077,0.5991417704083797,7
"['V4', 'V14', 'V17', 'V8', 'V1', 'V2', 'V21']",0.8648648648648649,0.04510218463706836,0.08573342263898191,0.5990738334434828,7
"['V4', 'V14', 'V12', 'V1', 'V2']",0.8783783783783784,0.052931596091205214,0.09984639016897082,0.5990591984470077,5
"['V10', 'V4', 'V14', 'V17', 'V1', 'V2', 'V21']",0.8648648648648649,0.05678793256433008,0.10657785179017486,0.5990555740967701,7
"['V4', 'V14', 'V12', 'V17', 'V9', 'V1', 'V21']",0.8783783783783784,0.0512214342001576,0.0967982129560685,0.5990481868091008,7
"['V14', 'V12', 'V16', 'V17', 'V11', 'V9', 'V21']",0.8243243243243243,0.06566200215285253,0.12163509471585245,0.5989767347497074,7
"['V4', 'V14', 'V12', 'V17', 'V8', 'V2']",0.8918918918918919,0.05441055234954658,0.10256410256410256,0.5989487987405278,6
"['V10', 'V4', 'V14', 'V17', 'V11', 'V1', 'V21']",0.8648648648648649,0.060894386298763085,0.11377777777777778,0.598875843078038,7
"['V10', 'V14', 'V12', 'V17', 'V11', 'V9']",0.8378378378378378,0.061446977205153616,0.11449676823638043,0.5988600443007679,6
"['V4', 'V14', 'V17', 'V11', 'V21']",0.8513513513513513,0.04929577464788732,0.09319526627218935,0.598836595725445,5
"['V10', 'V14', 'V12', 'V17', 'V1', 'V2', 'V21']",0.8513513513513513,0.059490084985835696,0.11120917917034422,0.5988339861613228,7
"['V4', 'V14', 'V12', 'V2']",0.8783783783783784,0.05288852725793328,0.0997697620874904,0.5987846050553121,4
"['V14', 'V4', 'V2', 'V12']",0.8783783783783784,0.05288852725793328,0.0997697620874904,0.5987846050553121,4
"['V4', 'V14', 'V17', 'V8', 'V11', 'V9', 'V21']",0.8648648648648649,0.05152979066022544,0.0972644376899696,0.5987220180101925,7
"['V14', 'V12', 'V16', 'V11', 'V1']",0.8243243243243243,0.06552094522019335,0.12139303482587065,0.5986839277172525,5
"['V10', 'V12', 'V16', 'V11', 'V9', 'V1', 'V2', 'V21']",0.7972972972972973,0.06165099268547544,0.11445198836081474,0.5986451908709143,8
"['V10', 'V4', 'V14', 'V11', 'V9']",0.8648648648648649,0.06177606177606178,0.11531531531531532,0.5986353697287665,5
"['V14', 'V12', 'V17', 'V9', 'V1', 'V2', 'V21']",0.8378378378378378,0.05788982259570495,0.10829694323144105,0.5984758030647865,7
"['V4', 'V14', 'V17', 'V11', 'V2', 'V21']",0.8513513513513513,0.04929577464788732,0.09319526627218935,0.5984695336751845,6
"['V10', 'V14', 'V17', 'V8', 'V11', 'V1', 'V2']",0.8378378378378378,0.0611439842209073,0.11397058823529412,0.5984498004668747,7
"['V14', 'V12', 'V17', 'V8', 'V11', 'V2']",0.8378378378378378,0.056776556776556776,0.10634648370497427,0.5983755288005602,6
"['V14', 'V16', 'V8', 'V1', 'V2', 'V21']",0.8378378378378378,0.0558055805580558,0.10464135021097046,0.59836935211002,6
"['V4', 'V14', 'V12', 'V11', 'V9', 'V2']",0.8783783783783784,0.0604089219330855,0.11304347826086956,0.5983680283443934,6
"['V10', 'V4', 'V12', 'V16', 'V11', 'V2', 'V21']",0.8648648648648649,0.051821862348178135,0.09778456837280367,0.5983501047483925,7
"['V14', 'V12', 'V1', 'V2', 'V21']",0.8378378378378378,0.06212424849699399,0.11567164179104478,0.5982330715143058,5
"['V10', 'V4', 'V14', 'V1', 'V21']",0.8648648648648649,0.05765765765765766,0.10810810810810811,0.5981998934052026,5
"['V14', 'V12', 'V11', 'V9', 'V1', 'V2']",0.8243243243243243,0.06923950056753689,0.12774869109947645,0.5981511965463832,6
"['V14', 'V12', 'V16', 'V17', 'V11', 'V9', 'V1', 'V21']",0.8243243243243243,0.06441393875395987,0.11949069539666993,0.5981355233902432,8
"['V14', 'V12', 'V2']",0.8378378378378378,0.06307222787385554,0.1173131504257332,0.5981244507520639,3
"['V10', 'V4', 'V14', 'V17', 'V11', 'V1', 'V2', 'V21']",0.8648648648648649,0.06095238095238095,0.11387900355871886,0.5981078317160666,8
"['V10', 'V4', 'V12', 'V16', 'V11', 'V1', 'V2', 'V21']",0.8648648648648649,0.05173807599029911,0.09763539282990084,0.5981063549412095,8
"['V4', 'V14', 'V12', 'V11', 'V9', 'V1', 'V2']",0.8783783783783784,0.060352831940575676,0.11294526498696786,0.5980117785616839,7
"['V10', 'V4', 'V12', 'V16', 'V8', 'V11', 'V1', 'V21']",0.8513513513513513,0.05126118795768918,0.09669992325402917,0.598010069729175,8
"['V14', 'V12', 'V2', 'V21']",0.8378378378378378,0.06307222787385554,0.1173131504257332,0.5979776804657908,4
"['V14', 'V4', 'V2', 'V21']",0.8783783783783784,0.04324683965402528,0.08243500317057705,0.5979725806488411,4
"['V4', 'V14', 'V2', 'V21']",0.8783783783783784,0.04324683965402528,0.08243500317057705,0.5979725806488411,4
"['V4', 'V14', 'V12', 'V17', 'V1', 'V21']",0.8783783783783784,0.051181102362204724,0.09672619047619048,0.5978565273447908,6
"['V14', 'V17', 'V8']",0.8378378378378378,0.05973025048169557,0.11151079136690648,0.5977983435796722,3
"['V4', 'V14', 'V12', 'V17', 'V8', 'V11', 'V1', 'V2']",0.8918918918918919,0.06005459508644222,0.11253196930946291,0.5977779803750419,8
"['V10', 'V14', 'V12', 'V17', 'V1', 'V2']",0.8513513513513513,0.059044048734770385,0.11042944785276074,0.597767763810374,6
"['V14', 'V12', 'V17', 'V9']",0.8378378378378378,0.06345957011258956,0.11798287345385347,0.5977621130835808,4
"['V4', 'V14', 'V12', 'V11', 'V1', 'V2']",0.8783783783783784,0.060352831940575676,0.11294526498696786,0.5976594695676792,6
"['V4', 'V14', 'V12', 'V11', 'V2']",0.8783783783783784,0.06052141527001862,0.1132404181184669,0.5975792494209468,5
"['V10', 'V4', 'V14', 'V17', 'V9', 'V1', 'V2', 'V21']",0.8648648648648649,0.05745062836624776,0.10774410774410774,0.5975516940815677,8
"['V10', 'V4', 'V14', 'V1', 'V2']",0.8648648648648649,0.05860805860805861,0.1097770154373928,0.5974869874290738,5
"['V10', 'V14', 'V12', 'V17', 'V11', 'V1', 'V2', 'V21']",0.8513513513513513,0.05838739573679333,0.10928013876843018,0.5974684828114439,8
"['V10', 'V4', 'V14', 'V17', 'V11', 'V9', 'V1', 'V21']",0.8648648648648649,0.061010486177311724,0.11398040961709706,0.5974210852176899,8
"['V10', 'V4', 'V16', 'V11', 'V9', 'V1', 'V2']",0.8513513513513513,0.05117790414297319,0.09655172413793103,0.597379872545425,7
"['V14', 'V12', 'V17', 'V11', 'V9', 'V21']",0.8378378378378378,0.06187624750499002,0.11524163568773234,0.5973086932516709,6
"['V4', 'V14', 'V17', 'V8', 'V11', 'V1', 'V21']",0.8648648648648649,0.051036682615629984,0.0963855421686747,0.5971463120768523,7
"['V14', 'V12', 'V1', 'V2']",0.8378378378378378,0.062311557788944726,0.11599625818521983,0.5971336810971486,4
"['V4', 'V14', 'V17', 'V11', 'V1', 'V2', 'V21']",0.8513513513513513,0.05048076923076923,0.09531013615733737,0.5971169506705358,7
"['V10', 'V14', 'V12', 'V17', 'V11', 'V9', 'V1', 'V2']",0.8513513513513513,0.05954631379962193,0.11130742049469965,0.5970432730513641,8
"['V4', 'V14', 'V12', 'V17', 'V11', 'V9', 'V2', 'V21']",0.8783783783783784,0.056818181818181816,0.10673234811165845,0.5969510908228722,8
"['V10', 'V14', 'V8', 'V11', 'V1', 'V2']",0.8378378378378378,0.05973025048169557,0.11151079136690648,0.5968652133724245,6
"['V10', 'V4', 'V14', 'V17', 'V11', 'V9']",0.8648648648648649,0.06147934678194044,0.1147982062780269,0.5967278499580801,6
"['V10', 'V4', 'V14', 'V17', 'V9', 'V1', 'V21']",0.8648648648648649,0.05734767025089606,0.10756302521008404,0.5966806848354508,7
"['V10', 'V4', 'V14', 'V9', 'V1', 'V21']",0.8648648648648649,0.05750224618149147,0.10783487784330244,0.5965515430514345,6
"['V10', 'V4', 'V14', 'V17', 'V1', 'V21']",0.8648648648648649,0.05739910313901345,0.10765349032800672,0.59654202157604,6
"['V10', 'V4', 'V12', 'V16', 'V17', 'V11', 'V2']",0.8513513513513513,0.046052631578947366,0.08737864077669903,0.5965049905932409,7
"['V4', 'V14', 'V11', 'V9', 'V21']",0.8513513513513513,0.04891304347826087,0.09251101321585903,0.5964719036072681,5
"['V16', 'V11', 'V9', 'V1', 'V2']",0.7837837837837838,0.03200883002207505,0.061505832449628844,0.5963845012897526,5
"['V10', 'V4', 'V14', 'V17', 'V1', 'V2']",0.8648648648648649,0.05714285714285714,0.10720268006700168,0.5963149692429903,6
"['V4', 'V14', 'V17', 'V11', 'V9', 'V1', 'V2', 'V21']",0.8513513513513513,0.050359712230215826,0.09509433962264151,0.5962988059024857,8
"['V10', 'V4', 'V12', 'V16', 'V11', 'V9', 'V1', 'V2', 'V21']",0.8648648648648649,0.05177993527508091,0.09770992366412214,0.596294191770299,9
"['V10', 'V4', 'V12', 'V16', 'V11', 'V9', 'V2', 'V21']",0.8648648648648649,0.05173807599029911,0.09763539282990084,0.5962762234128657,8
"['V4', 'V14', 'V11', 'V9', 'V2', 'V21']",0.8513513513513513,0.048799380325329204,0.09230769230769231,0.5962552847031023,6
"['V14', 'V12', 'V1']",0.8243243243243243,0.061866125760649086,0.11509433962264151,0.596191442350352,3
"['V14', 'V12', 'V16', 'V17', 'V11', 'V9', 'V1', 'V2']",0.8243243243243243,0.06063618290258449,0.11296296296296296,0.5961776304982168,8
"['V10', 'V4', 'V14', 'V11', 'V1']",0.8648648648648649,0.06342913776015857,0.11819021237303785,0.5961744206195749,5
"['V14', 'V16', 'V8', 'V2']",0.8378378378378378,0.0575139146567718,0.1076388888888889,0.5961711788079233,4
"['V14', 'V12', 'V21']",0.8378378378378378,0.06546990496304118,0.12144955925563174,0.5961585206234835,3
"['V10', 'V4', 'V14', 'V9', 'V1', 'V2']",0.8648648648648649,0.05866177818515124,0.10987124463519313,0.5961229721618214,6
"['V14', 'V12', 'V17', 'V8', 'V1']",0.8378378378378378,0.056672760511883,0.10616438356164383,0.596045217316718,5
"['V4', 'V14', 'V12', 'V17', 'V11', 'V9', 'V1', 'V2', 'V21']",0.8783783783783784,0.05666957279860506,0.10647010647010648,0.5960108434380837,9
"['V4', 'V14', 'V12', 'V17', 'V9', 'V2', 'V21']",0.8783783783783784,0.052,0.09818731117824774,0.5960105305921588,7
"['V4', 'V14', 'V11', 'V9', 'V1', 'V2', 'V21']",0.8513513513513513,0.05003971405877681,0.09452363090772693,0.5959950809020286,7
"['V4', 'V14', 'V9', 'V1', 'V21']",0.8513513513513513,0.04490377761938703,0.08530805687203792,0.5958984740482864,5
"['V4', 'V14', 'V12', 'V17', 'V9', 'V1', 'V2', 'V21']",0.8783783783783784,0.052,0.09818731117824774,0.595795050407321,8
"['V4', 'V14', 'V12', 'V17', 'V11', 'V9']",0.8783783783783784,0.056082830025884385,0.10543390105433902,0.5957621534520192,6
"['V4', 'V14', 'V17', 'V8', 'V11', 'V9', 'V1', 'V2', 'V21']",0.8648648648648649,0.050673000791765635,0.09573672400897532,0.5956398570230776,9
"['V10', 'V4', 'V14', 'V8', 'V2']",0.8648648648648649,0.0576057605760576,0.1080168776371308,0.5955872019337937,5
"['V14', 'V12', 'V16', 'V17', 'V11', 'V9']",0.8243243243243243,0.06400839454354669,0.11879259980525804,0.59550922040032,6
"['V10', 'V4', 'V12', 'V16', 'V17', 'V11', 'V1', 'V2']",0.8513513513513513,0.0457516339869281,0.08683666436940041,0.5954912484170776,8
"['V10', 'V4', 'V12', 'V16', 'V2']",0.8648648648648649,0.04915514592933948,0.09302325581395349,0.5954618310635306,5
"['V10', 'V4', 'V12', 'V16', 'V9', 'V2']",0.8648648648648649,0.049079754601226995,0.09288824383164006,0.595456124655056,6
"['V10', 'V4', 'V14', 'V11', 'V9', 'V1', 'V2']",0.8648648648648649,0.06330365974282888,0.11797235023041475,0.5954328679945404,7
"['V4', 'V14', 'V17', 'V1', 'V21']",0.8513513513513513,0.04509663564781675,0.08565601631543168,0.5953425267547936,5
"['V14', 'V11', 'V9', 'V1']",0.8243243243243243,0.06301652892561983,0.11708253358925144,0.5951682535510217,4
"['V14', 'V12', 'V17', 'V8', 'V11', 'V1', 'V2', 'V21']",0.8378378378378378,0.05511111111111111,0.10341951626355296,0.5951501475350437,8
"['V4', 'V14', 'V12', 'V17', 'V11']",0.8783783783783784,0.056228373702422146,0.10569105691056911,0.5950288122244288,5
"['V4', 'V14', 'V12', 'V17', 'V8', 'V11', 'V9', 'V2']",0.8918918918918919,0.06071757129714812,0.11369509043927649,0.595023150812283,8
"['V10', 'V4', 'V14', 'V8', 'V9', 'V2']",0.8648648648648649,0.05750224618149147,0.10783487784330244,0.5950158570375544,6
"['V10', 'V4', 'V16', 'V11', 'V2']",0.8513513513513513,0.052941176470588235,0.09968354430379747,0.595005857257995,5
"['V10', 'V4', 'V12', 'V16', 'V1', 'V2']",0.8648648648648649,0.04892966360856269,0.09261939218523878,0.5948622779006705,6
"['V10', 'V4', 'V12', 'V16', 'V9', 'V1', 'V2']",0.8648648648648649,0.04904214559386973,0.09282088469905729,0.5948039255698004,7
"['V14', 'V17', 'V8', 'V11', 'V9', 'V1', 'V2']",0.8243243243243243,0.0615539858728557,0.11455399061032864,0.5947324510505708,7
"['V14', 'V4', 'V2', 'V3', 'V5', 'V21']",0.8648648648648649,0.04153147306943543,0.07925696594427245,0.5946856223498249,6
"['V14', 'V12', 'V11', 'V21']",0.8243243243243243,0.062436028659160696,0.11607992388201713,0.5946501196515301,4
"['V14', 'V12', 'V16', 'V17', 'V11', 'V9', 'V1']",0.8243243243243243,0.06308169596690796,0.11719500480307397,0.5946467168103664,7
"['V4', 'V14', 'V17', 'V8', 'V9', 'V2']",0.8513513513513513,0.04656319290465632,0.08829712683952348,0.5946377939439138,6
"['V4', 'V14', 'V17', 'V8', 'V9']",0.8513513513513513,0.04659763313609468,0.08835904628330996,0.5946071404954754,5
"['V10', 'V4', 'V14', 'V17', 'V9', 'V1', 'V2']",0.8648648648648649,0.058394160583941604,0.1094017094017094,0.5945820453916323,7
"['V14', 'V12', 'V11', 'V2', 'V21']",0.8243243243243243,0.060039370078740155,0.11192660550458716,0.5945395349463444,5
"['V4', 'V14', 'V11', 'V2', 'V21']",0.8513513513513513,0.048799380325329204,0.09230769230769231,0.5945294689355303,5
"['V10', 'V4', 'V14', 'V8', 'V1', 'V2']",0.8648648648648649,0.05678793256433008,0.10657785179017486,0.5944500507624674,6
"['V14', 'V4', 'V2', 'V7']",0.8648648648648649,0.04654545454545454,0.0883367839889579,0.5943882631937181,4
"['V14', 'V4', 'V2', 'V3', 'V5', 'V8', 'V6', 'V12']",0.8918918918918919,0.05196850393700787,0.09821428571428571,0.5943619974781957,8
"['V14', 'V12', 'V17', 'V9', 'V1']",0.8513513513513513,0.06086956521739131,0.11361587015329125,0.5943295173217765,5
"['V4', 'V14', 'V17', 'V8', 'V11', 'V21']",0.8648648648648649,0.05148833467417538,0.09719058466211086,0.5942882989674091,6
"['V10', 'V4', 'V14', 'V8', 'V9', 'V1', 'V2']",0.8648648648648649,0.05699020480854853,0.10693400167084377,0.594230747151553,7
"['V4', 'V14', 'V11', 'V21']",0.8513513513513513,0.048799380325329204,0.09230769230769231,0.5942079660528277,4
"['V14', 'V12', 'V11', 'V1', 'V21']",0.8243243243243243,0.0664488017429194,0.12298387096774194,0.5941980548367392,5
"['V4', 'V14', 'V11', 'V1', 'V2', 'V21']",0.8513513513513513,0.04992076069730586,0.09431137724550898,0.5941647229572937,6
"['V4', 'V14', 'V12', 'V17', 'V2', 'V21']",0.8783783783783784,0.05179282868525897,0.09781790820165538,0.5941503203137632,6
"['V10', 'V4', 'V12', 'V11', 'V2']",0.8648648648648649,0.05099601593625498,0.0963130173062453,0.5941406429291785,5
"['V10', 'V4', 'V12', 'V11', 'V9', 'V2']",0.8648648648648649,0.051159072741806554,0.09660377358490566,0.5940270155772959,6
"['V14', 'V12', 'V17', 'V8', 'V1', 'V2']",0.8648648648648649,0.05834092980856882,0.10930828351836037,0.5939327089711427,6
"['V4', 'V14', 'V12', 'V17', 'V11', 'V1', 'V2', 'V21']",0.8783783783783784,0.05747126436781609,0.1078838174273859,0.5939217240563757,8
"['V14', 'V12', 'V11', 'V2']",0.8243243243243243,0.0599803343166175,0.11182401466544455,0.5939142393902858,4
"['V4', 'V14', 'V12', 'V17', 'V11', 'V2', 'V21']",0.8783783783783784,0.05696757230499562,0.10699588477366255,0.5938792077414659,7
"['V14', 'V17', 'V8', 'V2']",0.8378378378378378,0.05961538461538462,0.11131059245960502,0.593856498967154,4
"['V10', 'V4', 'V14', 'V17', 'V11', 'V1', 'V2']",0.8648648648648649,0.06207565470417071,0.1158371040723982,0.5938427685505797,7
"['V10', 'V4', 'V16', 'V17', 'V11', 'V9', 'V2']",0.8513513513513513,0.04849884526558892,0.09176984705025491,0.5938186867347546,7
"['V14', 'V12', 'V16', 'V17', 'V11', 'V2']",0.8378378378378378,0.059672762271414825,0.11141060197663971,0.5936731920594749,6
"['V14', 'V16', 'V17', 'V8', 'V11', 'V2', 'V21']",0.8378378378378378,0.05910390848427073,0.11041852181656278,0.5936565729774114,7
"['V10', 'V4', 'V12', 'V16', 'V17', 'V11', 'V9', 'V2']",0.8513513513513513,0.045951859956236324,0.08719723183391004,0.5936548286493712,8
"['V10', 'V12', 'V9', 'V2']",0.7972972972972973,0.06519337016574586,0.1205311542390194,0.5936007845509113,4
"['V14', 'V4', 'V2', 'V3', 'V21']",0.8648648648648649,0.04380561259411362,0.08338762214983714,0.5935693930705216,5
"['V14', 'V12', 'V17', 'V11', 'V9']",0.8378378378378378,0.05978784956605593,0.1116111611161116,0.5935426926672936,5
"['V4', 'V16', 'V11', 'V9', 'V1', 'V2', 'V21']",0.8243243243243243,0.029741589468551925,0.05741176470588235,0.5935417719398548,7
"['V4', 'V14', 'V12', 'V17', 'V1', 'V2', 'V21']",0.8918918918918919,0.05246422893481717,0.0990990990990991,0.59351628361956,7
"['V14', 'V12', 'V16', 'V17', 'V11', 'V2', 'V21']",0.8378378378378378,0.059558117195004805,0.11121076233183856,0.593509031319011,7
"['V4', 'V16', 'V11', 'V1', 'V2', 'V21']",0.8243243243243243,0.02969814995131451,0.05733082706766917,0.5934781405181151,6
"['V4', 'V14', 'V17', 'V11', 'V9', 'V1', 'V21']",0.8513513513513513,0.05048076923076923,0.09531013615733737,0.593471724022135,7
"['V4', 'V14', 'V12', 'V17', 'V11', 'V9', 'V1']",0.8783783783783784,0.05637467476149176,0.10594947025264874,0.593443532354321,7
"['V14', 'V11', 'V9', 'V1', 'V2']",0.8243243243243243,0.06256410256410257,0.11630123927550047,0.5932618390734252,5
"['V10', 'V4', 'V12', 'V16', 'V8', 'V11', 'V2', 'V21']",0.8648648648648649,0.05063291139240506,0.09566517189835576,0.5932493485140182,8
"['V10', 'V4', 'V12', 'V16', 'V17', 'V8', 'V11', 'V1', 'V21']",0.8513513513513513,0.04842428900845504,0.09163636363636364,0.5932343204982303,9
"['V14', 'V4', 'V21']",0.8783783783783784,0.043391188251001335,0.08269720101781171,0.5932039368929175,3
"['V4', 'V14', 'V21']",0.8783783783783784,0.043391188251001335,0.08269720101781171,0.5932039368929175,3
"['V10', 'V14', 'V11', 'V1', 'V2']",0.8378378378378378,0.06256306760847628,0.11643192488262911,0.5931657678910419,5
"['V4', 'V14', 'V17', 'V8', 'V9', 'V1']",0.8513513513513513,0.0465288035450517,0.08823529411764706,0.5931319632912783,6
"['V4', 'V14', 'V1', 'V2', 'V21']",0.8513513513513513,0.04421052631578947,0.08405603735823883,0.593120003223173,5
"['V14', 'V4', 'V2', 'V3', 'V5', 'V8', 'V12']",0.8918918918918919,0.05357142857142857,0.10107197549770292,0.5931086403131604,7
"['V14', 'V12', 'V16', 'V17', 'V2']",0.8378378378378378,0.06037000973709834,0.11262488646684832,0.5929948620338041,5
"['V14', 'V12', 'V17', 'V11', 'V9', 'V1', 'V21']",0.8243243243243243,0.06308169596690796,0.11719500480307397,0.5929568930395829,7
"['V10', 'V4', 'V14', 'V17', 'V8', 'V11', 'V9', 'V1', 'V2']",0.8648648648648649,0.06451612903225806,0.1200750469043152,0.5928772429410119,9
"['V10', 'V4', 'V12', 'V16', 'V17', 'V8', 'V11', 'V9', 'V1', 'V21']",0.8513513513513513,0.049103663289166016,0.09285187914517318,0.5928571234600593,10
"['V14', 'V16', 'V8', 'V11', 'V2', 'V21']",0.8378378378378378,0.058935361216730035,0.11012433392539965,0.5928494778243473,6
"['V14', 'V12', 'V8', 'V11', 'V1', 'V2']",0.8378378378378378,0.060903732809430254,0.11355311355311355,0.5926941981602187,6
"['V10', 'V14', 'V12', 'V17', 'V11', 'V1', 'V2']",0.8513513513513513,0.057692307692307696,0.10806174957118353,0.5926834457443989,7
"['V14', 'V4', 'V7']",0.8648648648648649,0.04654545454545454,0.0883367839889579,0.5926679761095195,3
"['V10', 'V4', 'V12', 'V16', 'V17', 'V11', 'V9', 'V1', 'V2']",0.8513513513513513,0.04565217391304348,0.08665749656121045,0.5926473234493721,9
"['V14', 'V12', 'V16', 'V17', 'V2', 'V21']",0.8378378378378378,0.059558117195004805,0.11121076233183856,0.5926258145159692,6
"['V10', 'V4', 'V14', 'V17', 'V8', 'V11', 'V9', 'V2']",0.8783783783783784,0.06598984771573604,0.12275731822474033,0.5926131358254786,8
"['V4', 'V14', 'V17', 'V8', 'V9', 'V1', 'V2']",0.8513513513513513,0.046460176991150445,0.08811188811188811,0.59258209063453,7
"['V4', 'V14', 'V8', 'V9', 'V21']",0.8783783783783784,0.043682795698924734,0.08322663252240717,0.5925717757156369,5
"['V10', 'V4', 'V14', 'V1']",0.8648648648648649,0.05860805860805861,0.1097770154373928,0.5925617354864361,4
"['V10', 'V4', 'V14', 'V17', 'V8', 'V11', 'V1', 'V2']",0.8648648648648649,0.06484295845997974,0.12064090480678605,0.592527802390749,8
"['V10', 'V12', 'V9', 'V1', 'V2']",0.7972972972972973,0.06455142231947483,0.1194331983805668,0.5924288721659754,5
"['V14', 'V16', 'V17', 'V8', 'V1']",0.8378378378378378,0.056672760511883,0.10616438356164383,0.5923674263554104,5
"['V4', 'V14', 'V17', 'V8', 'V11', 'V1', 'V2', 'V21']",0.8648648648648649,0.05152979066022544,0.0972644376899696,0.592328574929391,8
"['V14', 'V8', 'V11', 'V9', 'V1', 'V2']",0.8243243243243243,0.06027667984189723,0.11233885819521179,0.5923188525574831,6
"['V10', 'V4', 'V16', 'V11', 'V1', 'V2']",0.8513513513513513,0.051894563426688634,0.09782608695652174,0.5922788566616322,6
"['V14', 'V16', 'V17']",0.8378378378378378,0.06281661600810537,0.11687087653157399,0.5922715241920482,3
"['V14', 'V12', 'V17', 'V9', 'V1', 'V2']",0.8513513513513513,0.05763952424519671,0.10796915167095116,0.5922294276248409,6
"['V4', 'V14', 'V11', 'V9', 'V1', 'V21']",0.8513513513513513,0.05015923566878981,0.09473684210526316,0.5921811394046459,6
"['V14', 'V12', 'V17', 'V8', 'V11', 'V1']",0.8378378378378378,0.05762081784386617,0.10782608695652174,0.5921415163699958,6
"['V4', 'V14', 'V12', 'V17', 'V11', 'V1']",0.8783783783783784,0.05642361111111111,0.10603588907014681,0.5920453487915428,6
"['V10', 'V12', 'V9', 'V1', 'V21']",0.7702702702702703,0.08309037900874636,0.15,0.5920376537003345,5
"['V4', 'V14', 'V12', 'V17']",0.8783783783783784,0.051669316375198726,0.09759759759759759,0.5920350505871125,4
"['V10', 'V4', 'V14', 'V17', 'V8', 'V11', 'V2']",0.8783783783783784,0.06639427987742594,0.12345679012345678,0.5920196344497796,7
"['V4', 'V14', 'V12', 'V17', 'V9']",0.8783783783783784,0.051424050632911396,0.09715994020926756,0.5919354337969804,5
"['V10', 'V4', 'V12', 'V16', 'V11', 'V9', 'V1', 'V21']",0.8648648648648649,0.05190592051905921,0.09793420045906656,0.5919233748451672,8
"['V10', 'V12', 'V9', 'V1', 'V2', 'V21']",0.7702702702702703,0.08296943231441048,0.1498028909329829,0.5918679513018797,6
"['V14', 'V12', 'V11']",0.8243243243243243,0.06149193548387097,0.11444652908067542,0.5918362914643213,3
"['V4', 'V14', 'V12', 'V8', 'V11', 'V2']",0.8918918918918919,0.06099815157116451,0.11418685121107267,0.5918348320778645,6
"['V10', 'V4', 'V14', 'V17', 'V11', 'V9', 'V1', 'V2']",0.8648648648648649,0.06280667320902845,0.1171088746569076,0.5917882937809636,8
"['V10', 'V4', 'V12', 'V16', 'V11', 'V9', 'V1']",0.8648648648648649,0.05128205128205128,0.09682299546142209,0.5917866365024759,7
"['V14', 'V4', 'V2', 'V3', 'V7']",0.8513513513513513,0.045586107091172216,0.08653846153846154,0.5917737525638236,5
"['V10', 'V4', 'V16', 'V11', 'V9', 'V2', 'V21']",0.8648648648648649,0.0542832909245123,0.10215482841181166,0.5916839384839668,7
"['V10', 'V14', 'V17', 'V11', 'V1', 'V2']",0.8378378378378378,0.060077519379844964,0.11211573236889692,0.5916437871996488,6
"['V14', 'V12', 'V17', 'V11', 'V9', 'V1', 'V2', 'V21']",0.8378378378378378,0.06019417475728155,0.11231884057971014,0.5916291476785152,8
"['V4', 'V14', 'V17', 'V11', 'V1', 'V21']",0.8513513513513513,0.05044035228182546,0.09523809523809523,0.5916255720737794,6
"['V10', 'V4', 'V16', 'V17', 'V11', 'V9', 'V1', 'V2']",0.8378378378378378,0.04686318972033258,0.08876163206871868,0.5915724070037729,8
"['V10', 'V4', 'V16', 'V11', 'V9', 'V1', 'V2', 'V21']",0.8648648648648649,0.053691275167785234,0.10110584518167456,0.5915646269595861,8
"['V4', 'V14', 'V8', 'V9', 'V2', 'V21']",0.8783783783783784,0.04371217215870881,0.08327994875080078,0.5915638709417498,6
"['V14', 'V12', 'V11', 'V1']",0.8243243243243243,0.06587473002159827,0.122,0.5914857487411108,4
"['V10', 'V4', 'V12', 'V11', 'V1', 'V2']",0.8648648648648649,0.050393700787401574,0.09523809523809523,0.5914835061818424,6
"['V10', 'V4', 'V12', 'V16', 'V11', 'V1']",0.8648648648648649,0.0512,0.09667673716012085,0.5914456093673917,6
"['V10', 'V12', 'V9', 'V2', 'V21']",0.7702702702702703,0.08039492242595205,0.14559386973180077,0.5914151025204682,5
"['V4', 'V14', 'V8', 'V9', 'V1', 'V21']",0.8648648648648649,0.04341926729986431,0.082687338501292,0.5913691159271363,6
"['V10', 'V4', 'V12', 'V11', 'V2', 'V21']",0.8648648648648649,0.052545155993431854,0.09907120743034056,0.5913097829858874,6
"['V14', 'V4', 'V2', 'V3', 'V12']",0.8783783783783784,0.05301794453507341,0.1,0.591251403696524,5
"['V10', 'V4', 'V12', 'V16', 'V8', 'V11', 'V1', 'V2', 'V21']",0.8513513513513513,0.05064308681672026,0.09559939301972686,0.5912176179821591,9
"['V10', 'V4', 'V12', 'V16', 'V11', 'V9']",0.8648648648648649,0.051118210862619806,0.09653092006033183,0.5911210871800986,6
"['V14', 'V4', 'V2', 'V3', 'V5', 'V8', 'V6', 'V1', 'V7', 'V17']",0.8783783783783784,0.045871559633027525,0.08718980549966465,0.5910735007133112,10
"['V10', 'V12', 'V9', 'V21']",0.7702702702702703,0.08096590909090909,0.14652956298200515,0.5910170512165719,4
"['V10', 'V4', 'V12', 'V11', 'V9', 'V1', 'V2']",0.8648648648648649,0.05035405192761605,0.09516728624535316,0.5910144975311107,7
"['V4', 'V14', 'V11', 'V1', 'V21']",0.8513513513513513,0.050119331742243436,0.0946656649135988,0.5910131456121095,5
"['V10', 'V4', 'V16', 'V11', 'V2', 'V21']",0.8513513513513513,0.053800170794193,0.10120481927710843,0.5909094497405849,6
"['V10', 'V4', 'V14', 'V17', 'V1']",0.8648648648648649,0.05745062836624776,0.10774410774410774,0.5908830065044987,5
"['V10', 'V12', 'V9']",0.7972972972972973,0.06526548672566372,0.12065439672801637,0.5908722184870961,3
"['V4', 'V14', 'V8', 'V9', 'V1', 'V2', 'V21']",0.8783783783783784,0.04412763068567549,0.08403361344537816,0.5907808963644593,7
"['V10', 'V4', 'V12', 'V16', 'V8', 'V11', 'V9', 'V21']",0.8648648648648649,0.0504334121355398,0.0953090096798213,0.5907121479676642,8
"['V10', 'V4', 'V12', 'V16', 'V11']",0.8648648648648649,0.05132317562149158,0.09689629068887207,0.5906258171878817,5
"['V14', 'V16', 'V8', 'V1']",0.8378378378378378,0.056108597285067875,0.10517387616624257,0.5905058712292023,4
"['V10', 'V12', 'V16', 'V9', 'V1', 'V21']",0.7702702702702703,0.07270408163265306,0.13286713286713286,0.5904831767828917,6
"['V10', 'V4', 'V16', 'V11', 'V1', 'V2', 'V21']",0.8513513513513513,0.05307497893850042,0.0999206978588422,0.5904632222955578,7
"['V14', 'V12', 'V17', 'V2']",0.8378378378378378,0.05910390848427073,0.11041852181656278,0.5903992331167252,4
"['V14', 'V12', 'V11', 'V1', 'V2', 'V21']",0.8243243243243243,0.06347554630593132,0.1178743961352657,0.5903772133011402,6
"['V10', 'V4', 'V12', 'V16', 'V1', 'V2', 'V21']",0.8648648648648649,0.050117462803445575,0.09474463360473723,0.590323610391921,7
"['V4', 'V14', 'V12', 'V17', 'V1']",0.8783783783783784,0.05204163330664532,0.0982615268329554,0.5902982585106726,5
"['V10', 'V12', 'V16', 'V9', 'V2']",0.7972972972972973,0.061330561330561334,0.1138996138996139,0.5902567318224042,5
"['V4', 'V14', 'V12', 'V17', 'V8', 'V11', 'V2']",0.8918918918918919,0.06,0.11243611584327087,0.5902276370756613,7
"['V10', 'V4', 'V12', 'V11', 'V1', 'V2', 'V21']",0.8648648648648649,0.052202283849918436,0.09846153846153846,0.590188831039015,7
"['V14', 'V4', 'V2', 'V3', 'V5', 'V12']",0.8783783783783784,0.05106048703849175,0.09651076466221233,0.5901695126495675,6
"['V4', 'V14', 'V12', 'V17', 'V9', 'V1']",0.8783783783783784,0.051587301587301584,0.09745127436281859,0.5901147952553064,6
"['V10', 'V12', 'V16', 'V9', 'V21']",0.7702702702702703,0.07233502538071065,0.13225058004640372,0.5899660501916811,5
"['V10', 'V12', 'V2', 'V21']",0.7837837837837838,0.03551745254133497,0.06795547744581136,0.5899630489026421,4
"['V14', 'V12', 'V11', 'V1', 'V2']",0.8243243243243243,0.06192893401015229,0.11520302171860246,0.5897795719667193,5
"['V10', 'V4', 'V12', 'V16', 'V17', 'V11', 'V2', 'V21']",0.8648648648648649,0.04881769641495042,0.09241877256317689,0.5897406495963149,8
"['V10', 'V12', 'V9', 'V1']",0.7972972972972973,0.06504961411245866,0.12028542303771661,0.589737584398619,4
"['V4', 'V14', 'V12', 'V17', 'V11', 'V9', 'V2']",0.8783783783783784,0.05637467476149176,0.10594947025264874,0.5897175453149834,7
"['V14', 'V17', 'V11', 'V9', 'V1']",0.8243243243243243,0.060515873015873016,0.11275415896487985,0.5896734421800355,5
"['V10', 'V4', 'V12', 'V16', 'V2', 'V21']",0.8648648648648649,0.04961240310077519,0.093841642228739,0.5896418670334007,6
"['V14', 'V12', 'V17', 'V2', 'V21']",0.8378378378378378,0.058161350844277676,0.10877192982456141,0.5895815715892686,5
"['V14', 'V16', 'V17', 'V8', 'V11', 'V21']",0.8378378378378378,0.05832549388523048,0.1090589270008795,0.589448104359455,6
"['V10', 'V4', 'V12', 'V16', 'V17', 'V11', 'V1', 'V2', 'V21']",0.8648648648648649,0.048669201520912544,0.09215262778977681,0.5893790099125817,9
"['V12', 'V16', 'V11', 'V9', 'V1', 'V2']",0.7837837837837838,0.038436050364479786,0.07327858496525584,0.5893493700225729,6
"['V10', 'V12', 'V1', 'V2', 'V21']",0.7837837837837838,0.036989795918367346,0.07064555420219244,0.5892908182394669,5
"['V10', 'V12', 'V16', 'V17', 'V9', 'V21']",0.8108108108108109,0.046801872074883,0.08849557522123894,0.5891377177935588,6
"['V10', 'V12', 'V16', 'V2', 'V21']",0.8108108108108109,0.03541912632821724,0.06787330316742081,0.5891089918450435,5
"['V4', 'V16', 'V11', 'V9', 'V2', 'V21']",0.8243243243243243,0.030561122244488977,0.05893719806763285,0.5889644101954421,6
"['V4', 'V14', 'V17', 'V8', 'V2']",0.8513513513513513,0.04601899196493791,0.08731808731808732,0.5889639797750423,5
"['V10', 'V12', 'V16', 'V9']",0.7972972972972973,0.06197478991596639,0.11500974658869395,0.5889238766845118,4
"['V14', 'V16', 'V8', 'V11', 'V21']",0.8378378378378378,0.05854579792256846,0.10944395410414828,0.5888928101859671,5
"['V14', 'V4', 'V2', 'V3', 'V5', 'V8', 'V6', 'V1', 'V7', 'V11', 'V9', 'V10']",0.8783783783783784,0.06178707224334601,0.11545293072824156,0.5888778775977319,12
"['V10', 'V4', 'V12', 'V16', 'V11', 'V1', 'V21']",0.8648648648648649,0.05207485760781123,0.09823484267075978,0.5887263157914628,7
"['V14', 'V12', 'V17', 'V11', 'V2', 'V21']",0.8378378378378378,0.05560538116591928,0.10428931875525652,0.5887234345878616,6
"['V4', 'V14', 'V17', 'V8', 'V11', 'V9', 'V2', 'V21']",0.8648648648648649,0.05194805194805195,0.09800918836140889,0.5887114641599902,8
"['V14', 'V4', 'V2', 'V3', 'V10']",0.8648648648648649,0.05638766519823789,0.10587262200165426,0.5886772910621254,5
"['V10', 'V12', 'V11', 'V2', 'V21']",0.8108108108108109,0.03271537622682661,0.06289308176100629,0.5886192111475745,5
"['V10', 'V4', 'V12', 'V11', 'V9', 'V2', 'V21']",0.8648648648648649,0.052202283849918436,0.09846153846153846,0.5885918425613517,7
"['V4', 'V14', 'V8', 'V11', 'V9', 'V21']",0.8513513513513513,0.04918032786885246,0.0929889298892989,0.5885389519945408,6
"['V10', 'V12', 'V11', 'V2']",0.8243243243243243,0.03123399897593446,0.06018746916625555,0.5885249800555868,4
"['V12', 'V11', 'V9', 'V1', 'V2']",0.7837837837837838,0.03805774278215223,0.07259073842302878,0.5884710903966857,5
"['V14', 'V16', 'V8', 'V1', 'V2']",0.8378378378378378,0.056414922656960874,0.10571184995737426,0.588451814795436,5
"['V4', 'V16', 'V11', 'V2', 'V21']",0.8378378378378378,0.03090727816550349,0.05961538461538462,0.5884507360725,5
"['V4', 'V14', 'V8', 'V11', 'V9', 'V1', 'V21']",0.8648648648648649,0.050117462803445575,0.09474463360473723,0.5883528078195139,7
"['V10', 'V12', 'V11', 'V1', 'V2', 'V21']",0.7972972972972973,0.03325817361894025,0.06385281385281386,0.5882621700201545,6
"['V10', 'V12', 'V16', 'V9', 'V1', 'V2', 'V21']",0.7702702702702703,0.07215189873417721,0.13194444444444445,0.5882350635837302,7
"['V14', 'V12', 'V16', 'V17', 'V11', 'V1', 'V2', 'V21']",0.8243243243243243,0.056797020484171325,0.10627177700348432,0.5882342205003683,8
"['V4', 'V14', 'V12', 'V17', 'V11', 'V9', 'V1', 'V2']",0.8783783783783784,0.05632582322357019,0.10586319218241043,0.5882293614595737,8
"['V10', 'V4', 'V12', 'V11', 'V9', 'V1', 'V2', 'V21']",0.8648648648648649,0.05203252032520325,0.09815950920245399,0.5882009990885532,8
"['V10', 'V4', 'V14', 'V8', 'V11', 'V9', 'V1', 'V2']",0.8648648648648649,0.0631163708086785,0.11764705882352941,0.5881997419849656,8
"['V10', 'V12', 'V21']",0.7837837837837838,0.034278959810874705,0.06568516421291053,0.5881943634477037,3
"['V10', 'V4', 'V12', 'V16', 'V8', 'V11', 'V21']",0.8648648648648649,0.05063291139240506,0.09566517189835576,0.5881890031237571,7
"['V10', 'V4', 'V14', 'V8', 'V11', 'V1', 'V2']",0.8648648648648649,0.06355511420059583,0.11840888066604996,0.588151988260213,7
"['V14', 'V12', 'V17', 'V11', 'V2']",0.8378378378378378,0.0558055805580558,0.10464135021097046,0.5880762137573888,5
"['V10', 'V12', 'V2']",0.8108108108108109,0.033936651583710405,0.06514657980456026,0.588045764951926,3
"['V4', 'V14', 'V17', 'V9', 'V2']",0.8513513513513513,0.044712562100780694,0.08496291301416048,0.5880212818080738,5
"['V10', 'V4', 'V12', 'V16', 'V11', 'V9', 'V21']",0.8648648648648649,0.05140562248995984,0.09704321455648218,0.5880181008069986,7
"['V14', 'V16', 'V17', 'V8', 'V1', 'V2']",0.8378378378378378,0.05714285714285714,0.10698878343399482,0.5879961441177954,6
"['V10', 'V4', 'V14', 'V9', 'V1']",0.8648648648648649,0.05860805860805861,0.1097770154373928,0.5879591400940487,5
"['V10', 'V12', 'V16', 'V9', 'V1', 'V2']",0.7972972972972973,0.05989847715736041,0.11142587346553352,0.587920890854763,6
"['V10', 'V4', 'V12', 'V16', 'V8', 'V11', 'V9', 'V2', 'V21']",0.8648648648648649,0.050513022888713496,0.09545115585384041,0.5878950071315713,9
"['V10', 'V4', 'V14', 'V17', 'V9', 'V1']",0.8648648648648649,0.0576057605760576,0.1080168776371308,0.5878795578547158,6
"['V14', 'V12', 'V17', 'V11', 'V9', 'V1']",0.8243243243243243,0.06230847803881512,0.11585944919278253,0.5878249539231634,6
"['V14', 'V4', 'V2', 'V3', 'V5', 'V8', 'V6', 'V1', 'V7', 'V18']",0.8918918918918919,0.04852941176470588,0.09205020920502092,0.5878071256094639,10
"['V10', 'V12', 'V16', 'V1', 'V2', 'V21']",0.7972972972972973,0.03539292141571686,0.06777713957495692,0.5877676606592597,6
"['V14', 'V4', 'V2', 'V3', 'V5', 'V8', 'V10']",0.8783783783783784,0.05584192439862543,0.1050080775444265,0.5877641320542868,7
"['V4', 'V14', 'V17', 'V8']",0.8513513513513513,0.046086320409656184,0.08743927827897294,0.5877602647461277,4
"['V10', 'V4', 'V16', 'V17', 'V11', 'V2']",0.8378378378378378,0.048589341692789965,0.09185185185185185,0.5876640674274592,6
"['V10', 'V4', 'V12', 'V16', 'V9', 'V1', 'V2', 'V21']",0.8648648648648649,0.0512,0.09667673716012085,0.5876494098100323,8
"['V10', 'V12', 'V11', 'V21']",0.7972972972972973,0.03166935050993022,0.060918946824987094,0.5876223813716795,4
"['V4', 'V14', 'V17', 'V8', 'V1', 'V2']",0.8513513513513513,0.046255506607929514,0.08774373259052924,0.5876069108385894,6
"['V10', 'V12', 'V16', 'V9', 'V2', 'V21']",0.7702702702702703,0.07169811320754717,0.13118527042577677,0.5875445021884339,6
"['V10', 'V4', 'V12', 'V8', 'V11', 'V9', 'V1', 'V21']",0.8648648648648649,0.05258833196384552,0.09914794732765299,0.5875426824251545,8
"['V10', 'V12', 'V16', 'V11', 'V2']",0.8243243243243243,0.030715005035246726,0.059223300970873784,0.5875244139150005,5
"['V10', 'V4', 'V14', 'V17', 'V11', 'V1']",0.8648648648648649,0.06124401913875598,0.11438784629133154,0.5874855382146464,6
"['V14', 'V4', 'V2', 'V3', 'V5', 'V8', 'V6', 'V1', 'V7', 'V21']",0.8783783783783784,0.04523312456506611,0.08603573792190602,0.5874272983910022,10
"['V10', 'V16', 'V11', 'V9', 'V2', 'V21']",0.7972972972972973,0.07603092783505154,0.1388235294117647,0.5873295624208252,6
"['V14', 'V16', 'V17', 'V2']",0.8378378378378378,0.06156901688182721,0.1147086031452359,0.5872171615837344,4
"['V14', 'V4', 'V2', 'V3', 'V5', 'V7']",0.8648648648648649,0.04426002766251729,0.08421052631578947,0.5871397008724054,6
"['V14', 'V17', 'V11', 'V9', 'V1', 'V2']",0.8243243243243243,0.060217176702862786,0.11223551057957681,0.5871293391378256,6
"['V4', 'V14', 'V12', 'V17', 'V11', 'V2']",0.8783783783783784,0.056719022687609075,0.10655737704918032,0.5871134685815395,6
"['V4', 'V14', 'V12', 'V17', 'V2']",0.8783783783783784,0.0522508038585209,0.09863429438543247,0.5870506887850746,5
"['V14', 'V12', 'V16', 'V17', 'V1', 'V2', 'V21']",0.8513513513513513,0.05670567056705671,0.10632911392405063,0.5870450859148966,7
"['V10', 'V12', 'V16', 'V17', 'V11', 'V9', 'V21']",0.8243243243243243,0.04674329501915709,0.08846990572878898,0.5869859186644911,7
"['V10', 'V4', 'V12', 'V16', 'V9', 'V2', 'V21']",0.8648648648648649,0.05027494108405342,0.09502598366740905,0.5869508501097693,7
"['V4', 'V14', 'V12', 'V17', 'V9', 'V2']",0.8783783783783784,0.05220883534136546,0.09855951478392722,0.586941219485829,6
"['V14', 'V16', 'V2']",0.8378378378378378,0.06031128404669261,0.11252268602540835,0.5869227894804426,3
"['V4', 'V12', 'V16', 'V11', 'V9', 'V2', 'V21']",0.8513513513513513,0.034691629955947136,0.06666666666666667,0.5868985523316775,7
"['V10', 'V4', 'V14', 'V8', 'V11', 'V2']",0.8783783783783784,0.06480558325024925,0.12070566388115135,0.5868478151138545,6
"['V14', 'V12', 'V16', 'V17', 'V21']",0.8378378378378378,0.06042884990253411,0.11272727272727273,0.5868353823718301,5
"['V10', 'V12', 'V16', 'V9', 'V1']",0.7972972972972973,0.059837728194726165,0.11132075471698114,0.5868298705510675,5
"['V10', 'V4', 'V12', 'V16', 'V11', 'V21']",0.8648648648648649,0.0516545601291364,0.09748667174409749,0.5867665503010241,6
"['V4', 'V14', 'V17', 'V8', 'V11', 'V2', 'V21']",0.8648648648648649,0.052202283849918436,0.09846153846153846,0.5867660680747921,7
"['V14', 'V17', 'V8', 'V1', 'V21']",0.8378378378378378,0.05414847161572053,0.10172272354388844,0.5867575810412367,5
"['V14', 'V4', 'V2', 'V3', 'V5', 'V8', 'V6', 'V1', 'V7', 'V11', 'V10']",0.8783783783783784,0.06143667296786389,0.11484098939929328,0.5867535702522465,11
"['V10', 'V4', 'V14', 'V8', 'V11', 'V9', 'V2']",0.8783783783783784,0.06429277942631058,0.11981566820276497,0.5867487449029719,7
"['V10', 'V12', 'V11']",0.8243243243243243,0.03077699293642785,0.05933852140077821,0.5867021073152966,3
"['V14', 'V12', 'V16', 'V17']",0.8378378378378378,0.06042884990253411,0.11272727272727273,0.5865954071944139,4
"['V4', 'V14', 'V12', 'V17', 'V9', 'V1', 'V2']",0.8783783783783784,0.052,0.09818731117824774,0.5865018614546715,7
"['V14', 'V12', 'V17', 'V11', 'V9', 'V1', 'V2']",0.8378378378378378,0.058823529411764705,0.1099290780141844,0.5864838133032921,7
"['V14', 'V12', 'V16', 'V17', 'V11', 'V1', 'V21']",0.8243243243243243,0.05798479087452472,0.108348134991119,0.5864777465189843,7
"['V14', 'V12', 'V16', 'V17', 'V11', 'V21']",0.8378378378378378,0.05973025048169557,0.11151079136690648,0.5864750868644109,6
"['V10', 'V12', 'V16', 'V11', 'V1', 'V2', 'V21']",0.7972972972972973,0.032741398446170925,0.0628997867803838,0.586468220847268,7
"['V4', 'V14', 'V17', 'V2']",0.8648648648648649,0.0453257790368272,0.08613728129205922,0.5864175352633297,4
"['V14', 'V4', 'V2', 'V17']",0.8648648648648649,0.0453257790368272,0.08613728129205922,0.5864175352633297,4
"['V10', 'V12', 'V16', 'V17', 'V8', 'V11', 'V21']",0.8243243243243243,0.02600170502983802,0.050413223140495865,0.5863251608612582,7
"['V10', 'V12', 'V16', 'V21']",0.7837837837837838,0.0330672748004561,0.06345733041575492,0.5863185189857306,4
"['V4', 'V14', 'V17', 'V8', 'V1']",0.8513513513513513,0.046289493019838354,0.08780487804878048,0.5862829058942494,5
"['V10', 'V4', 'V12', 'V16', 'V17', 'V8', 'V11', 'V2', 'V21']",0.8648648648648649,0.04896710022953328,0.09268645908761766,0.5862761012107653,9
"['V14', 'V12', 'V16', 'V17', 'V1', 'V21']",0.8378378378378378,0.0570902394106814,0.10689655172413794,0.5862306745452323,6
"['V4', 'V14', 'V12', 'V17', 'V1', 'V2']",0.8783783783783784,0.0521669341894061,0.09848484848484848,0.5862186296985995,6
"['V12', 'V16', 'V11', 'V9', 'V1', 'V2', 'V21']",0.7837837837837838,0.040446304044630406,0.07692307692307693,0.5860745898158637,7
"['V10', 'V12', 'V1', 'V2']",0.7972972972972973,0.03482880755608028,0.0667420814479638,0.5860598436073439,4
"['V10', 'V4', 'V12', 'V16', 'V17', 'V8', 'V11', 'V1', 'V2', 'V21']",0.8513513513513513,0.04842428900845504,0.09163636363636364,0.5860444098087402,10
"['V14', 'V17', 'V8', 'V11', 'V2', 'V21']",0.8378378378378378,0.060077519379844964,0.11211573236889692,0.5860310917216786,6
"['V10', 'V16', 'V11', 'V9', 'V2']",0.7972972972972973,0.07672301690507152,0.13997627520759193,0.585971192106359,5
"['V12', 'V11', 'V9', 'V1', 'V2', 'V21']",0.7837837837837838,0.04041811846689895,0.07687210072895957,0.5859514683661368,6
"['V10', 'V12', 'V11', 'V1', 'V2']",0.8108108108108109,0.03285870755750274,0.06315789473684211,0.5859323922432552,5
"['V10', 'V12', 'V11', 'V1', 'V21']",0.7972972972972973,0.032759578012215435,0.06293333333333333,0.5858682613323687,5
"['V4', 'V14', 'V17', 'V8', 'V11', 'V9']",0.8513513513513513,0.0525,0.0989010989010989,0.585727282244044,6
"['V10', 'V4', 'V14', 'V11', 'V9', 'V1']",0.8648648648648649,0.0622568093385214,0.1161524500907441,0.585669654770165,6
"['V14', 'V12', 'V17']",0.8378378378378378,0.059443911792905084,0.11101163831692032,0.5855297204232129,3
"['V14', 'V12', 'V17', 'V21']",0.8378378378378378,0.059443911792905084,0.11101163831692032,0.585529337609161,4
"['V10', 'V12', 'V1', 'V21']",0.7837837837837838,0.03513022410660206,0.0672463768115942,0.5855043800909224,4
"['V4', 'V14', 'V17', 'V9', 'V1', 'V2']",0.8513513513513513,0.04542177361211247,0.08624229979466119,0.5854959692560545,6
"['V10', 'V4', 'V16', 'V17', 'V11', 'V1', 'V2']",0.8378378378378378,0.04776579352850539,0.09037900874635568,0.585484723526515,7
"['V4', 'V14', 'V17', 'V8', 'V11', 'V9', 'V1']",0.8513513513513513,0.052675585284280936,0.09921259842519685,0.5854839408805506,7
"['V10', 'V12', 'V16', 'V17', 'V8', 'V11', 'V2', 'V21']",0.8243243243243243,0.025990626331487004,0.050392399834779014,0.5854667231960491,8
"['V14', 'V17', 'V2']",0.8378378378378378,0.0611439842209073,0.11397058823529412,0.585437147169376,3
"['V10', 'V16', 'V11', 'V2', 'V21']",0.8108108108108109,0.0544464609800363,0.10204081632653061,0.5853987014130128,5
"['V10', 'V16', 'V17', 'V11', 'V1', 'V2', 'V21']",0.8108108108108109,0.04175365344467641,0.07941760423560557,0.585383167915645,7
"['V10', 'V12', 'V16', 'V17', 'V11', 'V9']",0.8243243243243243,0.04066666666666666,0.07750952986022872,0.58529916353869,6
"['V10', 'V12', 'V16', 'V2']",0.8108108108108109,0.033003300330033,0.06342494714587738,0.5852882478547191,4
"['V10', 'V12', 'V16', 'V11', 'V1', 'V2']",0.8108108108108109,0.03229278794402583,0.062111801242236024,0.5851360930193772,6
"['V10', 'V12', 'V16', 'V1', 'V2']",0.7972972972972973,0.033966609096142776,0.06515737161789067,0.5851358022274534,5
"['V10', 'V4', 'V12', 'V16', 'V8', 'V9', 'V1', 'V21']",0.8648648648648649,0.049805447470817124,0.094186902133922,0.5851020361909179,8
"['V12', 'V16', 'V8', 'V11', 'V9']",0.7972972972972973,0.034382284382284384,0.0659217877094972,0.5851017597190424,5
"['V14', 'V12', 'V16', 'V17', 'V11', 'V1', 'V2']",0.8378378378378378,0.05740740740740741,0.10745233968804159,0.585096505163671,7
"['V4', 'V14', 'V12', 'V17', 'V11', 'V1', 'V2']",0.8783783783783784,0.0568678915135608,0.10682004930156122,0.5850792496185774,7
"['V10', 'V4', 'V12', 'V16', 'V17', 'V2']",0.8648648648648649,0.0445993031358885,0.08482438701126574,0.584950883613058,6
"['V14', 'V12', 'V16', 'V17', 'V1', 'V2']",0.8513513513513513,0.05701357466063348,0.10687022900763359,0.5849456367738134,6
"['V10', 'V4', 'V12', 'V2']",0.8648648648648649,0.04889228418640183,0.09255242227042661,0.5849425720276348,4
"['V10', 'V4', 'V12', 'V9', 'V2']",0.8648648648648649,0.04885496183206107,0.09248554913294797,0.5849425498860212,5
"['V10', 'V4', 'V12', 'V16', 'V17', 'V11', 'V9', 'V1']",0.8648648648648649,0.04654545454545454,0.0883367839889579,0.584885045858163,8
"['V4', 'V14', 'V1', 'V21']",0.8648648648648649,0.04507042253521127,0.0856760374832664,0.5848850268523149,4
"['V10', 'V16', 'V17', 'V11', 'V2', 'V21']",0.8108108108108109,0.04288777698355969,0.0814663951120163,0.5848801059984815,6
"['V10', 'V4', 'V14', 'V17', 'V11', 'V9', 'V1']",0.8648648648648649,0.061597690086621755,0.11500449236298294,0.5848781968508819,7
"['V4', 'V16', 'V17', 'V11', 'V9', 'V1', 'V2', 'V21']",0.8108108108108109,0.028680688336520075,0.055401662049861494,0.5848646051752336,8
"['V12', 'V16', 'V11', 'V9', 'V21']",0.7837837837837838,0.03835978835978836,0.07313997477931904,0.5848414560347601,5
"['V14', 'V16', 'V17', 'V21']",0.8378378378378378,0.060077519379844964,0.11211573236889692,0.5847919273455596,4
"['V4', 'V14', 'V17', 'V1', 'V2']",0.8513513513513513,0.045389048991354465,0.08618331053351573,0.5847558356940614,5
"['V10', 'V4', 'V12', 'V16', 'V17', 'V11', 'V9', 'V2', 'V21']",0.8648648648648649,0.0481203007518797,0.09116809116809117,0.5846800021318507,9
"['V14', 'V4', 'V2', 'V3', 'V5', 'V8', 'V6', 'V1', 'V7', 'V9']",0.8783783783783784,0.046263345195729534,0.0878972278566599,0.5845956725085747,10
"['V14', 'V4', 'V2', 'V3', 'V5', 'V8', 'V6', 'V1', 'V7', 'V11', 'V9', 'V21']",0.8783783783783784,0.050505050505050504,0.09551800146950772,0.5844757228649914,12
"['V10', 'V4', 'V12', 'V16', 'V17', 'V11', 'V9', 'V1', 'V2', 'V21']",0.8648648648648649,0.04830188679245283,0.091493924231594,0.5844692467062533,10
"['V4', 'V12', 'V16', 'V11', 'V9', 'V1', 'V2', 'V21']",0.8513513513513513,0.0350974930362117,0.06741573033707865,0.5843917654935507,8
"['V10', 'V4', 'V12', 'V16', 'V17', 'V11', 'V9']",0.8648648648648649,0.04647785039941903,0.08821502412129566,0.5843400420732607,7
"['V10', 'V12', 'V16', 'V11']",0.8243243243243243,0.030333167578319244,0.05851318944844125,0.584293946379717,4
"['V10', 'V12', 'V11', 'V1']",0.8108108108108109,0.031746031746031744,0.06109979633401222,0.5842893815806448,4
"['V10', 'V12', 'V16', 'V17', 'V9']",0.8108108108108109,0.04076086956521739,0.07761966364812418,0.5841971863009907,5
"['V10', 'V12', 'V16', 'V11', 'V2', 'V21']",0.8243243243243243,0.032568072610784836,0.06266050333846944,0.5841577314652423,6
"['V4', 'V16', 'V17', 'V11', 'V1', 'V2', 'V21']",0.8108108108108109,0.028790786948176585,0.05560704355885079,0.5841338976140806,7
"['V10', 'V4', 'V12', 'V16', 'V8', 'V11', 'V9', 'V1', 'V2', 'V21']",0.8648648648648649,0.052502050861361775,0.09899458623356536,0.5841299575170915,10
"['V10', 'V17', 'V11', 'V2', 'V21']",0.7972972972972973,0.04399701715137957,0.0833922261484099,0.5840917015458917,5
"['V14', 'V17', 'V8', 'V11', 'V21']",0.8378378378378378,0.059443911792905084,0.11101163831692032,0.5840686826720707,5
"['V10', 'V4', 'V12', 'V16', 'V17', 'V1', 'V2']",0.8648648648648649,0.04447533009034051,0.08460013218770654,0.5840200476852373,7
"['V14', 'V16', 'V8', 'V11', 'V1', 'V2', 'V21']",0.8378378378378378,0.05805243445692884,0.1085814360770578,0.5839887003838475,7
"['V10', 'V12', 'V16', 'V17', 'V9', 'V2']",0.8108108108108109,0.040622884224779957,0.07736943907156674,0.5839632245886747,6
"['V14', 'V4', 'V2', 'V3', 'V5', 'V8', 'V7']",0.8783783783783784,0.04574243490499648,0.08695652173913043,0.5839564793548209,7
"['V12', 'V16', 'V11', 'V9', 'V2', 'V21']",0.7837837837837838,0.04104741684359519,0.07800941492938802,0.5839255031643539,6
"['V12', 'V16', 'V11', 'V9', 'V2']",0.7837837837837838,0.03820816864295125,0.0728643216080402,0.5839067646463167,5
"['V14', 'V17', 'V21']",0.8378378378378378,0.060665362035225046,0.11313868613138686,0.5838998765608222,3
"['V14', 'V12', 'V17', 'V8', 'V11', 'V1', 'V2']",0.8513513513513513,0.05758683729433273,0.10787671232876712,0.5838433573406098,7
"['V4', 'V16', 'V17', 'V11', 'V2', 'V21']",0.8243243243243243,0.029369282619162253,0.056717805671780565,0.5838282808692363,6
"['V10', 'V11', 'V9', 'V2', 'V21']",0.7837837837837838,0.0705596107055961,0.12946428571428573,0.5837920003497082,5
"['V4', 'V16', 'V17', 'V11', 'V9', 'V2', 'V21']",0.8108108108108109,0.028901734104046242,0.05581395348837209,0.5837851856535918,7
"['V14', 'V4', 'V2', 'V3', 'V5', 'V8', 'V6', 'V1', 'V17']",0.8783783783783784,0.044920525224602624,0.08547008547008547,0.583754257009391,9
"['V10', 'V4', 'V12', 'V16', 'V17', 'V11']",0.8648648648648649,0.04674945215485756,0.0887040887040887,0.5837482172004327,6
"['V10', 'V4', 'V12', 'V16', 'V8', 'V1', 'V21']",0.8648648648648649,0.05003909304143862,0.09460458240946046,0.5837473999457838,7
"['V10', 'V4', 'V16', 'V17', 'V11', 'V2', 'V21']",0.8513513513513513,0.049841772151898736,0.09417040358744394,0.5836911443572186,7
"['V10', 'V4', 'V12', 'V16', 'V17', 'V11', 'V1']",0.8648648648648649,0.04671532846715328,0.0886426592797784,0.5836771524054963,7
"['V10', 'V4', 'V12', 'V16', 'V17', 'V8', 'V11', 'V9', 'V21']",0.8648648648648649,0.04794007490636704,0.0908445706174592,0.5836698073516718,9
"['V10', 'V4', 'V12', 'V16', 'V17', 'V11', 'V9', 'V1', 'V21']",0.8648648648648649,0.04819277108433735,0.0912981455064194,0.5836205266331096,9
"['V14', 'V12', 'V16', 'V17', 'V11']",0.8378378378378378,0.05933014354066986,0.11081322609472744,0.5836008150919803,5
"['V10', 'V4', 'V16', 'V17', 'V11', 'V9', 'V2', 'V21']",0.8513513513513513,0.050079491255961846,0.0945945945945946,0.5835872220796657,8
"['V10', 'V16', 'V17', 'V11', 'V9', 'V2', 'V21']",0.7837837837837838,0.05110132158590308,0.09594706368899918,0.5835735941944078,7
"['V10', 'V12', 'V16', 'V17', 'V9', 'V1', 'V21']",0.8108108108108109,0.04451038575667656,0.08438818565400844,0.583529390306257,7
"['V10', 'V16', 'V11', 'V9', 'V1', 'V2', 'V21']",0.7972972972972973,0.07125603864734299,0.13082039911308205,0.5834893447595725,7
"['V14', 'V4', 'V2', 'V3', 'V5', 'V8', 'V6', 'V1', 'V7', 'V10']",0.8783783783783784,0.056179775280898875,0.10560519902518278,0.5834359409335219,10
"['V12', 'V16', 'V8', 'V11', 'V9', 'V21']",0.7972972972972973,0.034973325429756966,0.06700738216922203,0.5834271669035953,6
"['V10', 'V12', 'V17', 'V9', 'V21']",0.8108108108108109,0.047021943573667714,0.08888888888888889,0.5833397315085774,5
"['V10', 'V16', 'V11', 'V1', 'V2', 'V21']",0.8108108108108109,0.05240174672489083,0.09844134536505332,0.5832749735280524,6
"['V10', 'V4', 'V12', 'V1', 'V2']",0.8648648648648649,0.04881769641495042,0.09241877256317689,0.5832346816215914,5
"['V4', 'V12', 'V16', 'V11', 'V2', 'V21']",0.8513513513513513,0.03414634146341464,0.06565919749869724,0.5832045343344104,6
"['V10', 'V12', 'V1']",0.7837837837837838,0.032240133407448586,0.06193272824345969,0.5830997364508981,3
"['V10', 'V4', 'V12', 'V9', 'V1', 'V2']",0.8648648648648649,0.048743335872048744,0.09228550829127613,0.5830547095753978,6
"['V4', 'V14', 'V8', 'V2', 'V21']",0.8783783783783784,0.04336224149432955,0.08264462809917356,0.5829311579025699,5
"['V10', 'V4', 'V12', 'V8', 'V11', 'V1', 'V21']",0.8648648648648649,0.052545155993431854,0.09907120743034056,0.5828507636850953,7
"['V14', 'V4', 'V2', 'V3', 'V5', 'V8', 'V6', 'V1', 'V7', 'V11', 'V9', 'V17']",0.8783783783783784,0.0521669341894061,0.09848484848484848,0.5828410412320907,12
"['V10', 'V12', 'V16', 'V11', 'V1']",0.8108108108108109,0.03147953830010493,0.06060606060606061,0.5828020084706896,5
"['V10', 'V16', 'V17', 'V11', 'V9', 'V21']",0.7837837837837838,0.050966608084358524,0.09570957095709572,0.5827969144133389,6
"['V14', 'V12', 'V17', 'V11']",0.8378378378378378,0.05656934306569343,0.10598290598290598,0.5827835180091298,4
"['V14', 'V12', 'V17', 'V11', 'V21']",0.8378378378378378,0.056776556776556776,0.10634648370497427,0.5827398178016938,5
"['V14', 'V4', 'V2', 'V3', 'V5', 'V8', 'V6', 'V1', 'V7', 'V11', 'V17']",0.8783783783783784,0.0521669341894061,0.09848484848484848,0.5827167416923339,11
"['V12', 'V16', 'V11', 'V9']",0.7837837837837838,0.035824583075972825,0.06851742468989959,0.5826824826044967,4
"['V14', 'V16', 'V17', 'V2', 'V21']",0.8378378378378378,0.06025267249757046,0.11242067089755213,0.5826648805021134,5
"['V10', 'V12', 'V16', 'V17', 'V11', 'V9', 'V2']",0.8243243243243243,0.04050464807436919,0.07721518987341772,0.5826595419872862,7
"['V4', 'V14', 'V8', 'V11', 'V9', 'V2', 'V21']",0.8648648648648649,0.050156739811912224,0.09481481481481481,0.5826451544088391,7
"['V14', 'V4', 'V2', 'V18']",0.8783783783783784,0.0456140350877193,0.0867244829886591,0.5826290542014259,4
"['V10', 'V4', 'V12', 'V16', 'V17', 'V11', 'V1', 'V21']",0.8648648648648649,0.0487062404870624,0.09221902017291066,0.5825847681374414,8
"['V10', 'V4', 'V16', 'V17', 'V11', 'V1', 'V2', 'V21']",0.8513513513513513,0.04976303317535545,0.09402985074626866,0.5825619436511033,8
"['V14', 'V17', 'V8', 'V1', 'V2', 'V21']",0.8648648648648649,0.05599300087489064,0.10517666392769104,0.582558357361482,6
"['V10', 'V16', 'V11', 'V9', 'V21']",0.7972972972972973,0.07468354430379746,0.13657407407407407,0.5825533891058262,5
"['V10', 'V12', 'V16', 'V11', 'V1', 'V21']",0.7972972972972973,0.032082653616095705,0.061683220073183484,0.5825462306095418,6
"['V14', 'V12', 'V16', 'V17', 'V1']",0.8378378378378378,0.05698529411764706,0.10671256454388985,0.5825284195074882,5
"['V14', 'V16', 'V8', 'V11', 'V1', 'V21']",0.8243243243243243,0.05591200733272227,0.10472103004291845,0.5824719363122153,6
"['V12', 'V16', 'V11', 'V9', 'V1']",0.7837837837837838,0.03638644918444166,0.06954436450839328,0.5824509385617153,5
"['V10', 'V16', 'V11', 'V9']",0.7972972972972973,0.07662337662337662,0.13981042654028436,0.5824399017810945,4
"['V4', 'V14', 'V17', 'V8', 'V11', 'V1']",0.8513513513513513,0.05280804694048617,0.09944751381215469,0.5823993811690853,6
"['V12', 'V11', 'V9', 'V21']",0.7837837837837838,0.037883736120182886,0.07227414330218068,0.5823825750984615,4
"['V10', 'V4', 'V12', 'V11', 'V9', 'V1', 'V21']",0.8648648648648649,0.052545155993431854,0.09907120743034056,0.5823785912812641,7
"['V10', 'V4', 'V16', 'V17', 'V11', 'V9', 'V1', 'V2', 'V21']",0.8513513513513513,0.04968454258675079,0.09388971684053651,0.582311876563223,9
"['V14', 'V17', 'V2', 'V21']",0.8378378378378378,0.06048780487804878,0.11282984531392175,0.5822832246168578,4
"['V14', 'V16', 'V21']",0.8378378378378378,0.058823529411764705,0.1099290780141844,0.5822649562031219,3
"['V10', 'V12', 'V16', 'V11', 'V21']",0.8243243243243243,0.03234358430540827,0.06224489795918367,0.5822009851344216,5
"['V10', 'V4', 'V12', 'V1', 'V2', 'V21']",0.8648648648648649,0.05063291139240506,0.09566517189835576,0.582194985854573,6
"['V10', 'V11', 'V9', 'V21']",0.7837837837837838,0.07013301088270858,0.12874583795782463,0.5821929583614182,4
"['V14', 'V4', 'V2', 'V3', 'V5', 'V8', 'V6', 'V1', 'V7', 'V11', 'V21']",0.8918918918918919,0.05192761605035405,0.09814126394052045,0.582134734570312,11
"['V4', 'V14', 'V17', 'V8', 'V11']",0.8513513513513513,0.052675585284280936,0.09921259842519685,0.5821169061968858,5
"['V10', 'V4', 'V12', 'V2', 'V21']",0.8648648648648649,0.05063291139240506,0.09566517189835576,0.5820927935403367,5
"['V10', 'V4', 'V16', 'V9', 'V2']",0.8513513513513513,0.0457516339869281,0.08683666436940041,0.5820894063156701,5
"['V14', 'V16', 'V17', 'V11']",0.8243243243243243,0.0615539858728557,0.11455399061032864,0.5820884426971913,4
"['V4', 'V14', 'V8', 'V11', 'V9', 'V1', 'V2', 'V21']",0.8648648648648649,0.05019607843137255,0.09488510007412898,0.5820847131041811,8
"['V14', 'V4', 'V2', 'V3', 'V5', 'V8', 'V6', 'V1', 'V7', 'V20']",0.8918918918918919,0.04748201438848921,0.09016393442622951,0.5820682804575149,10
"['V10', 'V4', 'V12', 'V11', 'V9', 'V21']",0.8648648648648649,0.05267489711934156,0.09930178432893716,0.5820166501488236,6
"['V10', 'V4', 'V12', 'V16', 'V17', 'V8', 'V11', 'V21']",0.8648648648648649,0.04881769641495042,0.09241877256317689,0.5819968937893001,8
"['V10', 'V12', 'V16', 'V1', 'V21']",0.7837837837837838,0.03344867358708189,0.06415929203539823,0.5819524864341561,5
"['V14', 'V16', 'V2', 'V21']",0.8378378378378378,0.05927342256214149,0.11071428571428571,0.5819423934031562,4
"['V14', 'V16', 'V11']",0.8243243243243243,0.06224489795918367,0.1157495256166983,0.5818141984067581,3
"['V4', 'V14', 'V17', 'V9']",0.8648648648648649,0.04548685145700071,0.08642808912896692,0.5817182037864561,4
"['V10', 'V4', 'V12', 'V16', 'V17', 'V11', 'V21']",0.8648648648648649,0.04881769641495042,0.09241877256317689,0.5816543710673068,7
"['V14', 'V12', 'V16', 'V17', 'V11', 'V1']",0.8378378378378378,0.058712121212121215,0.10973451327433628,0.5815828545377026,6
"['V14', 'V4', 'V2', 'V3', 'V5', 'V8', 'V6', 'V1', 'V7', 'Amount']",0.8918918918918919,0.04737975592246949,0.08997955010224949,0.5815721892249084,10
"['V4', 'V12', 'V16', 'V11', 'V1', 'V2', 'V21']",0.8513513513513513,0.034691629955947136,0.06666666666666667,0.5815713087884956,7
"['V16', 'V11', 'V9', 'V1']",0.7702702702702703,0.02771025765678172,0.05349601126231816,0.5815540450943694,4
"['V10', 'V11', 'V9', 'V1', 'V2', 'V21']",0.7972972972972973,0.06758304696449026,0.1246040126715945,0.5815296234575198,6
"['V10', 'V4', 'V12', 'V16', 'V17', 'V11', 'V9', 'V21']",0.8648648648648649,0.04801200300075019,0.09097370291400142,0.5814958520126132,8
"['V12', 'V11', 'V9', 'V2', 'V21']",0.7837837837837838,0.039590443686006824,0.07537361923326835,0.5814346954152236,5
"['V12', 'V16', 'V11', 'V9', 'V1', 'V21']",0.7837837837837838,0.03818301514154049,0.07281858129315756,0.5814303674134906,6
"['V10', 'V11', 'V1', 'V2', 'V21']",0.8243243243243243,0.04939271255060729,0.0932009167303285,0.5814235711380091,5
"['V10', 'V4', 'V12', 'V17', 'V11', 'V2']",0.8648648648648649,0.04911742133537989,0.09295570079883805,0.5813634608603926,6
"['V12', 'V11', 'V9', 'V1']",0.7837837837837838,0.03622735790131168,0.06925373134328358,0.5813539785261053,4
"['V14', 'V4', 'V2', 'V3', 'V5', 'V17']",0.8648648648648649,0.04202232435981615,0.08015028177833437,0.5813205777310043,6
"['V4', 'V14', 'V8', 'V11', 'V1', 'V21']",0.8648648648648649,0.05035405192761605,0.09516728624535316,0.5812501271999213,6
"['V4', 'V14', 'V8', 'V21']",0.8783783783783784,0.04336224149432955,0.08264462809917356,0.5812090305606414,4
"['V14', 'V4', 'V2', 'V3', 'V5', 'V8', 'V6', 'V7']",0.8918918918918919,0.04744787922358016,0.0901023890784983,0.5811968201687114,8
"['V4', 'V14', 'V17', 'V11', 'V2']",0.8648648648648649,0.050673000791765635,0.09573672400897532,0.5811896615079454,5
"['V14', 'V4', 'V2', 'V3', 'V5', 'V8', 'V6', 'V17']",0.8783783783783784,0.04510756419153366,0.0858085808580858,0.5811538828121644,8
"['V12', 'V11', 'V9', 'V1', 'V21']",0.7837837837837838,0.0381328073635766,0.07272727272727272,0.58106611604237,5
"['V10', 'V4', 'V12', 'V16', 'V17', 'V9', 'V2']",0.8648648648648649,0.04410751206064783,0.0839344262295082,0.5809565318883962,7
"['V14', 'V12', 'V17', 'V1', 'V21']",0.8378378378378378,0.056108597285067875,0.10517387616624257,0.5809533373821978,5
"['V14', 'V4', 'V17']",0.8648648648648649,0.045454545454545456,0.08636977058029689,0.5808222431074485,3
"['V4', 'V14', 'V17']",0.8648648648648649,0.045454545454545456,0.08636977058029689,0.5808222431074485,3
"['V14', 'V4', 'V2', 'V3', 'V5', 'V8', 'V6', 'V1', 'V10']",0.8783783783783784,0.055793991416309016,0.10492332526230831,0.5808200689720323,9
"['V4', 'V16', 'V11', 'V1', 'V2']",0.8513513513513513,0.030776746458231558,0.0594059405940594,0.5807868133588266,5
"['V4', 'V16', 'V11', 'V9', 'V1', 'V2']",0.8513513513513513,0.030686799805163176,0.05923836389280677,0.580777674425768,6
"['V10', 'V4', 'V12', 'V16', 'V17', 'V9', 'V1', 'V2']",0.8648648648648649,0.04398625429553265,0.08371484630477437,0.5807404216881638,8
"['V10', 'V4', 'V12', 'V11', 'V9']",0.8648648648648649,0.05177993527508091,0.09770992366412214,0.5807196048403304,5
"['V10', 'V4', 'V12', 'V11']",0.8648648648648649,0.0516545601291364,0.09748667174409749,0.5806767767089256,4
"['V14', 'V16', 'V17', 'V8', 'V11', 'V1', 'V21']",0.8243243243243243,0.05465949820788531,0.10252100840336134,0.5806016278001519,7
"['V10', 'V4', 'V12', 'V16', 'V8', 'V1', 'V2', 'V21']",0.8648648648648649,0.05023547880690738,0.09495548961424333,0.5805993828360422,8
"['V14', 'V4', 'V2', 'V3', 'V5', 'V8', 'V6', 'V1', 'V7']",0.8918918918918919,0.047619047619047616,0.09041095890410959,0.5805817079019844,9
"['V10', 'V4', 'V12', 'V16', 'V8', 'V2', 'V21']",0.8648648648648649,0.050314465408805034,0.0950965824665676,0.580503837708528,7
"['V10', 'V12', 'V16']",0.8108108108108109,0.03146303093864709,0.06057546693589096,0.5804797263302581,3
"['V10', 'V4', 'V12', 'V11', 'V21']",0.8648648648648649,0.05241605241605242,0.09884169884169884,0.580450072643528,5
"['V14', 'V4', 'V2', 'V3', 'V5', 'V8', 'V6', 'V21']",0.8918918918918919,0.044989775051124746,0.08565866320571058,0.5804347992937081,8
"['V10', 'V4', 'V12', 'V16', 'V17', 'V1', 'V2', 'V21']",0.8648648648648649,0.046511627906976744,0.08827586206896551,0.5804275792601347,8
"['V14', 'V4', 'V2', 'V3', 'V5', 'V8', 'V6', 'V1', 'V7', 'V11', 'V9', 'V18']",0.8783783783783784,0.05480607082630692,0.10317460317460317,0.5804140697934189,12
"['V14', 'V4', 'V2', 'V3', 'V5', 'V8', 'V6', 'V1', 'V21']",0.8918918918918919,0.044928522804629,0.08554763447828904,0.580411425241421,9
"['V10', 'V4', 'V12', 'V16', 'V17', 'V8', 'V1', 'V21']",0.8648648648648649,0.04815650865312265,0.09123307198859587,0.5803169977980449,8
"['V14', 'V4', 'V2', 'V3', 'V5', 'V8', 'V17']",0.8783783783783784,0.04488950276243094,0.08541392904073587,0.5803137931966686,7
"['V4', 'V12', 'V16', 'V11', 'V1', 'V2']",0.8513513513513513,0.03429504627109418,0.06593406593406594,0.5802941441429427,6
"['V4', 'V12', 'V16', 'V11', 'V9', 'V1', 'V2']",0.8513513513513513,0.034787410270568746,0.06684350132625995,0.5802932856794383,7
"['V10', 'V4', 'V12', 'V16', 'V17', 'V2', 'V21']",0.8648648648648649,0.04644412191582003,0.0881542699724518,0.5802534926598826,7
"['V4', 'V12', 'V16', 'V11', 'V9', 'V2']",0.8513513513513513,0.03427638737758433,0.06589958158995816,0.5802053026167899,6
"['V10', 'V4', 'V12', 'V16', 'V17', 'V8', 'V9', 'V1', 'V21']",0.8648648648648649,0.04822908816880181,0.0913633119200571,0.5801675271325423,9
"['V12', 'V8', 'V11', 'V9']",0.7972972972972973,0.032759578012215435,0.06293333333333333,0.5801455323798397,4
"['V10', 'V4', 'V12', 'V11', 'V1', 'V21']",0.8648648648648649,0.052202283849918436,0.09846153846153846,0.5801161195117803,6
"['V4', 'V14', 'V17', 'V11', 'V9', 'V2']",0.8648648648648649,0.05063291139240506,0.09566517189835576,0.5800574572081194,6
"['V10', 'V4', 'V12', 'V16', 'V9', 'V1', 'V21']",0.8648648648648649,0.051364365971107544,0.09696969696969697,0.5800543619840501,7
"['V14', 'V4', 'V2', 'V3', 'V5', 'V8', 'V6', 'V1', 'V7', 'V11', 'V9', 'Amount']",0.8918918918918919,0.05527638190954774,0.10410094637223975,0.5800473512250164,12
"['V14', 'V16', 'V17', 'V8', 'V11', 'V1', 'V2', 'V21']",0.8378378378378378,0.05605786618444846,0.10508474576271186,0.5800297202670496,8
"['V10', 'V12', 'V17', 'V8', 'V11', 'V2', 'V21']",0.8243243243243243,0.025448477263245724,0.04937272359368677,0.5798750985469302,7
"['V4', 'V14', 'V8', 'V11', 'V21']",0.8648648648648649,0.05027494108405342,0.09502598366740905,0.5798479069478091,5
"['V10', 'V4', 'V12', 'V11', 'V9', 'V1']",0.8648648648648649,0.05128205128205128,0.09682299546142209,0.5798383479307518,6
"['V10', 'V12', 'V17', 'V11', 'V9', 'V21']",0.8108108108108109,0.045317220543806644,0.08583690987124463,0.5798186758387954,6
"['V14', 'V4', 'V2', 'V3', 'V5', 'V8', 'V6', 'V1', 'V7', 'V11', 'V18']",0.8783783783783784,0.054945054945054944,0.10342084327764518,0.5797777260203066,11
"['V10', 'V16', 'V11', 'V1', 'V2']",0.8108108108108109,0.053003533568904596,0.09950248756218906,0.57977229939366,5
"['V14', 'V16', 'V8', 'V11', 'V2']",0.8378378378378378,0.06025267249757046,0.11242067089755213,0.5797480467222871,5
"['V10', 'V12', 'V16', 'V17', 'V11', 'V2', 'V21']",0.8243243243243243,0.026967285587975242,0.052226027397260275,0.5797094285937489,7
"['V4', 'V14', 'V9', 'V1', 'V2']",0.8513513513513513,0.04442877291960508,0.08445040214477212,0.5797079593171248,5
"['V10', 'V4', 'V16', 'V9', 'V1', 'V2', 'V21']",0.8648648648648649,0.04915514592933948,0.09302325581395349,0.5796876680163794,7
"['V4', 'V14', 'V17', 'V8', 'V11', 'V9', 'V1', 'V2']",0.8513513513513513,0.052941176470588235,0.09968354430379747,0.5796800687985244,8
"['V10', 'V4', 'V16', 'V1', 'V2', 'V21']",0.8648648648648649,0.04892966360856269,0.09261939218523878,0.5796747882813409,6
"['V14', 'V16', 'V17', 'V8', 'V11', 'V2']",0.8378378378378378,0.06042884990253411,0.11272727272727273,0.5796575303217103,6
"['V10', 'V4', 'V16', 'V9', 'V1', 'V2']",0.8648648648648649,0.045584045584045586,0.08660351826792964,0.5796557008258849,6
"['V14', 'V12', 'V17', 'V11', 'V1', 'V21']",0.8378378378378378,0.057248384118190214,0.10717372515125324,0.57952658946374,6
"['V4', 'V14', 'V9', 'V2']",0.8648648648648649,0.04395604395604396,0.08366013071895424,0.5795040091860473,4
"['V14', 'V4', 'V2', 'V9']",0.8648648648648649,0.04395604395604396,0.08366013071895424,0.5795040091860473,4
"['V10', 'V12', 'V16', 'V17', 'V11', 'V21']",0.8243243243243243,0.026967285587975242,0.052226027397260275,0.5794477777192846,6
"['V14', 'V16', 'V1', 'V2', 'V21']",0.8378378378378378,0.058435438265786996,0.1092511013215859,0.5794089406272783,5
"['V10', 'V4', 'V16', 'V9', 'V2', 'V21']",0.8648648648648649,0.04859529233105543,0.09202012940330698,0.5793928063902031,6
"['V14', 'V4', 'V2', 'V3', 'V5', 'V8', 'V6', 'V1', 'V7', 'V19']",0.8918918918918919,0.047109207708779445,0.08949152542372882,0.5793389446445205,10
"['V10', 'V12', 'V16', 'V1']",0.7972972972972973,0.031720430107526884,0.06101344364012409,0.5793167688904307,4
"['V16', 'V11', 'V9', 'V2']",0.7837837837837838,0.03407755581668625,0.06531531531531531,0.5792953845147174,4
"['V14', 'V4', 'V2', 'V3', 'V5', 'V8', 'V6', 'V10']",0.8783783783783784,0.056082830025884385,0.10543390105433902,0.5792894240991902,8
"['V4', 'V14', 'V17', 'V11']",0.8648648648648649,0.05091487669053302,0.09616829451540196,0.5792392871640049,4
"['V4', 'V14', 'V17', 'V8', 'V11', 'V9', 'V2']",0.8513513513513513,0.05303030303030303,0.09984152139461172,0.5792334139019583,7
"['V10', 'V11', 'V2', 'V21']",0.8243243243243243,0.050538525269262634,0.09523809523809523,0.5792242822857984,4
"['V10', 'V12', 'V17', 'V8', 'V11', 'V21']",0.8243243243243243,0.025512337933918862,0.04949290060851927,0.5791282577717195,6
"['V12', 'V11', 'V9', 'V2']",0.8108108108108109,0.03790271636133923,0.07242003621001811,0.5791282389154797,4
"['V10', 'V4', 'V16', 'V2', 'V21']",0.8648648648648649,0.04819277108433735,0.0912981455064194,0.5791003677672788,5
"['V14', 'V4', 'V2', 'V3', 'V5', 'V18']",0.8783783783783784,0.043536503683858,0.08296107211231653,0.5790639883228568,6
"['V4', 'V14', 'V8', 'V1', 'V2', 'V21']",0.8783783783783784,0.04394861392832995,0.08370895041854476,0.5790577314735119,6
"['V10', 'V4', 'V12', 'V11', 'V1']",0.8648648648648649,0.05140562248995984,0.09704321455648218,0.579043040080861,5
"['V10', 'V4', 'V12', 'V16', 'V9', 'V1']",0.8648648648648649,0.04984423676012461,0.09425625920471281,0.5790261233474033,6
"['V14', 'V16', 'V11', 'V21']",0.8378378378378378,0.06288032454361055,0.1169811320754717,0.5790076619545554,4
"['V10', 'V4', 'V12', 'V17', 'V8', 'V11', 'V9', 'V1', 'V21']",0.8648648648648649,0.05128205128205128,0.09682299546142209,0.5788922414235523,9
"['V10', 'V4', 'V12', 'V9', 'V1', 'V2', 'V21']",0.8648648648648649,0.05023547880690738,0.09495548961424333,0.5788462283505894,7
"['V12', 'V11', 'V9']",0.7837837837837838,0.03489771359807461,0.06682027649769585,0.5788334759188888,3
"['V10', 'V12', 'V17', 'V11', 'V2', 'V21']",0.8243243243243243,0.026338514680483593,0.05104602510460251,0.5788212780482797,6
"['V14', 'V16', 'V11', 'V2', 'V21']",0.8243243243243243,0.06205493387589013,0.11542100283822138,0.5787992246625389,5
"['V14', 'V4', 'V2', 'V3', 'V6']",0.8783783783783784,0.04507628294036061,0.08575197889182058,0.5787895813587193,5
"['V16', 'V17', 'V11', 'V9', 'V1', 'V2']",0.7972972972972973,0.02702702702702703,0.052281789986708016,0.5787581501850197,6
"['V10', 'V12', 'V16', 'V17', 'V11', 'V9', 'V1']",0.8243243243243243,0.03841309823677582,0.07340553549939831,0.5787499011025887,7
"['V10', 'V12', 'V16', 'V17', 'V11', 'V2']",0.8243243243243243,0.025597985732270248,0.04965404965404965,0.5787275395368487,6
"['V10', 'V4', 'V12', 'V8', 'V11', 'V9', 'V21']",0.8648648648648649,0.051118210862619806,0.09653092006033183,0.5786779178641952,7
"['V10', 'V12', 'V16', 'V17', 'V9', 'V2', 'V21']",0.8108108108108109,0.04573170731707317,0.08658008658008658,0.5786110498383841,7
"['V4', 'V12', 'V16', 'V8', 'V11', 'V9', 'V1', 'V2']",0.8513513513513513,0.03583617747440273,0.06877729257641921,0.578588269128114,8
"['V10', 'V12', 'V16', 'V17', 'V9', 'V1', 'V2']",0.8108108108108109,0.03848620910840282,0.07348438456827924,0.5784530811380408,7
"['V14', 'V4', 'V2', 'V3', 'V5', 'V8', 'V6', 'V1', 'V7', 'V11', 'Amount']",0.8918918918918919,0.05527638190954774,0.10410094637223975,0.5784306584561824,11
"['V16', 'V11', 'V9', 'V21']",0.7702702702702703,0.0285,0.054966248794599805,0.5784222461290653,4
"['V10', 'V12', 'V16', 'V17', 'V11']",0.8243243243243243,0.025501672240802676,0.0494728304947283,0.5784151274413613,5
"['V14', 'V16', 'V11', 'V2']",0.8243243243243243,0.06237218813905931,0.11596958174904944,0.5783298777652046,4
"['V10', 'V12', 'V17', 'V11', 'V2']",0.8243243243243243,0.025030775543701273,0.04858622062923138,0.5783129879931445,5
"['V10', 'V12', 'V17', 'V11']",0.8243243243243243,0.025010250102501026,0.048547552725825706,0.5782734401973163,4
"['V10', 'V4', 'V16', 'V8', 'V11', 'V1', 'V2', 'V21']",0.8513513513513513,0.05511811023622047,0.10353327855382087,0.5781375596160135,8
"['V4', 'V16', 'V11', 'V9', 'V2']",0.8513513513513513,0.031080414405525406,0.05997144217039505,0.5780929119442375,5
"['V10', 'V12', 'V17', 'V11', 'V21']",0.8243243243243243,0.026475694444444444,0.051303616484440706,0.5780530256026526,5
"['V14', 'V16', 'V17', 'V11', 'V2']",0.8243243243243243,0.06081754735792622,0.11327762302692665,0.5780434518289179,5
"['V10', 'V4', 'V16', 'V8', 'V11', 'V9', 'V1', 'V21']",0.8513513513513513,0.05516637478108581,0.10361842105263158,0.5780319737606701,8
"['V10', 'V4', 'V12', 'V17', 'V11', 'V2', 'V21']",0.8648648648648649,0.05003909304143862,0.09460458240946046,0.5779834195910679,7
"['V10', 'V4', 'V12', 'V9', 'V2', 'V21']",0.8648648648648649,0.04972804972804973,0.0940484937545922,0.5779810851535867,6
"['V4', 'V14', 'V8', 'V9', 'V2']",0.8648648648648649,0.04481792717086835,0.085219707057257,0.5779378073941851,5
"['V4', 'V16', 'V11', 'V2']",0.8513513513513513,0.03128103277060576,0.0603448275862069,0.5779327790656947,4
"['V10', 'V16', 'V11', 'V9', 'V1', 'V21']",0.7972972972972973,0.07065868263473053,0.12981298129812982,0.5778889052521484,6
"['V10', 'V17', 'V11', 'V1', 'V2', 'V21']",0.8243243243243243,0.04332386363636364,0.08232118758434548,0.5778598251192935,6
"['V10', 'V4', 'V12', 'V17', 'V8', 'V11', 'V1', 'V21']",0.8648648648648649,0.05140562248995984,0.09704321455648218,0.5778196113586945,8
"['V10', 'V16', 'V11', 'V9', 'V1', 'V2']",0.7972972972972973,0.07032181168057211,0.12924424972617743,0.5777788739607268,6
"['V10', 'V4', 'V12', 'V16', 'V17', 'V8', 'V1', 'V2', 'V21']",0.8648648648648649,0.048265460030165915,0.09142857142857143,0.5777503041122146,9
"['V10', 'V4', 'V12', 'V16', 'V1']",0.8648648648648649,0.049689440993788817,0.09397944199706314,0.5776843574211474,5
"['V14', 'V16', 'V1']",0.8378378378378378,0.058161350844277676,0.10877192982456141,0.5776779603063695,3
"['V10', 'V4', 'V16', 'V8', 'V11', 'V1', 'V21']",0.8513513513513513,0.05521472392638037,0.1037037037037037,0.5776483453079225,7
"['V14', 'V16', 'V17', 'V8', 'V11']",0.8378378378378378,0.059672762271414825,0.11141060197663971,0.5776094962817939,5
"['V14', 'V16', 'V8', 'V11']",0.8378378378378378,0.05961538461538462,0.11131059245960502,0.5775980420088533,4
"['V10', 'V4', 'V12', 'V17', 'V11', 'V1', 'V2']",0.8648648648648649,0.04794007490636704,0.0908445706174592,0.5775507279342933,7
"['V4', 'V14', 'V17', 'V11', 'V9']",0.8648648648648649,0.050793650793650794,0.095952023988006,0.5775334652070189,5
"['V14', 'V4', 'V2', 'V3', 'V5', 'V8', 'V6', 'V1', 'V7', 'V11', 'V9', 'V20']",0.8918918918918919,0.054187192118226604,0.1021671826625387,0.5775277646066106,12
"['V10', 'V12', 'V17', 'V11', 'V9']",0.8108108108108109,0.03970880211780278,0.07570977917981073,0.5774975666914876,5
"['V10', 'V4', 'V12', 'V16', 'V1', 'V21']",0.8648648648648649,0.05190592051905921,0.09793420045906656,0.577490909239946,6
"['V10', 'V4', 'V12', 'V16', 'V17', 'V8', 'V11', 'V9', 'V1', 'V2', 'V21']",0.8648648648648649,0.050117462803445575,0.09474463360473723,0.5774707191462688,11
"['V4', 'V14', 'V8', 'V9']",0.8648648648648649,0.0449438202247191,0.08544726301735647,0.5774701708841388,4
"['V14', 'V12', 'V17', 'V1']",0.8378378378378378,0.05560538116591928,0.10428931875525652,0.5774427454908663,4
"['V10', 'V4', 'V12', 'V17', 'V11', 'V9', 'V2']",0.8648648648648649,0.04852160727824109,0.09188801148600144,0.5773960392798239,7
"['V10', 'V16', 'V17', 'V11', 'V9', 'V1', 'V2', 'V21']",0.7972972972972973,0.04800650935720097,0.09056024558710668,0.5773953834543012,8
"['V10', 'V12', 'V8', 'V11', 'V9', 'V1', 'V21']",0.7972972972972973,0.054528650646950096,0.10207612456747404,0.5773806840646651,7
"['V10', 'V11', 'V9', 'V2']",0.7972972972972973,0.07007125890736342,0.12882096069868995,0.5773557477542287,4
"['V10', 'V4', 'V12', 'V17', 'V11', 'V1', 'V2', 'V21']",0.8648648648648649,0.049689440993788817,0.09397944199706314,0.5773153662915097,8
"['V14', 'V16', 'V17', 'V1', 'V2', 'V21']",0.8378378378378378,0.05631244323342416,0.10553191489361702,0.5772921064758351,6
"['V17', 'V11', 'V9', 'V1', 'V2']",0.7837837837837838,0.026079136690647483,0.050478677110530897,0.577285079741543,5
"['V10', 'V12', 'V16', 'V17', 'V9', 'V1']",0.8108108108108109,0.038560411311053984,0.0736196319018405,0.5772454516697861,6
"['V14', 'V16', 'V1', 'V2']",0.8378378378378378,0.05810684161199625,0.10867659947414549,0.5772323010051181,4
"['V10', 'V16', 'V17', 'V11', 'V9', 'V2']",0.7972972972972973,0.05402930402930403,0.10120068610634649,0.577210060325173,6
"['V4', 'V14', 'V8', 'V1', 'V21']",0.8783783783783784,0.04394861392832995,0.08370895041854476,0.5772057397713685,5
"['V14', 'V16', 'V17', 'V1', 'V2']",0.8378378378378378,0.05631244323342416,0.10553191489361702,0.5771199207737143,5
"['V10', 'V12', 'V16', 'V17', 'V11', 'V9', 'V1', 'V21']",0.8108108108108109,0.042796005706134094,0.08130081300813008,0.5770851838729528,8
"['V14', 'V16', 'V1', 'V21']",0.8378378378378378,0.05810684161199625,0.10867659947414549,0.5769095140553435,4
"['V10', 'V16', 'V17', 'V11', 'V9', 'V1', 'V21']",0.7837837837837838,0.04696356275303644,0.08861726508785332,0.576892488433916,7
"['V14', 'V12', 'V17', 'V1', 'V2', 'V21']",0.8513513513513513,0.05575221238938053,0.10465116279069768,0.5768755237551355,6
"['V4', 'V12', 'V16', 'V11', 'V2']",0.8513513513513513,0.03401727861771058,0.06542056074766354,0.5768117659093722,5
"['V14', 'V4', 'V2', 'V3', 'V17']",0.8648648648648649,0.04456824512534819,0.0847682119205298,0.5767802653520103,5
"['V10', 'V16', 'V11', 'V2']",0.8108108108108109,0.05434782608695652,0.10186757215619695,0.5767474591551359,4
"['V16', 'V11', 'V9', 'V1', 'V2', 'V21']",0.7702702702702703,0.03186137506987144,0.061191626409017714,0.5767163566284607,6
"['V14', 'V16', 'V17', 'V11', 'V21']",0.8378378378378378,0.061507936507936505,0.11460258780036968,0.5766796830065289,5
"['V14', 'V4', 'V2', 'V3', 'V5', 'V8', 'V6', 'V1', 'V7', 'V11', 'V20']",0.8918918918918919,0.05441055234954658,0.10256410256410256,0.5766633560262193,11
"['V4', 'V16', 'V17', 'V11', 'V9', 'V1', 'V2']",0.8378378378378378,0.029908345393150026,0.05775500698649278,0.576661082897951,7
"['V12', 'V16', 'V17', 'V8', 'V11', 'V9']",0.8108108108108109,0.028422548555187114,0.05491990846681922,0.5766369184040573,6
"['V10', 'V12', 'V16', 'V17', 'V11', 'V9', 'V1', 'V2']",0.8243243243243243,0.03841309823677582,0.07340553549939831,0.576588291368269,8
"['V12', 'V8', 'V11', 'V9', 'V21']",0.7972972972972973,0.03398617511520737,0.06519337016574586,0.576561103634452,5
"['V10', 'V4', 'V12', 'V8', 'V11', 'V21']",0.8783783783783784,0.0521669341894061,0.09848484848484848,0.5765608746520681,6
"['V10', 'V12', 'V16', 'V17', 'V11', 'V1', 'V2', 'V21']",0.8243243243243243,0.02712316585148955,0.052518295307791646,0.5765589042591918,8
"['V10', 'V12', 'V8', 'V11', 'V9', 'V1', 'V2', 'V21']",0.7972972972972973,0.054377880184331796,0.10181190681622088,0.5765588902893034,8
"['V14', 'V4', 'V2', 'V3', 'V20']",0.8783783783783784,0.044920525224602624,0.08547008547008547,0.5765450354941833,5
"['V10', 'V4', 'V12', 'V8', 'V11', 'V2', 'V21']",0.8783783783783784,0.05229283990345937,0.09870918754745633,0.5764599320678894,7
"['V4', 'V16', 'V17', 'V11', 'V1', 'V2']",0.8378378378378378,0.02995169082125604,0.05783582089552239,0.5764570557896761,6
"['V4', 'V14', 'V17', 'V8', 'V11', 'V1', 'V2']",0.8513513513513513,0.052763819095477386,0.09936908517350158,0.57629586474323,7
"['V10', 'V12', 'V16', 'V8', 'V11', 'V9', 'V1', 'V21']",0.7972972972972973,0.05417814508723599,0.10146173688736028,0.5762871598263368,8
"['V10', 'V12', 'V16', 'V17', 'V9', 'V1', 'V2', 'V21']",0.8108108108108109,0.044543429844097995,0.0844475721323012,0.5762694915717554,8
"['V14', 'V4', 'V2', 'V6']",0.8783783783783784,0.044490075290896644,0.08469055374592833,0.5762002723565688,4
"['V4', 'V14', 'V17', 'V8', 'V11', 'V2']",0.8513513513513513,0.05280804694048617,0.09944751381215469,0.5761760797233485,6
"['V14', 'V4', 'V2', 'V19']",0.8783783783783784,0.044157608695652176,0.08408796895213454,0.5761428882961345,4
"['V10', 'V12', 'V17', 'V9']",0.8108108108108109,0.0407055630936228,0.07751937984496124,0.5760921087485323,4
"['V10', 'V12', 'V16', 'V17', 'V8', 'V11', 'V1', 'V2', 'V21']",0.8243243243243243,0.02604611443210931,0.050496688741721855,0.5760450569037664,9
"['V10', 'V12', 'V17', 'V9', 'V2']",0.8108108108108109,0.04084411164057182,0.07777057679844458,0.5759864467976953,5
"['V14', 'V12', 'V17', 'V11', 'V1', 'V2', 'V21']",0.8378378378378378,0.05560538116591928,0.10428931875525652,0.5759724125120472,7
"['V10', 'V4', 'V11', 'V9', 'V2']",0.8513513513513513,0.05357142857142857,0.1008,0.5758944295180431,5
"['V12', 'V16', 'V17', 'V8', 'V11', 'V9', 'V21']",0.7972972972972973,0.028612997090203686,0.0552434456928839,0.5758612242088348,7
"['V10', 'V16', 'V17', 'V11', 'V9']",0.7972972972972973,0.05253784505788068,0.0985797827903091,0.5758281020714985,5
"['V10', 'V4', 'V12', 'V16', 'V8', 'V11', 'V1']",0.8513513513513513,0.049723756906077346,0.09395973154362416,0.5757711036630345,7
"['V14', 'V12', 'V17', 'V1', 'V2']",0.8513513513513513,0.05560458958517211,0.1043910521955261,0.5756631313798384,5
"['V10', 'V12', 'V8', 'V11', 'V2', 'V21']",0.8108108108108109,0.028749401054144707,0.055529847292919945,0.5755998711574487,6
"['V10', 'V12', 'V16', 'V17', 'V8', 'V11', 'V1', 'V21']",0.8243243243243243,0.026191498497209104,0.05076987099459009,0.5755920784279431,8
"['V10', 'V4', 'V16', 'V17', 'V8', 'V11', 'V1', 'V2', 'V21']",0.8513513513513513,0.053480475382003394,0.10063897763578275,0.5755793367120534,9
"['V10', 'V11', 'V9', 'V1', 'V21']",0.7972972972972973,0.0677382319173364,0.12486772486772486,0.575552157345118,5
"['V10', 'V4', 'V12', 'V16', 'V17', 'V8', 'V11', 'V9', 'V2', 'V21']",0.8648648648648649,0.047976011994003,0.09090909090909091,0.5755177023123731,10
"['V10', 'V12', 'V8', 'V11', 'V21']",0.8108108108108109,0.028680688336520075,0.055401662049861494,0.5755138267994364,5
"['V14', 'V16', 'V17', 'V1', 'V21']",0.8378378378378378,0.05662100456621005,0.10607356715141146,0.5754598425479238,5
"['V4', 'V14', 'V2']",0.8783783783783784,0.04433833560709413,0.08441558441558442,0.5754102469589435,3
"['V14', 'V4', 'V2']",0.8783783783783784,0.04433833560709413,0.08441558441558442,0.5754102469589435,3
"['V14', 'V16', 'V17', 'V11', 'V2', 'V21']",0.8378378378378378,0.06120434353405726,0.1140754369825207,0.5753952292394028,6
"['V10', 'V16', 'V17', 'V11', 'V2']",0.8108108108108109,0.041666666666666664,0.07926023778071334,0.575384761892547,5
"['V14', 'V4', 'V2', 'V3', 'V5', 'V6']",0.8783783783783784,0.04397834912043302,0.08376288659793814,0.5753781729585671,6
"['V14', 'V17', 'V8', 'V1']",0.8378378378378378,0.05511111111111111,0.10341951626355296,0.5753621622815173,4
"['V14', 'V4', 'V2', 'V3', 'V18']",0.8783783783783784,0.04523312456506611,0.08603573792190602,0.5752830543770149,5
"['V10', 'V4', 'V12', 'V16', 'V9']",0.8648648648648649,0.049805447470817124,0.094186902133922,0.5752746267172697,5
"['V10', 'V11', 'V9']",0.7837837837837838,0.0676779463243874,0.12459720730397422,0.5752489677464061,3
"['V14', 'V17', 'V11']",0.8243243243243243,0.06256410256410257,0.11630123927550047,0.575230198185869,3
"['V4', 'V14', 'V9']",0.8648648648648649,0.044137931034482755,0.08398950131233596,0.5751568269978962,3
"['V14', 'V4', 'V9']",0.8648648648648649,0.044137931034482755,0.08398950131233596,0.5751568269978962,3
"['V10', 'V12', 'V17', 'V9', 'V1', 'V21']",0.8108108108108109,0.04480955937266617,0.08492569002123142,0.5750676994973329,6
"['V14', 'V4', 'V18']",0.8783783783783784,0.04571026722925457,0.08689839572192513,0.5750113774825791,3
"['V14', 'V4', 'V2', 'V1']",0.8513513513513513,0.044366197183098595,0.08433734939759036,0.5750015889384847,4
"['V4', 'V14', 'V1', 'V2']",0.8513513513513513,0.044366197183098595,0.08433734939759036,0.5750015889384847,4
"['V10', 'V4', 'V12', 'V16', 'V8', 'V11', 'V9', 'V1']",0.8513513513513513,0.050683829444891394,0.09567198177676538,0.5749756155567276,8
"['V4', 'V12', 'V16', 'V11', 'V9', 'V21']",0.8513513513513513,0.03515625,0.06752411575562701,0.5749670174279339,6
"['V10', 'V4', 'V16', 'V17', 'V9', 'V2']",0.8513513513513513,0.043689320388349516,0.08311345646437995,0.5749479587664826,6
"['V14', 'V16', 'V17', 'V1']",0.8378378378378378,0.05600722673893405,0.10499576629974598,0.5749209189903022,4
"['V10', 'V4', 'V12', 'V17', 'V11', 'V9', 'V1', 'V2']",0.8648648648648649,0.0475482912332838,0.09014084507042254,0.5748784005729125,8
"['V10', 'V4', 'V16', 'V8', 'V11', 'V2', 'V21']",0.8513513513513513,0.0524126455906822,0.0987460815047022,0.5748770420574049,7
"['V10', 'V12', 'V16', 'V8', 'V11', 'V9', 'V1', 'V2', 'V21']",0.7972972972972973,0.05417814508723599,0.10146173688736028,0.5748282587789445,9
"['V10', 'V4', 'V12', 'V16', 'V9', 'V21']",0.8648648648648649,0.05063291139240506,0.09566517189835576,0.5748037103623418,6
"['V14', 'V4', 'V2', 'V3', 'V5', 'V8', 'V21']",0.8783783783783784,0.043275632490013316,0.08248730964467005,0.5747964121905235,7
"['V4', 'V12', 'V16', 'V8', 'V11', 'V9', 'V2']",0.8513513513513513,0.03579545454545455,0.06870229007633588,0.5747737882719813,7
"['V10', 'V4', 'V12', 'V16', 'V17', 'V8', 'V2', 'V21']",0.8648648648648649,0.04685212298682284,0.08888888888888889,0.5746743774339084,8
"['V10', 'V12', 'V16', 'V17', 'V11', 'V1', 'V2']",0.8243243243243243,0.026395499783643445,0.05115303983228511,0.5746370431410822,7
"['V10', 'V12', 'V16', 'V17', 'V11', 'V1', 'V21']",0.8243243243243243,0.026931567328918323,0.052159042325780246,0.5746065804153575,7
"['V14', 'V16', 'V11', 'V1']",0.8243243243243243,0.059223300970873784,0.1105072463768116,0.5745352593188577,4
"['V10', 'V12', 'V16', 'V17', 'V11', 'V1']",0.8243243243243243,0.026023890784982934,0.050454921422663356,0.5744975591254867,6
"['V10', 'V4', 'V16', 'V2']",0.8648648648648649,0.04833836858006042,0.09155937052932761,0.5744783365388383,4
"['V14', 'V4', 'V2', 'V3', 'V5', 'V8', 'V6', 'V1', 'V7', 'V11', 'V9']",0.8918918918918919,0.05441055234954658,0.10256410256410256,0.5744159836711191,11
"['V10', 'V12', 'V16', 'V8', 'V11', 'V21']",0.8108108108108109,0.028639618138424822,0.05532503457814661,0.5744021818654914,6
"['V10', 'V12', 'V16', 'V17', 'V11', 'V9', 'V2', 'V21']",0.8108108108108109,0.04411764705882353,0.08368200836820083,0.5743940842361087,8
"['V4', 'V14', 'V17', 'V9', 'V1']",0.8513513513513513,0.045884923525127456,0.08707671043538355,0.574339660321391,5
"['V10', 'V4', 'V17', 'V11', 'V9', 'V2']",0.8513513513513513,0.0532994923857868,0.10031847133757962,0.5742994232039565,6
"['V10', 'V12', 'V16', 'V17', 'V8', 'V11', 'V9', 'V21']",0.8108108108108109,0.043227665706051875,0.08207934336525308,0.5742767662878769,8
"['V10', 'V12', 'V16', 'V17', 'V1', 'V2', 'V21']",0.8108108108108109,0.02936857562408223,0.05668398677373642,0.5742706081002092,7
"['V10', 'V4', 'V11', 'V9', 'V2', 'V21']",0.8648648648648649,0.05512489233419466,0.10364372469635627,0.5742609326012745,6
"['V10', 'V12', 'V16', 'V17', 'V2', 'V21']",0.8108108108108109,0.028639618138424822,0.05532503457814661,0.5742496050989607,6
"['V10', 'V12', 'V16', 'V8', 'V11', 'V2', 'V21']",0.8108108108108109,0.028639618138424822,0.05532503457814661,0.5742271408903731,7
"['V4', 'V14', 'V17', 'V11', 'V9', 'V1', 'V2']",0.8513513513513513,0.051094890510948905,0.09640397857689365,0.5742250680986155,7
"['V14', 'V4', 'V2', 'V3', 'V5', 'V8', 'V6', 'V1', 'V18']",0.8918918918918919,0.04741379310344827,0.09004092769440655,0.5741706124698824,9
"['V4', 'V14', 'V8', 'V11', 'V9']",0.8513513513513513,0.05092966855295069,0.09610983981693363,0.5741456474019999,5
"['V14', 'V16', 'V8', 'V11', 'V1']",0.8243243243243243,0.05738476011288805,0.10729991204925242,0.5741159492664009,5
"['V4', 'V14', 'V8', 'V11', 'V2', 'V21']",0.8648648648648649,0.05023547880690738,0.09495548961424333,0.5740803414477083,6
"['V10', 'V12', 'V17', 'V11', 'V9', 'V2']",0.8108108108108109,0.039190071848465055,0.07476635514018691,0.5739847520402542,6
"['V10', 'V4', 'V12', 'V16']",0.8648648648648649,0.04945904173106646,0.0935672514619883,0.5739821010594175,4
"['V14', 'V4', 'V2', 'V3', 'V5', 'V20']",0.8783783783783784,0.04321808510638298,0.08238276299112801,0.5738815692887764,6
"['V14', 'V17', 'V11', 'V2']",0.8243243243243243,0.061306532663316586,0.11412535079513564,0.5738508038170628,4
"['V4', 'V14', 'V17', 'V11', 'V1', 'V2']",0.8513513513513513,0.05113636363636364,0.09647779479326186,0.5738017382236582,6
"['V10', 'V4', 'V16', 'V17', 'V8', 'V11', 'V1', 'V21']",0.8513513513513513,0.053389830508474574,0.10047846889952153,0.5736416888088234,8
"['V14', 'V16', 'V11', 'V1', 'V2', 'V21']",0.8243243243243243,0.05933852140077821,0.11070780399274047,0.5736341438970531,6
"['V4', 'V14', 'V11', 'V2']",0.8648648648648649,0.05023547880690738,0.09495548961424333,0.5736197590275202,4
"['V14', 'V4', 'V2', 'V11']",0.8648648648648649,0.05023547880690738,0.09495548961424333,0.5736197590275202,4
"['V10', 'V4', 'V16', 'V8', 'V11', 'V9', 'V2', 'V21']",0.8513513513513513,0.05232558139534884,0.09859154929577464,0.5735646931190743,8
"['V14', 'V16', 'V11', 'V1', 'V21']",0.8243243243243243,0.05939629990262902,0.11080835603996367,0.5735375159610993,5
"['V14', 'V4', 'V2', 'V3', 'V9']",0.8783783783783784,0.04470426409903714,0.08507853403141362,0.5734656311617338,5
"['V4', 'V12', 'V16', 'V8', 'V11', 'V1', 'V2']",0.8513513513513513,0.0350974930362117,0.06741573033707865,0.5733698655529579,7
"['V4', 'V12', 'V16', 'V8', 'V11', 'V9', 'V1', 'V2', 'V21']",0.8513513513513513,0.03531390134529148,0.06781485468245425,0.5733422797595903,9
"['V10', 'V4', 'V12', 'V16', 'V17', 'V9', 'V1', 'V2', 'V21']",0.8648648648648649,0.047093451066961,0.08932309839497557,0.573265530305993,9
"['V10', 'V4', 'V16', 'V17', 'V1', 'V2', 'V21']",0.8648648648648649,0.046886446886446886,0.08895066018068103,0.5732380945899956,7
"['V4', 'V14', 'V11', 'V9', 'V2']",0.8648648648648649,0.05035405192761605,0.09516728624535316,0.5732293310769374,5
"['V4', 'V14', 'V8', 'V11', 'V1', 'V2', 'V21']",0.8648648648648649,0.05055292259083728,0.0955223880597015,0.5732219359094015,7
"['V10', 'V4', 'V12', 'V17', 'V2']",0.8513513513513513,0.04522613065326633,0.08588957055214724,0.5731744439528764,5
"['V10', 'V12', 'V8', 'V11', 'V1', 'V21']",0.8108108108108109,0.029083858458555503,0.05615348619560131,0.5731532783108114,6
"['V14', 'V4', 'V2', 'V3', 'V5', 'V8', 'V6', 'V1', 'V7', 'V11', 'V9', 'V19']",0.8918918918918919,0.05374592833876222,0.10138248847926268,0.573145164605274,12
"['V10', 'V4', 'V12', 'V8', 'V11', 'V1', 'V2', 'V21']",0.8648648648648649,0.05186385737439222,0.09785932721712538,0.5730317726598113,8
"['V14', 'V12', 'V17', 'V11', 'V1', 'V2']",0.8378378378378378,0.05443371378402107,0.10222588623248145,0.5730166945049533,6
"['V14', 'V4', 'V2', 'V20']",0.8783783783783784,0.04427792915531335,0.08430609597924774,0.5730075518978428,4
"['V14', 'V16', 'V17', 'V8', 'V11', 'V1']",0.8243243243243243,0.05545454545454546,0.10391822827938671,0.5729977650521505,6
"['V10', 'V12', 'V8', 'V11', 'V1', 'V2', 'V21']",0.8108108108108109,0.029097963142580018,0.056179775280898875,0.5729701540303611,7
"['V10', 'V4', 'V16', 'V17', 'V8', 'V11', 'V9', 'V1', 'V21']",0.8378378378378378,0.05249788314987299,0.09880478087649402,0.572954503232854,9
"['V10', 'V12', 'V8', 'V11', 'V9', 'V21']",0.7972972972972973,0.05462962962962963,0.1022530329289428,0.5729536283018237,6
"['V10', 'V12', 'V17', 'V11', 'V1', 'V2', 'V21']",0.8243243243243243,0.026919682259488084,0.05213675213675214,0.5728519583191238,7
"['V10', 'V4', 'V11', 'V2', 'V21']",0.8648648648648649,0.055077452667814115,0.10355987055016182,0.572769356062516,5
"['V14', 'V4', 'V2', 'V3', 'V5', 'V8', 'V6', 'V18']",0.8918918918918919,0.04737975592246949,0.08997955010224949,0.5727680971210349,8
"['V16', 'V11', 'V9']",0.7702702702702703,0.02838645418326693,0.05475504322766571,0.5726690890794388,3
"['V10', 'V4', 'V12', 'V16', 'V8', 'V9', 'V2', 'V21']",0.8648648648648649,0.04949729311678268,0.0936356986100951,0.5726561678480865,8
"['V10', 'V12', 'V17', 'V9', 'V2', 'V21']",0.7972972972972973,0.04452830188679245,0.08434596140100072,0.5726541439529361,6
"['V10', 'V4', 'V16', 'V17', 'V9', 'V1', 'V2']",0.8648648648648649,0.0438957475994513,0.0835509138381201,0.5726432257213699,7
"['V10', 'V11', 'V2']",0.8108108108108109,0.04780876494023904,0.09029345372460497,0.5725961576137627,3
"['V14', 'V4', 'V2', 'V3']",0.8783783783783784,0.044765840220385676,0.08519003931847968,0.5725607782329128,4
"['V14', 'V4', 'V2', 'V3', 'V5', 'V8', 'V6', 'V1', 'V7', 'V11']",0.8918918918918919,0.05441055234954658,0.10256410256410256,0.5725298500744483,10
"['V4', 'V14', 'V17', 'V1']",0.8513513513513513,0.04568527918781726,0.08671713695801789,0.572506361554108,4
"['V14', 'V12', 'V17', 'V11', 'V1']",0.8378378378378378,0.05682859761686526,0.10643776824034334,0.5724228733669534,5
"['V14', 'V16', 'V11', 'V1', 'V2']",0.8243243243243243,0.05871029836381136,0.1096136567834681,0.572375290919823,5
"['V10', 'V4', 'V16', 'V17', 'V2', 'V21']",0.8648648648648649,0.04671532846715328,0.0886426592797784,0.572286964329646,6
"['V10', 'V12', 'V16', 'V17', 'V8', 'V11', 'V9', 'V1', 'V21']",0.8108108108108109,0.042765502494654314,0.08124576844955991,0.5722630019744738,9
"['V10', 'V4', 'V12', 'V8', 'V9', 'V1', 'V21']",0.8648648648648649,0.04965089216446858,0.09391049156272928,0.5722503174033247,7
"['V10', 'V12', 'V16', 'V17', 'V11', 'V9', 'V1', 'V2', 'V21']",0.8108108108108109,0.04225352112676056,0.08032128514056225,0.5722485140681807,9
"['V14', 'V4', 'V2', 'V3', 'V1']",0.8648648648648649,0.045133991537376586,0.08579088471849866,0.5722345953943088,5
"['V14', 'V4', 'V2', 'Amount']",0.8783783783783784,0.044097693351424695,0.08397932816537468,0.5722092412249453,4
"['V10', 'V4', 'V16', 'V11', 'V9', 'V1', 'V21']",0.8513513513513513,0.05478260869565217,0.10294117647058823,0.572158920968816,7
"['V10', 'V12', 'V16', 'V17', 'V8', 'V11', 'V9', 'V2', 'V21']",0.8108108108108109,0.042796005706134094,0.08130081300813008,0.5721537254483497,9
"['V10', 'V4', 'V16', 'V11', 'V1', 'V21']",0.8513513513513513,0.0546875,0.10277324632952692,0.5720686580252665,6
"['V10', 'V12', 'V8', 'V11', 'V9', 'V2', 'V21']",0.7972972972972973,0.053832116788321165,0.10085470085470086,0.572056226448809,7
"['V10', 'V4', 'V11', 'V9', 'V1', 'V2', 'V21']",0.8648648648648649,0.0542832909245123,0.10215482841181166,0.5719797155960594,7
"['V14', 'V4', 'V2', 'V3', 'V19']",0.8783783783783784,0.044673539518900345,0.08502289077828647,0.5719649883358037,5
"['V4', 'V12', 'V16', 'V8', 'V11', 'V9', 'V1']",0.8513513513513513,0.03575482406356413,0.06862745098039216,0.5719509423820835,7
"['V10', 'V17', 'V11', 'V9', 'V21']",0.7837837837837838,0.05206463195691203,0.09764309764309764,0.5719318826789818,5
"['V12', 'V16', 'V8', 'V11', 'V9', 'V2', 'V21']",0.7972972972972973,0.03646477132262052,0.06973995271867613,0.5718796960010076,7
"['V4', 'V14', 'V11', 'V1', 'V2']",0.8513513513513513,0.05084745762711865,0.09596344249809596,0.5718684026572071,5
"['V4', 'V14', 'V11']",0.8648648648648649,0.0504334121355398,0.0953090096798213,0.5718623483231688,3
"['V14', 'V4', 'V11']",0.8648648648648649,0.0504334121355398,0.0953090096798213,0.5718623483231688,3
"['V10', 'V4', 'V12', 'V9', 'V1', 'V21']",0.8648648648648649,0.05087440381558029,0.0960960960960961,0.5718569004527277,6
"['V10', 'V4', 'V16', 'V1', 'V2']",0.8648648648648649,0.04801200300075019,0.09097370291400142,0.5718441623488028,5
"['V10', 'V12', 'V16', 'V8', 'V11', 'V1', 'V2', 'V21']",0.8108108108108109,0.02904162633107454,0.056074766355140186,0.571793975126378,8
"['V10', 'V12', 'V16', 'V17', 'V21']",0.8108108108108109,0.028208744710860368,0.05452067242162653,0.5717802858467343,5
"['V4', 'V12', 'V16', 'V11', 'V9', 'V1', 'V21']",0.8513513513513513,0.03515625,0.06752411575562701,0.5717721370574727,7
"['V14', 'V4', 'V2', 'V3', 'V5', 'V8', 'V6', 'V1', 'V7', 'V11', 'V19']",0.8918918918918919,0.05392156862745098,0.1016949152542373,0.5717690244642649,11
"['V10', 'V16', 'V11']",0.7972972972972973,0.046493301812450746,0.08786299329858525,0.5716138398487002,3
"['V4', 'V14', 'V11', 'V9']",0.8648648648648649,0.050393700787401574,0.09523809523809523,0.5716125502662168,4
"['V10', 'V12', 'V16', 'V8', 'V11', 'V9', 'V21']",0.7972972972972973,0.053881278538812784,0.1009409751924722,0.5716066293571589,7
"['V10', 'V12', 'V16', 'V8', 'V11', 'V1', 'V21']",0.8108108108108109,0.02902757619738752,0.0560485754320411,0.5715946831950423,7
"['V10', 'V4', 'V12', 'V16', 'V17', 'V9', 'V1', 'V21']",0.8648648648648649,0.04716285924834193,0.08944793850454227,0.5715865986539965,8
"['V10', 'V4', 'V12', 'V16', 'V8', 'V9', 'V1', 'V2', 'V21']",0.8648648648648649,0.05055292259083728,0.0955223880597015,0.5715668178001525,9
"['V10', 'V12', 'V17', 'V11', 'V1', 'V2']",0.8243243243243243,0.02614659237033862,0.05068550062318238,0.571545840672231,6
"['V10', 'V4', 'V12', 'V16', 'V21']",0.8648648648648649,0.0515713134568896,0.09733840304182509,0.5714571050908209,5
"['V12', 'V16', 'V8', 'V11', 'V9', 'V2']",0.7972972972972973,0.0358227079538555,0.06856478791400349,0.5714224094098757,6
"['V4', 'V14', 'V8', 'V9', 'V1', 'V2']",0.8513513513513513,0.045,0.08548168249660787,0.5714064318838161,6
"['V10', 'V4', 'V12', 'V16', 'V17', 'V9', 'V2', 'V21']",0.8648648648648649,0.046209386281588445,0.08773132282385196,0.5714039790291792,8
"['V10', 'V17', 'V11', 'V2']",0.7972972972972973,0.04422788605697151,0.08380681818181818,0.571293212150149,4
"['V14', 'V4', 'V2', 'V3', 'V5', 'V8', 'V18']",0.8783783783783784,0.04529616724738676,0.08614976805831677,0.5712837544447124,7
"['V10', 'V16', 'V11', 'V9', 'V1']",0.7972972972972973,0.06949352179034157,0.12784398699891658,0.5712141158428607,5
"['V4', 'V16', 'V17', 'V11', 'V2']",0.8243243243243243,0.029468599033816423,0.05690298507462686,0.5711940974283136,5
"['V4', 'V14', 'V11', 'V9', 'V1', 'V2']",0.8513513513513513,0.05088852988691438,0.09603658536585366,0.5711255060493723,6
"['V14', 'V4', 'V2', 'V3', 'V5', 'V8', 'V6', 'V20']",0.8918918918918919,0.045993031358885016,0.0874751491053678,0.5710820852367895,8
"['V4', 'V16', 'V17', 'V11', 'V9', 'V2']",0.8243243243243243,0.029482841952634124,0.05692953803079795,0.5710265105967156,6
"['V10', 'V16', 'V17', 'V11']",0.7972972972972973,0.037990985189954925,0.0725261216963737,0.5710184412404403,4
"['V4', 'V12', 'V16', 'V8', 'V11', 'V9', 'V1', 'V21']",0.8513513513513513,0.03494176372712146,0.06712839637719765,0.5709856131888726,8
"['V10', 'V12', 'V17', 'V11', 'V1', 'V21']",0.8243243243243243,0.026836779586449627,0.05198125266297401,0.5709781678699365,6
"['V10', 'V4', 'V12', 'V17', 'V8', 'V11', 'V9', 'V21']",0.8648648648648649,0.04965089216446858,0.09391049156272928,0.570960310426988,8
"['V10', 'V4', 'V16', 'V17', 'V9', 'V1', 'V2', 'V21']",0.8648648648648649,0.0471976401179941,0.08951048951048951,0.5709287469021986,8
"['V4', 'V12', 'V16', 'V8', 'V11', 'V9', 'V2', 'V21']",0.8513513513513513,0.03535353535353535,0.06788793103448276,0.5709282989305723,8
"['V4', 'V12', 'V16', 'V8', 'V11', 'V2']",0.8513513513513513,0.03537338573834924,0.06792452830188679,0.570821685718531,6
"['V14', 'V4', 'V2', 'V3', 'V5']",0.8783783783783784,0.043132050431320505,0.08222643896268185,0.5708204874720072,5
"['V17', 'V11', 'V9', 'V2']",0.7837837837837838,0.028698664027709056,0.05536992840095466,0.5708193072583342,4
"['V10', 'V4', 'V12', 'V8', 'V11', 'V9', 'V2', 'V21']",0.8783783783783784,0.051669316375198726,0.09759759759759759,0.5708170463491584,8
"['V10', 'V4', 'V12', 'V17', 'V11']",0.8648648648648649,0.04881769641495042,0.09241877256317689,0.5707778540860623,5
"['V12', 'V16', 'V8', 'V11', 'V9', 'V1']",0.7972972972972973,0.034746760895170786,0.06659142212189616,0.5707665768801836,6
"['V10', 'V4', 'V16', 'V17', 'V9', 'V2', 'V21']",0.8648648648648649,0.046511627906976744,0.08827586206896551,0.5707634202834564,7
"['V10', 'V12', 'V17', 'V2', 'V21']",0.8108108108108109,0.027958993476234855,0.05405405405405406,0.5707404284003288,5
"['V14', 'V4', 'V2', 'V3', 'V5', 'V8', 'V6', 'V1', 'V9']",0.8918918918918919,0.046380885453267746,0.08817635270541083,0.5707215706182834,9
"['V10', 'V4', 'V11', 'V1', 'V2', 'V21']",0.8648648648648649,0.05405405405405406,0.10174880763116058,0.5707211281574242,6
"['V14', 'V4', 'V2', 'V3', 'V5', 'V8', 'V6', 'V9']",0.8918918918918919,0.04618614415675298,0.08782435129740519,0.5706850937019311,8
"['V4', 'V14', 'V9', 'V1']",0.8648648648648649,0.04551920341394026,0.08648648648648649,0.5706838971359655,4
"['V10', 'V4', 'V11', 'V2']",0.8648648648648649,0.05437553101104503,0.10231814548361311,0.5706415388015111,4
"['V14', 'V4', 'V2', 'V3', 'V5', 'V9']",0.8783783783783784,0.04298941798941799,0.08196721311475409,0.5706285603765312,6
"['V10', 'V4', 'V12', 'V17', 'V2', 'V21']",0.8513513513513513,0.04790874524714829,0.09071274298056156,0.5705634880566763,6
"['V10', 'V4', 'V16', 'V17', 'V8', 'V11', 'V2', 'V21']",0.8513513513513513,0.051094890510948905,0.09640397857689365,0.5705013059977398,8
"['V10', 'V4', 'V12', 'V17', 'V11', 'V9']",0.8648648648648649,0.04859529233105543,0.09202012940330698,0.5704253905938227,6
"['V10', 'V4', 'V12', 'V16', 'V17', 'V9', 'V1']",0.8648648648648649,0.044382801664355064,0.08443271767810026,0.5703506712458328,7
"['V14', 'V17', 'V8', 'V11']",0.8378378378378378,0.061083743842364535,0.11386593204775022,0.5703219768959354,4
"['V14', 'V4', 'V2', 'V3', 'V5', 'V8', 'V6', 'V1', 'V20']",0.8918918918918919,0.046057222609909285,0.08759124087591241,0.5703163405139506,9
"['V10', 'V4', 'V16', 'V8', 'V11', 'V9', 'V1', 'V2', 'V21']",0.8378378378378378,0.0542432195975503,0.1018898931799507,0.5703125221249151,9
"['V4', 'V14', 'V8', 'V9', 'V1']",0.8513513513513513,0.04490377761938703,0.08530805687203792,0.5703044394899865,5
"['V16', 'V11', 'V9', 'V2', 'V21']",0.7702702702702703,0.03429602888086643,0.06566820276497695,0.5702791073397465,5
"['V10', 'V16', 'V11', 'V21']",0.8108108108108109,0.04918032786885246,0.09273570324574962,0.5702414715555484,4
"['V10', 'V4', 'V12', 'V8', 'V1', 'V21']",0.8648648648648649,0.04988308651597818,0.09432571849668386,0.5702140333964241,6
"['V12', 'V16', 'V17', 'V8', 'V11', 'V9', 'V2', 'V21']",0.7972972972972973,0.030025445292620866,0.05787150564001962,0.5702098595533152,8
"['V4', 'V14', 'V8', 'V11', 'V9', 'V1']",0.8513513513513513,0.051681706316652996,0.09744779582366589,0.5701739409340841,6
"['V10', 'V4', 'V12', 'V17', 'V8', 'V11', 'V21']",0.8783783783783784,0.050940438871473356,0.0962962962962963,0.5701649831745658,7
"['V10', 'V12', 'V16', 'V17', 'V2']",0.8108108108108109,0.027260336210813266,0.05274725274725275,0.5701542092972579,5
"['V10', 'V4', 'V12', 'V17', 'V11', 'V21']",0.8648648648648649,0.04996096799375488,0.09446494464944649,0.5700561354546898,6
"['V10', 'V4', 'V12', 'V16', 'V8', 'V11', 'V1', 'V2']",0.8513513513513513,0.049841772151898736,0.09417040358744394,0.5700540902678526,8
"['V10', 'V12', 'V16', 'V17', 'V1', 'V2']",0.8108108108108109,0.028076743097800654,0.054274084124830396,0.5700440206967767,6
"['V10', 'V4', 'V12', 'V17', 'V9', 'V2']",0.8513513513513513,0.045951859956236324,0.08719723183391004,0.5699446334919464,6
"['V10', 'V4', 'V16', 'V17', 'V2']",0.8648648648648649,0.04484933426769446,0.08527648234510327,0.5698400966694906,5
"['V10', 'V12', 'V17', 'V11', 'V9', 'V1', 'V21']",0.8108108108108109,0.041666666666666664,0.07926023778071334,0.5697776511055981,7
"['V10', 'V11', 'V9', 'V1', 'V2']",0.7972972972972973,0.06378378378378378,0.11811811811811812,0.5697712404833899,5
"['V10', 'V4', 'V12', 'V16', 'V17', 'V8', 'V11', 'V1']",0.8513513513513513,0.047547169811320754,0.09006433166547534,0.5697586781714089,8
"['V10', 'V4', 'V12', 'V17', 'V1', 'V2', 'V21']",0.8513513513513513,0.047872340425531915,0.09064748201438849,0.5697550754991785,7
"['V14', 'V4', 'V2', 'V3', 'V5', 'V19']",0.8783783783783784,0.04316069057104914,0.08227848101265822,0.569747850651401,6
"['V10', 'V4', 'V12', 'V17', 'V1', 'V2']",0.8513513513513513,0.04487179487179487,0.08525033829499323,0.5697093378416732,6
"['V4', 'V14', 'V17', 'V11', 'V1']",0.8513513513513513,0.05084745762711865,0.09596344249809596,0.5697064179344603,5
"['V4', 'V14', 'V8', 'V11', 'V9', 'V2']",0.8513513513513513,0.05138662316476346,0.09692307692307692,0.5696572495521612,6
"['V10', 'V12', 'V16', 'V17', 'V8', 'V11']",0.8243243243243243,0.025406080799666806,0.04929292929292929,0.5696105208129049,6
"['V10', 'V4', 'V12', 'V17', 'V11', 'V9', 'V21']",0.8648648648648649,0.049766718506998445,0.09411764705882353,0.5695540891875097,7
"['V14', 'V17', 'V11', 'V2', 'V21']",0.8378378378378378,0.06132542037586548,0.11428571428571428,0.5695228551563989,5
"['V12', 'V16', 'V8', 'V11', 'V9', 'V1', 'V21']",0.7972972972972973,0.03571428571428571,0.06836616454229433,0.5694921710814582,7
"['V10', 'V12', 'V17', 'V9', 'V1', 'V2', 'V21']",0.8108108108108109,0.04441154700222058,0.08421052631578947,0.5694890449981004,7
"['V12', 'V16', 'V9', 'V2']",0.7972972972972973,0.03335217637083098,0.06402604449267499,0.569455844812554,4
"['V10', 'V4', 'V12', 'V17', 'V8', 'V11', 'V2', 'V21']",0.8783783783783784,0.0508209538702111,0.09608277900960828,0.5693050057111267,8
"['V14', 'V17', 'V8', 'V11', 'V2']",0.8378378378378378,0.061083743842364535,0.11386593204775022,0.5692900853300611,5
"['V10', 'V4', 'V12', 'V16', 'V8', 'V11', 'V2']",0.8513513513513513,0.050079491255961846,0.0945945945945946,0.5692446578422863,7
"['V10', 'V4', 'V12', 'V9', 'V1']",0.8648648648648649,0.04984423676012461,0.09425625920471281,0.5692174242037763,5
"['V14', 'V4', 'V19']",0.8783783783783784,0.04436860068259386,0.08447043534762833,0.5691555623748341,3
"['V10', 'V17', 'V11', 'V9', 'V2', 'V21']",0.7837837837837838,0.05178571428571429,0.09715242881072027,0.569119031374749,6
"['V10', 'V4', 'V12', 'V16', 'V8', 'V9', 'V21']",0.8648648648648649,0.04945904173106646,0.0935672514619883,0.5691184114079533,7
"['V14', 'V4', 'V2', 'V3', 'V5', 'Amount']",0.8783783783783784,0.04324683965402528,0.08243500317057705,0.5689945874570393,6
"['V10', 'V12', 'V16', 'V17', 'V8', 'V11', 'V2']",0.8243243243243243,0.025416666666666667,0.04931285367825384,0.5689768927208062,7
"['V10', 'V12', 'V17', 'V11', 'V9', 'V1']",0.8243243243243243,0.0376078914919852,0.07193396226415094,0.5689326606191452,6
"['V14', 'V17', 'V11', 'V21']",0.8378378378378378,0.061752988047808766,0.1150278293135436,0.5688802602589129,4
"['V10', 'V4', 'V12', 'V9']",0.8648648648648649,0.04984423676012461,0.09425625920471281,0.5688773322384999,4
"['V10', 'V4', 'V16', 'V11', 'V1']",0.8513513513513513,0.05473501303214596,0.10285714285714286,0.568860088062083,5
"['V10', 'V11', 'V1', 'V2']",0.8243243243243243,0.04799370574350905,0.09070631970260223,0.5688487130122168,4
"['V10', 'V4', 'V12', 'V16', 'V17', 'V1']",0.8648648648648649,0.04491228070175438,0.08539026017344896,0.568817744429588,6
"['V14', 'V4', 'V2', 'V3', 'V5', 'V1']",0.8648648648648649,0.04303967720242098,0.08199871877001921,0.5688062761139961,6
"['V12', 'V8', 'V11', 'V9', 'V2', 'V21']",0.7972972972972973,0.035265989240884636,0.06754436176302232,0.5687201087449696,6
"['V10', 'V4', 'V12', 'V16', 'V17', 'V9']",0.8648648648648649,0.044382801664355064,0.08443271767810026,0.5687057755613002,6
"['V10', 'V4', 'V11', 'V9', 'V1', 'V2']",0.8648648648648649,0.05173807599029911,0.09763539282990084,0.5686778779150491,6
"['V10', 'V12', 'V16', 'V17']",0.8108108108108109,0.026281208935611037,0.050912176495545185,0.5686647360795712,4
"['V10', 'V4', 'V12', 'V9', 'V21']",0.8648648648648649,0.050673000791765635,0.09573672400897532,0.5686499277995676,5
"['V10', 'V4', 'V16', 'V11', 'V9', 'V21']",0.8513513513513513,0.05426356589147287,0.1020242914979757,0.5686042017671095,6
"['V10', 'V4', 'V12', 'V1', 'V21']",0.8648648648648649,0.05207485760781123,0.09823484267075978,0.5684994219432745,5
"['V10', 'V4', 'V12', 'V16', 'V17', 'V1', 'V21']",0.8648648648648649,0.04685212298682284,0.08888888888888889,0.5684722572985387,7
"['V10', 'V12', 'V17', 'V11', 'V1']",0.8243243243243243,0.02578191039729501,0.05,0.5683804887796217,5
"['V10', 'V4', 'V12', 'V17', 'V8', 'V11', 'V1', 'V2', 'V21']",0.8648648648648649,0.050673000791765635,0.09573672400897532,0.5683713733261663,9
"['V10', 'V12', 'V16', 'V8', 'V11', 'V9', 'V2', 'V21']",0.7972972972972973,0.053636363636363635,0.10051107325383304,0.5683623550325492,8
"['V10', 'V12', 'V17', 'V9', 'V1', 'V2']",0.8108108108108109,0.03824091778202677,0.07303712720632989,0.5682374493960652,6
"['V10', 'V12', 'V17', 'V8', 'V11', 'V1', 'V2', 'V21']",0.8243243243243243,0.025760135135135136,0.049959049959049956,0.5682254837171468,8
"['V12', 'V16', 'V17', 'V8', 'V11', 'V9', 'V2']",0.8108108108108109,0.029585798816568046,0.05708848715509039,0.5682196274650522,7
"['V10', 'V4', 'V16', 'V11', 'V21']",0.8513513513513513,0.054357204486626405,0.10218978102189781,0.568175978225385,5
"['V14', 'V4', 'Amount']",0.8783783783783784,0.04424778761061947,0.08425145819831498,0.5681754069167954,3
"['V10', 'V12', 'V17', 'V9', 'V1']",0.8108108108108109,0.03826530612244898,0.0730816077953715,0.5681550911640935,5
"['V10', 'V4', 'V12', 'V17', 'V11', 'V1', 'V21']",0.8648648648648649,0.04953560371517028,0.09370424597364568,0.5681373193803776,7
"['V4', 'V14', 'V17', 'V11', 'V9', 'V1']",0.8513513513513513,0.05113636363636364,0.09647779479326186,0.5680876544713029,6
"['V14', 'V4', 'V2', 'V3', 'Amount']",0.8648648648648649,0.04416839199447895,0.0840446487196323,0.5680368020191875,5
"['V10', 'V16', 'V17', 'V11', 'V1', 'V2']",0.8108108108108109,0.04195804195804196,0.0797872340425532,0.5680337856460433,6
"['V10', 'V4', 'V12', 'V17', 'V11', 'V9', 'V1', 'V21']",0.8648648648648649,0.04949729311678268,0.0936356986100951,0.5680300322495613,8
"['V10', 'V4', 'V12', 'V17', 'V9', 'V1', 'V2']",0.8513513513513513,0.045389048991354465,0.08618331053351573,0.5679933512315541,7
"['V16', 'V17', 'V11', 'V9', 'V1', 'V2', 'V21']",0.7837837837837838,0.026520347508001828,0.0513047324192835,0.5679905275395936,7
"['V10', 'V16', 'V17', 'V11', 'V21']",0.7972972972972973,0.038866930171278,0.07412060301507538,0.5679636593050256,5
"['V10', 'V4', 'V12', 'V17', 'V11', 'V9', 'V1', 'V2', 'V21']",0.8648648648648649,0.04949729311678268,0.0936356986100951,0.5679324502281473,9
"['V10', 'V4', 'V17', 'V11', 'V9', 'V2', 'V21']",0.8648648648648649,0.0540084388185654,0.10166799046862589,0.5678245654959392,7
"['V10', 'V12', 'V17', 'V1', 'V2', 'V21']",0.8108108108108109,0.028476506881822496,0.055020632737276476,0.5677889360528916,6
"['V10', 'V4', 'V17', 'V11', 'V2', 'V21']",0.8648648648648649,0.0540084388185654,0.10166799046862589,0.5677790882396622,6
"['V10', 'V4', 'V12', 'V17', 'V11', 'V9', 'V2', 'V21']",0.8648648648648649,0.049805447470817124,0.094186902133922,0.5677165631647765,8
"['V14', 'V17', 'V8', 'V11', 'V1', 'V21']",0.8243243243243243,0.05451295799821269,0.10226320201173512,0.56767713840628,6
"['V4', 'V12', 'V16', 'V11', 'V9']",0.8513513513513513,0.03453947368421053,0.06638566912539515,0.5676696879539995,5
"['V10', 'V4', 'V12', 'V16', 'V17']",0.8648648648648649,0.044630404463040445,0.08488063660477453,0.567652507698628,5
"['V4', 'V14', 'V11', 'V1']",0.8513513513513513,0.05056179775280899,0.09545454545454546,0.5676479110401904,4
"['V10', 'V12', 'V16', 'V17', 'V1', 'V21']",0.8108108108108109,0.028182245185533115,0.05447117566954154,0.5676214162863639,6
"['V12', 'V16', 'V9', 'V1', 'V2']",0.8108108108108109,0.0340522133938706,0.06535947712418301,0.5676052207175569,5
"['V4', 'V12', 'V16', 'V11', 'V21']",0.8513513513513513,0.03367183324425441,0.06478149100257069,0.5674637097184067,5
"['V10', 'V12', 'V17', 'V8', 'V11', 'V1', 'V21']",0.8243243243243243,0.025935374149659865,0.05028854080791426,0.5674300593333022,7
"['V10', 'V4', 'V16', 'V17', 'V8', 'V11', 'V9', 'V2', 'V21']",0.8513513513513513,0.051053484602917344,0.0963302752293578,0.5674050306187747,9
"['V4', 'V12', 'V11', 'V9', 'V2', 'V21']",0.8378378378378378,0.031568228105906315,0.06084396467124632,0.5673419826431828,6
"['V10', 'V4', 'V12']",0.8648648648648649,0.04915514592933948,0.09302325581395349,0.5673383978401026,3
"['V14', 'V4', 'V2', 'V3', 'V5', 'V8', 'V6', 'Amount']",0.8918918918918919,0.04618614415675298,0.08782435129740519,0.5672846634156822,8
"['V12', 'V8', 'V11', 'V9', 'V2']",0.7972972972972973,0.03450292397660819,0.06614349775784753,0.5672789270485575,5
"['V12', 'V8', 'V11', 'V9', 'V1', 'V21']",0.7972972972972973,0.03486997635933806,0.06681766704416761,0.5672742029160087,6
"['V12', 'V17', 'V8', 'V11', 'V9']",0.8108108108108109,0.02835538752362949,0.0547945205479452,0.5672674201139903,5
"['V10', 'V12', 'V17', 'V21']",0.8108108108108109,0.02745995423340961,0.05312084993359894,0.567251935086898,4
"['V10', 'V4', 'V12', 'V17', 'V11', 'V9', 'V1']",0.8648648648648649,0.04804804804804805,0.09103840682788052,0.5672385789253723,7
"['V10', 'V4', 'V12', 'V1']",0.8648648648648649,0.04915514592933948,0.09302325581395349,0.5672266678158576,4
"['V10', 'V4', 'V12', 'V16', 'V8', 'V21']",0.8648648648648649,0.0499219968798752,0.0943952802359882,0.5671942815066631,6
"['V12', 'V16', 'V9', 'V1', 'V2', 'V21']",0.8108108108108109,0.035992801439712056,0.06892590465249857,0.5670823930825498,6
"['V14', 'V17', 'V1', 'V2', 'V21']",0.8513513513513513,0.05478260869565217,0.10294117647058823,0.5670478623895754,5
"['V10', 'V4', 'V12', 'V8', 'V11', 'V9', 'V1', 'V2', 'V21']",0.8648648648648649,0.05382674516400336,0.10134600158353127,0.5670142638427865,9
"['V10', 'V16', 'V17', 'V11', 'V9', 'V1', 'V2']",0.7972972972972973,0.048559670781893,0.09154383242823895,0.5670024440106523,7
"['V12', 'V17', 'V8', 'V11', 'V9', 'V21']",0.8108108108108109,0.02904162633107454,0.056074766355140186,0.5669614432619029,6
"['V14', 'V4', 'V6']",0.8783783783783784,0.045013850415512466,0.08563899868247694,0.5669549171472749,3
"['V14', 'V17', 'V8', 'V1', 'V2']",0.8513513513513513,0.05555555555555555,0.10430463576158941,0.5669129654938101,5
"['V10', 'V4', 'V12', 'V16', 'V17', 'V8', 'V11', 'V9', 'V1']",0.8513513513513513,0.047619047619047616,0.0901932712956335,0.5669003613601434,9
"['V12', 'V8', 'V11', 'V9', 'V1']",0.7972972972972973,0.03384968445209409,0.06494221243808475,0.5668457847634307,5
"['V10', 'V12', 'V17', 'V11', 'V9', 'V1', 'V2']",0.8243243243243243,0.03772418058132344,0.07214665878178593,0.5667977968281667,7
"['V12', 'V16', 'V9', 'V2', 'V21']",0.8108108108108109,0.03674219228413962,0.070298769771529,0.5667501867223201,5
"['V10', 'V12', 'V16', 'V17', 'V8', 'V11', 'V9', 'V1', 'V2', 'V21']",0.8108108108108109,0.04225352112676056,0.08032128514056225,0.5667051701776966,10
"['V10', 'V4', 'V16', 'V17', 'V1', 'V2']",0.8648648648648649,0.044630404463040445,0.08488063660477453,0.5666597834087486,6
"['V10', 'V17', 'V11']",0.7972972972972973,0.04008152173913043,0.07632600258732213,0.5666378865928028,3
"['V10', 'V4', 'V16', 'V11']",0.8513513513513513,0.05483028720626632,0.10302534750613246,0.5665897964046649,4
"['V14', 'V17', 'V1', 'V21']",0.8513513513513513,0.054404145077720206,0.10227272727272728,0.5665243353636163,4
"['V10', 'V12', 'V17', 'V11', 'V9', 'V2', 'V21']",0.8108108108108109,0.043731778425655975,0.08298755186721991,0.5665113181905607,7
"['V14', 'V4', 'V2', 'V3', 'V5', 'V8', 'V6', 'V19']",0.8918918918918919,0.04573804573804574,0.08701384311140409,0.5665030085999802,8
"['V10', 'V4', 'V12', 'V8', 'V2', 'V21']",0.8648648648648649,0.05019607843137255,0.09488510007412898,0.5664820556646745,6
"['V14', 'V16', 'V17', 'V11', 'V1', 'V21']",0.8243243243243243,0.05510388437217705,0.10330228619813717,0.5664713903893734,6
"['V4', 'V14', 'V11', 'V9', 'V1']",0.8513513513513513,0.05076551168412571,0.09581749049429658,0.566425623844353,5
"['V10', 'V4', 'V12', 'V16', 'V17', 'V8', 'V11', 'V1', 'V2']",0.8513513513513513,0.047547169811320754,0.09006433166547534,0.5663651406962997,9
"['V14', 'V4', 'V2', 'V3', 'V5', 'V8', 'V6']",0.8918918918918919,0.046057222609909285,0.08759124087591241,0.5662881156132272,7
"['V14', 'V4', 'V2', 'V3', 'V5', 'V11']",0.8783783783783784,0.04890895410082769,0.09265858873841767,0.5662531224612117,6
"['V14', 'V4', 'V2', 'V3', 'V5', 'V8', 'V20']",0.8783783783783784,0.04442925495557074,0.08458035133376708,0.5662426915317721,7
"['V10', 'V4', 'V12', 'V17', 'V8', 'V1', 'V21']",0.8513513513513513,0.0485362095531587,0.09183673469387756,0.5662207304714518,7
"['V4', 'V14', 'V8', 'V11']",0.8648648648648649,0.05207485760781123,0.09823484267075978,0.5661333367568725,4
"['V10', 'V12', 'V16', 'V17', 'V1']",0.8108108108108109,0.026833631484794274,0.05194805194805195,0.566089077583603,5
"['V10', 'V4', 'V16', 'V17', 'V11', 'V1', 'V21']",0.8513513513513513,0.0504,0.09516616314199396,0.5660626571536601,7
"['V10', 'V4', 'V16', 'V17', 'V11', 'V9', 'V1', 'V21']",0.8513513513513513,0.05084745762711865,0.09596344249809596,0.566012666707766,8
"['V14', 'V17', 'V1', 'V2']",0.8513513513513513,0.05483028720626632,0.10302534750613246,0.5659998039519515,4
"['V10', 'V4', 'V17', 'V11', 'V9', 'V1', 'V2']",0.8648648648648649,0.0516545601291364,0.09748667174409749,0.5659092310988382,7
"['V10', 'V12', 'V17', 'V2']",0.8108108108108109,0.026281208935611037,0.050912176495545185,0.565907757401144,4
"['V10', 'V4', 'V16', 'V11', 'V9', 'V1']",0.8648648648648649,0.05442176870748299,0.1024,0.565876259973508,6
"['V14', 'V4', 'V20']",0.8783783783783784,0.04445964432284542,0.08463541666666667,0.5658353721833032,3
"['V10', 'V4', 'V12', 'V17', 'V8', 'V9', 'V1', 'V21']",0.8513513513513513,0.04790874524714829,0.09071274298056156,0.5658012823099716,8
"['V16', 'V11', 'V9', 'V1', 'V21']",0.7702702702702703,0.028428927680798004,0.05483405483405483,0.5656854670315207,5
"['V10', 'V12', 'V17', 'V1', 'V2']",0.8108108108108109,0.027198549410698096,0.05263157894736842,0.565647175615585,5
"['V10', 'V4', 'V12', 'V16', 'V17', 'V9', 'V21']",0.8648648648648649,0.045714285714285714,0.08683853459972862,0.5656361852413965,7
"['V10', 'V4', 'V12', 'V16', 'V17', 'V8', 'V9', 'V1', 'V2', 'V21']",0.8648648648648649,0.04804804804804805,0.09103840682788052,0.565602265017345,10
"['V10', 'V4', 'V16', 'V11', 'V9']",0.8648648648648649,0.05437553101104503,0.10231814548361311,0.5655922918433692,5
"['V14', 'V4', 'V2', 'V3', 'V5', 'V8', 'V6', 'V1', 'Amount']",0.8918918918918919,0.04618614415675298,0.08782435129740519,0.5655799069860116,9
"['V10', 'V4', 'V16', 'V17', 'V8', 'V11', 'V9', 'V1', 'V2', 'V21']",0.8378378378378378,0.05303678357570573,0.0997586484312148,0.5655164122184848,10
"['V12', 'V16', 'V17', 'V11', 'V9', 'V21']",0.8108108108108109,0.029850746268656716,0.05758157389635317,0.5654382472625161,6
"['V10', 'V4', 'V17', 'V11', 'V2']",0.8648648648648649,0.05387205387205387,0.10142630744849446,0.5654031578051015,5
"['V14', 'V16', 'V8', 'V11', 'V1', 'V2']",0.8378378378378378,0.05849056603773585,0.10934744268077601,0.565359917701119,6
"['V10', 'V4', 'V17', 'V11', 'V9', 'V1', 'V2', 'V21']",0.8513513513513513,0.05236907730673317,0.09866875489428348,0.5652341535611596,8
"['V10', 'V12', 'V17', 'V8', 'V11', 'V9', 'V21']",0.8243243243243243,0.042837078651685394,0.0814419225634179,0.565166500887963,7
"['V4', 'V12', 'V16', 'V17', 'V11', 'V9', 'V2', 'V21']",0.8513513513513513,0.03410936654033568,0.06559083810515356,0.565144532173794,8
"['V4', 'V14', 'V8', 'V2']",0.8783783783783784,0.045013850415512466,0.08563899868247694,0.5651257947698687,4
"['V14', 'V4', 'V2', 'V8']",0.8783783783783784,0.045013850415512466,0.08563899868247694,0.5651257947698687,4
"['V10', 'V17', 'V11', 'V9', 'V1', 'V2', 'V21']",0.7972972972972973,0.04867986798679868,0.09175738724727839,0.5650403525424348,7
"['V10', 'V4', 'V12', 'V8', 'V1', 'V2', 'V21']",0.8648648648648649,0.05019607843137255,0.09488510007412898,0.5649717162391074,7
"['V10', 'V4', 'V12', 'V17', 'V11', 'V1']",0.8648648648648649,0.04830188679245283,0.091493924231594,0.564951144649491,6
"['V4', 'V12', 'V16', 'V8', 'V11', 'V9', 'V21']",0.8513513513513513,0.03545301069217783,0.06807131280388978,0.5648346364698639,7
"['V10', 'V4', 'V12', 'V16', 'V17', 'V8', 'V9', 'V21']",0.8648648648648649,0.046142754145638065,0.08761122518822724,0.564786162185416,8
"['V14', 'V16', 'V17', 'V11', 'V1', 'V2', 'V21']",0.8243243243243243,0.05515370705244123,0.10338983050847457,0.5647833530541243,7
"['V10', 'V4', 'V12', 'V16', 'V8', 'V11', 'V9', 'V2']",0.8648648648648649,0.05075337034099921,0.09588014981273409,0.5647525339219346,8
"['V10', 'V12', 'V16', 'V17', 'V8', 'V21']",0.8108108108108109,0.0272975432211101,0.0528169014084507,0.5646987677269937,6
"['V16', 'V17', 'V11', 'V9', 'V2']",0.7702702702702703,0.028175976272862086,0.05436337625178827,0.5646664404248063,5
"['V10', 'V4', 'V11', 'V1', 'V2']",0.8648648648648649,0.05276174773289365,0.09945609945609946,0.5646431865209666,5
"['V17', 'V11', 'V9']",0.7702702702702703,0.02378964941569282,0.046153846153846156,0.5645857329555667,3
"['V14', 'V16', 'V17', 'V8', 'V11', 'V1', 'V2']",0.8378378378378378,0.05656934306569343,0.10598290598290598,0.5645719535318434,7
"['V10', 'V4', 'V12', 'V21']",0.8648648648648649,0.05132317562149158,0.09689629068887207,0.5645638218173479,4
"['V4', 'V12', 'V11', 'V9', 'V1', 'V2', 'V21']",0.8513513513513513,0.032744282744282746,0.06306306306306306,0.5645369014083087,7
"['V10', 'V4', 'V12', 'V16', 'V17', 'V21']",0.8648648648648649,0.04678362573099415,0.08876560332871013,0.5644654900908458,6
"['V10', 'V4', 'V12', 'V16', 'V8', 'V11', 'V9']",0.8648648648648649,0.05075337034099921,0.09588014981273409,0.5644154190349073,7
"['V10', 'V4', 'V17', 'V11', 'V1', 'V2', 'V21']",0.8513513513513513,0.05228215767634855,0.0985144644253323,0.5644131023478972,7
"['V14', 'V17', 'V1']",0.8513513513513513,0.05454545454545454,0.10252237591537836,0.5644068992857365,3
"['V10', 'V11', 'V21']",0.7972972972972973,0.045914396887159536,0.08682855040470934,0.564354219611227,3
"['V14', 'V4', 'V2', 'V3', 'V5', 'V8', 'V9']",0.8783783783783784,0.04412763068567549,0.08403361344537816,0.5643505337959105,7
"['V10', 'V17', 'V11', 'V21']",0.7972972972972973,0.04143258426966292,0.0787716955941255,0.5642047214713106,4
"['V10', 'V12', 'V17']",0.8108108108108109,0.025597269624573378,0.04962779156327544,0.5640018595247362,3
"['V10', 'V4', 'V12', 'V16', 'V8', 'V11', 'V9', 'V1', 'V2']",0.8513513513513513,0.05084745762711865,0.09596344249809596,0.563989264740424,9
"['V4', 'V12', 'V16', 'V8', 'V11', 'V1', 'V2', 'V21']",0.8513513513513513,0.034482758620689655,0.06628090478695424,0.5639631656272613,8
"['V4', 'V14', 'V8', 'V11', 'V9', 'V1', 'V2']",0.8513513513513513,0.051894563426688634,0.09782608695652174,0.5638269687807684,7
"['V10', 'V17', 'V11', 'V9', 'V2']",0.7837837837837838,0.055449330783938815,0.10357142857142858,0.5638215481141761,5
"['V12', 'V16', 'V8', 'V11', 'V9', 'V1', 'V2', 'V21']",0.7972972972972973,0.037365421152628246,0.07138535995160314,0.5638086451609776,8
"['V14', 'V4', 'V2', 'V3', 'V5', 'V8', 'V6', 'V1']",0.8918918918918919,0.04612159329140461,0.08770764119601329,0.563802720073076,8
"['V12', 'V9', 'V1', 'V2', 'V21']",0.8108108108108109,0.03418803418803419,0.06560962274466922,0.5636573756692789,5
"['V14', 'V4', 'V2', 'V3', 'V5', 'V8', 'V6', 'V1', 'V19']",0.8918918918918919,0.046089385474860335,0.08764940239043825,0.5635170258213094,9
"['V10', 'V16', 'V17', 'V1', 'V2', 'V21']",0.7837837837837838,0.04215116279069767,0.08,0.5634271955966856,6
"['V10', 'V4', 'V16', 'V17', 'V11', 'V21']",0.8513513513513513,0.050199203187251,0.09480812641083522,0.5632541529312626,6
"['V12', 'V9', 'V1', 'V2']",0.8108108108108109,0.032502708559046585,0.0625,0.5632382950665641,4
"['V10', 'V16', 'V9', 'V1', 'V2', 'V21']",0.7837837837837838,0.06954436450839328,0.1277533039647577,0.5632356520173749,6
"['V4', 'V12', 'V16', 'V8', 'V11', 'V1']",0.8513513513513513,0.034864416159380185,0.06698564593301436,0.5632106933518507,6
"['V12', 'V17', 'V8', 'V11', 'V9', 'V2', 'V21']",0.8108108108108109,0.030333670374115267,0.05847953216374269,0.5630939561635004,7
"['V14', 'V4', 'V1']",0.8648648648648649,0.04551920341394026,0.08648648648648649,0.5630819322877975,3
"['V4', 'V14', 'V1']",0.8648648648648649,0.04551920341394026,0.08648648648648649,0.5630819322877975,3
"['V4', 'V12', 'V16', 'V11', 'V1', 'V21']",0.8513513513513513,0.033998920669185105,0.06538661131292164,0.5630749935802185,6
"['V4', 'V12', 'V16', 'V8', 'V11', 'V2', 'V21']",0.8513513513513513,0.03501945525291829,0.06727175654030966,0.5630379234034073,7
"['V12', 'V16', 'V17', 'V11', 'V9', 'V1', 'V2', 'V21']",0.7972972972972973,0.030194472876151485,0.05818540433925049,0.5630228362215944,8
"['V10', 'V4', 'V12', 'V16', 'V17', 'V8', 'V21']",0.8648648648648649,0.047058823529411764,0.08926080892608089,0.562952608790474,7
"['V10', 'V12', 'V16', 'V17', 'V8', 'V2', 'V21']",0.8108108108108109,0.027598896044158234,0.05338078291814947,0.5628953417411611,7
"['V10', 'V16', 'V1', 'V2', 'V21']",0.7837837837837838,0.05,0.0940032414910859,0.5628843459450741,5
"['V10', 'V4', 'V12', 'V16', 'V8', 'V11']",0.8648648648648649,0.050833995234312944,0.09602400600150038,0.5626595777455522,6
"['V14', 'V16', 'V17', 'V11', 'V1']",0.8243243243243243,0.05500450856627592,0.10312764158918004,0.5626550765412026,5
"['V12', 'V16', 'V17', 'V11', 'V9', 'V2']",0.8108108108108109,0.029615004935834157,0.05714285714285714,0.5626516496747412,6
"['V12', 'V16', 'V17', 'V11', 'V9', 'V2', 'V21']",0.8108108108108109,0.03115264797507788,0.06,0.5624393859011677,7
"['V10', 'V4', 'V16', 'V17', 'V11', 'V9']",0.8513513513513513,0.04941176470588235,0.09340252038547071,0.5624378223844622,6
"['V12', 'V16', 'V17', 'V11', 'V9', 'V1', 'V2']",0.8108108108108109,0.029895366218236172,0.05766458433445459,0.5623945673186128,7
"['V10', 'V4', 'V16', 'V17', 'V11', 'V9', 'V1']",0.8513513513513513,0.04945054945054945,0.09347181008902077,0.5623316640470641,7
"['V10', 'V4', 'V16', 'V17', 'V11', 'V9', 'V21']",0.8513513513513513,0.05052125100240577,0.09538228614685844,0.5622470229957363,7
"['V10', 'V16', 'V11', 'V1']",0.8108108108108109,0.04713275726630008,0.08908685968819599,0.5621954705165106,4
"['V10', 'V4', 'V16', 'V17', 'V11', 'V1']",0.8513513513513513,0.050119331742243436,0.0946656649135988,0.5621355062135698,6
"['V10', 'V4', 'V16', 'V17', 'V11']",0.8513513513513513,0.050199203187251,0.09480812641083522,0.5621179639891767,5
"['V4', 'V12', 'V16', 'V17', 'V8', 'V11', 'V2']",0.8648648648648649,0.03455723542116631,0.06645898234683281,0.5620907515990304,7
"['V4', 'V12', 'V16', 'V8', 'V11', 'V1', 'V21']",0.8513513513513513,0.034220532319391636,0.06579634464751959,0.562072344090039,7
"['V10', 'V17', 'V11', 'V9', 'V1', 'V21']",0.7837837837837838,0.047775947281713346,0.09006211180124224,0.5620711194706144,6
"['V14', 'V4', 'V2', 'V3', 'V11']",0.8648648648648649,0.05019607843137255,0.09488510007412898,0.5619873349483905,5
"['V10', 'V12', 'V17', 'V8', 'V11', 'V9', 'V2', 'V21']",0.8108108108108109,0.04169562195969423,0.07931262392597488,0.5619406886361569,8
"['V12', 'V9', 'V2', 'V21']",0.7972972972972973,0.03316469926925239,0.06368051807879115,0.5619403123255918,4
"['V4', 'V12', 'V16', 'V17', 'V11', 'V9', 'V1', 'V2', 'V21']",0.8513513513513513,0.034164859002169194,0.06569343065693431,0.5619226384941157,9
"['V4', 'V12', 'V16', 'V11', 'V9', 'V1']",0.8513513513513513,0.03471074380165289,0.06670195870831128,0.5618958043513405,6
"['V4', 'V14', 'V8', 'V11', 'V1']",0.8513513513513513,0.05198019801980198,0.09797822706065319,0.5617739385852824,5
"['V10', 'V12', 'V17', 'V11', 'V9', 'V1', 'V2', 'V21']",0.8108108108108109,0.041237113402061855,0.07848266841072596,0.5617305873968066,8
"['V4', 'V17', 'V11', 'V9', 'V1', 'V2', 'V21']",0.8243243243243243,0.02843822843822844,0.05497972059486255,0.5617105756764675,7
"['V4', 'V12', 'V16', 'V17', 'V8', 'V11', 'V1', 'V2']",0.8648648648648649,0.03476371537208039,0.06684073107049608,0.5616716424307873,8
"['V12', 'V16', 'V9', 'V21']",0.8108108108108109,0.032555615843733045,0.06259780907668232,0.561670618662744,4
"['V4', 'V14', 'V8', 'V11', 'V2']",0.8648648648648649,0.05228758169934641,0.09861325115562404,0.5616640867918334,5
"['V12', 'V16', 'V17', 'V11', 'V9', 'V1', 'V21']",0.7972972972972973,0.02923686818632309,0.05640535372848948,0.5616464497376591,7
"['V14', 'V4', 'V2', 'V3', 'V8']",0.8648648648648649,0.04529370134465676,0.08607935440484196,0.5616285139819024,5
"['V12', 'V16', 'V17', 'V11', 'V9', 'V1']",0.8108108108108109,0.028328611898016998,0.05474452554744526,0.5615787898213968,6
"['V14', 'V4', 'V3']",0.8648648648648649,0.045454545454545456,0.08636977058029689,0.5614739303390404,3
"['V4', 'V12', 'V16', 'V17', 'V11', 'V2', 'V21']",0.8513513513513513,0.03349282296650718,0.06445012787723785,0.5614406005831479,7
"['V10', 'V4', 'V12', 'V17', 'V8', 'V2', 'V21']",0.8783783783783784,0.04920514761544285,0.0931899641577061,0.5614400982884701,7
"['V10', 'V4', 'V12', 'V16', 'V17', 'V8', 'V9', 'V2', 'V21']",0.8648648648648649,0.046176046176046176,0.08767123287671233,0.5613543370499949,9
"['V12', 'V16', 'V8', 'V9', 'V21']",0.8108108108108109,0.028409090909090908,0.05489478499542543,0.561302314864849,5
"['V14', 'V8', 'V11', 'V21']",0.8378378378378378,0.05258693808312129,0.09896249002394254,0.5612798494480024,4
"['V14', 'V8', 'V11', 'V2', 'V21']",0.8378378378378378,0.05258693808312129,0.09896249002394254,0.5612766098783526,5
"['V12', 'V17', 'V8', 'V11', 'V9', 'V2']",0.8108108108108109,0.029197080291970802,0.05636449037106623,0.5612441254749065,6
"['V10', 'V4', 'V12', 'V8', 'V9', 'V21']",0.8648648648648649,0.04919292851652575,0.09309090909090909,0.5612435238572364,6
"['V4', 'V14', 'V8']",0.8783783783783784,0.04498269896193772,0.08558262014483213,0.5612183371098042,3
"['V14', 'V4', 'V8']",0.8783783783783784,0.04498269896193772,0.08558262014483213,0.5612183371098042,3
"['V10', 'V4', 'V12', 'V17', 'V8', 'V1', 'V2', 'V21']",0.8513513513513513,0.048723897911832945,0.09217264081931237,0.5611949522315385,8
"['V4', 'V17', 'V11', 'V9', 'V2', 'V21']",0.8378378378378378,0.02914903620122238,0.056338028169014086,0.5611561742781039,6
"['V4', 'V12', 'V16', 'V17', 'V8', 'V11', 'V9', 'V1', 'V2']",0.8648648648648649,0.0353395913859746,0.06790450928381962,0.5611352346263463,9
"['V10', 'V12', 'V17', 'V8', 'V11', 'V2']",0.8243243243243243,0.0248371335504886,0.048221343873517786,0.561089127444496,6
"['V10', 'V12', 'V17', 'V8', 'V11']",0.8243243243243243,0.02480683204554697,0.048164232135807346,0.5610850118331585,5
"['V4', 'V12', 'V16', 'V8', 'V11', 'V9']",0.8513513513513513,0.03597944031981725,0.06904109589041096,0.5610829659786981,6
"['V4', 'V17', 'V11', 'V1', 'V2', 'V21']",0.8378378378378378,0.028663892741562644,0.05543138131426017,0.5610481486814566,6
"['V12', 'V16', 'V17', 'V8', 'V11', 'V9', 'V1']",0.8108108108108109,0.028503562945368172,0.05507113354749885,0.5610455002048451,7
"['V4', 'V17', 'V11', 'V2', 'V21']",0.8378378378378378,0.029176470588235293,0.05638926784902228,0.5610257981978136,5
"['V12', 'V16', 'V17', 'V11', 'V9']",0.8108108108108109,0.028155795401220086,0.05442176870748299,0.5608778541782244,5
"['V10', 'V4', 'V16', 'V8', 'V1', 'V2', 'V21']",0.8648648648648649,0.05203252032520325,0.09815950920245399,0.5608728796009882,7
"['V10', 'V16', 'V17', 'V2', 'V21']",0.7837837837837838,0.04700162074554295,0.08868501529051988,0.56083156713462,5
"['V12', 'V8', 'V11', 'V9', 'V1', 'V2', 'V21']",0.7972972972972973,0.036307692307692305,0.06945261918775751,0.5607032999587437,7
"['V10', 'V12', 'V17', 'V1']",0.8108108108108109,0.0263042525208242,0.050955414012738856,0.5606879211924984,4
"['V10', 'V17', 'V11', 'V9']",0.7837837837837838,0.055080721747388414,0.10292812777284827,0.5605928964848064,4
"['V12', 'V16', 'V8', 'V11', 'V9', 'V1', 'V2']",0.7972972972972973,0.036307692307692305,0.06945261918775751,0.560503915923235,7
"['V10', 'V4', 'V16', 'V8', 'V11', 'V9', 'V21']",0.8513513513513513,0.0525,0.0989010989010989,0.5604842418128464,7
"['V14', 'V4', 'V2', 'V5']",0.8783783783783784,0.04287598944591029,0.08176100628930817,0.5604686534705029,4
"['V17', 'V11', 'V9', 'V21']",0.7702702702702703,0.0237698081734779,0.04611650485436893,0.5604452461914038,4
"['V10', 'V12', 'V17', 'V8', 'V21']",0.8108108108108109,0.02677376171352075,0.05183585313174946,0.5602771768680428,5
"['V10', 'V4', 'V12', 'V16', 'V17', 'V8', 'V11', 'V2']",0.8513513513513513,0.04694485842026826,0.08898305084745763,0.5601546971332727,8
"['V10', 'V11', 'V9', 'V1']",0.7972972972972973,0.06399132321041215,0.11847389558232932,0.5601325542610613,4
"['V10', 'V4', 'V16', 'V8', 'V11', 'V21']",0.8513513513513513,0.0524126455906822,0.0987460815047022,0.5600387665978869,6
"['V10', 'V16', 'V9', 'V2', 'V21']",0.7837837837837838,0.06697459584295612,0.12340425531914893,0.5600047176745065,5
"['V10', 'V12', 'V17', 'V8', 'V11', 'V9', 'V1', 'V21']",0.8243243243243243,0.042538354253835425,0.08090185676392574,0.5599744981107638,8
"['V10', 'V4', 'V12', 'V17', 'V9']",0.8513513513513513,0.04561911658218682,0.0865979381443299,0.5599590910554265,5
"['V14', 'V16', 'V17', 'V11', 'V1', 'V2']",0.8243243243243243,0.05515370705244123,0.10338983050847457,0.5599395691473597,6
"['V10', 'V4', 'V12', 'V8', 'V9', 'V2', 'V21']",0.8648648648648649,0.04930662557781202,0.09329446064139942,0.5598810669016003,7
"['V10', 'V12', 'V17', 'V1', 'V21']",0.8108108108108109,0.02789400278940028,0.05393258426966292,0.559876729999497,5
"['V10', 'V16', 'V2', 'V21']",0.7837837837837838,0.054460093896713614,0.10184372256365233,0.5598415836677257,4
"['V4', 'V12', 'V16', 'V11']",0.8513513513513513,0.03390742734122713,0.06521739130434782,0.5597558307157999,4
"['V14', 'V8', 'V1', 'V21']",0.8648648648648649,0.04961240310077519,0.093841642228739,0.5596762132956454,4
"['V4', 'V14', 'V8', 'V1', 'V2']",0.8783783783783784,0.04567814476458187,0.08684034736138944,0.5595038116199531,5
"['V10', 'V16', 'V17', 'V11', 'V1']",0.8108108108108109,0.03785488958990536,0.07233273056057866,0.5593546240559399,5
"['V14', 'V17', 'V8', 'V11', 'V1', 'V2', 'V21']",0.8378378378378378,0.05472197705207414,0.10273405136702568,0.5593451767511235,7
"['V10', 'V12', 'V16', 'V17', 'V8', 'V11', 'V1', 'V2']",0.8243243243243243,0.025727541121889498,0.049897750511247445,0.5593224373921099,8
"['V10', 'V12', 'V16', 'V17', 'V8', 'V11', 'V1']",0.8243243243243243,0.025716694772344013,0.04987735077677841,0.5593196520250926,7
"['V12', 'V8', 'V11', 'V9', 'V1', 'V2']",0.7972972972972973,0.035202863961813845,0.06742857142857143,0.5593129995437869,6
"['V12', 'V16', 'V11', 'V21']",0.7972972972972973,0.024863042562157607,0.04822231303637107,0.5593039218389129,4
"['V10', 'V4', 'V16', 'V17', 'V8', 'V1', 'V2', 'V21']",0.8648648648648649,0.050793650793650794,0.095952023988006,0.5592702502740802,8
"['V14', 'V8', 'V2', 'V21']",0.8378378378378378,0.048174048174048176,0.09110947832476121,0.5592572995224858,4
"['V16', 'V17', 'V11', 'V9', 'V1']",0.7837837837837838,0.023377670294236194,0.045401174168297455,0.5592194985845602,5
"['V12', 'V16', 'V9', 'V1', 'V21']",0.8108108108108109,0.032137118371719335,0.061823802163833076,0.5591973507569019,5
"['V10', 'V4', 'V17', 'V9', 'V1', 'V2']",0.8513513513513513,0.04708520179372197,0.08923512747875353,0.5590592939626237,6
"['V10', 'V4', 'V2', 'V21']",0.8513513513513513,0.04895104895104895,0.09257898603967671,0.5590372231558244,4
"['V10', 'V4', 'V12', 'V17', 'V8', 'V11', 'V9', 'V1', 'V2', 'V21']",0.8648648648648649,0.05207485760781123,0.09823484267075978,0.5589760980610597,10
"['V10', 'V4', 'V12', 'V17', 'V9', 'V2', 'V21']",0.8513513513513513,0.04736842105263158,0.08974358974358974,0.558948087676403,7
"['V10', 'V12', 'V16', 'V17', 'V8', 'V1', 'V21']",0.8108108108108109,0.0273224043715847,0.05286343612334802,0.5588256981093419,7
"['V10', 'V4', 'V9', 'V2', 'V21']",0.8513513513513513,0.04891304347826087,0.09251101321585903,0.5588045751314585,5
"['V10', 'V4', 'V17', 'V11', 'V1', 'V2']",0.8648648648648649,0.05211726384364821,0.09831029185867896,0.5586514554918638,6
"['V12', 'V16', 'V17', 'V8', 'V11', 'V9', 'V1', 'V21']",0.8108108108108109,0.029055690072639227,0.056100981767180924,0.5586356783018859,8
"['V17', 'V11', 'V9', 'V1', 'V2', 'V21']",0.7837837837837838,0.025777777777777778,0.04991394148020654,0.5586306446356957,6
"['V10', 'V4', 'V12', 'V17', 'V9', 'V1', 'V2', 'V21']",0.8513513513513513,0.04751131221719457,0.09,0.5584928730557578,8
"['V10', 'V12', 'V16', 'V17', 'V8', 'V1', 'V2', 'V21']",0.8108108108108109,0.027624309392265192,0.053428317008014245,0.5583376269110578,8
"['V10', 'V4', 'V17', 'V9', 'V2']",0.8513513513513513,0.048875096974398756,0.09244314013206163,0.5583056048780807,5
"['V10', 'V4', 'V1', 'V2', 'V21']",0.8513513513513513,0.04861111111111111,0.09197080291970802,0.5582335490726801,5
"['V14', 'V4', 'V2', 'V3', 'V5', 'V8', 'V6', 'V1', 'V11']",0.8918918918918919,0.05396565821749796,0.1017733230531997,0.5582234469188647,9
"['V10', 'V4', 'V9', 'V1', 'V2', 'V21']",0.8513513513513513,0.04857363145720894,0.09190371991247265,0.5581138802334528,6
"['V14', 'V4', 'V2', 'V3', 'V5', 'V8']",0.8918918918918919,0.044897959183673466,0.08549222797927461,0.558074453135007,6
"['V10', 'V4', 'V12', 'V8', 'V21']",0.8783783783783784,0.05114083398898505,0.09665427509293681,0.5580617927009811,5
"['V4', 'V12', 'V16', 'V17', 'V8', 'V11', 'V9', 'V1']",0.8648648648648649,0.035184167124793844,0.0676175382989963,0.5579652651513347,8
"['V14', 'V8', 'V21']",0.8378378378378378,0.04776579352850539,0.09037900874635568,0.557939157591052,3
"['V10', 'V4', 'V12', 'V16', 'V8', 'V1']",0.8648648648648649,0.04942084942084942,0.09349890430971512,0.5579276984153281,6
"['V10', 'V4', 'V17', 'V2', 'V21']",0.8513513513513513,0.048723897911832945,0.09217264081931237,0.5578967794440356,5
"['V4', 'V12', 'V11', 'V9', 'V21']",0.8378378378378378,0.03204134366925065,0.06172224987555998,0.5577658131397634,5
"['V14', 'V4', 'V2', 'V3', 'V5', 'V8', 'V1']",0.8783783783783784,0.044490075290896644,0.08469055374592833,0.5577265549751383,7
"['V16', 'V17', 'V11', 'V9', 'V21']",0.7702702702702703,0.02433817250213493,0.04718543046357616,0.5576798437884571,5
"['V10', 'V4', 'V12', 'V17', 'V9', 'V1']",0.8513513513513513,0.045389048991354465,0.08618331053351573,0.557674762822111,6
"['V10', 'V4', 'V12', 'V16', 'V17', 'V8', 'V11', 'V9', 'V1', 'V2']",0.8513513513513513,0.04831288343558282,0.09143686502177069,0.5576710414140746,10
"['V4', 'V12', 'V16', 'V17', 'V8', 'V11', 'V9', 'V2']",0.8648648648648649,0.035222894881673086,0.06768905341089371,0.5576438730162984,8
"['V14', 'V4', 'V2', 'V3', 'V5', 'V8', 'V19']",0.8918918918918919,0.04474576271186441,0.08521626856036152,0.5575423588705959,7
"['V10', 'V4', 'V12', 'V17']",0.8513513513513513,0.04516129032258064,0.08577263444520082,0.5575389342927096,4
"['V12', 'V16', 'V9', 'V1']",0.8108108108108109,0.030135610246107485,0.05811138014527845,0.5575010371170238,4
"['V4', 'V12', 'V16', 'V17', 'V11', 'V1', 'V2', 'V21']",0.8513513513513513,0.033386327503974564,0.06425293217746048,0.5574898780682149,8
"['V10', 'V4', 'V12', 'V17', 'V8', 'V11', 'V9', 'V2', 'V21']",0.8783783783783784,0.04946727549467275,0.0936599423631124,0.5574524287558402,9
"['V14', 'V8', 'V11', 'V1', 'V21']",0.8378378378378378,0.052057094878253565,0.09802371541501977,0.5574169331247313,5
"['V10', 'V4', 'V12', 'V8', 'V9', 'V1', 'V2', 'V21']",0.8648648648648649,0.05019607843137255,0.09488510007412898,0.5574142976519673,8
"['V10', 'V4', 'V12', 'V16', 'V8', 'V1', 'V2']",0.8648648648648649,0.04945904173106646,0.0935672514619883,0.5574127811665397,7
"['V10', 'V4', 'V12', 'V17', 'V9', 'V1', 'V21']",0.8513513513513513,0.04747550866616428,0.08993576017130621,0.5572637210950778,7
"['V14', 'V4', 'V2', 'V3', 'V5', 'V8', 'V6', 'V11']",0.8918918918918919,0.05396565821749796,0.1017733230531997,0.5572239998939025,8
"['V10', 'V4', 'V17', 'V9', 'V2', 'V21']",0.8513513513513513,0.04857363145720894,0.09190371991247265,0.5571274409896015,6
"['V4', 'V12', 'V11', 'V1', 'V2', 'V21']",0.8378378378378378,0.031062124248496994,0.05990338164251208,0.5570069462632838,6
"['V14', 'V1', 'V2', 'V21']",0.8513513513513513,0.04929577464788732,0.09319526627218935,0.55696676684974,4
"['V16', 'V17', 'V11', 'V9']",0.7837837837837838,0.024691358024691357,0.047874535699546014,0.5568682442945699,4
"['V4', 'V12', 'V16', 'V17', 'V11', 'V9', 'V21']",0.8513513513513513,0.03429504627109418,0.06593406593406594,0.556865561540237,7
"['V4', 'V12', 'V16', 'V17', 'V11', 'V9', 'V2']",0.8513513513513513,0.03349282296650718,0.06445012787723785,0.556808153548806,7
"['V10', 'V16', 'V17', 'V9', 'V2', 'V21']",0.7702702702702703,0.04851063829787234,0.09127301841473179,0.5567629340014616,6
"['V10', 'V4', 'V17', 'V1', 'V2', 'V21']",0.8513513513513513,0.04827586206896552,0.09137055837563451,0.5567279470731447,6
"['V12', 'V9', 'V2']",0.7972972972972973,0.030396702730551263,0.058560794044665014,0.556664572322253,3
"['V10', 'V4', 'V12', 'V17', 'V8', 'V9', 'V21']",0.8513513513513513,0.04715568862275449,0.08936170212765958,0.556647870719391,7
"['V10', 'V4', 'V12', 'V17', 'V1', 'V21']",0.8513513513513513,0.04805491990846682,0.09097472924187726,0.5565865541688942,6
"['V4', 'V14', 'V8', 'V1']",0.8783783783783784,0.045839210155148094,0.0871313672922252,0.5564881687408345,4
"['V14', 'V4', 'V2', 'V3', 'V5', 'V8', 'Amount']",0.8918918918918919,0.045174537987679675,0.08599348534201955,0.5564311127723294,7
"['V10', 'V12', 'V8', 'V11']",0.8243243243243243,0.02822767237390097,0.05458612975391499,0.5563666109759076,4
"['V4', 'V12', 'V16', 'V17', 'V11', 'V9', 'V1', 'V2']",0.8513513513513513,0.033689839572192515,0.06481481481481481,0.5563523016571039,8
"['V14', 'V8', 'V2']",0.8378378378378378,0.04901185770750988,0.09260642270351008,0.556337023392444,3
"['V10', 'V4', 'V17', 'V9', 'V1', 'V2', 'V21']",0.8513513513513513,0.04831288343558282,0.09143686502177069,0.5562367088704766,7
"['V16', 'V17', 'V11', 'V9', 'V2', 'V21']",0.7837837837837838,0.028812717337307503,0.05558217537134643,0.5562222271206451,6
"['V10', 'V4', 'V9', 'V1', 'V2']",0.8513513513513513,0.04712041884816754,0.0892983699503898,0.5561442539461885,5
"['V10', 'V16', 'V17', 'V9', 'V1', 'V2', 'V21']",0.7702702702702703,0.0479394449116905,0.09026128266033254,0.5560937905786364,7
"['V12', 'V17', 'V11', 'V9', 'V21']",0.8108108108108109,0.02957121734844751,0.05706134094151213,0.5560736252358071,5
"['V10', 'V12', 'V16', 'V8', 'V11']",0.8243243243243243,0.028214616096207217,0.05456171735241502,0.5560326968855736,5
"['V10', 'V16', 'V11', 'V1', 'V21']",0.8108108108108109,0.0473186119873817,0.08941877794336811,0.5559985492190958,5
"['V10', 'V16', 'V17', 'V11', 'V9', 'V1']",0.7972972972972973,0.0472,0.0891238670694864,0.555946939383467,6
"['V12', 'V16', 'V9']",0.8108108108108109,0.029717682020802376,0.05733397037744864,0.5559388431961596,3
"['V10', 'V12', 'V17', 'V8', 'V2', 'V21']",0.8108108108108109,0.02694207453973956,0.05215123859191656,0.5558887986000016,6
"['V12', 'V9', 'V21']",0.8108108108108109,0.030643513789581207,0.05905511811023622,0.5557275479896575,3
"['V10', 'V4', 'V12', 'V16', 'V17', 'V8', 'V11', 'V9']",0.8513513513513513,0.04659763313609468,0.08835904628330996,0.5556909476093936,8
"['V10', 'V4', 'V12', 'V16', 'V8', 'V9', 'V1']",0.8513513513513513,0.0493730407523511,0.09333333333333334,0.5556706522464397,7
"['V10', 'V4', 'V16', 'V8', 'V2', 'V21']",0.8648648648648649,0.049573973663826494,0.09377289377289377,0.5555648705864548,6
"['V12', 'V16', 'V17', 'V8', 'V11', 'V9', 'V1', 'V2']",0.8243243243243243,0.029931305201177625,0.05776515151515151,0.5555339063515068,8
"['V4', 'V12', 'V11', 'V9', 'V1', 'V2']",0.8513513513513513,0.032490974729241874,0.06259314456035768,0.5555253275628085,6
"['V10', 'V12', 'V17', 'V8', 'V11', 'V9', 'V1', 'V2', 'V21']",0.8108108108108109,0.040927694406548434,0.07792207792207792,0.5554690153859295,9
"['V12', 'V9', 'V1', 'V21']",0.8108108108108109,0.03116883116883117,0.060030015007503754,0.5554519490714742,4
"['V10', 'V4', 'V12', 'V16', 'V8', 'V2']",0.8648648648648649,0.04904214559386973,0.09282088469905729,0.5553713439460137,6
"['V12', 'V17', 'V11', 'V9', 'V2', 'V21']",0.8108108108108109,0.030441400304414,0.05867970660146699,0.5553223210725039,6
"['V10', 'V12', 'V8', 'V9', 'V1', 'V21']",0.7837837837837838,0.05840886203423968,0.10871602624179943,0.55522115048809,6
"['V4', 'V14', 'V8', 'V11', 'V1', 'V2']",0.8648648648648649,0.05276174773289365,0.09945609945609946,0.5552190986168163,6
"['V10', 'V4', 'V12', 'V17', 'V9', 'V21']",0.8513513513513513,0.0472263868065967,0.08948863636363637,0.5552098577917177,6
"['V10', 'V12', 'V8', 'V11', 'V2']",0.8243243243243243,0.028319405756731662,0.05475763016157989,0.5551947358196876,5
"['V4', 'V16', 'V11', 'V9', 'V21']",0.8243243243243243,0.029640427599611274,0.05722326454033771,0.5551293327266437,5
"['V10', 'V4', 'V12', 'V17', 'V21']",0.8513513513513513,0.04794520547945205,0.09077809798270893,0.5551124354258806,5
"['V10', 'V12', 'V8', 'V9', 'V1', 'V2', 'V21']",0.7837837837837838,0.05776892430278884,0.10760667903525047,0.5551104608346146,7
"['V10', 'V4', 'V12', 'V16', 'V17', 'V8', 'V11']",0.8513513513513513,0.046875,0.08885754583921016,0.5550823308631222,7
"['V14', 'V17', 'V8', 'V11', 'V1']",0.8243243243243243,0.05480682839173405,0.10278011794439765,0.5550416990289246,5
"['V10', 'V12', 'V16', 'V8', 'V11', 'V2']",0.8243243243243243,0.02825382121352478,0.05463502015226153,0.55497491360278,6
"['V10', 'V4', 'V16', 'V17', 'V8', 'V11', 'V21']",0.8513513513513513,0.051094890510948905,0.09640397857689365,0.554967005282768,7
"['V10', 'V4', 'V12', 'V16', 'V17', 'V8', 'V1', 'V2']",0.8648648648648649,0.047407407407407405,0.0898876404494382,0.5548456136086112,8
"['V4', 'V12', 'V16', 'V17', 'V8', 'V11', 'V9', 'V1', 'V2', 'V21']",0.8648648648648649,0.035222894881673086,0.06768905341089371,0.5548063608923071,10
"['V10', 'V4', 'V9', 'V2']",0.8513513513513513,0.048723897911832945,0.09217264081931237,0.5547435848539607,4
"['V10', 'V4', 'V12', 'V16', 'V17', 'V8', 'V1']",0.8648648648648649,0.047372316802368614,0.08982456140350877,0.5546388077945925,7
"['V10', 'V12', 'V16', 'V17', 'V8', 'V9', 'V1', 'V21']",0.8108108108108109,0.044543429844097995,0.0844475721323012,0.5545306580849951,8
"['V10', 'V12', 'V8', 'V1', 'V21']",0.7972972972972973,0.03108535300316122,0.059837728194726165,0.5545248983650757,5
"['V10', 'V4', 'V16', 'V17', 'V8', 'V11', 'V9', 'V21']",0.8513513513513513,0.05138662316476346,0.09692307692307692,0.5544833970920691,8
"['V10', 'V12', 'V8', 'V21']",0.7972972972972973,0.031068983675618746,0.05980739989863153,0.5544811768566953,4
"['V4', 'V12', 'V11', 'V2', 'V21']",0.8378378378378378,0.03012633624878523,0.058161350844277676,0.5543186430355308,5
"['V14', 'V8', 'V1', 'V2', 'V21']",0.8648648648648649,0.04885496183206107,0.09248554913294797,0.5543121132087824,5
"['V10', 'V4', 'V17', 'V8', 'V11', 'V1', 'V21']",0.8648648648648649,0.0557006092254134,0.10466067048242028,0.5540652545681816,7
"['V10', 'V4', 'V12', 'V17', 'V1']",0.8513513513513513,0.04516129032258064,0.08577263444520082,0.5538968440847305,5
"['V4', 'V12', 'V16', 'V17', 'V11', 'V1', 'V2']",0.8513513513513513,0.03326293558606125,0.06402439024390244,0.5537905127461413,7
"['V10', 'V4', 'V17', 'V8', 'V11', 'V1', 'V2', 'V21']",0.8648648648648649,0.05574912891986063,0.10474631751227496,0.5537589164979615,8
"['V12', 'V16', 'V11', 'V2', 'V21']",0.7972972972972973,0.025246041934103552,0.048942347573620905,0.5537570682687389,5
"['V12', 'V17', 'V11', 'V9', 'V2']",0.8108108108108109,0.029055690072639227,0.056100981767180924,0.5537564782041395,5
"['V10', 'V4', 'V11', 'V9', 'V21']",0.8513513513513513,0.054357204486626405,0.10218978102189781,0.5536365717335016,5
"['V10', 'V4', 'V11', 'V21']",0.8648648648648649,0.055077452667814115,0.10355987055016182,0.5535108398719911,4
"['V4', 'V12', 'V16', 'V17', 'V11', 'V9', 'V1', 'V21']",0.8513513513513513,0.03390742734122713,0.06521739130434782,0.5534212209801976,8
"['V10', 'V12', 'V8', 'V1', 'V2', 'V21']",0.7972972972972973,0.03153393907001603,0.060668380462724936,0.5533615514134614,6
"['V4', 'V12', 'V11', 'V9', 'V2']",0.8648648648648649,0.031840796019900496,0.061420345489443376,0.5533302172966594,5
"['V10', 'V12', 'V16', 'V8', 'V21']",0.7972972972972973,0.030334190231362468,0.05844477464091134,0.5532715426727719,5
"['V10', 'V4', 'V16', 'V9', 'V1', 'V21']",0.8648648648648649,0.05055292259083728,0.0955223880597015,0.5532644340973237,6
"['V10', 'V1', 'V2', 'V21']",0.7837837837837838,0.04113475177304964,0.07816711590296496,0.5532527437236998,4
"['V12', 'V9', 'V1']",0.8108108108108109,0.029140359397765905,0.05625879043600562,0.5532482653393019,3
"['V12', 'V17', 'V11', 'V9']",0.8108108108108109,0.028182245185533115,0.05447117566954154,0.5532284711686765,4
"['V4', 'V12', 'V16', 'V11', 'V1']",0.8513513513513513,0.03401727861771058,0.06542056074766354,0.5530034308871845,5
"['V10', 'V12', 'V8', 'V2', 'V21']",0.7972972972972973,0.03163538873994638,0.060856111397627644,0.5530009336558652,5
"['V10', 'V17', 'V1', 'V2', 'V21']",0.7837837837837838,0.04090267983074753,0.0777479892761394,0.5529807766095038,5
"['V10', 'V4', 'V12', 'V17', 'V8', 'V21']",0.8648648648648649,0.049079754601226995,0.09288824383164006,0.5529650315658503,6
"['V12', 'V16', 'V11', 'V1', 'V21']",0.7972972972972973,0.025354533734422,0.04914618908788005,0.5528732658499224,5
"['V10', 'V12', 'V16', 'V17', 'V8', 'V9', 'V21']",0.8108108108108109,0.04424778761061947,0.08391608391608392,0.5528523000362855,7
"['V12', 'V16', 'V8', 'V9']",0.8108108108108109,0.02737226277372263,0.0529567519858782,0.552774781876777,4
"['V11', 'V9', 'V1', 'V2']",0.7972972972972973,0.023552894211576848,0.045754168282279954,0.5527150317869225,4
"['V10', 'V4', 'V11', 'V1', 'V21']",0.8513513513513513,0.05398457583547558,0.10153102336825141,0.5526785931769924,5
"['V10', 'V4', 'V11', 'V9', 'V1', 'V21']",0.8513513513513513,0.05412371134020619,0.10177705977382875,0.5526526363138405,6
"['V12', 'V16', 'V8', 'V11']",0.8108108108108109,0.0234192037470726,0.04552352048558422,0.5525830759048541,4
"['V12', 'V16', 'V17', 'V8', 'V11', 'V9', 'V1', 'V2', 'V21']",0.8108108108108109,0.03003003003003003,0.05791505791505792,0.5525793794506643,9
"['V14', 'V1', 'V2']",0.8513513513513513,0.049723756906077346,0.09395973154362416,0.5525272154503765,3
"['V10', 'V12', 'V8', 'V11', 'V1']",0.8108108108108109,0.028116213683223992,0.05434782608695652,0.5523641048585769,5
"['V10', 'V17', 'V11', 'V1', 'V2']",0.8243243243243243,0.042717086834733894,0.08122503328894808,0.5523506737604366,5
"['V10', 'V12', 'V16', 'V8', 'V1', 'V21']",0.7972972972972973,0.030318602261048305,0.05841584158415842,0.5523388365297796,6
"['V14', 'V1', 'V21']",0.8513513513513513,0.04895104895104895,0.09257898603967671,0.5522589151249311,3
"['V10', 'V12', 'V16', 'V8', 'V9', 'V1', 'V21']",0.7837837837837838,0.05714285714285714,0.10651974288337925,0.5521094728542418,7
"['V10', 'V12', 'V8', 'V11', 'V1', 'V2']",0.8108108108108109,0.02810304449648712,0.05432322317790855,0.5520204717115564,6
"['V14', 'V4', 'V5']",0.8783783783783784,0.043478260869565216,0.082855321861058,0.5520175846232733,3
"['V10', 'V4', 'V16', 'V1', 'V21']",0.8648648648648649,0.05071315372424723,0.09580838323353294,0.5520115776596555,5
"['V12', 'V11', 'V21']",0.7972972972972973,0.024111156518185534,0.046806822689408965,0.5519288290407236,3
"['V12', 'V8', 'V9', 'V21']",0.8108108108108109,0.026607538802660754,0.051524259338772006,0.5519069941059741,4
"['V10', 'V11', 'V1', 'V21']",0.8243243243243243,0.04583020285499624,0.08683274021352314,0.5518421147902987,4
"['V4', 'V12', 'V16', 'V17', 'V11', 'V2']",0.8513513513513513,0.03315789473684211,0.06382978723404255,0.5518308298212571,6
"['V12', 'V17', 'V11', 'V9', 'V1', 'V2', 'V21']",0.8108108108108109,0.03003003003003003,0.05791505791505792,0.5517550937080993,7
"['V4', 'V12', 'V16', 'V17', 'V8', 'V11', 'V9', 'V1', 'V21']",0.8648648648648649,0.03476371537208039,0.06684073107049608,0.5516906568007639,9
"['V10', 'V4', 'V17', 'V8', 'V11', 'V9', 'V1', 'V21']",0.8648648648648649,0.05589519650655022,0.10500410172272355,0.5516547458418146,8
"['V4', 'V12', 'V16', 'V17', 'V8', 'V11', 'V9']",0.8648648648648649,0.03504928806133625,0.06736842105263158,0.5515598701927427,7
"['V10', 'V4', 'V16', 'V17', 'V8', 'V2', 'V21']",0.8648648648648649,0.048411497730711045,0.09169054441260745,0.5513784296375766,7
"['V12', 'V17', 'V11', 'V9', 'V1', 'V2']",0.8108108108108109,0.029440628066732092,0.056818181818181816,0.5513489398607984,6
"['V10', 'V4', 'V16', 'V8', 'V9', 'V2', 'V21']",0.8648648648648649,0.04961240310077519,0.093841642228739,0.5510496896007006,7
"['V10', 'V4', 'V12', 'V16', 'V17', 'V8', 'V2']",0.8648648648648649,0.04695524578136464,0.08907446068197634,0.5509923026233896,7
"['V10', 'V12', 'V16', 'V8', 'V11', 'V1']",0.8108108108108109,0.028089887640449437,0.05429864253393665,0.550983720658152,6
"['V12', 'V16', 'V8', 'V11', 'V2']",0.8108108108108109,0.023809523809523808,0.04626060138781804,0.5509808722909076,5
"['V10', 'V12', 'V17', 'V8', 'V1', 'V2', 'V21']",0.8108108108108109,0.02697841726618705,0.05221932114882506,0.5509750266151956,7
"['V10', 'V4', 'V12', 'V16', 'V17', 'V8', 'V9', 'V1']",0.8513513513513513,0.04666666666666667,0.08848314606741572,0.5509667001799516,8
"['V12', 'V16', 'V11', 'V1', 'V2', 'V21']",0.7972972972972973,0.026025584472871635,0.05040580948312687,0.5509598780743201,6
"['V4', 'V16', 'V11', 'V21']",0.8108108108108109,0.02891566265060241,0.05583992554676594,0.5509579175220679,4
"['V10', 'V4', 'V12', 'V8', 'V11', 'V1']",0.8513513513513513,0.05060240963855422,0.09552691432903715,0.5509560295781634,6
"['V10', 'V12', 'V16', 'V8', 'V1', 'V2', 'V21']",0.7972972972972973,0.03082549634273772,0.059356136820925554,0.5509066551865066,7
"['V12', 'V16', 'V11', 'V2']",0.7972972972972973,0.024400330851943756,0.04735152487961477,0.5508561044250029,4
"['V4', 'V12', 'V16', 'V17', 'V8', 'V11', 'V9', 'V2', 'V21']",0.8648648648648649,0.03508771929824561,0.06743940990516333,0.5508088813872797,9
"['V10', 'V12', 'V16', 'V8', 'V2', 'V21']",0.7972972972972973,0.030793319415448852,0.0592964824120603,0.5508004234481467,6
"['V4', 'V12', 'V16', 'V8', 'V11']",0.8513513513513513,0.03498056635202665,0.0672,0.5507634480678246,5
"['V10', 'V4', 'V16', 'V8', 'V9', 'V1', 'V2', 'V21']",0.8648648648648649,0.05177993527508091,0.09770992366412214,0.550751643126479,8
"['V14', 'V4', 'V2', 'V3', 'V5', 'V8', 'V11']",0.8918918918918919,0.05258964143426295,0.09932279909706546,0.5507243366014996,7
"['V10', 'V4', 'V16', 'V8', 'V1', 'V21']",0.8648648648648649,0.052202283849918436,0.09846153846153846,0.5506868065531906,6
"['V12', 'V16', 'V11']",0.7972972972972973,0.023732904263877714,0.04609375,0.5506826314674693,3
"['V10', 'V11', 'V1']",0.8243243243243243,0.04442825928623452,0.08431237042156185,0.5506743385684446,3
"['V10', 'V4', 'V17', 'V8', 'V11', 'V2', 'V21']",0.8648648648648649,0.05419136325148179,0.10199203187250996,0.5505707429173677,7
"['V4', 'V17', 'V11', 'V9', 'V1', 'V2']",0.8513513513513513,0.029508196721311476,0.057039384336803986,0.550566259265219,6
"['V12', 'V16', 'V8', 'V11', 'V21']",0.8108108108108109,0.023734177215189875,0.04611837048424289,0.5505448552989608,5
"['V4', 'V17', 'V11', 'V1', 'V2']",0.8513513513513513,0.029480580252690687,0.05698778833107191,0.5505137189481311,5
"['V10', 'V16', 'V17', 'V11', 'V1', 'V21']",0.8108108108108109,0.038560411311053984,0.0736196319018405,0.5504320738178015,6
"['V10', 'V12', 'V17', 'V8', 'V1', 'V21']",0.8108108108108109,0.026737967914438502,0.05176876617773943,0.5504204632213491,6
"['V10', 'V4', 'V12', 'V8', 'V11', 'V9', 'V1']",0.8513513513513513,0.05117790414297319,0.09655172413793103,0.5503062321437809,7
"['V10', 'V4', 'V8', 'V11', 'V2', 'V21']",0.8648648648648649,0.05414551607445008,0.10191082802547771,0.5503051060256363,6
"['V4', 'V12', 'V16', 'V17', 'V8', 'V11', 'V1']",0.8648648648648649,0.03429796355841372,0.06597938144329897,0.5502494044904336,7
"['V17', 'V11', 'V9', 'V2', 'V21']",0.7702702702702703,0.02821782178217822,0.054441260744985676,0.5502001009579903,5
"['V4', 'V12', 'V16', 'V17', 'V8', 'V11', 'V2', 'V21']",0.8648648648648649,0.03476371537208039,0.06684073107049608,0.5499820539864848,8
"['V10', 'V4', 'V8', 'V11', 'V1', 'V21']",0.8648648648648649,0.055220017256255395,0.10381184103811841,0.5499741631175881,6
"['V14', 'V11', 'V2']",0.8378378378378378,0.055456171735241505,0.1040268456375839,0.5499685321443604,3
"['V10', 'V12', 'V16', 'V8', 'V11', 'V1', 'V2']",0.8108108108108109,0.028089887640449437,0.05429864253393665,0.5499638221415213,7
"['V10', 'V4', 'V8', 'V11', 'V1', 'V2', 'V21']",0.8648648648648649,0.055267702936096716,0.1038961038961039,0.5499375815081892,7
"['V10', 'V4', 'V8', 'V11', 'V9', 'V1', 'V21']",0.8648648648648649,0.055507372072853424,0.10431947840260798,0.5498116418147652,7
"['V4', 'V16', 'V17', 'V11', 'V9', 'V21']",0.8108108108108109,0.028037383177570093,0.05420054200542006,0.5497483330593083,6
"['V10', 'V4', 'V16', 'V8', 'V9', 'V1', 'V21']",0.8648648648648649,0.05190592051905921,0.09793420045906656,0.5497356283523044,7
"['V10', 'V4', 'V12', 'V17', 'V8', 'V9', 'V1', 'V2', 'V21']",0.8513513513513513,0.04857363145720894,0.09190371991247265,0.5497289549571265,9
"['V4', 'V12', 'V16', 'V17', 'V8', 'V11', 'V1', 'V2', 'V21']",0.8648648648648649,0.03483941208492107,0.06698063840920984,0.5496581106086454,9
"['V12', 'V11', 'V1', 'V21']",0.7972972972972973,0.024936601859678782,0.04836065573770492,0.549628875377268,4
"['V10', 'V4', 'V2']",0.8378378378378378,0.047876447876447875,0.09057706355003653,0.549512179832968,3
"['V4', 'V12', 'V16', 'V17', 'V11', 'V9']",0.8513513513513513,0.03343949044585987,0.06435137895812053,0.5493775293062487,6
"['V10', 'V4', 'V17', 'V2']",0.8378378378378378,0.047876447876447875,0.09057706355003653,0.5493075991726247,4
"['V10', 'V4', 'V12', 'V16', 'V17', 'V8', 'V11', 'V9', 'V2']",0.8648648648648649,0.047512991833704527,0.09007741027445461,0.5492909355455572,9
"['V4', 'V16', 'V8', 'V11', 'V2']",0.8378378378378378,0.031713554987212275,0.061113849186791525,0.5492867682631097,5
"['V10', 'V12', 'V16', 'V8', 'V9', 'V1', 'V2', 'V21']",0.7837837837837838,0.05642023346303502,0.10526315789473684,0.5492545705491099,8
"['V10', 'V4', 'V1', 'V2']",0.8513513513513513,0.047619047619047616,0.0901932712956335,0.5491852341511446,4
"['V10', 'V17', 'V11', 'V1', 'V21']",0.7972972972972973,0.03889255108767304,0.07416719044626022,0.5489918386118072,5
"['V10', 'V4', 'V8', 'V11', 'V9', 'V2', 'V21']",0.8513513513513513,0.05298570227081581,0.0997624703087886,0.5489842815806798,7
"['V10', 'V4', 'V17', 'V11', 'V9', 'V21']",0.8513513513513513,0.05325443786982249,0.10023866348448687,0.5489594876523317,6
"['V14', 'V17', 'V11', 'V1', 'V21']",0.8243243243243243,0.05422222222222222,0.10175145954962468,0.5488253801834524,5
"['V10', 'V4', 'V12', 'V16', 'V8', 'V9', 'V2']",0.8648648648648649,0.049689440993788817,0.09397944199706314,0.5487503324033701,7
"['V10', 'V4', 'V16', 'V17', 'V9', 'V1', 'V21']",0.8243243243243243,0.04635258358662614,0.08776978417266187,0.548710837958016,7
"['V12', 'V17', 'V11', 'V9', 'V1']",0.8108108108108109,0.027637033625057577,0.053452115812917596,0.5485901588870219,5
"['V10', 'V4', 'V17', 'V11', 'V21']",0.8513513513513513,0.053164556962025315,0.10007942811755362,0.5485811484631468,5
"['V10', 'V12', 'V17', 'V8', 'V11', 'V1']",0.8243243243243243,0.025448477263245724,0.04937272359368677,0.548562649297531,6
"['V12', 'V16', 'V17', 'V8', 'V9', 'V21']",0.8108108108108109,0.023391812865497075,0.045471769609700646,0.5485077922958167,6
"['V10', 'V12', 'V16', 'V17', 'V8', 'V9', 'V1', 'V2', 'V21']",0.8108108108108109,0.04332129963898917,0.0822481151473612,0.5485033452783613,9
"['V14', 'V17', 'V11', 'V1', 'V2', 'V21']",0.8243243243243243,0.054078014184397165,0.10149750415973377,0.5484886078132057,6
"['V10', 'V4', 'V16', 'V17', 'V8', 'V1', 'V21']",0.8648648648648649,0.0512,0.09667673716012085,0.548450139580547,7
"['V10', 'V9', 'V1', 'V2', 'V21']",0.7837837837837838,0.05788423153692615,0.10780669144981413,0.5483495495961729,5
"['V10', 'V4', 'V12', 'V17', 'V8', 'V9', 'V2', 'V21']",0.8648648648648649,0.04769001490312966,0.0903954802259887,0.5482929938301297,8
"['V16', 'V8', 'V11', 'V9']",0.7837837837837838,0.025985663082437275,0.05030355594102342,0.5482465235291941,4
"['V4', 'V12', 'V16', 'V8', 'V11', 'V21']",0.8513513513513513,0.03446389496717724,0.06624605678233439,0.5481971987711918,6
"['V4', 'V16', 'V8', 'V11', 'V1', 'V2']",0.8378378378378378,0.03160040774719674,0.060903732809430254,0.5481874085169947,6
"['V10', 'V4', 'V12', 'V16', 'V8', 'V9', 'V1', 'V2']",0.8648648648648649,0.05003909304143862,0.09460458240946046,0.5481730280236856,8
"['V12', 'V17', 'V11', 'V9', 'V1', 'V21']",0.8108108108108109,0.028735632183908046,0.05550416281221091,0.5480844744069547,6
"['V10', 'V4', 'V17', 'V1', 'V2']",0.8378378378378378,0.04682779456193353,0.08869814020028613,0.5479751185520327,5
"['V10', 'V9', 'V2', 'V21']",0.7837837837837838,0.05782652043868395,0.10770659238625813,0.547924495385843,4
"['V10', 'V12', 'V16', 'V17', 'V8', 'V9', 'V2', 'V21']",0.8108108108108109,0.04319654427645788,0.08202323991797676,0.5478767955882269,8
"['V16', 'V17', 'V11', 'V9', 'V1', 'V21']",0.7702702702702703,0.02342786683107275,0.04547267650578381,0.5478484352201751,6
"['V10', 'V12', 'V17', 'V8', 'V11', 'V1', 'V2']",0.8243243243243243,0.02542726135889954,0.04933279417711282,0.5477078783265412,7
"['V10', 'V4', 'V17', 'V8', 'V11', 'V9', 'V2', 'V21']",0.8513513513513513,0.052941176470588235,0.09968354430379747,0.5476921733232172,8
"['V12', 'V11', 'V1', 'V2', 'V21']",0.7972972972972973,0.02574171029668412,0.049873203719357564,0.5474332216716759,5
"['V4', 'V16', 'V8', 'V11', 'V9', 'V2']",0.8378378378378378,0.03169734151329243,0.061083743842364535,0.5474208442280234,6
"['V4', 'V12', 'V11', 'V9', 'V1', 'V21']",0.8378378378378378,0.032207792207792206,0.062031015507753876,0.5474107407036874,6
"['V4', 'V16', 'V17', 'V8', 'V11', 'V2']",0.8378378378378378,0.031297324583543666,0.06034063260340632,0.54739530471807,6
"['V12', 'V16', 'V17', 'V9', 'V2', 'V21']",0.7972972972972973,0.02616407982261641,0.050665521683125804,0.5473269024251658,6
"['V10', 'V4', 'V17', 'V11', 'V1', 'V21']",0.8513513513513513,0.052763819095477386,0.09936908517350158,0.5472822055916967,6
"['V10', 'V17', 'V2', 'V21']",0.7837837837837838,0.04654895666131621,0.08787878787878788,0.5472336673413466,4
"['V14', 'V8', 'V1']",0.8513513513513513,0.0485362095531587,0.09183673469387756,0.5470234176851646,3
"['V10', 'V4', 'V17', 'V11', 'V9', 'V1', 'V21']",0.8513513513513513,0.05289672544080604,0.09960474308300395,0.5470207451963867,7
"['V14', 'V17', 'V11', 'V1']",0.8243243243243243,0.05412599822537711,0.1015820149875104,0.5468439446247257,4
"['V12', 'V16', 'V8', 'V9', 'V2', 'V21']",0.7972972972972973,0.030971128608923884,0.05962607377463365,0.5467043955807404,6
"['V14', 'V8', 'V11']",0.8378378378378378,0.0542907180385289,0.10197368421052631,0.5467013465767272,3
"['V12', 'V16', 'V17', 'V9', 'V1', 'V2', 'V21']",0.7972972972972973,0.02569686411149826,0.049789029535864976,0.5466311572603425,7
"['V16', 'V17', 'V8', 'V11', 'V9']",0.7837837837837838,0.02408637873754153,0.046736502820306204,0.5465966350123327,5
"['V12', 'V16', 'V11', 'V1', 'V2']",0.7972972972972973,0.02545297670405522,0.04933110367892977,0.5464090489769138,5
"['V4', 'V16', 'V8', 'V11', 'V9', 'V1', 'V2']",0.8378378378378378,0.03153611393692777,0.060784313725490195,0.5463280888074498,7
"['V10', 'V12', 'V16', 'V17', 'V8']",0.8108108108108109,0.026536930561698365,0.05139186295503212,0.5463043141203142,5
"['V4', 'V12', 'V16', 'V17', 'V11', 'V21']",0.8513513513513513,0.03262558259968928,0.0628428927680798,0.5462943073590636,6
"['V10', 'V16', 'V9', 'V1', 'V21']",0.7702702702702703,0.06477272727272727,0.11949685534591195,0.546130520808065,5
"['V10', 'V4', 'V16', 'V17', 'V1', 'V21']",0.8513513513513513,0.04719101123595506,0.08942512420156139,0.5460887163096574,6
"['V4', 'V16', 'V17', 'V8', 'V11', 'V1', 'V2']",0.8243243243243243,0.03063787041687594,0.05907990314769976,0.5460296897645368,7
"['V12', 'V16', 'V11', 'V1']",0.7972972972972973,0.024573094543940025,0.04767676767676768,0.5458764661290455,4
"['V10', 'V4', 'V16', 'V17', 'V8', 'V9', 'V1', 'V21']",0.8648648648648649,0.05035405192761605,0.09516728624535316,0.545723475671659,8
"['V10', 'V4', 'V16', 'V17', 'V8', 'V9', 'V1', 'V2', 'V21']",0.8648648648648649,0.05019607843137255,0.09488510007412898,0.5456576679647884,9
"['V10', 'V12', 'V8', 'V9', 'V21']",0.7837837837837838,0.05765407554671968,0.10740740740740741,0.5456286513179387,5
"['V10', 'V4', 'V16', 'V17', 'V8', 'V9', 'V2', 'V21']",0.8513513513513513,0.04801829268292683,0.09090909090909091,0.5455839746374854,8
"['V4', 'V17', 'V11', 'V2']",0.8513513513513513,0.02975909305621162,0.05750798722044728,0.545540813501468,4
"['V12', 'V11', 'V2', 'V21']",0.7972972972972973,0.02433993399339934,0.04723779023218575,0.5454922098471795,4
"['V14', 'V8', 'V11', 'V2']",0.8378378378378378,0.0542907180385289,0.10197368421052631,0.5454423830531089,4
"['V10', 'V4', 'V17', 'V8', 'V11', 'V9', 'V1', 'V2', 'V21']",0.8648648648648649,0.05599300087489064,0.10517666392769104,0.5453788911693784,9
"['V14', 'V11', 'V2', 'V21']",0.8378378378378378,0.054673721340388004,0.10264900662251655,0.5453602510549339,4
"['V4', 'V17', 'V11', 'V9', 'V2']",0.8513513513513513,0.02975909305621162,0.05750798722044728,0.5453524998287008,5
"['V4', 'V12', 'V16', 'V17', 'V8', 'V11', 'V9', 'V21']",0.8648648648648649,0.034782608695652174,0.06687565308254964,0.5451602096317982,8
"['V10', 'V4', 'V11']",0.8648648648648649,0.05589519650655022,0.10500410172272355,0.545140274483345,3
"['V4', 'V16', 'V17', 'V11', 'V21']",0.8108108108108109,0.027777777777777776,0.05371530886302596,0.5450102409158128,5
"['V4', 'V12', 'V16', 'V17', 'V11', 'V9', 'V1']",0.8513513513513513,0.03314045239347712,0.06379746835443038,0.5449689350401232,7
"['V12', 'V16', 'V8', 'V11', 'V1']",0.8108108108108109,0.023668639053254437,0.04599463395937141,0.5449514852528882,5
"['V14', 'V11', 'V1', 'V21']",0.8243243243243243,0.052768166089965395,0.0991869918699187,0.5449499291104897,4
"['V14', 'V17', 'V11', 'V1', 'V2']",0.8243243243243243,0.054270462633451956,0.1018363939899833,0.544868681795312,5
"['V14', 'V11', 'V1', 'V2', 'V21']",0.8243243243243243,0.05267702936096719,0.09902597402597403,0.544640068480578,5
"['V10', 'V12', 'V16', 'V17', 'V8', 'V2']",0.8108108108108109,0.027285129604365622,0.05279366476022877,0.5445288207480194,6
"['V10', 'V4', 'V16', 'V1']",0.8648648648648649,0.04961240310077519,0.093841642228739,0.5443324808249796,4
"['V10', 'V2', 'V21']",0.7837837837837838,0.044649730561970746,0.08448652585579024,0.5443240308525913,3
"['V10', 'V4', 'V16', 'V9', 'V21']",0.8648648648648649,0.04953560371517028,0.09370424597364568,0.5442926136253541,5
"['V10', 'V4', 'V12', 'V17', 'V8', 'V11', 'V1']",0.8648648648648649,0.0504334121355398,0.0953090096798213,0.5442779197272339,7
"['V12', 'V16', 'V8', 'V11', 'V1', 'V2']",0.8108108108108109,0.024028834601521828,0.046674445740956826,0.5442358188931248,6
"['V4', 'V16', 'V17', 'V8', 'V11', 'V9', 'V2']",0.8243243243243243,0.030933062880324543,0.059628543499511244,0.5441640584390751,7
"['V14', 'V2', 'V21']",0.8378378378378378,0.050488599348534204,0.09523809523809523,0.5440661518155139,3
"['V14', 'V11', 'V1']",0.8243243243243243,0.052997393570807995,0.09959183673469388,0.5438537596098434,3
"['V10', 'V4', 'V16', 'V9', 'V1']",0.8648648648648649,0.04915514592933948,0.09302325581395349,0.5438182425881753,5
"['V12', 'V17', 'V8', 'V11', 'V9', 'V1', 'V2']",0.8108108108108109,0.028999516674722087,0.05599626691553897,0.5437973239442186,7
"['V12', 'V16', 'V17', 'V9', 'V1', 'V21']",0.7972972972972973,0.023694779116465864,0.046021840873634944,0.5437647035181729,6
"['V4', 'V12', 'V16', 'V17', 'V8', 'V11', 'V1', 'V21']",0.8648648648648649,0.034334763948497854,0.06604747162022703,0.5437519062836462,8
"['V4', 'V12', 'V11', 'V9']",0.8513513513513513,0.03156312625250501,0.06086956521739131,0.5436621296121315,4
"['V10', 'V4', 'V16', 'V21']",0.8648648648648649,0.04923076923076923,0.09315866084425037,0.5435224270080063,4
"['V10', 'V4', 'V8', 'V11', 'V9', 'V1', 'V2', 'V21']",0.8648648648648649,0.05599300087489064,0.10517666392769104,0.5435177651151585,8
"['V4', 'V12', 'V11', 'V1', 'V2']",0.8513513513513513,0.03139013452914798,0.06054781355117732,0.5434955941612557,5
"['V10', 'V4', 'V11', 'V9']",0.8648648648648649,0.055077452667814115,0.10355987055016182,0.5434789710358824,4
"['V4', 'V16', 'V17', 'V8', 'V11', 'V9', 'V1', 'V2']",0.8108108108108109,0.030105368790767688,0.05805515239477504,0.5434150900468181,8
"['V16', 'V11', 'V21']",0.7567567567567568,0.02356902356902357,0.045714285714285714,0.5433496272799307,3
"['V10', 'V4', 'V12', 'V16', 'V8', 'V9']",0.8648648648648649,0.04942084942084942,0.09349890430971512,0.5433040426098898,6
"['V10', 'V12', 'V16', 'V17', 'V8', 'V1']",0.8108108108108109,0.026881720430107527,0.05203816131830009,0.5432879177055813,6
"['V10', 'V16', 'V9', 'V21']",0.7702702702702703,0.06209150326797386,0.11491935483870967,0.5431564707961319,4
"['V10', 'V12', 'V16', 'V17', 'V8', 'V11', 'V9', 'V2']",0.8243243243243243,0.04230235783633842,0.08047493403693931,0.5430924813936376,8
"['V10', 'V4', 'V12', 'V17', 'V8', 'V11', 'V9', 'V1']",0.8513513513513513,0.0498812351543943,0.09424083769633508,0.542811133876314,8
"['V10', 'V12', 'V8', 'V9', 'V2', 'V21']",0.7837837837837838,0.05675146771037182,0.10583941605839416,0.5427924211566858,6
"['V14', 'V11', 'V21']",0.8378378378378378,0.05525846702317291,0.10367892976588629,0.5427676828537142,3
"['V14', 'V8', 'V11', 'V1', 'V2', 'V21']",0.8513513513513513,0.052152317880794705,0.09828393135725429,0.54276264751342,6
"['V12', 'V8', 'V11']",0.8243243243243243,0.023010184835910975,0.04477064220183486,0.5427180313529548,3
"['V10', 'V17', 'V11', 'V1']",0.7972972972972973,0.03813833225597932,0.07279457125231338,0.5425691078675405,4
"['V4', 'V12', 'V17', 'V11', 'V9', 'V2', 'V21']",0.8513513513513513,0.03153153153153153,0.060810810810810814,0.5425452257684995,7
"['V4', 'V12', 'V8', 'V11', 'V9', 'V2']",0.8513513513513513,0.03262558259968928,0.0628428927680798,0.5425060504591976,6
"['V10', 'V16', 'V17', 'V9', 'V21']",0.7702702702702703,0.04699093157460841,0.08857808857808858,0.5423887059805931,5
"['V10', 'V12', 'V16', 'V17', 'V8', 'V11', 'V9']",0.8243243243243243,0.04242002781641168,0.08068783068783068,0.5423391617900813,7
"['V10', 'V4', 'V12', 'V8', 'V11', 'V9']",0.8648648648648649,0.05173807599029911,0.09763539282990084,0.5422890753546451,6
"['V10', 'V12', 'V8', 'V11', 'V9', 'V1', 'V2']",0.7972972972972973,0.05025553662691652,0.09455128205128205,0.5422716975463655,7
"['V4', 'V12', 'V8', 'V11', 'V9', 'V1', 'V2', 'V21']",0.8513513513513513,0.032676348547717844,0.06293706293706294,0.5422652497256304,8
"['V10', 'V16', 'V17', 'V9', 'V1', 'V21']",0.7702702702702703,0.046644844517184945,0.08796296296296297,0.5421126709895275,6
"['V12', 'V11', 'V2']",0.8243243243243243,0.02429311031461569,0.04719535783365571,0.542095378975371,3
"['V10', 'V4', 'V12', 'V16', 'V17', 'V8', 'V9', 'V1', 'V2']",0.8648648648648649,0.047619047619047616,0.09026798307475317,0.5420619616644159,9
"['V12', 'V16', 'V8', 'V9', 'V1', 'V21']",0.8108108108108109,0.029013539651837523,0.056022408963585436,0.5418863846145021,6
"['V12', 'V16', 'V8', 'V11', 'V2', 'V21']",0.8108108108108109,0.024067388688327317,0.04674717569146864,0.541795566450581,6
"['V10', 'V4', 'V12', 'V8', 'V11', 'V1', 'V2']",0.8648648648648649,0.050955414012738856,0.0962406015037594,0.5417852196475739,7
"['V12', 'V11', 'V1']",0.7972972972972973,0.024111156518185534,0.046806822689408965,0.541710719638037,3
"['V10', 'V4', 'V8', 'V11', 'V9', 'V21']",0.8513513513513513,0.05307497893850042,0.0999206978588422,0.5416778899719235,6
"['V12', 'V11', 'V1', 'V2']",0.8108108108108109,0.02543450614667232,0.04932182490752158,0.541658572451091,4
"['V4', 'V12', 'V16', 'V17', 'V8', 'V11']",0.8648648648648649,0.03416978109983983,0.0657421674370827,0.5416534100963896,6
"['V12', 'V17', 'V8', 'V11', 'V9', 'V1']",0.8108108108108109,0.027906976744186046,0.0539568345323741,0.5414569947044372,6
"['V4', 'V12', 'V8', 'V11', 'V9', 'V1', 'V2']",0.8513513513513513,0.03262558259968928,0.0628428927680798,0.5414526609808908,7
"['V12', 'V16', 'V17', 'V9', 'V1', 'V2']",0.8108108108108109,0.025510204081632654,0.0494641384995878,0.5414373493319089,6
"['V10', 'V12', 'V17', 'V8', 'V9', 'V1', 'V21']",0.8108108108108109,0.043478260869565216,0.08253094910591471,0.5413798802756193,7
"['V10', 'V12', 'V17', 'V8', 'V9', 'V21']",0.8108108108108109,0.04335260115606936,0.0823045267489712,0.5413641289451746,6
"['V4', 'V12', 'V8', 'V11', 'V9', 'V2', 'V21']",0.8513513513513513,0.03271028037383177,0.063,0.5413157681915837,7
"['V12', 'V8', 'V11', 'V21']",0.8108108108108109,0.02278769464489176,0.04432951606944958,0.5412406194275055,4
"['V12', 'V8', 'V9']",0.8108108108108109,0.025412960609911054,0.049281314168377825,0.5411640964949694,3
"['V10', 'V4', 'V17', 'V8', 'V11', 'V21']",0.8513513513513513,0.05352591333899745,0.10071942446043165,0.5411344870286455,6
"['V10', 'V4', 'V8', 'V11', 'V21']",0.8513513513513513,0.053480475382003394,0.10063897763578275,0.5410438841964019,5
"['V4', 'V12', 'V16', 'V17', 'V11']",0.8513513513513513,0.03204476093591048,0.061764705882352944,0.5409344673302819,5
"['V10', 'V4', 'V17', 'V8', 'V11', 'V9', 'V21']",0.8513513513513513,0.05303030303030303,0.09984152139461172,0.5409197634892756,7
"['V12', 'V16', 'V8', 'V9', 'V2']",0.7972972972972973,0.03038105046343975,0.05853174603174603,0.5409033790557142,5
"['V12', 'V16', 'V17', 'V8', 'V9']",0.8108108108108109,0.022598870056497175,0.043972150971051664,0.5408572419718458,5
"['V12', 'V16', 'V17', 'V9', 'V21']",0.7972972972972973,0.023496614894464356,0.045647969052224374,0.5406283739248994,5
"['V4', 'V12', 'V16', 'V9', 'V2', 'V21']",0.8378378378378378,0.02832343535861124,0.0547945205479452,0.5406098638556894,6
"['V10', 'V4', 'V17', 'V11', 'V9']",0.8648648648648649,0.05432937181663837,0.10223642172523961,0.5406014083738846,5
"['V12', 'V16', 'V17', 'V8', 'V9', 'V2', 'V21']",0.7972972972972973,0.024957698815566837,0.04840032813781788,0.5405784110923799,7
"['V14', 'V8', 'V11', 'V1']",0.8378378378378378,0.05179615705931495,0.0975609756097561,0.5405669284987117,4
"['V4', 'V12', 'V16', 'V17', 'V11', 'V1', 'V21']",0.8513513513513513,0.032591826176927054,0.06278026905829596,0.5404411081222811,7
"['V12', 'V17', 'V8', 'V11', 'V9', 'V1', 'V2', 'V21']",0.8108108108108109,0.029426189308484552,0.05679129200189304,0.540314273111571,8
"['V12', 'V16', 'V17', 'V9', 'V2']",0.7972972972972973,0.024779504409911803,0.04806517311608961,0.5402281108098392,5
"['V10', 'V12', 'V16', 'V17', 'V8', 'V1', 'V2']",0.8108108108108109,0.027124773960216998,0.05249343832020997,0.5401463238430667,7
"['V10', 'V4', 'V17', 'V11']",0.8648648648648649,0.0548885077186964,0.1032258064516129,0.5400999112245002,4
"['V10', 'V4', 'V12', 'V8', 'V11', 'V2']",0.8648648648648649,0.050673000791765635,0.09573672400897532,0.540031813736478,6
"['V10', 'V4', 'V12', 'V16', 'V8']",0.8648648648648649,0.04923076923076923,0.09315866084425037,0.5399540211937996,5
"['V12', 'V17', 'V8', 'V11', 'V9', 'V1', 'V21']",0.8108108108108109,0.02892960462873674,0.055865921787709494,0.5399020808759967,7
"['V10', 'V4', 'V16']",0.8648648648648649,0.04942084942084942,0.09349890430971512,0.5397990899827931,3
"['V10', 'V4', 'V16', 'V17', 'V1']",0.8513513513513513,0.04490377761938703,0.08530805687203792,0.5397330145610861,5
"['V10', 'V12', 'V16', 'V8', 'V9', 'V21']",0.7837837837837838,0.05534351145038168,0.10338680926916222,0.5396120803161721,6
"['V10', 'V4', 'V16', 'V17', 'V9', 'V1']",0.8513513513513513,0.0449358059914408,0.08536585365853659,0.5395351358239119,6
"['V10', 'V12', 'V8', 'V11', 'V9', 'V1']",0.7972972972972973,0.0506872852233677,0.09531502423263329,0.5394602981498369,6
"['V10', 'V4', 'V16', 'V17', 'V9', 'V21']",0.8243243243243243,0.04548844146159582,0.0862190812720848,0.5392131267858711,6
"['V12', 'V8', 'V11', 'V2']",0.8243243243243243,0.023193916349809884,0.045118343195266274,0.5391940873517188,4
"['V10', 'V4', 'V12', 'V8', 'V11']",0.8648648648648649,0.050513022888713496,0.09545115585384041,0.5391791980335253,5
"['V10', 'V12', 'V8', 'V11', 'V9', 'V2']",0.7972972972972973,0.049747048903878585,0.09365079365079365,0.5391624612544773,6
"['V12', 'V16', 'V8', 'V11', 'V1', 'V21']",0.8108108108108109,0.023990403838464614,0.04660194174757282,0.5391480003557128,6
"['V4', 'V12', 'V11', 'V2']",0.8648648648648649,0.03046168491194669,0.058850574712643676,0.5391390975659377,4
"['V10', 'V4', 'V12', 'V16', 'V17', 'V8']",0.8648648648648649,0.046511627906976744,0.08827586206896551,0.5391304117724992,6
"['V10', 'V4', 'V17', 'V8', 'V1', 'V2', 'V21']",0.8513513513513513,0.05138662316476346,0.09692307692307692,0.5390782250916234,7
"['V14', 'V11', 'V1', 'V2']",0.8243243243243243,0.05295138888888889,0.09951060358890701,0.539039774933431,4
"['V10', 'V4', 'V16', 'V9']",0.8648648648648649,0.04900459418070444,0.0927536231884058,0.5389757039489539,4
"['V10', 'V12', 'V16', 'V8', 'V11', 'V9', 'V1', 'V2']",0.7972972972972973,0.049125728559533725,0.09254901960784313,0.5387449587971052,8
"['V10', 'V4', 'V11', 'V1']",0.8648648648648649,0.05589519650655022,0.10500410172272355,0.538704992353382,4
"['V12', 'V17', 'V8', 'V9', 'V21']",0.8108108108108109,0.02384737678855326,0.04633204633204633,0.5386884725080617,5
"['V12', 'V17', 'V9', 'V1', 'V2', 'V21']",0.8108108108108109,0.026143790849673203,0.05065428450823132,0.5386836492930782,6
"['V12', 'V16', 'V17', 'V8', 'V11', 'V21']",0.8108108108108109,0.022404779686333084,0.0436046511627907,0.5386549716143808,6
"['V12', 'V17', 'V9', 'V2', 'V21']",0.7972972972972973,0.026504941599281222,0.051304347826086956,0.5386410960053926,5
"['V14', 'V8', 'V1', 'V2']",0.8513513513513513,0.04838709677419355,0.09156976744186046,0.5386392519800791,4
"['V11', 'V9', 'V1', 'V2', 'V21']",0.7837837837837838,0.02399669011170873,0.04656764351665998,0.5384223234938557,5
"['V4', 'V12', 'V17', 'V11', 'V9', 'V1', 'V2', 'V21']",0.8513513513513513,0.03214285714285714,0.061946902654867256,0.5382895167235427,8
"['V4', 'V12', 'V8', 'V11', 'V9', 'V1', 'V21']",0.8513513513513513,0.032642487046632127,0.06287425149700598,0.5382637547926945,7
"['V10', 'V4', 'V16', 'V17', 'V21']",0.8513513513513513,0.046289493019838354,0.08780487804878048,0.5381019184052159,5
"['V12', 'V16', 'V17', 'V8', 'V11']",0.8108108108108109,0.022115739034279394,0.04305705059203445,0.5380393395883643,5
"['V14', 'V17', 'V8', 'V11', 'V1', 'V2']",0.8378378378378378,0.05575539568345324,0.1045531197301855,0.5379570182860788,6
"['V10', 'V4', 'V16', 'V8', 'V11', 'V9', 'V2']",0.8513513513513513,0.05206611570247934,0.09813084112149532,0.5378616350809435,7
"['V12', 'V8', 'V9', 'V2', 'V21']",0.7972972972972973,0.028738431563565515,0.05547719793135872,0.5377903386156676,5
"['V10', 'V9', 'V1', 'V21']",0.7837837837837838,0.05731225296442688,0.10681399631675875,0.5377719133324373,4
"['V10', 'V17', 'V11', 'V9', 'V1', 'V2']",0.7972972972972973,0.049873203719357564,0.09387430389817025,0.5375759812657855,6
"['V10', 'V12', 'V17', 'V8', 'V9', 'V2', 'V21']",0.8108108108108109,0.0423728813559322,0.08053691275167785,0.5374214595784722,7
"['V10', 'V4', 'V16', 'V8', 'V11', 'V1', 'V2']",0.8513513513513513,0.05389221556886228,0.10136765888978279,0.5373973196764678,7
"['V10', 'V4', 'V12', 'V8', 'V11', 'V9', 'V2']",0.8648648648648649,0.05161290322580645,0.0974124809741248,0.5373912703325944,7
"['V10', 'V12', 'V16', 'V8', 'V11', 'V9', 'V1']",0.7972972972972973,0.04995766299745978,0.09402390438247012,0.5373457125019927,7
"['V12', 'V16', 'V17', 'V8', 'V11', 'V2']",0.8108108108108109,0.02245508982035928,0.043699927166788055,0.5371759954802623,6
"['V10', 'V4', 'V12', 'V16', 'V17', 'V8', 'V9', 'V2']",0.8648648648648649,0.04597701149425287,0.08731241473396999,0.5371216218035918,8
"['V10', 'V12', 'V16', 'V17', 'V8', 'V11', 'V9', 'V1']",0.8243243243243243,0.04175222450376454,0.07947882736156352,0.5371046152305257,8
"['V10', 'V12', 'V16', 'V8', 'V11', 'V9', 'V2']",0.7972972972972973,0.04851973684210526,0.09147286821705426,0.537101886441092,7
"['V10', 'V12', 'V16', 'V8', 'V9', 'V2', 'V21']",0.7837837837837838,0.053703703703703705,0.10051993067590988,0.5370990475286817,7
"['V16', 'V17', 'V11', 'V21']",0.7567567567567568,0.021866458414681766,0.04250474383301708,0.536873797570018,4
"['V10', 'V4', 'V12', 'V16', 'V17', 'V8', 'V9']",0.8648648648648649,0.0460431654676259,0.08743169398907104,0.5367951352623014,7
"['V4', 'V12', 'V16', 'V17', 'V8', 'V11', 'V21']",0.8648648648648649,0.03427959292983396,0.06594538897475528,0.5367893680784086,7
"['V12', 'V16', 'V8', 'V9', 'V1', 'V2', 'V21']",0.8108108108108109,0.031931878658861094,0.06144393241167435,0.5367146537714963,7
"['V4', 'V12', 'V16', 'V9', 'V1', 'V2', 'V21']",0.8378378378378378,0.028440366972477066,0.055013309671694766,0.536447188015595,7
"['V4', 'V12', 'V17', 'V11', 'V2', 'V21']",0.8513513513513513,0.030100334448160536,0.05814490078449469,0.5362835458021316,6
"['V10', 'V12', 'V17', 'V8', 'V9', 'V1', 'V2', 'V21']",0.8108108108108109,0.0422237860661506,0.0802675585284281,0.5362046140132237,8
"['V10', 'V4', 'V16', 'V17']",0.8648648648648649,0.0453257790368272,0.08613728129205922,0.5361961936002193,4
"['V10', 'V4', 'V16', 'V17', 'V9']",0.8648648648648649,0.04526166902404526,0.08602150537634409,0.5361625228080433,5
"['V10', 'V4', 'V12', 'V8', 'V11', 'V9', 'V1', 'V2']",0.8648648648648649,0.052545155993431854,0.09907120743034056,0.5361455023601135,8
"['V10', 'V17', 'V9', 'V2', 'V21']",0.7702702702702703,0.04675963904840033,0.08816705336426914,0.5361419498209946,5
"['V10', 'V9', 'V21']",0.7837837837837838,0.05658536585365854,0.10555050045495905,0.5361243788759549,3
"['V10', 'V4', 'V12', 'V17', 'V8', 'V11', 'V1', 'V2']",0.8648648648648649,0.049689440993788817,0.09397944199706314,0.5360870904718303,8
"['V4', 'V16', 'V11', 'V9']",0.8243243243243243,0.02928468554968795,0.05656003708854891,0.5359345459074327,4
"['V4', 'V12', 'V11', 'V21']",0.8378378378378378,0.02980769230769231,0.057567316620241414,0.5358538365758101,4
"['V12', 'V16', 'V8', 'V9', 'V1', 'V2']",0.7972972972972973,0.030793319415448852,0.0592964824120603,0.5358088314279342,6
"['V4', 'V12', 'V16', 'V8', 'V9', 'V1', 'V2', 'V21']",0.8513513513513513,0.029535864978902954,0.057091073855913006,0.5358070256484616,8
"['V12', 'V16', 'V8', 'V9', 'V1']",0.8108108108108109,0.028142589118198873,0.05439709882139619,0.535349576515025,5
"['V4', 'V12', 'V16', 'V8', 'V9', 'V2', 'V21']",0.8648648648648649,0.030004688232536336,0.057997281377435435,0.5353203576495332,7
"['V10', 'V12', 'V8', 'V11', 'V9']",0.7972972972972973,0.050556983718937444,0.09508460918614021,0.5352743145895736,5
"['V12', 'V16', 'V17', 'V8', 'V9', 'V2']",0.7972972972972973,0.024532224532224534,0.04759983864461476,0.5352681459740074,6
"['V4', 'V16', 'V17', 'V11', 'V9']",0.7972972972972973,0.027595884003741813,0.05334538878842676,0.5352668199928384,5
"['V10', 'V4', 'V11', 'V9', 'V1']",0.8648648648648649,0.05465414175918019,0.10281124497991968,0.5352592192373283,5
"['V4', 'V12', 'V17', 'V11', 'V1', 'V2', 'V21']",0.8513513513513513,0.03080684596577017,0.05946201038225578,0.534815069988206,7
"['V4', 'V12', 'V8', 'V11', 'V9', 'V21']",0.8513513513513513,0.03262558259968928,0.0628428927680798,0.5347634232765596,6
"['V10', 'V12', 'V17', 'V8']",0.8108108108108109,0.02591792656587473,0.05023022185014651,0.5346759086439864,4
"['V12', 'V8', 'V9', 'V1', 'V21']",0.8108108108108109,0.027842227378190254,0.05383580080753701,0.5346586234561952,5
"['V10', 'V4', 'V12', 'V8', 'V1']",0.8648648648648649,0.04953560371517028,0.09370424597364568,0.5346025373937384,5
"['V4', 'V12', 'V16', 'V8', 'V9', 'V2']",0.8648648648648649,0.030303030303030304,0.0585544373284538,0.5344322208152729,6
"['V10', 'V4', 'V16', 'V8', 'V11', 'V9', 'V1', 'V2']",0.8513513513513513,0.05407725321888412,0.1016949152542373,0.5343590906771678,8
"['V4', 'V12', 'V17', 'V11', 'V9', 'V21']",0.8513513513513513,0.0314214463840399,0.06060606060606061,0.5342486145054743,6
"['V12', 'V17', 'V8', 'V11', 'V21']",0.8243243243243243,0.022077452044878754,0.04300317236517448,0.5342337352519583,5
"['V10', 'V4', 'V16', 'V8', 'V11', 'V2']",0.8378378378378378,0.05201342281879195,0.09794628751974724,0.5341162260556722,6
"['V10', 'V4', 'V17', 'V8', 'V2', 'V21']",0.8513513513513513,0.04968454258675079,0.09388971684053651,0.5341087783963101,6
"['V10', 'V12', 'V16', 'V17', 'V8', 'V11', 'V9', 'V1', 'V2']",0.8243243243243243,0.041132838840188805,0.0783558124598587,0.5340646174416998,9
"['V12', 'V8', 'V11', 'V1', 'V2']",0.8108108108108109,0.0234009360374415,0.045489006823351025,0.5338806462251563,5
"['V10', 'V12', 'V8']",0.7972972972972973,0.02964824120603015,0.05717054263565891,0.5338704634990808,3
"['V10', 'V4', 'V9', 'V1', 'V21']",0.8378378378378378,0.04936305732484077,0.09323308270676692,0.5336188518329955,5
"['V10', 'V12', 'V16', 'V8', 'V11', 'V9']",0.7972972972972973,0.0496215306980656,0.0934283452098179,0.5335022251105751,6
"['V12', 'V16', 'V8', 'V11', 'V1', 'V2', 'V21']",0.8243243243243243,0.02476654486398701,0.04808829325975562,0.5334581489125858,7
"['V10', 'V4', 'V12', 'V8', 'V9', 'V1']",0.8648648648648649,0.04961240310077519,0.093841642228739,0.5334346852818306,6
"['V4', 'V12', 'V16', 'V8', 'V9', 'V1', 'V2']",0.8648648648648649,0.030389363722697058,0.05871559633027523,0.5333367830536558,7
"['V10', 'V4', 'V16', 'V17', 'V8', 'V11', 'V1', 'V2']",0.8513513513513513,0.052675585284280936,0.09921259842519685,0.5333310668941095,8
"['V12', 'V16', 'V17', 'V11', 'V21']",0.8108108108108109,0.022573363431151242,0.043923865300146414,0.5331412992136018,5
"['V4', 'V12', 'V16', 'V8', 'V9', 'V1', 'V21']",0.8378378378378378,0.02927289896128423,0.05656934306569343,0.5330628766346363,7
"['V12', 'V8', 'V9', 'V2']",0.7972972972972973,0.027673545966228893,0.05349048050770626,0.5329646505678529,4
"['V10', 'V4', 'V12', 'V17', 'V8', 'V11']",0.8648648648648649,0.04930662557781202,0.09329446064139942,0.5328271833053877,6
"['V10', 'V4', 'V8', 'V1', 'V2', 'V21']",0.8513513513513513,0.050724637681159424,0.09574468085106383,0.5328174296388188,6
"['V10', 'V4', 'V12', 'V8', 'V2']",0.8648648648648649,0.04938271604938271,0.09343065693430656,0.532810451354621,5
"['V10', 'V4', 'V16', 'V8', 'V11', 'V1']",0.8513513513513513,0.05407725321888412,0.1016949152542373,0.532776811493808,6
"['V4', 'V12', 'V16', 'V17', 'V11', 'V1']",0.8513513513513513,0.03215926493108729,0.061977373339891784,0.5326899743140431,6
"['V10', 'V4', 'V12', 'V17', 'V8', 'V11', 'V2']",0.8648648648648649,0.04930662557781202,0.09329446064139942,0.5326854185629012,7
"['V12', 'V17', 'V9', 'V21']",0.7972972972972973,0.023973994311255586,0.046548323471400394,0.5326614644975165,4
"['V10', 'V17', 'V9', 'V1', 'V2', 'V21']",0.7702702702702703,0.045746388443017656,0.08636363636363636,0.5326265621327793,6
"['V4', 'V12', 'V16', 'V8', 'V9', 'V1']",0.8648648648648649,0.03054892601431981,0.05901337021668972,0.5325970578497077,6
"['V10', 'V4', 'V12', 'V8', 'V1', 'V2']",0.8648648648648649,0.04945904173106646,0.0935672514619883,0.5325340288315705,6
"['V4', 'V16', 'V8', 'V11', 'V2', 'V21']",0.8378378378378378,0.03139240506329114,0.06051732552464617,0.5325340215969386,6
"['V4', 'V16', 'V8', 'V11', 'V1', 'V2', 'V21']",0.8378378378378378,0.03112449799196787,0.060019361084220714,0.5325280184364417,7
"['V10', 'V12', 'V8', 'V1']",0.7972972972972973,0.029752899646999495,0.05736509479824988,0.5324966137203715,4
"['V10', 'V4', 'V12', 'V17', 'V8', 'V11', 'V9']",0.8648648648648649,0.049689440993788817,0.09397944199706314,0.5324564416352575,7
"['V12', 'V17', 'V9', 'V1', 'V2']",0.8108108108108109,0.02506265664160401,0.04862236628849271,0.5323564307593608,5
"['V10', 'V12', 'V17', 'V8', 'V2']",0.8108108108108109,0.026235242675994752,0.05082592121982211,0.5323421827158883,5
"['V4', 'V16', 'V17', 'V11']",0.8108108108108109,0.028050490883590462,0.05422503389064618,0.532202832512901,4
"['V4', 'V16', 'V11', 'V9', 'V1', 'V21']",0.8243243243243243,0.029683698296836983,0.057303898543917334,0.5321240513165661,6
"['V12', 'V16', 'V17', 'V11', 'V2', 'V21']",0.8108108108108109,0.023032629558541268,0.04479283314669653,0.532068119368654,6
"['V12', 'V16', 'V17', 'V11', 'V1', 'V21']",0.8108108108108109,0.023014959723820484,0.04475941812756434,0.5319759334711173,6
"['V10', 'V16', 'V21']",0.7837837837837838,0.046474358974358976,0.08774583963691376,0.531965136500902,3
"['V10', 'V12', 'V16', 'V8']",0.7972972972972973,0.02922238732045567,0.05637840420449116,0.5318029773564614,4
"['V4', 'V16', 'V11']",0.8108108108108109,0.028749401054144707,0.055529847292919945,0.5317989808473919,3
"['V12', 'V16', 'V17', 'V8', 'V9', 'V1', 'V2']",0.8108108108108109,0.02477291494632535,0.04807692307692308,0.5317018984511787,7
"['V4', 'V16', 'V8', 'V11', 'V9', 'V1', 'V2', 'V21']",0.8378378378378378,0.031234256926952142,0.06022340942204954,0.5316896766701273,8
"['V10', 'V4', 'V1', 'V21']",0.8378378378378378,0.0499597099113618,0.09429657794676806,0.5315660954660271,4
"['V17', 'V11', 'V21']",0.7567567567567568,0.021196063588190765,0.041237113402061855,0.5315520282295995,3
"['V4', 'V12', 'V16', 'V2', 'V21']",0.8378378378378378,0.027629233511586453,0.05349439171699741,0.5315110839246215,5
"['V4', 'V16', 'V8', 'V11', 'V9', 'V2', 'V21']",0.8378378378378378,0.031328954017180395,0.06039941548952752,0.5314767043530946,7
"['V4', 'V12', 'V16', 'V9', 'V21']",0.8378378378378378,0.028663892741562644,0.05543138131426017,0.531389839313314,5
"['V4', 'V12', 'V16', 'V8', 'V1', 'V2']",0.8648648648648649,0.029197080291970802,0.05648720211827008,0.530926866748572,6
"['V4', 'V12', 'V16', 'V9', 'V2']",0.8378378378378378,0.02814344076259646,0.054457619675010976,0.530832078402383,5
"['V12', 'V17', 'V8', 'V11', 'V2']",0.8243243243243243,0.022021660649819495,0.04289732770745429,0.5308226000096681,5
"['V10', 'V4', 'V16', 'V8', 'V11', 'V9', 'V1']",0.8513513513513513,0.054030874785591765,0.10161290322580645,0.5307624808596432,7
"['V10', 'V16', 'V17', 'V21']",0.7837837837837838,0.03991741225051618,0.07596594629993451,0.5307395062183098,4
"['V10', 'V4', 'V12', 'V17', 'V8', 'V1']",0.8513513513513513,0.04719101123595506,0.08942512420156139,0.530605977180886,6
"['V10', 'V17', 'V11', 'V9', 'V1']",0.7972972972972973,0.049413735343383586,0.09305993690851735,0.5305672920266862,5
"['V10', 'V4', 'V16', 'V17', 'V8', 'V11', 'V2']",0.8378378378378378,0.05052974735126324,0.09531129900076864,0.5305388960479935,7
"['V10', 'V4', 'V17', 'V8', 'V1', 'V21']",0.8513513513513513,0.051639344262295085,0.0973724884080371,0.5305018887702827,6
"['V12', 'V8', 'V11', 'V2', 'V21']",0.8243243243243243,0.023543033577769202,0.04577861163227017,0.5304891932374594,5
"['V4', 'V12', 'V16', 'V8', 'V2']",0.8648648648648649,0.02917046490428441,0.0564373897707231,0.5304616765601128,5
"['V10', 'V4', 'V17', 'V11', 'V1']",0.8513513513513513,0.05370843989769821,0.10104250200481155,0.5304430774253178,5
"['V4', 'V12', 'V17', 'V11', 'V9', 'V2']",0.8513513513513513,0.030538051381483276,0.058961160505381374,0.5304314002961232,6
"['V10', 'V4', 'V17', 'V9', 'V1', 'V21']",0.8378378378378378,0.048818897637795275,0.09226190476190477,0.5304170031097275,6
"['V10', 'V4', 'V16', 'V17', 'V8', 'V11', 'V9', 'V2']",0.8378378378378378,0.05061224489795919,0.09545804464973057,0.530391513791912,8
"['V4', 'V12', 'V16', 'V9', 'V1', 'V21']",0.8378378378378378,0.02855826807922616,0.055233853006681516,0.5301284977805262,6
"['V10', 'V4', 'V17', 'V11', 'V9', 'V1']",0.8648648648648649,0.05351170568561873,0.10078740157480315,0.5300300585836348,6
"['V10', 'V4', 'V17', 'V8', 'V9', 'V1', 'V2', 'V21']",0.8513513513513513,0.051766639276910435,0.09759876065065841,0.529938041068261,8
"['V12', 'V16', 'V17', 'V8', 'V11', 'V2', 'V21']",0.8108108108108109,0.02247191011235955,0.043731778425655975,0.5298902926022355,7
"['V10', 'V4', 'V12', 'V17', 'V8', 'V1', 'V2']",0.8513513513513513,0.0472263868065967,0.08948863636363637,0.5298849182982068,7
"['V4', 'V12', 'V17', 'V11', 'V1', 'V2']",0.8513513513513513,0.030852105778648383,0.05954631379962193,0.5298401131699143,6
"['V12', 'V17', 'V8', 'V11']",0.8243243243243243,0.021981981981981983,0.04282204282204282,0.5297859488525453,4
"['V4', 'V12', 'V17', 'V11', 'V9', 'V1', 'V2']",0.8513513513513513,0.031786074672048435,0.061284046692607,0.5297631609968104,7
"['V10', 'V4', 'V16', 'V8', 'V9', 'V21']",0.8648648648648649,0.04953560371517028,0.09370424597364568,0.529666161957748,6
"['V12', 'V8', 'V11', 'V1']",0.8108108108108109,0.02308580223162755,0.04489337822671156,0.5296430190351737,4
"['V10', 'V4', 'V8', 'V2', 'V21']",0.8513513513513513,0.04929577464788732,0.09319526627218935,0.5295195944319513,5
"['V10', 'V12', 'V16', 'V8', 'V1']",0.7972972972972973,0.029338637493784188,0.056594724220623505,0.5293842317718972,5
"['V4', 'V16', 'V17', 'V8', 'V11', 'V1', 'V2', 'V21']",0.8243243243243243,0.030561122244488977,0.05893719806763285,0.5293262081247727,8
"['V4', 'V12', 'V8', 'V11', 'V9', 'V1']",0.8513513513513513,0.0327613104524181,0.06309464196294441,0.5292926014646602,6
"['V10', 'V12', 'V17', 'V8', 'V1', 'V2']",0.8108108108108109,0.02646669607410675,0.05126014523707817,0.5292595317506669,6
"['V12', 'V16', 'V17', 'V8', 'V9', 'V1', 'V21']",0.8108108108108109,0.02336448598130841,0.045420136260408785,0.5292559821200439,7
"['V10', 'V12', 'V8', 'V1', 'V2']",0.7972972972972973,0.030071355759429153,0.05795677799607073,0.52923947747107,5
"['V12', 'V16', 'V17', 'V8', 'V11', 'V1', 'V2']",0.8243243243243243,0.022761194029850745,0.04429920116194626,0.5292345995242373,7
"['V10', 'V4', 'V17', 'V1', 'V21']",0.8378378378378378,0.049206349206349205,0.09295352323838081,0.5292169699595477,5
"['V4', 'V12', 'V8', 'V11', 'V9']",0.8513513513513513,0.0327613104524181,0.06309464196294441,0.5292156013622491,5
"['V10', 'V12', 'V8', 'V2']",0.7972972972972973,0.030010172939979655,0.05784313725490196,0.5291677943347248,4
"['V12', 'V17', 'V11', 'V21']",0.8243243243243243,0.022584228063680118,0.043963963963963966,0.5291487030619692,4
"['V12', 'V8', 'V9', 'V1', 'V2', 'V21']",0.8108108108108109,0.029955067398901646,0.05777563793933558,0.5291217318484855,6
"['V12', 'V16', 'V17', 'V9', 'V1']",0.8108108108108109,0.022988505747126436,0.044709388971684055,0.5291021256126628,5
"['V12', 'V17', 'V8', 'V9']",0.8108108108108109,0.022753128555176336,0.044264109184802655,0.529073121622232,4
"['V12', 'V8', 'V9', 'V1']",0.8108108108108109,0.026929982046678635,0.052128583840139006,0.5290341712085556,4
"['V4', 'V12', 'V17', 'V8', 'V11', 'V9', 'V1', 'V2']",0.8648648648648649,0.03266972945380296,0.06296114117068372,0.5288279747523231,8
"['V4', 'V16', 'V17', 'V8', 'V11', 'V2', 'V21']",0.8243243243243243,0.030854830551340414,0.05948317893710385,0.5287875780873441,7
"['V10', 'V4', 'V17', 'V8', 'V9', 'V1', 'V21']",0.8513513513513513,0.05198019801980198,0.09797822706065319,0.5287322825189794,7
"['V12', 'V17', 'V9', 'V2']",0.7972972972972973,0.02531102531102531,0.04906444906444907,0.5286970521440469,4
"['V10', 'V4', 'V9', 'V21']",0.8378378378378378,0.04889589905362776,0.09239940387481371,0.5285956596075668,4
"['V4', 'V12', 'V11', 'V9', 'V1']",0.8513513513513513,0.03257497414684592,0.06274900398406374,0.528588154561107,5
"['V10', 'V4', 'V21']",0.8378378378378378,0.04952076677316294,0.09351432880844646,0.5285620096873562,3
"['V12', 'V8', 'V9', 'V1', 'V2']",0.7972972972972973,0.028696498054474707,0.05539906103286385,0.5284873480725524,5
"['V10', 'V12', 'V16', 'V8', 'V2']",0.7972972972972973,0.02958876629889669,0.05705996131528046,0.5284347955421154,5
"['V10', 'V4', 'V16', 'V17', 'V8', 'V11', 'V1']",0.8513513513513513,0.05289672544080604,0.09960474308300395,0.5283257868878629,7
"['V4', 'V12', 'V17', 'V8', 'V11', 'V9', 'V2']",0.8648648648648649,0.032454361054766734,0.06256109481915934,0.5282707091469753,7
"['V12', 'V17', 'V9', 'V1', 'V21']",0.7972972972972973,0.023647294589178358,0.045932269365511876,0.5282650015173623,5
"['V10', 'V12', 'V16', 'V8', 'V1', 'V2']",0.7972972972972973,0.02978293791014639,0.05742092457420925,0.5282623317432182,6
"['V10', 'V4', 'V16', 'V8', 'V21']",0.8648648648648649,0.05,0.09453471196454949,0.5280766473949576,5
"['V10', 'V12', 'V17', 'V8', 'V11', 'V9', 'V2']",0.8243243243243243,0.04099462365591398,0.07810499359795134,0.5280684114579561,7
"['V10', 'V4', 'V17', 'V8', 'V9', 'V2', 'V21']",0.8513513513513513,0.04941176470588235,0.09340252038547071,0.5279607374162939,7
"['V4', 'V12', 'V8', 'V11', 'V2', 'V21']",0.8513513513513513,0.031003937007874016,0.05982905982905983,0.5279482991700081,6
"['V4', 'V12', 'V17', 'V8', 'V11', 'V9', 'V1', 'V2', 'V21']",0.8648648648648649,0.03266972945380296,0.06296114117068372,0.5279184177716177,9
"['V10', 'V12', 'V17', 'V8', 'V1']",0.8108108108108109,0.026223776223776224,0.05080440304826418,0.5278803312045757,5
"['V4', 'V12', 'V17', 'V8', 'V11', 'V9', 'V2', 'V21']",0.8648648648648649,0.032703117015840576,0.06302314130969966,0.527872302902035,8
"['V4', 'V16', 'V17', 'V8', 'V11', 'V9', 'V2', 'V21']",0.8378378378378378,0.031093279839518557,0.059961315280464215,0.5278048474260676,8
"['V4', 'V11', 'V9', 'V1', 'V2', 'V21']",0.8378378378378378,0.02701525054466231,0.052342760658505696,0.5277502377983171,6
"['V10', 'V4', 'V12', 'V17', 'V8', 'V9', 'V1']",0.8513513513513513,0.0472263868065967,0.08948863636363637,0.5277464555070361,7
"['V4', 'V12', 'V17', 'V11', 'V2']",0.8513513513513513,0.029139685476410732,0.05635062611806798,0.5277131192295427,5
"['V12', 'V17', 'V8', 'V9', 'V2', 'V21']",0.7972972972972973,0.025354533734422,0.04914618908788005,0.527687452747503,6
"['V12', 'V16', 'V17', 'V11', 'V2']",0.8108108108108109,0.0225140712945591,0.04381161007667032,0.5275896022820188,5
"['V4', 'V12', 'V16', 'V9', 'V1', 'V2']",0.8378378378378378,0.02819463392451114,0.05455345358556973,0.5275589149820397,6
"['V4', 'V12', 'V8', 'V11', 'V2']",0.8513513513513513,0.030508474576271188,0.05890603085553997,0.5274641782009477,5
"['V10', 'V4', 'V12', 'V17', 'V8', 'V2']",0.8648648648648649,0.04747774480712166,0.090014064697609,0.5274387222437156,6
"['V4', 'V12', 'V8', 'V11', 'V1', 'V2', 'V21']",0.8513513513513513,0.031203566121842496,0.06020066889632107,0.5272740553427262,7
"['V4', 'V12', 'V16', 'V8', 'V1', 'V2', 'V21']",0.8513513513513513,0.02861035422343324,0.05536028119507909,0.5271405987209551,7
"['V10', 'V4', 'V17', 'V9', 'V21']",0.8378378378378378,0.04839968774395004,0.09151291512915129,0.5270693775832309,5
"['V4', 'V12', 'V16', 'V1', 'V2', 'V21']",0.8378378378378378,0.027616926503340758,0.053471323846485556,0.526950828924996,6
"['V10', 'V12', 'V17', 'V8', 'V11', 'V9']",0.8243243243243243,0.0409670920080591,0.0780550223928343,0.5268683566382008,6
"['V10', 'V4', 'V8', 'V9', 'V1', 'V2', 'V21']",0.8513513513513513,0.05117790414297319,0.09655172413793103,0.5267620169126245,7
"['V17', 'V8', 'V11', 'V9']",0.7837837837837838,0.023227873448137766,0.045118630882924934,0.5267548828732801,4
"['V4', 'V16', 'V17', 'V11', 'V9', 'V1', 'V21']",0.8108108108108109,0.02789400278940028,0.05393258426966292,0.5267412253307618,7
"['V10', 'V4', 'V16', 'V17', 'V8', 'V11', 'V9', 'V1', 'V2']",0.8378378378378378,0.051969823973176864,0.0978689818468824,0.5267121544368818,9
"['V10', 'V16', 'V17', 'V8', 'V11', 'V21']",0.8108108108108109,0.03970880211780278,0.07570977917981073,0.5266727127722909,6
"['V12', 'V16', 'V17', 'V9']",0.8108108108108109,0.022222222222222223,0.043258832011535686,0.5266258024188002,4
"['V12', 'V16', 'V17', 'V8', 'V11', 'V1']",0.8243243243243243,0.022409992652461425,0.04363376251788269,0.5265654431909503,6
"['V10', 'V4', 'V12', 'V8', 'V9', 'V2']",0.8648648648648649,0.04919292851652575,0.09309090909090909,0.5265538362793226,6
"['V4', 'V16', 'V17', 'V8', 'V11', 'V9', 'V1', 'V2', 'V21']",0.8378378378378378,0.03104656985478217,0.05987445678416224,0.5265096203475691,9
"['V4', 'V12', 'V16', 'V8', 'V9', 'V21']",0.8378378378378378,0.029217719132893498,0.056466302367941715,0.5264777014702664,6
"['V12', 'V17', 'V11', 'V2', 'V21']",0.8243243243243243,0.02265131823245451,0.04409107336465486,0.526262039382216,5
"['V12', 'V16', 'V17', 'V11']",0.8108108108108109,0.022099447513812154,0.04302617425600574,0.5262602981589618,4
"['V4', 'V12', 'V8', 'V11', 'V1', 'V2']",0.8513513513513513,0.030837004405286344,0.05951818611242324,0.5261398484026092,6
"['V10', 'V4', 'V8', 'V9', 'V1', 'V21']",0.8513513513513513,0.05113636363636364,0.09647779479326186,0.5260210587406337,6
"['V12', 'V16', 'V17', 'V8', 'V9', 'V1', 'V2', 'V21']",0.7972972972972973,0.0246758678377248,0.04787018255578093,0.5260077338493855,8
"['V10', 'V4', 'V17', 'V21']",0.8378378378378378,0.04862745098039216,0.09191994069681246,0.5258922087408099,4
"['V4', 'V12', 'V16', 'V8', 'V2', 'V21']",0.8513513513513513,0.0286493860845839,0.055433347998240214,0.5258875275968983,6
"['V10', 'V4', 'V16', 'V17', 'V8', 'V21']",0.8648648648648649,0.04889228418640183,0.09255242227042661,0.5258640974703299,6
"['V12', 'V8', 'V11', 'V1', 'V21']",0.8108108108108109,0.023520188161505293,0.045714285714285714,0.5256141190065126,5
"['V4', 'V12', 'V17', 'V8', 'V11', 'V2']",0.8648648648648649,0.030843373493975902,0.05956258724988367,0.5255904384199525,6
"['V10', 'V4', 'V12', 'V17', 'V8', 'V11', 'V9', 'V1', 'V2']",0.8648648648648649,0.051036682615629984,0.0963855421686747,0.5255731679686786,9
"['V12', 'V16', 'V17', 'V11', 'V1', 'V2']",0.8108108108108109,0.02297970126388357,0.0446927374301676,0.5254939695647411,6
"['V16', 'V11', 'V1', 'V21']",0.7567567567567568,0.02361872627583298,0.045807770961145196,0.5253738057850731,4
"['V10', 'V4', 'V16', 'V17', 'V8', 'V9', 'V21']",0.8513513513513513,0.04751131221719457,0.09,0.5249030478559509,7
"['V10', 'V4', 'V8', 'V9', 'V2', 'V21']",0.8513513513513513,0.048989113530326596,0.09264705882352942,0.5248173980552454,6
"['V10', 'V4', 'V12', 'V8', 'V9']",0.8648648648648649,0.04904214559386973,0.09282088469905729,0.5246545074190567,5
"['V10', 'V16', 'V1', 'V2']",0.7837837837837838,0.048576214405360134,0.0914826498422713,0.5242922548513558,4
"['V10', 'V4', 'V8', 'V1', 'V21']",0.8513513513513513,0.051681706316652996,0.09744779582366589,0.5241919645367691,5
"['V10', 'V16', 'V17', 'V8', 'V11', 'V2', 'V21']",0.8108108108108109,0.04152249134948097,0.07899934167215274,0.5241389558834987,7
"['V4', 'V12', 'V17', 'V8', 'V11', 'V2', 'V21']",0.8513513513513513,0.030538051381483276,0.058961160505381374,0.5241017551659995,7
"['V12', 'V16', 'V17', 'V11', 'V1']",0.8108108108108109,0.022413149047441166,0.04362050163576881,0.5240134593944206,5
"['V11', 'V9', 'V21']",0.7837837837837838,0.019795221843003412,0.03861517976031957,0.5239822594008446,3
"['V4', 'V12', 'V11', 'V1', 'V21']",0.8378378378378378,0.03076923076923077,0.05935854475825754,0.5239057599245142,5
"['V12', 'V16', 'V17', 'V11', 'V1', 'V2', 'V21']",0.8108108108108109,0.023529411764705882,0.04573170731707317,0.5238269938877331,7
"['V12', 'V16', 'V2', 'V21']",0.7972972972972973,0.024349979364424266,0.04725670804965959,0.5237713195280612,4
"['V10', 'V17', 'V9', 'V21']",0.7702702702702703,0.045746388443017656,0.08636363636363636,0.5235979020483827,4
"['V4', 'V16', 'V11', 'V1', 'V21']",0.8108108108108109,0.028985507246376812,0.055970149253731345,0.5235858366816324,5
"['V10', 'V16', 'V1', 'V21']",0.7837837837837838,0.04360902255639098,0.08262108262108261,0.5235510669392391,4
"['V4', 'V12', 'V17', 'V11', 'V21']",0.8513513513513513,0.029522024367385193,0.057065217391304345,0.5234469641673426,5
"['V12', 'V16', 'V17', 'V8', 'V9', 'V1']",0.8108108108108109,0.023023791250959325,0.04477611940298507,0.5233976690364924,6
"['V4', 'V12', 'V16', 'V9']",0.8378378378378378,0.028130671506352088,0.05443371378402107,0.5233630048716444,4
"['V4', 'V12', 'V16', 'V2']",0.8378378378378378,0.02743362831858407,0.05312767780634105,0.5232581320891176,4
"['V10', 'V4', 'V16', 'V17', 'V8', 'V11', 'V9', 'V1']",0.8378378378378378,0.052100840336134456,0.0981012658227848,0.5232370508150072,8
"['V4', 'V12', 'V16', 'V8', 'V9']",0.8648648648648649,0.030534351145038167,0.05898617511520737,0.5228353179518986,5
"['V4', 'V12', 'V17', 'V11', 'V9', 'V1', 'V21']",0.8513513513513513,0.031786074672048435,0.061284046692607,0.5227070684875896,7
"['V4', 'V12', 'V17', 'V8', 'V11', 'V1', 'V2']",0.8648648648648649,0.030917874396135265,0.05970149253731343,0.5227058902300251,7
"['V4', 'V12', 'V17', 'V8', 'V11', 'V1', 'V2', 'V21']",0.8513513513513513,0.030791788856304986,0.059433962264150944,0.5226232476211571,8
"['V4', 'V12', 'V16', 'V8', 'V1']",0.8378378378378378,0.028054298642533938,0.0542907180385289,0.5224370236707193,5
"['V12', 'V17', 'V8', 'V11', 'V2', 'V21']",0.8243243243243243,0.02224653537563822,0.04332386363636364,0.5224184316767184,6
"['V10', 'V4', 'V12', 'V8']",0.8648648648648649,0.04896710022953328,0.09268645908761766,0.5223357632951735,4
"['V10', 'V16', 'V17', 'V8', 'V11', 'V1', 'V2', 'V21']",0.8108108108108109,0.04158004158004158,0.07910349373764008,0.5222710891001393,8
"['V10', 'V4', 'V12', 'V8', 'V9', 'V1', 'V2']",0.8648648648648649,0.049573973663826494,0.09377289377289377,0.5221522729401938,7
"['V12', 'V17', 'V8', 'V9', 'V2']",0.7972972972972973,0.024748322147651006,0.04800650935720097,0.521991450695158,5
"['V14', 'V8', 'V11', 'V1', 'V2']",0.8378378378378378,0.05140961857379768,0.096875,0.5219412147659905,5
"['V4', 'V12', 'V17', 'V11', 'V9']",0.8513513513513513,0.030390738060781478,0.05868653935724266,0.521939280473476,5
"['V12', 'V8', 'V11', 'V1', 'V2', 'V21']",0.8108108108108109,0.023961661341853034,0.04654771140418929,0.5218883195534396,6
"['V16', 'V17', 'V11']",0.7702702702702703,0.021623672230652504,0.04206642066420664,0.5217753129148306,3
"['V10', 'V4', 'V12', 'V17', 'V8', 'V11', 'V9', 'V2']",0.8648648648648649,0.04961240310077519,0.093841642228739,0.521736926065749,8
"['V16', 'V8', 'V11']",0.7702702702702703,0.02237926972909305,0.04349484929416254,0.5217130674495907,3
"['V10', 'V17', 'V9', 'V1', 'V21']",0.7702702702702703,0.045166402535657686,0.08532934131736528,0.5215765453290024,5
"['V4', 'V12', 'V17', 'V8', 'V11', 'V9']",0.8648648648648649,0.03230691569914185,0.06228710462287105,0.5214216513346582,6
"['V16', 'V17', 'V8']",0.7432432432432432,0.027932960893854747,0.05384238864415076,0.5213845831672009,3
"['V4', 'V12', 'V16', 'V8', 'V1', 'V21']",0.8378378378378378,0.028054298642533938,0.0542907180385289,0.5213255155865929,6
"['V12', 'V16', 'V8', 'V21']",0.8108108108108109,0.022026431718061675,0.04288777698355969,0.5213072531193585,4
"['V4', 'V12', 'V17', 'V8', 'V11', 'V9', 'V1', 'V21']",0.8513513513513513,0.03215926493108729,0.061977373339891784,0.5212287925579911,8
"['V4', 'V12', 'V17', 'V8', 'V11', 'V9', 'V21']",0.8513513513513513,0.032192130812468064,0.0620384047267356,0.521207199295468,7
"['V12', 'V17', 'V11', 'V1', 'V21']",0.8108108108108109,0.02245508982035928,0.043699927166788055,0.5210702870951612,5
"['V16', 'V11', 'V2', 'V21']",0.7567567567567568,0.0288659793814433,0.05561072492552135,0.5207581363061996,4
"['V4', 'V12', 'V16', 'V21']",0.8378378378378378,0.027543314082629944,0.05333333333333334,0.5206606237802281,4
"['V12', 'V16', 'V2']",0.7972972972972973,0.023704298915227,0.04603979711275848,0.520534214698162,3
"['V10', 'V16', 'V17', 'V8', 'V11', 'V1', 'V21']",0.8108108108108109,0.0398406374501992,0.0759493670886076,0.5204654827497738,7
"['V4', 'V12', 'V11']",0.8378378378378378,0.029231494578029232,0.05649202733485194,0.5203416497507379,3
"['V16', 'V17', 'V8', 'V11']",0.7702702702702703,0.0220162224797219,0.04280886218550507,0.5200379391784162,4
"['V12', 'V17', 'V11']",0.8243243243243243,0.022141560798548093,0.0431247790738777,0.5199610055689521,3
"['V12', 'V16', 'V1', 'V2', 'V21']",0.8108108108108109,0.02553191489361702,0.04950495049504951,0.5199298924392187,5
"['V10', 'V16', 'V2']",0.7837837837837838,0.05765407554671968,0.10740740740740741,0.5195850367113698,3
"['V10', 'V4', 'V12', 'V17', 'V8', 'V9']",0.8513513513513513,0.04656319290465632,0.08829712683952348,0.5195494510090796,6
"['V4', 'V12', 'V16', 'V1', 'V2']",0.8378378378378378,0.027580071174377226,0.053402239448751075,0.5195209599553301,5
"['V4', 'V12', 'V16', 'V17', 'V8', 'V9', 'V1', 'V2', 'V21']",0.8513513513513513,0.029745042492917848,0.05748175182481752,0.5194769422411868,9
"['V10', 'V16', 'V8', 'V11', 'V21']",0.8108108108108109,0.04437869822485207,0.08415147265077139,0.5193340393842883,5
"['V12', 'V16', 'V17', 'V8', 'V11', 'V1', 'V21']",0.8243243243243243,0.02271880819366853,0.04421891989851395,0.5192564183506165,7
"['V10', 'V16', 'V9', 'V1', 'V2']",0.7837837837837838,0.0640176600441501,0.11836734693877551,0.5192065309261192,5
"['V10', 'V4', 'V12', 'V17', 'V8']",0.8513513513513513,0.04684014869888476,0.08879492600422834,0.5191775373610672,5
"['V12', 'V17', 'V11', 'V2']",0.8243243243243243,0.02227090178897408,0.043370067543547816,0.5187777197775787,4
"['V10', 'V16', 'V17', 'V1', 'V21']",0.7837837837837838,0.03773584905660377,0.07200496585971446,0.5186971116740707,5
"['V4', 'V12', 'V16', 'V9', 'V1']",0.8378378378378378,0.02804161013116237,0.054266958424507655,0.5186679494711071,5
"['V12', 'V17', 'V9', 'V1']",0.8108108108108109,0.022658610271903322,0.0440852314474651,0.5186100924901478,4
"['V12', 'V16', 'V1', 'V2']",0.8108108108108109,0.025,0.04850444624090541,0.5185225360438541,4
"['V17', 'V11', 'V9', 'V1', 'V21']",0.7702702702702703,0.02286401925391095,0.04440981690689521,0.5185006004573195,5
"['V4', 'V12', 'V16', 'V17', 'V8', 'V1', 'V2']",0.8378378378378378,0.0283493369913123,0.05484298982750995,0.5184723653276677,7
"['V4', 'V12', 'V16', 'V17', 'V8', 'V9', 'V1', 'V2']",0.8513513513513513,0.030028598665395614,0.058011049723756904,0.5184717849497454,8
"['V4', 'V12', 'V16', 'V17', 'V9', 'V2', 'V21']",0.8648648648648649,0.0297951582867784,0.0576057605760576,0.5184106072595144,7
"['V10', 'V16', 'V8', 'V11', 'V2', 'V21']",0.8108108108108109,0.047505938242280284,0.08975317875841436,0.5181667551278952,6
"['V12', 'V17', 'V8', 'V11', 'V1', 'V2']",0.8108108108108109,0.02176278563656148,0.042387848816672555,0.5181304877707091,6
"['V12', 'V17', 'V8', 'V9', 'V1', 'V2']",0.7972972972972973,0.024239934264585046,0.04704944178628389,0.5180909143344026,6
"['V12', 'V16', 'V8']",0.8108108108108109,0.021739130434782608,0.04234297812279464,0.517688915905304,3
"['V4', 'V16', 'V17', 'V11', 'V1', 'V21']",0.8108108108108109,0.02786809103576405,0.05388414907947912,0.5176708155253916,6
"['V4', 'V12', 'V16', 'V17', 'V8', 'V2']",0.8378378378378378,0.0283363802559415,0.05481874447391689,0.517605223104376,6
"['V4', 'V11', 'V1', 'V2', 'V21']",0.8648648648648649,0.027598102630444158,0.05348934391976599,0.5175857796092068,5
"['V10', 'V16', 'V8', 'V11', 'V1', 'V2', 'V21']",0.8108108108108109,0.047021943573667714,0.08888888888888889,0.5175548092725182,7
"['V16', 'V17', 'V21']",0.7297297297297297,0.03,0.0576307363927428,0.5174276503330748,3
"['V10', 'V16', 'V17', 'V1', 'V2']",0.7837837837837838,0.040502793296089384,0.07702523240371846,0.5173039751523452,5
"['V4', 'V12', 'V16', 'V17', 'V8', 'V9', 'V2', 'V21']",0.8513513513513513,0.029773156899810964,0.057534246575342465,0.5172554045942789,8
"['V4', 'V12', 'V16', 'V17', 'V8', 'V9', 'V2']",0.8513513513513513,0.030057251908396948,0.05806451612903226,0.5170888605317615,7
"['V12', 'V16', 'V1']",0.8108108108108109,0.023264831329972858,0.04523181304183943,0.5167847816885623,3
"['V12', 'V16', 'V1', 'V21']",0.8108108108108109,0.023790642347343377,0.046224961479198766,0.5167728369742461,4
"['V4', 'V12', 'V16', 'V1', 'V21']",0.8378378378378378,0.02743362831858407,0.05312767780634105,0.5166501411014165,5
"['V10', 'V16', 'V17', 'V9', 'V1', 'V2']",0.7837837837837838,0.04636290967226219,0.08754716981132075,0.5164744580055812,6
"['V10', 'V12', 'V17', 'V8', 'V11', 'V9', 'V1', 'V2']",0.8243243243243243,0.03992146596858639,0.07615480649188515,0.5164384256830474,8
"['V10', 'V4', 'V17']",0.8378378378378378,0.04870384917517675,0.09205642167780252,0.5164021124322716,3
"['V12', 'V16', 'V21']",0.8108108108108109,0.023121387283236993,0.04496065942300487,0.5163910471352715,3
"['V11', 'V9', 'V2']",0.7837837837837838,0.02215431627196333,0.04309063893016345,0.5163907594024434,3
"['V10', 'V4', 'V16', 'V8', 'V11']",0.8513513513513513,0.05285234899328859,0.0995260663507109,0.5163093433341918,5
"['V10', 'V17', 'V21']",0.7837837837837838,0.04139900071377588,0.07864406779661016,0.5162886003920181,3
"['V10', 'V4', 'V16', 'V8', 'V11', 'V9']",0.8513513513513513,0.052763819095477386,0.09936908517350158,0.5161293370590584,6
"['V12', 'V17', 'V11', 'V1', 'V2', 'V21']",0.8108108108108109,0.02305032654629274,0.04482629809488233,0.5159801883031083,6
"['V10', 'V12', 'V17', 'V8', 'V11', 'V9', 'V1']",0.8243243243243243,0.04013157894736842,0.07653701380175659,0.5157321142048441,7
"['V4', 'V12', 'V16', 'V17', 'V8', 'V9', 'V1']",0.8513513513513513,0.029971455756422453,0.057904411764705885,0.5156991968719653,7
"['V10', 'V16', 'V17', 'V2']",0.7837837837837838,0.048945147679324896,0.09213661636219221,0.5156000821324861,4
"['V10', 'V4', 'V9']",0.8378378378378378,0.04889589905362776,0.09239940387481371,0.5154778365020232,3
"['V4', 'V12', 'V16', 'V17', 'V8', 'V9', 'V1', 'V21']",0.8513513513513513,0.029619181946403384,0.05724670604270786,0.5154305755485028,8
"['V10', 'V4', 'V16', 'V8', 'V1', 'V2']",0.8513513513513513,0.050359712230215826,0.09509433962264151,0.5153436310641292,6
"['V10', 'V16', 'V8', 'V11', 'V1', 'V21']",0.8108108108108109,0.044543429844097995,0.0844475721323012,0.5153185469610712,6
"['V10', 'V4', 'V17', 'V9']",0.8378378378378378,0.04889589905362776,0.09239940387481371,0.5153132918461979,4
"['V12', 'V17', 'V11', 'V1', 'V2']",0.8108108108108109,0.022480329711502434,0.04374772147283996,0.5152780752869227,5
"['V12', 'V16', 'V8', 'V1']",0.8108108108108109,0.022271714922048998,0.04335260115606936,0.5150352895768525,4
"['V10', 'V16', 'V17']",0.7837837837837838,0.040931545518701484,0.07780013413816231,0.5150009706838566,3
"['V16', 'V11', 'V1', 'V2', 'V21']",0.7702702702702703,0.0274434280211844,0.05299860529986053,0.5149923842621252,5
"['V4', 'V12', 'V17', 'V8', 'V11', 'V9', 'V1']",0.8648648648648649,0.0326530612244898,0.06293018682399214,0.5147327964005753,7
"['V4', 'V12', 'V16', 'V8', 'V21']",0.8513513513513513,0.028532608695652172,0.05521472392638037,0.5146494944300491,5
"['V12', 'V16', 'V8', 'V1', 'V21']",0.8243243243243243,0.022872140982377203,0.04450930317402408,0.514443260426015,5
"['V12', 'V16', 'V8', 'V2']",0.7972972972972973,0.02280633938925396,0.04434423149192033,0.5143358339799063,4
"['V10', 'V4', 'V12', 'V17', 'V8', 'V9', 'V2']",0.8513513513513513,0.04673590504451038,0.08860759493670886,0.5143160828636938,7
"['V12', 'V16', 'V17', 'V8', 'V11', 'V1', 'V2', 'V21']",0.8243243243243243,0.023001508295625944,0.04475421863536317,0.5142096570099931,8
"['V10', 'V4', 'V16', 'V17', 'V8', 'V11']",0.8378378378378378,0.05044751830756713,0.09516500383729855,0.513957789933755,6
"['V4', 'V12', 'V16', 'V17', 'V9', 'V1', 'V2', 'V21']",0.8513513513513513,0.02954971857410882,0.057116953762466005,0.513956671690971,8
"['V4', 'V12', 'V16', 'V17', 'V8', 'V1', 'V2', 'V21']",0.8378378378378378,0.02806699864191942,0.05431449846692948,0.5139549304027556,8
"['V10', 'V12', 'V8', 'V9', 'V1', 'V2']",0.7972972972972973,0.05483271375464684,0.10260869565217391,0.5139141371536835,6
"['V12', 'V17', 'V9']",0.8108108108108109,0.022658610271903322,0.0440852314474651,0.5137648611966267,3
"['V10', 'V4', 'V1']",0.8378378378378378,0.048513302034428794,0.09171597633136094,0.5137420252900838,3
"['V10', 'V4', 'V16', 'V8', 'V9', 'V2']",0.8648648648648649,0.04996096799375488,0.09446494464944649,0.513432129153256,6
"['V10', 'V4', 'V16', 'V8', 'V2']",0.8648648648648649,0.05,0.09453471196454949,0.5132991606488068,5
"['V4', 'V12', 'V16', 'V17', 'V8', 'V2', 'V21']",0.8378378378378378,0.02809243316719529,0.05436212187637001,0.5131239630335956,7
"['V10', 'V4', 'V12', 'V17', 'V8', 'V9', 'V1', 'V2']",0.8513513513513513,0.04712041884816754,0.0892983699503898,0.5130342830163077,8
"['V10', 'V4', 'V17', 'V8', 'V21']",0.8513513513513513,0.050319488817891375,0.09502262443438914,0.5127028221847769,5
"['V16', 'V9', 'V2']",0.7297297297297297,0.023622047244094488,0.04576271186440678,0.512610981388191,3
"['V4', 'V12', 'V16', 'V17', 'V8', 'V9']",0.8513513513513513,0.030028598665395614,0.058011049723756904,0.5124450265756284,6
"['V12', 'V16', 'V8', 'V1', 'V2']",0.7972972972972973,0.022984028048305415,0.044680045437334344,0.5123811380387678,5
"['V16', 'V17', 'V11', 'V2', 'V21']",0.7837837837837838,0.026691210308329497,0.0516243880729862,0.5123747159224037,5
"['V4', 'V12', 'V16', 'V8']",0.8378378378378378,0.028271773825809393,0.054697838553153945,0.5123386366403117,4
"['V10', 'V4', 'V9', 'V1']",0.8378378378378378,0.04874213836477988,0.09212481426448738,0.5122456726630988,4
"['V10', 'V4', 'V16', 'V17', 'V8', 'V1', 'V2']",0.8513513513513513,0.04925723221266615,0.09312638580931264,0.5121780789623497,7
"['V10', 'V4', 'V16', 'V17', 'V8', 'V11', 'V9']",0.8378378378378378,0.05044751830756713,0.09516500383729855,0.5118654037182532,7
"['V10', 'V4', 'V17', 'V1']",0.8378378378378378,0.048589341692789965,0.09185185185185185,0.5117691726413968,4
"['V10', 'V4', 'V17', 'V9', 'V1']",0.8378378378378378,0.04874213836477988,0.09212481426448738,0.5117499838524344,5
"['V10', 'V4', 'V8', 'V21']",0.8513513513513513,0.05015923566878981,0.09473684210526316,0.5117123617974314,4
"['V12', 'V17', 'V8', 'V9', 'V1', 'V2', 'V21']",0.8108108108108109,0.025146689019279127,0.04878048780487805,0.511702420732715,7
"['V4', 'V12', 'V16', 'V17', 'V2', 'V21']",0.8513513513513513,0.02826379542395693,0.0547112462006079,0.5116662055687875,6
"['V4', 'V12', 'V16', 'V17', 'V8', 'V9', 'V21']",0.8513513513513513,0.029716981132075472,0.05742935278030994,0.5116081786295381,7
"['V4', 'V12', 'V16']",0.8378378378378378,0.02720491443615621,0.05269868253293668,0.5114240618202045,3
"['V10', 'V12', 'V16', 'V17', 'V8', 'V9', 'V2']",0.8108108108108109,0.041666666666666664,0.07926023778071334,0.5113513661667063,7
"['V4', 'V12', 'V16', 'V17', 'V9', 'V21']",0.8513513513513513,0.029139685476410732,0.05635062611806798,0.5113264193827183,6
"['V10', 'V12', 'V8', 'V9', 'V1']",0.7972972972972973,0.05493482309124767,0.10278745644599303,0.5112127012720061,5
"['V10', 'V4', 'V17', 'V8', 'V9', 'V21']",0.8513513513513513,0.050119331742243436,0.0946656649135988,0.5112075147180045,6
"['V10', 'V4', 'V16', 'V17', 'V8', 'V2']",0.8648648648648649,0.04878048780487805,0.09235209235209235,0.5108051599687713,6
"['V4', 'V12', 'V8', 'V11', 'V1', 'V21']",0.8648648648648649,0.03135717785399314,0.06052009456264775,0.5105414480247811,6
"['V12', 'V17', 'V8', 'V9', 'V1']",0.8108108108108109,0.022970903522205207,0.044676098287416234,0.5104875715232075,5
"['V12', 'V17', 'V8', 'V9', 'V1', 'V21']",0.8108108108108109,0.023446658851113716,0.04557538928978352,0.5103720720982081,6
"['V4', 'V12', 'V8', 'V11', 'V21']",0.8648648648648649,0.03138793526238352,0.06057737813535258,0.510349864637253,5
"['V4', 'V12', 'V17', 'V11']",0.8513513513513513,0.028662420382165606,0.05545774647887324,0.5101209889151549,4
"['V10', 'V4', 'V8', 'V9', 'V21']",0.8513513513513513,0.04980237154150197,0.09410007468259896,0.5099756925955178,5
"['V10', 'V16', 'V9', 'V2']",0.7837837837837838,0.07047387606318348,0.12931995540691194,0.5099703503201725,4
"['V4', 'V12', 'V16', 'V17', 'V9', 'V2']",0.8648648648648649,0.029533917858790955,0.0571173583221776,0.5099357045145575,6
"['V4', 'V16', 'V8', 'V11', 'V9', 'V1', 'V21']",0.8378378378378378,0.030258662762323085,0.05840791333019312,0.5094489772536337,7
"['V16', 'V17', 'V11', 'V1', 'V21']",0.7567567567567568,0.021521906225980016,0.04185351270553064,0.5093376489798555,5
"['V4', 'V17', 'V11', 'V9', 'V21']",0.8243243243243243,0.02799449288664525,0.05415002219263205,0.5092650064488247,5
"['V4', 'V12', 'V9', 'V2', 'V21']",0.8378378378378378,0.02715724923346474,0.05260924904539669,0.5089025161387822,5
"['V10', 'V12', 'V16', 'V17', 'V8', 'V9', 'V1']",0.8108108108108109,0.04189944134078212,0.0796812749003984,0.5087882597510788,7
"['V4', 'V12', 'V16', 'V17', 'V8', 'V1']",0.8378378378378378,0.02802893309222423,0.0542432195975503,0.5087645850998634,6
"['V10', 'V4', 'V16', 'V17', 'V8', 'V9', 'V2']",0.8648648648648649,0.04900459418070444,0.0927536231884058,0.5085986107229513,7
"['V17', 'V11', 'V2', 'V21']",0.7567567567567568,0.02574712643678161,0.04979991107158737,0.5084844243547095,4
"['V12', 'V16', 'V8', 'V2', 'V21']",0.7972972972972973,0.023010920436817472,0.04473085670962851,0.5083897493902616,5
"['V12', 'V17', 'V8', 'V11', 'V1']",0.8108108108108109,0.021443888491779844,0.04178272980501393,0.5083221248975015,5
"['V10', 'V12', 'V16', 'V17', 'V8', 'V9']",0.8108108108108109,0.04189944134078212,0.0796812749003984,0.5083119903880099,6
"['V10', 'V4', 'V16', 'V8', 'V9', 'V1', 'V2']",0.8513513513513513,0.05056179775280899,0.09545454545454546,0.5082327999260645,7
"['V12', 'V17', 'V11', 'V1']",0.8108108108108109,0.021921812203142127,0.042689434364994665,0.5082215838949721,4
"['V16', 'V17', 'V9', 'V2']",0.7297297297297297,0.02197802197802198,0.04267088107467404,0.5081935991152544,4
"['V16', 'V11', 'V2']",0.7837837837837838,0.02904356534802203,0.05601158860453887,0.5080456495578455,3
"['V10', 'V12', 'V16', 'V17', 'V8', 'V9', 'V1', 'V2']",0.8108108108108109,0.04120879120879121,0.0784313725490196,0.5080389588431387,8
"['V4', 'V16', 'V17', 'V8', 'V11', 'V9']",0.8108108108108109,0.029411764705882353,0.05676442762535478,0.5079606473513499,6
"['V12', 'V1', 'V2', 'V21']",0.8108108108108109,0.024469820554649267,0.047505938242280284,0.5078583950029796,4
"['V10', 'V12', 'V16', 'V8', 'V9', 'V1', 'V2']",0.7972972972972973,0.053587647593097185,0.10042553191489362,0.5076762709060835,7
"['V12', 'V1', 'V21']",0.8108108108108109,0.022953328232593728,0.044642857142857144,0.5076356483700905,3
"['V16', 'V8', 'V11', 'V9', 'V21']",0.7702702702702703,0.02606310013717421,0.05042016806722689,0.5075635104613704,5
"['V10', 'V12', 'V16', 'V8', 'V9', 'V1']",0.7972972972972973,0.05393053016453382,0.10102739726027397,0.5073477155794406,6
"['V4', 'V16', 'V9', 'V2', 'V21']",0.8378378378378378,0.023682200152788387,0.04606240713224369,0.5073452653563888,5
"['V4', 'V12', 'V16', 'V17', 'V1', 'V2', 'V21']",0.8378378378378378,0.02806699864191942,0.05431449846692948,0.507196252662482,7
"['V4', 'V12', 'V16', 'V17', 'V9', 'V1', 'V2']",0.8648648648648649,0.029781293624941835,0.057579847053531266,0.50718667341367,7
"['V10', 'V17', 'V8', 'V11', 'V21']",0.8108108108108109,0.04045853000674309,0.07707129094412331,0.5068800259893727,5
"['V4', 'V17', 'V8', 'V11', 'V2']",0.8513513513513513,0.029900332225913623,0.0577716643741403,0.5068442302252305,5
"['V10', 'V8', 'V11', 'V21']",0.7972972972972973,0.04068965517241379,0.07742782152230972,0.5068024235120865,4
"['V4', 'V16', 'V8', 'V11', 'V9']",0.8108108108108109,0.029688273132112815,0.057279236276849645,0.5066126225639067,5
"['V4', 'V12', 'V9', 'V1', 'V2', 'V21']",0.8378378378378378,0.02702702702702703,0.052364864864864864,0.5064407947462117,6
"['V10', 'V16', 'V17', 'V9', 'V2']",0.7837837837837838,0.05405405405405406,0.1011333914559721,0.5062812400136286,5
"['V4', 'V12', 'V16', 'V17', 'V9', 'V1', 'V21']",0.8513513513513513,0.02912621359223301,0.05632543585158695,0.5062558156064424,7
"['V4', 'V16', 'V8', 'V11', 'V9', 'V1']",0.8108108108108109,0.029717682020802376,0.05733397037744864,0.5059966794911255,6
"['V10', 'V12', 'V8', 'V9', 'V2']",0.7837837837837838,0.053064958828911254,0.09940017137960583,0.5058920793891175,5
"['V4', 'V12', 'V16', 'V17', 'V8', 'V1', 'V21']",0.8378378378378378,0.02794051374493015,0.05407762756214566,0.5055154976721399,7
"['V4', 'V16', 'V2', 'V21']",0.8378378378378378,0.023440453686200378,0.04560500183891136,0.5054645819262921,4
"['V12', 'V16', 'V17', 'V8', 'V21']",0.8108108108108109,0.020222446916076844,0.039460703715882936,0.5053121204228245,5
"['V4', 'V12', 'V17', 'V8', 'V11', 'V21']",0.8648648648648649,0.03108305002428363,0.06000937646507267,0.5049587174947768,6
"['V4', 'V12', 'V16', 'V17', 'V9']",0.8513513513513513,0.029085872576177285,0.05625,0.5049105029140395,5
"['V11', 'V9', 'V2', 'V21']",0.7837837837837838,0.022961203483768806,0.04461538461538461,0.5048209261713719,4
"['V12', 'V17', 'V8', 'V11', 'V1', 'V21']",0.8243243243243243,0.022133526850507984,0.0431095406360424,0.5047577541402007,6
"['V4', 'V12', 'V16', 'V17', 'V8']",0.8378378378378378,0.02804161013116237,0.054266958424507655,0.5046804602020295,5
"['V4', 'V11', 'V9', 'V2', 'V21']",0.8648648648648649,0.02831858407079646,0.054841473864610114,0.5046258758650523,5
"['V4', 'V12', 'V17', 'V11', 'V9', 'V1']",0.8513513513513513,0.0313588850174216,0.06048967834853577,0.5045595554436895,6
"['V4', 'V17', 'V8', 'V11', 'V9', 'V2']",0.8513513513513513,0.029716981132075472,0.05742935278030994,0.5045439520080612,6
"['V10', 'V8', 'V11', 'V1', 'V2', 'V21']",0.8243243243243243,0.04468864468864469,0.0847810979847116,0.5044456368796036,6
"['V10', 'V12', 'V8', 'V9']",0.7972972972972973,0.05427782888684453,0.10163652024117141,0.5043295050304814,4
"['V10', 'V8', 'V11', 'V2', 'V21']",0.8108108108108109,0.043478260869565216,0.08253094910591471,0.5042099428910768,5
"['V4', 'V12', 'V17', 'V8', 'V11', 'V1', 'V21']",0.8648648648648649,0.0311284046692607,0.06009389671361502,0.5040439067264069,7
"['V4', 'V12', 'V16', 'V17', 'V1', 'V2']",0.8513513513513513,0.02837837837837838,0.05492589363557106,0.5039770586050285,6
"['V4', 'V12', 'V16', 'V17', 'V2']",0.8513513513513513,0.02817531305903399,0.05454545454545454,0.5039676157239665,5
"['V4', 'V12', 'V16', 'V1']",0.8378378378378378,0.02716914986853637,0.05263157894736842,0.5038724798170928,4
"['V12', 'V1', 'V2']",0.8108108108108109,0.023828435266084195,0.046296296296296294,0.5037995617580834,3
"['V4', 'V16', 'V9', 'V1', 'V2', 'V21']",0.8378378378378378,0.022912047302291204,0.04460431654676259,0.5037779004353296,6
"['V10', 'V17', 'V8', 'V11', 'V2', 'V21']",0.8243243243243243,0.04360257326661901,0.08282416836388323,0.503655778021188,6
"['V12', 'V17', 'V8', 'V11', 'V1', 'V2', 'V21']",0.8243243243243243,0.022442972774098603,0.04369627507163324,0.5034625645208164,7
"['V4', 'V16', 'V17', 'V8', 'V11', 'V9', 'V1']",0.8108108108108109,0.02939735423811857,0.05673758865248227,0.5034141363945693,7
"['V4', 'V16', 'V17', 'V8', 'V11', 'V9', 'V1', 'V21']",0.8108108108108109,0.028873917228103944,0.055762081784386616,0.5033461913169337,8
"['V17', 'V11', 'V9', 'V1']",0.7837837837837838,0.02338709677419355,0.04541895066562255,0.5033180113485977,4
"['V10', 'V16', 'V9']",0.7837837837837838,0.06839622641509434,0.12581344902386118,0.5033026934106579,3
"['V4', 'V12', 'V16', 'V17', 'V8', 'V21']",0.8378378378378378,0.027953110910730387,0.05410122164048865,0.5030939012875248,6
"['V4', 'V12', 'V16', 'V17', 'V21']",0.8243243243243243,0.027183600713012478,0.05263157894736842,0.5030861625912182,5
"['V4', 'V16', 'V9', 'V2']",0.8378378378378378,0.023065476190476192,0.04489500362056481,0.5030658091526958,4
"['V12', 'V2', 'V21']",0.7972972972972973,0.02277992277992278,0.044294294294294295,0.5028320065806698,3
"['V4', 'V12', 'V9', 'V1', 'V2']",0.8513513513513513,0.02696917808219178,0.05228215767634855,0.5028253853046394,5
"['V4', 'V16', 'V8', 'V11', 'V9', 'V21']",0.8378378378378378,0.030303030303030304,0.05849056603773585,0.5028215531685547,6
"['V4', 'V16', 'V17', 'V9', 'V2', 'V21']",0.8378378378378378,0.02315160567587752,0.04505813953488372,0.5028087322055241,6
"['V10', 'V4', 'V16', 'V17', 'V8', 'V9', 'V1', 'V2']",0.8513513513513513,0.04992076069730586,0.09431137724550898,0.5025920410451873,8
"['V4', 'V16', 'V11', 'V9', 'V1']",0.8108108108108109,0.029411764705882353,0.05676442762535478,0.5025556995132143,5
"['V4', 'V16', 'V17', 'V2', 'V21']",0.8378378378378378,0.023022651318232456,0.04481387784604265,0.5024860491923689,5
"['V4', 'V16', 'V2']",0.8378378378378378,0.022997032640949554,0.044765342960288806,0.502449576158913,3
"['V4', 'V16', 'V1', 'V2', 'V21']",0.8378378378378378,0.022878228782287822,0.04454022988505747,0.5023490388053136,5
"['V4', 'V16', 'V17', 'V9', 'V2']",0.8378378378378378,0.022878228782287822,0.04454022988505747,0.502252022061292,5
"['V4', 'V16', 'V8', 'V11', 'V1', 'V21']",0.8108108108108109,0.029154518950437316,0.05628517823639775,0.502155010727277,6
"['V12', 'V8', 'V21']",0.8108108108108109,0.02077562326869806,0.04051316677920324,0.5020668423874705,3
"['V16', 'V17', 'V11', 'V1', 'V2', 'V21']",0.7972972972972973,0.025354533734422,0.04914618908788005,0.5018836271879947,6
"['V10', 'V17', 'V8', 'V11', 'V1', 'V2', 'V21']",0.8243243243243243,0.042747021723896286,0.08127914723517655,0.501851408180669,7
"['V4', 'V12', 'V8', 'V9', 'V2', 'V21']",0.8513513513513513,0.02781456953642384,0.05386917486105173,0.5017809739321551,6
"['V4', 'V12', 'V8', 'V9', 'V1', 'V2', 'V21']",0.8513513513513513,0.027851458885941646,0.05393835616438356,0.50177378093331,7
"['V4', 'V12', 'V8', 'V11']",0.8513513513513513,0.030215827338129497,0.058360352014821676,0.5017019367717777,4
"['V10', 'V1', 'V21']",0.7837837837837838,0.03795811518324607,0.07240948813982521,0.5013618112046203,3
"['V4', 'V16', 'V17', 'V2']",0.8378378378378378,0.022844509948415623,0.04447632711621234,0.5012486373611647,4
"['V4', 'V12', 'V9', 'V21']",0.8378378378378378,0.027228809837505488,0.05274351339855381,0.5008753618040336,4
"['V4', 'V16', 'V9', 'V1', 'V2']",0.8378378378378378,0.022619481940897482,0.04404973357015986,0.5007577252034783,5
"['V4', 'V12', 'V17', 'V11', 'V1', 'V21']",0.8513513513513513,0.03018687110685194,0.058306339657565945,0.500738757732969,6
"['V10', 'V8', 'V11', 'V1', 'V21']",0.8243243243243243,0.042185338865836794,0.08026315789473684,0.5007191761385195,5
"['V4', 'V12', 'V1', 'V2', 'V21']",0.8378378378378378,0.02567287784679089,0.04981920449979912,0.5006999175115182,5
"['V4', 'V12', 'V11', 'V1']",0.8513513513513513,0.030612244897959183,0.05909943714821764,0.5006242031184358,4
"['V16', 'V17', 'V11', 'V2']",0.7702702702702703,0.025885558583106268,0.05008787346221441,0.5004464872085946,4
"['V4', 'V11', 'V2', 'V21']",0.8648648648648649,0.027789839339991317,0.05384938998737905,0.5004421676788863,4
"['V16', 'V17', 'V8', 'V11', 'V9', 'V21']",0.7837837837837838,0.024451939291736932,0.047424366312346686,0.500405710699505,6
"['V10', 'V17', 'V1', 'V21']",0.7837837837837838,0.03761348897535668,0.07178217821782178,0.5003374631524256,4
"['V4', 'V11', 'V9', 'V1', 'V2']",0.8648648648648649,0.027586206896551724,0.053467000835421885,0.5002455532242521,5
"['V4', 'V16', 'V8', 'V11']",0.8108108108108109,0.02960039467192896,0.05711565920990005,0.5000769248512171,4
"['V4', 'V12', 'V8', 'V9', 'V1', 'V2']",0.8513513513513513,0.02761946514686541,0.0535031847133758,0.5000668674649754,6
"['V4', 'V16', 'V17', 'V8', 'V11', 'V9', 'V21']",0.8108108108108109,0.02912621359223301,0.056232427366447985,0.500039655373415,7
"['V16', 'V11', 'V1', 'V2']",0.7837837837837838,0.027436140018921477,0.05301645338208409,0.4999292770868412,4
"['V4', 'V12', 'V17', 'V8', 'V11']",0.8513513513513513,0.03001429252024774,0.057984353428439946,0.4999163887146018,5
"['V4', 'V16', 'V17', 'V8', 'V11']",0.8108108108108109,0.029382957884427033,0.05671077504725898,0.49989914698803944,5
"['V16', 'V11', 'V1']",0.7567567567567568,0.02362869198312236,0.04582651391162029,0.4997646869116866,3
"['V17', 'V8', 'V11']",0.7702702702702703,0.020734812659148782,0.040382571732199786,0.49976402598266184,3
"['V4', 'V17', 'V8', 'V11', 'V2', 'V21']",0.8513513513513513,0.029508196721311476,0.057039384336803986,0.49976133231116965,6
"['V12', 'V16', 'V17', 'V8', 'V2']",0.7972972972972973,0.021177315147164394,0.04125874125874126,0.4994303123791413,5
"['V4', 'V16', 'V17', 'V8', 'V11', 'V1', 'V21']",0.8108108108108109,0.02888781896966779,0.05578800557880056,0.4993205116168823,7
"['V4', 'V12', 'V8', 'V9', 'V2']",0.8513513513513513,0.02761946514686541,0.0535031847133758,0.4993203591446624,5
"['V10', 'V12', 'V16', 'V8', 'V9']",0.7972972972972973,0.053057553956834536,0.09949409780775717,0.4992786215452814,5
"['V4', 'V16', 'V17', 'V11', 'V9', 'V1']",0.7972972972972973,0.027817067421027818,0.05375854214123007,0.49927387189086947,6
"['V10', 'V16', 'V17', 'V8', 'V11', 'V9', 'V21']",0.7972972972972973,0.04995766299745978,0.09402390438247012,0.499251726018984,7
"['V4', 'V16', 'V1', 'V2']",0.8378378378378378,0.022537259178480554,0.04389380530973451,0.49905307228645074,4
"['V4', 'V12', 'V16', 'V17', 'V9', 'V1']",0.8513513513513513,0.028978840846366146,0.05604982206405694,0.499022225863577,6
"['V10', 'V12', 'V16', 'V8', 'V9', 'V2']",0.7972972972972973,0.052444444444444446,0.09841534612176814,0.498783579534215,6
"['V4', 'V16', 'V17', 'V9', 'V1', 'V2']",0.8378378378378378,0.022374594009382895,0.04358523725834798,0.4986943615035865,6
"['V10', 'V4', 'V16', 'V8', 'V1']",0.8648648648648649,0.051821862348178135,0.09778456837280367,0.49865783172292705,5
"['V10', 'V16', 'V17', 'V8', 'V11', 'V9', 'V1', 'V21']",0.7972972972972973,0.049747048903878585,0.09365079365079365,0.4986404321423665,8
"['V4', 'V16', 'V11', 'V1']",0.8108108108108109,0.029282576866764276,0.05652378709373528,0.49862569997808015,4
"['V4', 'V16', 'V8', 'V11', 'V1']",0.8108108108108109,0.02960039467192896,0.05711565920990005,0.49853635707060173,5
"['V11', 'V9', 'V1', 'V21']",0.7837837837837838,0.0216337187616561,0.042105263157894736,0.4983115455321978,4
"['V4', 'V16', 'V17', 'V9', 'V1', 'V2', 'V21']",0.8378378378378378,0.022619481940897482,0.04404973357015986,0.498218578371418,7
"['V4', 'V17', 'V8', 'V11', 'V9', 'V2', 'V21']",0.8378378378378378,0.028783658310120707,0.05565529622980251,0.4981929958171854,7
"['V4', 'V12', 'V16', 'V17', 'V1', 'V21']",0.8243243243243243,0.02730528200537153,0.05285961871750433,0.4981395014701578,6
"['V12', 'V8', 'V1']",0.8243243243243243,0.02160056657223796,0.04209799861973775,0.49810507517320723,3
"['V12', 'V16', 'V17', 'V8', 'V1', 'V2']",0.8108108108108109,0.02167630057803468,0.0422237860661506,0.49790771875894746,6
"['V12', 'V16', 'V17', 'V2', 'V21']",0.7972972972972973,0.02197392923649907,0.04276911924610366,0.4978217998810196,5
"['V10', 'V16', 'V17', 'V9']",0.7837837837837838,0.05272727272727273,0.09880749574105621,0.497781191028763,4
"['V10', 'V16', 'V8', 'V11', 'V9', 'V1', 'V21']",0.7972972972972973,0.061780104712041886,0.11467444120505345,0.4977750630443807,7
"['V12', 'V16', 'V17', 'V8']",0.8108108108108109,0.020066889632107024,0.0391644908616188,0.4976163537796077,4
"['V4', 'V12', 'V8', 'V11', 'V1']",0.8648648648648649,0.030828516377649325,0.059534883720930236,0.49735284682921893,5
"['V4', 'V16', 'V17', 'V1', 'V2', 'V21']",0.8378378378378378,0.02250453720508167,0.04383174266525274,0.4973074475680438,6
"['V12', 'V16', 'V8', 'V1', 'V2', 'V21']",0.7972972972972973,0.023255813953488372,0.045193412485637685,0.4972837330458147,6
"['V4', 'V16', 'V17', 'V1', 'V2']",0.8378378378378378,0.022278117139777218,0.043402170108505424,0.49727679890163645,5
"['V4', 'V12', 'V17', 'V9', 'V2', 'V21']",0.8513513513513513,0.027213822894168467,0.05274173294265383,0.49699021984210123,6
"['V4', 'V17', 'V11', 'V21']",0.8378378378378378,0.02849264705882353,0.05511111111111111,0.4969535609849935,4
"['V10', 'V4', 'V16', 'V17', 'V8', 'V1']",0.8648648648648649,0.05087440381558029,0.0960960960960961,0.4969244645818354,6
"['V10', 'V16', 'V8', 'V11', 'V9', 'V1', 'V2', 'V21']",0.7972972972972973,0.0612668743509865,0.11378977820636452,0.4968627016756166,8
"['V10', 'V17', 'V8', 'V11', 'V1', 'V21']",0.8108108108108109,0.04018754186202277,0.07657945118059988,0.496611990784036,6
"['V10', 'V17', 'V2']",0.7837837837837838,0.04821280133000831,0.0908379013312451,0.49629048620642735,3
"['V4', 'V16', 'V17', 'V8', 'V11', 'V1']",0.8108108108108109,0.029311187103077674,0.056577086280056574,0.49613669020964857,6
"['V4', 'V12', 'V9', 'V2']",0.8513513513513513,0.026593499366821444,0.05157593123209169,0.49589750885113465,4
"['V4', 'V17', 'V8', 'V11', 'V1', 'V2', 'V21']",0.8378378378378378,0.029067041725269572,0.05618486633439058,0.49572487804897475,7
"['V4', 'V16', 'V17', 'V8', 'V11', 'V21']",0.8108108108108109,0.02894356005788712,0.05589194224499301,0.49572454518531656,6
"['V4', 'V16', 'V8', 'V11', 'V21']",0.8108108108108109,0.02916869227029655,0.05631159080244017,0.4956566971334667,5
"['V10', 'V16', 'V17', 'V8', 'V11', 'V9', 'V2', 'V21']",0.7972972972972973,0.04872006606110652,0.09182879377431907,0.4954998316147838,8
"['V4', 'V12', 'V17', 'V1', 'V2', 'V21']",0.8513513513513513,0.02563059397884459,0.04976303317535545,0.4954614613255636,6
"['V10', 'V12', 'V17', 'V8', 'V9', 'V2']",0.8108108108108109,0.04073319755600815,0.07756948933419522,0.49545852329623025,6
"['V12', 'V16', 'V17', 'V1', 'V21']",0.8108108108108109,0.02120141342756184,0.04132231404958678,0.4953851355031155,5
"['V12', 'V16', 'V17', 'V1', 'V2', 'V21']",0.8108108108108109,0.022718667171525937,0.04419889502762431,0.4952988821940619,6
"['V12', 'V16', 'V17', 'V8', 'V1']",0.8108108108108109,0.02053388090349076,0.04005340453938585,0.49525609228417244,5
"['V4', 'V12', 'V16', 'V17']",0.8378378378378378,0.027276726792784867,0.052833404345973584,0.4952423886876557,4
"['V4', 'V12', 'V9', 'V1', 'V21']",0.8513513513513513,0.027331887201735357,0.05296343001261034,0.49513061806654657,5
"['V12', 'V8', 'V1', 'V21']",0.8243243243243243,0.021918792669780814,0.042702135106755336,0.4951071510947403,4
"['V10', 'V16', 'V17', 'V8', 'V11', 'V9', 'V1', 'V2', 'V21']",0.7972972972972973,0.048639736191261336,0.09168609168609168,0.4951068278828357,9
"['V4', 'V17', 'V8', 'V11', 'V9', 'V1', 'V2', 'V21']",0.8378378378378378,0.029053420805998126,0.05615942028985507,0.4949409984783579,8
"['V4', 'V12', 'V17', 'V8', 'V9', 'V2', 'V21']",0.8513513513513513,0.027450980392156862,0.05318699873364289,0.49458297860845385,7
"['V12', 'V16', 'V17', 'V2']",0.7972972972972973,0.02139231327048586,0.041666666666666664,0.4944497100454363,4
"['V4', 'V12', 'V8', 'V9', 'V1', 'V21']",0.8648648648648649,0.028193832599118944,0.05460750853242321,0.49441087687449925,6
"['V4', 'V16', 'V17', 'V11', 'V1']",0.7972972972972973,0.027647610121836926,0.05344202898550725,0.4943920431052004,5
"['V4', 'V12', 'V8', 'V1', 'V2']",0.8513513513513513,0.025682837342030168,0.04986149584487535,0.49433520097175015,5
"['V4', 'V12', 'V17', 'V9', 'V1', 'V2', 'V21']",0.8513513513513513,0.02714347264110297,0.05260960334029228,0.4942968911102159,7
"['V10', 'V12', 'V17', 'V8', 'V9']",0.8108108108108109,0.04120879120879121,0.0784313725490196,0.49426615754912895,5
"['V4', 'V12', 'V17', 'V8', 'V1', 'V2']",0.8513513513513513,0.025714285714285714,0.04992076069730586,0.4941692316949765,6
"['V10', 'V4', 'V16', 'V8', 'V9', 'V1']",0.8648648648648649,0.05203252032520325,0.09815950920245399,0.49412164621395427,6
"['V4', 'V12', 'V8', 'V9', 'V21']",0.8648648648648649,0.02821869488536155,0.05465414175918019,0.49379836713655484,5
"['V4', 'V12', 'V17', 'V9', 'V1', 'V2']",0.8513513513513513,0.02654867256637168,0.05149162239476911,0.4937982356901106,6
"['V4', 'V12', 'V17', 'V8', 'V9', 'V1', 'V2', 'V21']",0.8513513513513513,0.027450980392156862,0.05318699873364289,0.4937976275880766,8
"['V4', 'V12', 'V17', 'V8', 'V9', 'V1', 'V2']",0.8513513513513513,0.027237354085603113,0.05278592375366569,0.49375201725451556,7
"['V10', 'V9', 'V1', 'V2']",0.7837837837837838,0.04965753424657534,0.09339774557165861,0.4937218627222988,4
"['V4', 'V12', 'V2', 'V21']",0.8378378378378378,0.02528548123980424,0.04908946951702296,0.4936007000980468,4
"['V10', 'V4', 'V17', 'V8', 'V11', 'V9', 'V2']",0.8648648648648649,0.05351170568561873,0.10078740157480315,0.49343793512829953,7
"['V12', 'V16', 'V17', 'V8', 'V2', 'V21']",0.7972972972972973,0.021307331166486095,0.04150545198733732,0.49320168596798625,6
"['V12', 'V8', 'V1', 'V2']",0.7972972972972973,0.021723122238586155,0.04229390681003584,0.49319095970904875,4
"['V10', 'V16', 'V8', 'V11', 'V9', 'V21']",0.7972972972972973,0.061139896373056994,0.11357074109720885,0.4931200555272757,6
"['V4', 'V12', 'V17', 'V8', 'V2']",0.8513513513513513,0.025433992733144933,0.04939239513916111,0.4929478309190161,5
"['V12', 'V8', 'V2']",0.7972972972972973,0.021261261261261263,0.04141804141804142,0.4927951182046578,3
"['V12', 'V16', 'V17', 'V21']",0.8108108108108109,0.02059732234809475,0.040174087713424844,0.4927656518900752,4
"['V4', 'V12', 'V17', 'V8', 'V11', 'V1']",0.8648648648648649,0.030505243088655862,0.058931860036832415,0.4926550591479015,6
"['V8', 'V11', 'V9']",0.7972972972972973,0.01796042617960426,0.035129502828222685,0.4925391095782382,3
"['V10', 'V12', 'V17', 'V8', 'V9', 'V1', 'V2']",0.8108108108108109,0.040376850605652756,0.07692307692307693,0.4920969058104629,7
"['V10', 'V4', 'V17', 'V8', 'V11', 'V2']",0.8648648648648649,0.05373635600335852,0.10118577075098814,0.4919106539384896,6
"['V4', 'V12', 'V1', 'V2']",0.8513513513513513,0.02586206896551724,0.050199203187251,0.4918712485360885,4
"['V10', 'V12', 'V17', 'V8', 'V9', 'V1']",0.8108108108108109,0.04087193460490463,0.07782101167315175,0.4918166943315214,6
"['V12', 'V16', 'V17', 'V1']",0.8108108108108109,0.020696791997240428,0.04036326942482341,0.4916651895014268,4
"['V10', 'V4', 'V8', 'V11', 'V9', 'V2']",0.8648648648648649,0.05351170568561873,0.10078740157480315,0.49129583344897565,6
"['V4', 'V12', 'V8', 'V2']",0.8513513513513513,0.02527075812274368,0.04908453447604207,0.49095596981521294,4
"['V4', 'V12', 'V17', 'V8', 'V9', 'V2']",0.8513513513513513,0.02734375,0.05298570227081581,0.4907845159253839,6
"['V10', 'V16', 'V8', 'V11', 'V9', 'V2', 'V21']",0.7972972972972973,0.060142711518858305,0.11184834123222749,0.49077503033689623,7
"['V12', 'V17', 'V8', 'V21']",0.8108108108108109,0.020222446916076844,0.039460703715882936,0.49076947263411774,4
"['V4', 'V12', 'V17', 'V2', 'V21']",0.8513513513513513,0.025485436893203883,0.04948939512961508,0.4906488738298575,5
"['V12', 'V16', 'V17', 'V8', 'V1', 'V21']",0.8243243243243243,0.02102723198896932,0.041008403361344536,0.49060903665791433,6
"['V10', 'V4', 'V17', 'V8', 'V11', 'V9', 'V1', 'V2']",0.8648648648648649,0.055030094582975066,0.10347615198059822,0.49052641433619615,8
"['V4', 'V17', 'V8', 'V11', 'V1', 'V2']",0.8513513513513513,0.02984367598294647,0.057665903890160186,0.4905104016399196,6
"['V10', 'V4', 'V17', 'V8', 'V11', 'V1', 'V2']",0.8648648648648649,0.055077452667814115,0.10355987055016182,0.4904125431057887,7
"['V4', 'V12', 'V8', 'V9']",0.8513513513513513,0.027559055118110236,0.053389830508474574,0.4898937521426933,4
"['V10', 'V4', 'V8', 'V11', 'V2']",0.8648648648648649,0.05355648535564853,0.1008668242710796,0.4898814004197774,5
"['V12', 'V16', 'V17', 'V1', 'V2']",0.8108108108108109,0.0223463687150838,0.043494019572308806,0.4896813791312068,5
"['V4', 'V12', 'V17', 'V9', 'V21']",0.8513513513513513,0.027237354085603113,0.05278592375366569,0.4892014182450802,5
"['V4', 'V11', 'V1', 'V2']",0.8648648648648649,0.02731540759709774,0.05295821266032271,0.4889689457334297,4
"['V4', 'V12', 'V16', 'V17', 'V1']",0.8378378378378378,0.027445772465692783,0.0531504500642949,0.4886986418578984,5
"['V4', 'V12', 'V17', 'V1', 'V2']",0.8513513513513513,0.025423728813559324,0.0493730407523511,0.4883667574335173,5
"['V4', 'V17', 'V8', 'V11', 'V9', 'V1', 'V2']",0.8513513513513513,0.029985721085197526,0.057931034482758624,0.4883120049010389,7
"['V4', 'V12', 'V8', 'V1', 'V2', 'V21']",0.8648648648648649,0.02622950819672131,0.05091487669053302,0.4882748972095845,6
"['V10', 'V4', 'V16', 'V17', 'V8', 'V9', 'V1']",0.8648648648648649,0.05055292259083728,0.0955223880597015,0.48814630870263,7
"['V4', 'V12', 'V17', 'V8', 'V1', 'V2', 'V21']",0.8648648648648649,0.02616516762060507,0.050793650793650794,0.4878347387691073,7
"['V4', 'V12', 'V17', 'V9', 'V2']",0.8513513513513513,0.026392961876832845,0.051198699715562776,0.48752034383636955,5
"['V4', 'V11', 'V9', 'V2']",0.8648648648648649,0.027777777777777776,0.05382674516400336,0.4873732214738473,4
"['V4', 'V12', 'V17', 'V8', 'V2', 'V21']",0.8513513513513513,0.025661914460285134,0.0498220640569395,0.4873083258758656,6
"['V16', 'V17', 'V8', 'V11', 'V9', 'V2']",0.7702702702702703,0.027142857142857142,0.05243790248390064,0.48721024551157516,6
"['V4', 'V12', 'V8', 'V9', 'V1']",0.8648648648648649,0.028082492321193506,0.05439864003399915,0.4871204304525333,5
"['V10', 'V17', 'V1', 'V2']",0.7837837837837838,0.03913630229419703,0.07455012853470437,0.4869384930205282,4
"['V17', 'V11', 'V2']",0.7702702702702703,0.025210084033613446,0.048822269807280515,0.48691606674178023,3
"['V4', 'V12', 'V8', 'V2', 'V21']",0.8513513513513513,0.025599349857781388,0.04970414201183432,0.4865322445740875,5
"['V12', 'V17', 'V8', 'V2']",0.7972972972972973,0.02076002814919071,0.04046639231824417,0.4864518675956838,4
"['V4', 'V12', 'V9']",0.8378378378378378,0.026360544217687076,0.051112943116240726,0.48644669215476966,3
"['V16', 'V17', 'V11', 'V1']",0.7837837837837838,0.02217125382262997,0.04312267657992565,0.4861621178726207,4
"['V10', 'V4', 'V8', 'V11', 'V1', 'V2']",0.8648648648648649,0.05442176870748299,0.1024,0.4859296945553783,6
"['V16', 'V17', 'V8', 'V1']",0.7567567567567568,0.026832774317201723,0.05182785747339195,0.4859252107179853,4
"['V10', 'V4', 'V17', 'V8', 'V11', 'V1']",0.8648648648648649,0.055077452667814115,0.10355987055016182,0.4859022758885761,6
"['V10', 'V8', 'V11', 'V9', 'V1', 'V2', 'V21']",0.7837837837837838,0.055876685934489405,0.10431654676258993,0.48582493726935033,7
"['V16', 'V9', 'V1', 'V2']",0.7432432432432432,0.02179944510503369,0.04235656526761648,0.4858225068965753,4
"['V12', 'V8', 'V2', 'V21']",0.7972972972972973,0.021454545454545455,0.04178470254957507,0.4857842816886821,4
"['V10', 'V8', 'V11', 'V9', 'V1', 'V21']",0.7837837837837838,0.05714285714285714,0.10651974288337925,0.4857764285412743,6
"['V10', 'V16', 'V9', 'V1']",0.7837837837837838,0.05918367346938776,0.11005692599620494,0.4853239153803083,4
"['V4', 'V12', 'V17', 'V8', 'V9']",0.8513513513513513,0.02728453876136856,0.05287452790600084,0.48492815952613144,5
"['V4', 'V12', 'V17', 'V8', 'V9', 'V21']",0.8648648648648649,0.02780191138140747,0.05387205387205387,0.484926707821406,6
"['V10', 'V16', 'V1']",0.7702702702702703,0.0407725321888412,0.07744565217391304,0.48463287230039903,3
"['V4', 'V12', 'V2']",0.8513513513513513,0.025059665871121718,0.04868624420401855,0.48413436392970627,3
"['V12', 'V17', 'V2', 'V21']",0.7972972972972973,0.021477975973789587,0.04182913860333215,0.48410656501789273,4
"['V10', 'V4', 'V17', 'V8', 'V11', 'V9', 'V1']",0.8648648648648649,0.055077452667814115,0.10355987055016182,0.48398326108967,7
"['V10', 'V8', 'V11', 'V9', 'V21']",0.7837837837837838,0.05714285714285714,0.10651974288337925,0.4837176658383437,5
"['V10', 'V8', 'V11', 'V9', 'V2', 'V21']",0.7837837837837838,0.05582290664100096,0.10422282120395328,0.483568474609484,6
"['V4', 'V12', 'V21']",0.8513513513513513,0.02539298669891173,0.049315068493150684,0.4831932264779979,3
"['V10', 'V4', 'V8', 'V11', 'V9', 'V1', 'V2']",0.8648648648648649,0.05460750853242321,0.10272873194221509,0.48313659656503877,7
"['V12', 'V16', 'V17']",0.8108108108108109,0.020073603211776515,0.039177277179236046,0.4830169953656924,3
"['V12', 'V17', 'V8', 'V1', 'V2']",0.7972972972972973,0.020781965480803098,0.040508067284586335,0.4829873153042881,5
"['V16', 'V17', 'V11', 'V1', 'V2']",0.7837837837837838,0.024712398806987643,0.04791408508880628,0.482981519309533,5
"['V12', 'V16', 'V17', 'V8', 'V1', 'V2', 'V21']",0.8108108108108109,0.021834061135371178,0.042523033309709427,0.4828664758632492,7
"['V12', 'V8', 'V1', 'V2', 'V21']",0.7972972972972973,0.022138836772983114,0.04308141657539248,0.48265817170897257,5
"['V4', 'V12', 'V17', 'V8', 'V9', 'V1', 'V21']",0.8648648648648649,0.02782608695652174,0.05391743892165122,0.4825413195921398,7
"['V4', 'V12', 'V17', 'V2']",0.8513513513513513,0.024822695035460994,0.04823889739663093,0.4824089881909899,4
"['V10', 'V1', 'V2']",0.7837837837837838,0.037540453074433655,0.07164916615194565,0.4823663254309962,3
"['V4', 'V12', 'V17', 'V11', 'V1']",0.8513513513513513,0.029535864978902954,0.057091073855913006,0.4819306114448792,5
"['V4', 'V11', 'V2']",0.8648648648648649,0.027420736932305057,0.053156146179401995,0.4817711646775874,3
"['V10', 'V16', 'V17', 'V8', 'V11']",0.8108108108108109,0.0390625,0.07453416149068323,0.48148338679739944,5
"['V10', 'V4', 'V16', 'V8']",0.8648648648648649,0.049766718506998445,0.09411764705882353,0.48128212153724836,4
"['V4', 'V12', 'V17', 'V8', 'V9', 'V1']",0.8648648648648649,0.027777777777777776,0.05382674516400336,0.48124068174038565,6
"['V10', 'V4', 'V16', 'V8', 'V9']",0.8648648648648649,0.04965089216446858,0.09391049156272928,0.4811630993647651,5
"['V16', 'V8', 'V11', 'V9', 'V2']",0.7702702702702703,0.02981171548117155,0.05740181268882175,0.48085485204959666,5
"['V12', 'V17', 'V8']",0.8108108108108109,0.019860973187686197,0.03877221324717286,0.4808493438389845,3
"['V16', 'V8', 'V11', 'V21']",0.7567567567567568,0.02258064516129032,0.04385277995301488,0.48080080083342125,4
"['V10', 'V9', 'V2']",0.7837837837837838,0.05405405405405406,0.1011333914559721,0.48033443351480987,3
"['V10', 'V4', 'V16', 'V17', 'V8']",0.8648648648648649,0.04900459418070444,0.0927536231884058,0.4802410595300327,5
"['V16', 'V9', 'V2', 'V21']",0.7297297297297297,0.023989338071968014,0.04645161290322581,0.47987156837360156,4
"['V12', 'V17', 'V2']",0.7972972972972973,0.020988971896122376,0.040901213171577126,0.4797433018864941,3
"['V10', 'V4', 'V8', 'V11', 'V1']",0.8648648648648649,0.05460750853242321,0.10272873194221509,0.47941035375902336,5
"['V10', 'V16', 'V17', 'V1']",0.7837837837837838,0.03584672435105068,0.06855791962174941,0.4791759210942923,4
"['V16', 'V17', 'V1']",0.7432432432432432,0.027066929133858268,0.052231718898385564,0.4790212664738812,3
"['V12', 'V17', 'V1', 'V2', 'V21']",0.8108108108108109,0.02223045572434235,0.0432744320230797,0.47888851962591433,5
"['V16', 'V17', 'V8', 'V11', 'V21']",0.7702702702702703,0.022511848341232227,0.043745203376822715,0.47860032774243316,5
"['V12', 'V17', 'V8', 'V2', 'V21']",0.7972972972972973,0.02088495575221239,0.040703690927906176,0.4785741249153131,5
"['V10', 'V17', 'V8', 'V11', 'V9', 'V21']",0.7837837837837838,0.050216450216450215,0.09438567941415785,0.4778551370063598,6
"['V16', 'V9', 'V1']",0.7297297297297297,0.015406562054208274,0.030176026823134954,0.47780434644688097,3
"['V10', 'V17', 'V9', 'V1', 'V2']",0.7837837837837838,0.04424103737604882,0.08375451263537906,0.4777914855441075,5
"['V4', 'V12', 'V17', 'V21']",0.8513513513513513,0.02494061757719715,0.04846153846153846,0.4777139872792052,4
"['V10', 'V4', 'V8', 'V11', 'V9', 'V1']",0.8648648648648649,0.0547008547008547,0.10289389067524116,0.47767124342868855,6
"['V4', 'V12', 'V17', 'V9', 'V1', 'V21']",0.8783783783783784,0.028162911611785094,0.054575986565911,0.477568171548412,6
"['V10', 'V17', 'V9', 'V2']",0.7837837837837838,0.05211141060197664,0.09772535804549284,0.47727614049111594,4
"['V10', 'V4', 'V17', 'V8', 'V11']",0.8648648648648649,0.05396290050590219,0.10158730158730159,0.47713937616859664,5
"['V10', 'V4', 'V17', 'V8', 'V11', 'V9']",0.8648648648648649,0.05405405405405406,0.10174880763116058,0.4768007726468934,6
"['V12', 'V17', 'V21']",0.8108108108108109,0.020366598778004074,0.039735099337748346,0.47668964513794543,3
"['V10', 'V4', 'V16', 'V17', 'V8', 'V9']",0.8513513513513513,0.04769114307342922,0.09032258064516129,0.476574433833088,6
"['V4', 'V12', 'V9', 'V1']",0.8513513513513513,0.027050236152855303,0.052434456928838954,0.4760537882483569,4
"['V10', 'V17', 'V8', 'V11', 'V9', 'V1', 'V21']",0.7837837837837838,0.04974271012006861,0.0935483870967742,0.475598885512745,7
"['V17', 'V11', 'V1', 'V2', 'V21']",0.7837837837837838,0.024217118997912318,0.04698258404212231,0.4754266857515632,5
"['V12', 'V17', 'V8', 'V1']",0.8243243243243243,0.02026578073089701,0.03955901426718547,0.47541468942115456,4
"['V10', 'V4', 'V8', 'V11']",0.8648648648648649,0.05360134003350084,0.10094637223974763,0.4752127676982077,4
"['V10', 'V4', 'V8', 'V11', 'V9']",0.8648648648648649,0.05382674516400336,0.10134600158353127,0.4751530166851209,5
"['V10', 'V16', 'V17', 'V9', 'V1']",0.7837837837837838,0.044444444444444446,0.08411892675852067,0.47479643723353643,5
"['V4', 'V12', 'V17', 'V9']",0.8513513513513513,0.026392961876832845,0.051198699715562776,0.47436157946174307,4
"['V16', 'V17', 'V9', 'V1', 'V2']",0.7432432432432432,0.019462137296532202,0.03793103448275862,0.4741305221504777,5
"['V16', 'V17', 'V9', 'V2', 'V21']",0.7162162162162162,0.021597392013039934,0.041930379746835444,0.4740254765672371,5
"['V10', 'V16', 'V17', 'V8', 'V11', 'V2']",0.8108108108108109,0.04158004158004158,0.07910349373764008,0.47365950996468953,6
"['V16', 'V17', 'V9', 'V1']",0.7297297297297297,0.01487603305785124,0.029157667386609073,0.4731793054408701,4
"['V12', 'V17', 'V1', 'V2']",0.8108108108108109,0.021897810218978103,0.042643923240938165,0.4729868021233158,4
"['V12', 'V17', 'V1', 'V21']",0.8243243243243243,0.021012745435756115,0.040980853207927444,0.472892839578703,4
"['V10', 'V4', 'V17', 'V8', 'V9', 'V2']",0.8513513513513513,0.050724637681159424,0.09574468085106383,0.47286027046401574,6
"['V10', 'V4', 'V17', 'V8', 'V2']",0.8513513513513513,0.050683829444891394,0.09567198177676538,0.4728550246825593,5
"['V16', 'V17', 'V1', 'V21']",0.7567567567567568,0.02983484283431007,0.05740645822655049,0.47249077133277734,4
"['V10', 'V16', 'V8', 'V11']",0.8108108108108109,0.04294917680744453,0.08157715839564922,0.47236080218886684,4
"['V16', 'V8', 'V11', 'V9', 'V1']",0.7972972972972973,0.026830377444292862,0.05191377034755829,0.47212323181258314,5
"['V4', 'V11', 'V9', 'V21']",0.8243243243243243,0.026259147653895823,0.05089695452649145,0.47178691284334584,4
"['V10', 'V17', 'V8', 'V11', 'V9', 'V2', 'V21']",0.7837837837837838,0.04837364470391994,0.09112333071484682,0.47165268031246577,7
"['V4', 'V17', 'V11', 'V9']",0.8378378378378378,0.028985507246376812,0.05603253502033439,0.47148111537092313,4
"['V16', 'V8', 'V11', 'V2']",0.7837837837837838,0.02707749766573296,0.052346570397111915,0.4712512409774478,4
"['V12', 'V17', 'V8', 'V1', 'V21']",0.8243243243243243,0.02051109616677875,0.04002624671916011,0.47117733306232357,5
"['V16', 'V9', 'V1', 'V2', 'V21']",0.7432432432432432,0.02246732026143791,0.04361617763679619,0.47094473529303826,5
"['V4', 'V12', 'V17', 'V8', 'V21']",0.8648648648648649,0.025579536370903277,0.049689440993788817,0.4704789882120932,5
"['V4', 'V12', 'V8', 'V21']",0.8648648648648649,0.025559105431309903,0.04965089216446858,0.46998985722714726,4
"['V4', 'V12', 'V1', 'V21']",0.8648648648648649,0.026048026048026047,0.050572896088502566,0.4696084581975669,4
"['V16', 'V17', 'V8', 'V11', 'V2']",0.7837837837837838,0.025962399283795883,0.05025996533795494,0.4694634465782152,5
"['V17', 'V9', 'V2']",0.7297297297297297,0.03159742539496782,0.06057206954570948,0.4692804002318162,3
"['V4', 'V12', 'V17', 'V8']",0.8648648648648649,0.02536662703131193,0.04928763958413554,0.469214701664303,4
"['V10', 'V17', 'V8', 'V11', 'V9', 'V1', 'V2', 'V21']",0.7837837837837838,0.04817275747508306,0.09076682316118936,0.46880935588388534,8
"['V10', 'V4', 'V17', 'V8', 'V1', 'V2']",0.8513513513513513,0.051766639276910435,0.09759876065065841,0.4685359391349226,6
"['V12', 'V17', 'V1']",0.8108108108108109,0.02014098690835851,0.03930560104814936,0.46842609381066475,3
"['V16', 'V17', 'V8', 'V11', 'V9', 'V1']",0.7972972972972973,0.024032586558044806,0.04665875840253064,0.46818663816963124,6
"['V10', 'V16', 'V17', 'V8', 'V11', 'V1', 'V2']",0.8108108108108109,0.04172461752433936,0.07936507936507936,0.46781169745327617,7
"['V12', 'V17', 'V8', 'V1', 'V2', 'V21']",0.7972972972972973,0.020974049057945254,0.040872878420505715,0.4672790765286311,6
"['V10', 'V17', 'V9']",0.7837837837837838,0.051601423487544484,0.09682804674457429,0.466722553084593,3
"['V4', 'V12', 'V8', 'V1', 'V21']",0.8783783783783784,0.026283865750101092,0.051040439733019236,0.46662546873198757,5
"['V11', 'V9', 'V1']",0.7837837837837838,0.020714285714285713,0.04036186499652053,0.4666217042356917,3
"['V4', 'V17', 'V2']",0.8243243243243243,0.02219796215429403,0.04323175053153792,0.4664982707599967,3
"['V4', 'V12', 'V17', 'V8', 'V1', 'V21']",0.8783783783783784,0.02620967741935484,0.05090054815974941,0.4663780218215337,6
"['V4', 'V17', 'V9', 'V2']",0.8243243243243243,0.022165697674418606,0.043170559094125975,0.4662445146387586,4
"['V16', 'V17', 'V9']",0.7432432432432432,0.014204545454545454,0.027876330461226558,0.46600904317137654,3
"['V4', 'V12', 'V8']",0.8648648648648649,0.0252167060677699,0.04900459418070444,0.46472829662500953,3
"['V10', 'V16', 'V8', 'V11', 'V2']",0.8108108108108109,0.04643962848297214,0.08784773060029283,0.46432383866076127,5
"['V4', 'V12', 'V17']",0.8513513513513513,0.02433371958285052,0.04731505820503192,0.46260725354399307,3
"['V4', 'V12', 'V17', 'V9', 'V1']",0.8648648648648649,0.02702702702702703,0.05241605241605242,0.46256022417139514,5
"['V4', 'V12', 'V17', 'V8', 'V1']",0.8648648648648649,0.025467568643056108,0.04947816003092385,0.46249397178027246,5
"['V4', 'V17', 'V11']",0.8378378378378378,0.028958430639887903,0.05598194130925508,0.4624202912481293,3
"['V4', 'V12', 'V17', 'V1', 'V21']",0.8648648648648649,0.025806451612903226,0.050117462803445575,0.46235874112050773,5
"['V10', 'V4', 'V8', 'V2']",0.8513513513513513,0.050079491255961846,0.0945945945945946,0.46226308010567935,4
"['V4', 'V17', 'V2', 'V21']",0.8378378378378378,0.022206303724928367,0.04326587578506629,0.46225851816808594,4
"['V16', 'V8', 'V11', 'V9', 'V1', 'V21']",0.7972972972972973,0.027712541099107563,0.053563322741715845,0.46219963495663097,6
"['V10', 'V16', 'V8', 'V11', 'V1', 'V2']",0.8108108108108109,0.04669260700389105,0.08830022075055188,0.46209033337170013,6
"['V17', 'V8', 'V11', 'V9', 'V21']",0.7702702702702703,0.023331968890708144,0.04529201430274136,0.46195092380322444,5
"['V4', 'V8', 'V11', 'V2']",0.8648648648648649,0.02740899357601713,0.053134080531340805,0.4615573899430654,4
"['V4', 'V12', 'V8', 'V1']",0.8648648648648649,0.02536662703131193,0.04928763958413554,0.46130441073703665,4
"['V10', 'V4', 'V17', 'V8', 'V9', 'V1', 'V2']",0.8513513513513513,0.05206611570247934,0.09813084112149532,0.4611123833520359,7
"['V10', 'V4', 'V8', 'V9', 'V2']",0.8513513513513513,0.05027932960893855,0.09495101733232857,0.460921652897419,5
"['V10', 'V4', 'V8', 'V1', 'V2']",0.8513513513513513,0.05113636363636364,0.09647779479326186,0.4604066916705275,5
"['V16', 'V17', 'V9', 'V1', 'V2', 'V21']",0.7432432432432432,0.02,0.03895184135977337,0.46019134373386755,6
"['V16', 'V8', 'V11', 'V1']",0.7837837837837838,0.023237179487179488,0.045136186770428015,0.4599371625658567,4
"['V10', 'V16', 'V17', 'V8', 'V11', 'V1']",0.8108108108108109,0.03898635477582846,0.07439553626782393,0.45977456897879015,6
"['V4', 'V17', 'V9', 'V2', 'V21']",0.8378378378378378,0.022230190032269632,0.04331121201536849,0.45924276400776026,5
"['V16', 'V8', 'V11', 'V9', 'V2', 'V21']",0.7972972972972973,0.0314498933901919,0.06051282051282051,0.4590826627304908,6
"['V10', 'V9', 'V1']",0.7837837837837838,0.048986486486486486,0.09220985691573927,0.45769438108646954,3
"['V10', 'V16', 'V8', 'V11', 'V1']",0.8108108108108109,0.043258832011535686,0.08213552361396304,0.4556344416358519,5
"['V4', 'V16', 'V17', 'V8', 'V2']",0.8378378378378378,0.023538344722854973,0.04579025110782865,0.4555626989976688,5
"['V4', 'V16', 'V8', 'V2']",0.8378378378378378,0.02343159486016629,0.045588235294117645,0.45508574216528247,4
"['V17', 'V11', 'V1', 'V2']",0.7972972972972973,0.02424989724619811,0.04706820901475867,0.4544714202825905,4
"['V16', 'V8', 'V11', 'V9', 'V1', 'V2']",0.7972972972972973,0.030987394957983194,0.05965621840242669,0.4544128172572014,6
"['V16', 'V17', 'V8', 'V11', 'V9', 'V2', 'V21']",0.7972972972972973,0.028216164514586323,0.05450346420323326,0.4543757708037473,7
"['V16', 'V17', 'V8', 'V11', 'V9', 'V1', 'V2']",0.7972972972972973,0.027570093457943926,0.053297199638663056,0.4539370438340136,7
"['V4', 'V16', 'V8', 'V9', 'V1', 'V2', 'V21']",0.8378378378378378,0.024077669902912623,0.046810117025292565,0.45375161060856306,7
"['V4', 'V8', 'V11', 'V9', 'V2']",0.8648648648648649,0.027693639117265252,0.053668763102725364,0.45350083664203233,5
"['V4', 'V16', 'V8', 'V1', 'V2']",0.8378378378378378,0.023387400980761978,0.045504587155963304,0.4532153912445546,5
"['V4', 'V16', 'V17', 'V8', 'V1', 'V2']",0.8378378378378378,0.023440453686200378,0.04560500183891136,0.4531544855139438,6
"['V16', 'V17', 'V8', 'V11', 'V1']",0.7972972972972973,0.02254489873901414,0.043849869936826456,0.4528187105548203,5
"['V16', 'V9', 'V1', 'V21']",0.7297297297297297,0.016009487103468723,0.031331592689295036,0.45270812786787085,4
"['V16', 'V9', 'V21']",0.7162162162162162,0.014544456641053787,0.028509951586874662,0.45244160766659125,3
"['V4', 'V17', 'V1', 'V2', 'V21']",0.8378378378378378,0.020868394479973074,0.040722495894909685,0.45240737355592003,5
"['V4', 'V16', 'V8', 'V1', 'V2', 'V21']",0.8378378378378378,0.023727516264829697,0.04614812058057313,0.45238533700364525,6
"['V4', 'V16', 'V8', 'V9', 'V2', 'V21']",0.8378378378378378,0.02426614481409002,0.04716622289844047,0.4521337144682826,6
"['V16', 'V8', 'V11', 'V9', 'V1', 'V2', 'V21']",0.7972972972972973,0.032117583015786606,0.06174777603349032,0.45182215743706416,7
"['V10', 'V4', 'V17', 'V8', 'V1']",0.8513513513513513,0.05236907730673317,0.09866875489428348,0.4517542138173535,5
"['V4', 'V16', 'V17', 'V8', 'V1', 'V2', 'V21']",0.8378378378378378,0.02356518434055492,0.04584103512014787,0.4514826550922889,7
"['V4', 'V17', 'V8', 'V11', 'V9', 'V21']",0.8378378378378378,0.02857142857142857,0.05525846702317291,0.4514513623501698,6
"['V4', 'V17', 'V9', 'V1', 'V2', 'V21']",0.8378378378378378,0.02095302467049679,0.04088361358391032,0.45144940021608854,6
"['V10', 'V17', 'V9', 'V1']",0.7837837837837838,0.04341317365269461,0.08226950354609928,0.45106393762725905,4
"['V4', 'V16', 'V8', 'V2', 'V21']",0.8378378378378378,0.023718439173680182,0.046130952380952384,0.4509675839886764,5
"['V4', 'V8', 'V11', 'V9', 'V1', 'V2', 'V21']",0.8378378378378378,0.027373068432671083,0.05301410859341599,0.4508247207077564,7
"['V4', 'V16', 'V17', 'V8', 'V2', 'V21']",0.8378378378378378,0.023709369024856597,0.046113796950539236,0.4506342481925709,6
"['V4', 'V17', 'V1', 'V2']",0.8378378378378378,0.0209106239460371,0.0408028956893715,0.4504490454026193,4
"['V4', 'V16', 'V8', 'V9', 'V2']",0.8513513513513513,0.02433371958285052,0.04731505820503192,0.45032829741810765,5
"['V10', 'V4', 'V8', 'V9', 'V1', 'V2']",0.8513513513513513,0.05138662316476346,0.09692307692307692,0.45031891915916666,6
"['V4', 'V17', 'V9', 'V1', 'V2']",0.8378378378378378,0.0209106239460371,0.0408028956893715,0.45027053918380777,5
"['V4', 'V16', 'V17', 'V8', 'V9', 'V2']",0.8513513513513513,0.02423076923076923,0.04712041884816754,0.450023140588787,6
"['V16', 'V8', 'V11', 'V1', 'V2']",0.7972972972972973,0.02736549165120594,0.05291479820627803,0.44988433823053314,5
"['V4', 'V16', 'V17', 'V8', 'V9', 'V1', 'V2', 'V21']",0.8378378378378378,0.023938223938223938,0.046546546546546545,0.44984167329070973,8
"['V4', 'V12', 'V1']",0.8648648648648649,0.025467568643056108,0.04947816003092385,0.4498336940720918,3
"['V16', 'V17', 'V9', 'V21']",0.7162162162162162,0.014278017241379311,0.027997886951928157,0.4495492544946932,4
"['V4', 'V16', 'V17', 'V8', 'V9', 'V2', 'V21']",0.8378378378378378,0.02406832298136646,0.04679245283018868,0.44929270479877276,7
"['V16', 'V17', 'V2']",0.7162162162162162,0.027575442247658687,0.0531062124248497,0.4486517226799211,3
"['V4', 'V16', 'V8', 'V9', 'V1', 'V2']",0.8378378378378378,0.023700305810397553,0.046096654275092935,0.44863030409751503,6
"['V10', 'V17', 'V1']",0.7837837837837838,0.035758323057953144,0.06839622641509434,0.448107820493212,3
"['V4', 'V17', 'V11', 'V9', 'V1', 'V21']",0.8243243243243243,0.02798165137614679,0.05412599822537711,0.44795376181133095,6
"['V4', 'V16', 'V17', 'V8', 'V9', 'V1', 'V2']",0.8513513513513513,0.024054982817869417,0.046787968808020795,0.4478215923071981,7
"['V16', 'V17', 'V8', 'V11', 'V9', 'V1', 'V21']",0.7972972972972973,0.024831649831649833,0.04816326530612245,0.44738545841850785,7
"['V17', 'V8', 'V11', 'V2']",0.7702702702702703,0.024653979238754325,0.04777870913663034,0.4462091842133871,4
"['V4', 'V8', 'V11', 'V1', 'V2']",0.8648648648648649,0.027705627705627706,0.053691275167785234,0.44578676175656395,5
"['V16', 'V17', 'V8', 'V11', 'V1', 'V2']",0.7972972972972973,0.02566333188342758,0.049726085124315214,0.4454354786048557,6
"['V16', 'V8', 'V1']",0.7702702702702703,0.019440654843110503,0.03792415169660679,0.44521224089162187,3
"['V4', 'V11', 'V21']",0.8648648648648649,0.02633744855967078,0.051118210862619806,0.44500285909110715,3
"['V17', 'V9', 'V1']",0.7297297297297297,0.01745877788554801,0.03410167350805179,0.4438437074266067,3
"['V17', 'V11', 'V1', 'V21']",0.7702702702702703,0.02090975788701394,0.04071428571428572,0.44365590431369456,4
"['V4', 'V12', 'V17', 'V1']",0.8648648648648649,0.02531645569620253,0.04919292851652575,0.44359295489770123,4
"['V10', 'V4', 'V17', 'V8', 'V9', 'V1']",0.8513513513513513,0.05236907730673317,0.09866875489428348,0.4434525713981182,6
"['V16', 'V17', 'V8', 'V11', 'V9', 'V1', 'V2', 'V21']",0.7972972972972973,0.02800189843379212,0.0541036221916552,0.44314383261687523,8
"['V10', 'V4', 'V17', 'V8']",0.8513513513513513,0.051470588235294115,0.0970724191063174,0.4431174309303188,4
"['V17', 'V8', 'V11', 'V21']",0.7567567567567568,0.021212121212121213,0.04126750184229919,0.4427801429083135,4
"['V10', 'V17', 'V8', 'V11']",0.8108108108108109,0.04013377926421405,0.07648183556405354,0.4423043263743036,4
"['V16', 'V17', 'V9', 'V1', 'V21']",0.7297297297297297,0.015211267605633802,0.029801324503311258,0.4421800744641847,5
"['V10', 'V17', 'V8', 'V11', 'V2']",0.8108108108108109,0.043072505384063174,0.081799591002045,0.44184051544827063,5
"['V10', 'V8', 'V11']",0.8108108108108109,0.03944773175542406,0.07523510971786834,0.4417051008325925,3
"['V17', 'V8', 'V11', 'V9', 'V2']",0.7702702702702703,0.0269248937175248,0.05203103605659516,0.4416261176283357,5
"['V16', 'V1', 'V21']",0.7702702702702703,0.022093023255813953,0.04295403165033911,0.4416043445484253,3
"['V4', 'V17', 'V11', 'V1', 'V21']",0.8243243243243243,0.028020211299954065,0.054198134162594405,0.4411773558492125,5
"['V4', 'V8', 'V11', 'V9', 'V1', 'V2']",0.8783783783783784,0.028521281263712155,0.055248618784530384,0.4408908770592056,6
"['V10', 'V8', 'V11', 'V2']",0.8243243243243243,0.042837078651685394,0.0814419225634179,0.4403249051949966,4
"['V16', 'V17', 'V2', 'V21']",0.7162162162162162,0.028221512247071354,0.05430327868852459,0.4401572925979621,4
"['V4', 'V16', 'V9', 'V21']",0.8243243243243243,0.022189887231720627,0.04321643641516117,0.43975268738226975,4
"['V10', 'V4', 'V8', 'V1']",0.8513513513513513,0.05193734542456719,0.0979020979020979,0.43889046845526625,4
"['V4', 'V8', 'V11', 'V1', 'V2', 'V21']",0.8648648648648649,0.027789839339991317,0.05384938998737905,0.4386017741533124,6
"['V10', 'V8', 'V11', 'V1', 'V2']",0.8243243243243243,0.04307909604519774,0.08187919463087248,0.43729099383942927,5
"['V10', 'V17', 'V8', 'V11', 'V1', 'V2']",0.8243243243243243,0.04262753319357093,0.08106312292358804,0.4371078810992273,6
"['V10', 'V4', 'V8', 'V9', 'V1']",0.8378378378378378,0.05128205128205128,0.09664848012470771,0.43631384239702636,5
"['V4', 'V17', 'V8', 'V11', 'V21']",0.8378378378378378,0.028624192059095107,0.055357142857142855,0.4357281555652622,5
"['V17', 'V9', 'V21']",0.7432432432432432,0.017747660535656663,0.034667507091081,0.4352108394383892,3
"['V4', 'V17', 'V8', 'V1', 'V2']",0.8378378378378378,0.021189336978810664,0.04133333333333333,0.4350129033916136,5
"['V4', 'V16', 'V17', 'V9', 'V21']",0.8243243243243243,0.021801286633309505,0.04247910863509749,0.4338081284564501,5
"['V4', 'V16', 'V9']",0.8243243243243243,0.02150916784203103,0.04192439862542955,0.43347118386686595,3
"['V16', 'V2', 'V21']",0.7027027027027027,0.024714828897338403,0.047750229568411386,0.43321817856139355,3
"['V17', 'V1', 'V21']",0.7162162162162162,0.06264775413711583,0.11521739130434783,0.43318897066840373,3
"['V4', 'V8', 'V11', 'V9', 'V2', 'V21']",0.8513513513513513,0.027391304347826086,0.05307497893850042,0.43304545094454056,6
"['V4', 'V11', 'V9']",0.8648648648648649,0.02735042735042735,0.05302402651201325,0.432736731809467,3
"['V10', 'V4', 'V17', 'V8', 'V9']",0.8513513513513513,0.05151267375306623,0.09714726291441789,0.4325848260255683,5
"['V4', 'V16', 'V21']",0.8243243243243243,0.021524347212420608,0.041953232462173314,0.4322648207787105,3
"['V4', 'V17', 'V8', 'V11', 'V9', 'V1', 'V21']",0.8513513513513513,0.02912621359223301,0.05632543585158695,0.4322096421166907,7
"['V11', 'V2', 'V21']",0.7972972972972973,0.019484808454425365,0.038039974210186976,0.43167285070377087,3
"['V4', 'V16', 'V17', 'V9']",0.8243243243243243,0.021239554317548745,0.041412084181941616,0.4316727112729378,4
"['V16', 'V17', 'V8', 'V21']",0.7432432432432432,0.029794149512459372,0.057291666666666664,0.4313868636361806,4
"['V10', 'V4', 'V8']",0.8513513513513513,0.05130293159609121,0.0967741935483871,0.4313555637509159,3
"['V17', 'V9', 'V2', 'V21']",0.7432432432432432,0.02857142857142857,0.05502751375687844,0.4313534994915488,4
"['V4', 'V17', 'V8', 'V11', 'V9']",0.8378378378378378,0.029039812646370025,0.05613399728383884,0.4302347633543888,5
"['V4', 'V16', 'V17', 'V21']",0.8243243243243243,0.021298882681564244,0.041524846834581346,0.42982273680758204,4
"['V10', 'V4', 'V8', 'V9']",0.8513513513513513,0.05126118795768918,0.09669992325402917,0.4297447094864015,4
"['V10', 'V16', 'V17', 'V8', 'V1', 'V2', 'V21']",0.7837837837837838,0.04242867593269934,0.08049965301873699,0.4284972269569816,7
"['V11', 'V1', 'V2', 'V21']",0.8108108108108109,0.020290835306053433,0.0395908940943583,0.4276186263838277,4
"['V10', 'V8', 'V11', 'V1']",0.8243243243243243,0.04039735099337748,0.07702020202020202,0.4274631423739074,4
"['V10', 'V16', 'V17', 'V8', 'V2', 'V21']",0.7837837837837838,0.04302670623145401,0.08157524613220815,0.4267439599083038,6
"['V4', 'V17', 'V8', 'V11']",0.8513513513513513,0.02949438202247191,0.05701357466063348,0.4261114537031177,4
"['V10', 'V17', 'V8', 'V11', 'V1']",0.8243243243243243,0.04013157894736842,0.07653701380175659,0.4257364530135912,5
"['V4', 'V17', 'V8', 'V9', 'V1', 'V2']",0.8378378378378378,0.02117486338797814,0.041305796135909394,0.4247451141603595,6
"['V4', 'V8', 'V11', 'V2', 'V21']",0.8648648648648649,0.027645788336933045,0.05357890330682294,0.42439962001662646,5
"['V4', 'V16', 'V17']",0.8108108108108109,0.02067539627842867,0.04032258064516129,0.4242164672941837,3
"['V4', 'V16', 'V9', 'V1', 'V21']",0.8378378378378378,0.022206303724928367,0.04326587578506629,0.42376362951005997,5
"['V10', 'V16', 'V8', 'V1', 'V2', 'V21']",0.7837837837837838,0.046474358974358976,0.08774583963691376,0.4235730707652392,6
"['V4', 'V17', 'V8', 'V9', 'V1', 'V2', 'V21']",0.8378378378378378,0.02113876576883737,0.041237113402061855,0.4232266684743637,7
"['V16', 'V8', 'V11', 'V1', 'V21']",0.7837837837837838,0.024534686971235193,0.0475799835931091,0.4227736841145334,5
"['V10', 'V16', 'V17', 'V8', 'V21']",0.7837837837837838,0.03734707018673535,0.07129686539643516,0.4227316251667055,5
"['V4', 'V17', 'V8', 'V1', 'V2', 'V21']",0.8378378378378378,0.02108843537414966,0.0411413404114134,0.4226962634334418,6
"['V10', 'V16', 'V8', 'V2', 'V21']",0.7837837837837838,0.04669887278582931,0.08814589665653495,0.42143924598410076,5
"['V4', 'V11', 'V9', 'V1', 'V21']",0.8243243243243243,0.026579520697167756,0.05149852258336851,0.42119237075225563,5
"['V10', 'V16', 'V17', 'V8', 'V11', 'V9']",0.7972972972972973,0.05143853530950305,0.09664209664209664,0.41984531154526467,6
"['V10', 'V16', 'V8', 'V21']",0.7837837837837838,0.04041811846689895,0.07687210072895957,0.41866629570002545,4
"['V10', 'V16', 'V8', 'V11', 'V9']",0.7972972972972973,0.060142711518858305,0.11184834123222749,0.41833913536167383,5
"['V10', 'V16', 'V17', 'V8', 'V11', 'V9', 'V2']",0.7972972972972973,0.05175438596491228,0.09719934102141681,0.41798823646882005,7
"['V10', 'V16', 'V8', 'V11', 'V9', 'V2']",0.7972972972972973,0.06038894575230297,0.11227402473834443,0.4178862023413812,6
"['V17', 'V9', 'V1', 'V21']",0.7432432432432432,0.0171875,0.033598045204642636,0.4176052905075092,4
"['V4', 'V16', 'V17', 'V9', 'V1', 'V21']",0.8378378378378378,0.021777309448542326,0.042451215337213286,0.4171793556215819,6
"['V4', 'V16', 'V17', 'V9', 'V1']",0.8108108108108109,0.020668274199104376,0.040309035942223716,0.4167565857274408,5
"['V10', 'V16', 'V17', 'V8', 'V1', 'V21']",0.7837837837837838,0.03717948717948718,0.07099143206854346,0.4166628486198087,6
"['V4', 'V17', 'V8', 'V11', 'V1', 'V21']",0.8513513513513513,0.029480580252690687,0.05698778833107191,0.41630015557320965,6
"['V10', 'V16', 'V8', 'V1', 'V21']",0.7837837837837838,0.04016620498614958,0.0764163372859025,0.41567686790114416,5
"['V8', 'V11', 'V9', 'V2']",0.7837837837837838,0.020766201217329038,0.04046041158004883,0.4144450358944244,4
"['V4', 'V17', 'V8', 'V2']",0.8378378378378378,0.022009229676961305,0.04289173296437219,0.41414898963218516,4
"['V4', 'V16', 'V9', 'V1']",0.8243243243243243,0.021306322039818373,0.04153898535921008,0.4138775668950529,4
"['V10', 'V16', 'V8', 'V11', 'V9', 'V1', 'V2']",0.7972972972972973,0.059415911379657606,0.1105904404873477,0.4135938710854243,7
"['V16', 'V8', 'V11', 'V2', 'V21']",0.7972972972972973,0.02837902837902838,0.0548072457036693,0.413345629110909,5
"['V10', 'V16', 'V8', 'V11', 'V9', 'V1']",0.7972972972972973,0.05923694779116466,0.1102803738317757,0.4128129293943571,6
"['V17', 'V8', 'V11', 'V9', 'V1', 'V2']",0.7837837837837838,0.02639963586709149,0.05107881990312638,0.41280116315456933,6
"['V10', 'V16', 'V8', 'V9', 'V1', 'V21']",0.7837837837837838,0.054613935969868174,0.10211267605633803,0.412343444681506,6
"['V10', 'V16', 'V17', 'V8', 'V9', 'V1', 'V2', 'V21']",0.7837837837837838,0.04654895666131621,0.08787878787878788,0.41216357734074394,8
"['V16', 'V17', 'V8', 'V11', 'V1', 'V21']",0.7837837837837838,0.023070803500397773,0.04482225656877898,0.41197096103128505,6
"['V10', 'V16', 'V8', 'V9', 'V1', 'V2', 'V21']",0.7837837837837838,0.055930568948891035,0.10441044104410441,0.4116873095335375,7
"['V4', 'V16', 'V8', 'V9', 'V21']",0.8243243243243243,0.022559171597633137,0.043916486681065514,0.41162985608280167,5
"['V10', 'V16', 'V17', 'V8', 'V9', 'V1', 'V21']",0.7837837837837838,0.046068308181096106,0.08702175543885972,0.41118502699661,7
"['V11', 'V1', 'V2']",0.8108108108108109,0.019305019305019305,0.03771213073538655,0.4108294945483578,3
"['V17', 'V9', 'V1', 'V2']",0.7297297297297297,0.022295623451692816,0.04326923076923077,0.41077529917814587,4
"['V16', 'V17', 'V8', 'V11', 'V2', 'V21']",0.7972972972972973,0.027076640660853604,0.052374611628939194,0.41034381310085766,6
"['V8', 'V11', 'V9', 'V21']",0.7837837837837838,0.018904823989569754,0.036919159770846595,0.4099186752022218,4
"['V4', 'V16', 'V8', 'V9', 'V1', 'V21']",0.8243243243243243,0.022517534145441123,0.04383758533956163,0.4090677856546139,6
"['V4', 'V16', 'V17', 'V8', 'V9', 'V21']",0.8243243243243243,0.022467771639042358,0.0437432771602725,0.40902732439537137,6
"['V4', 'V16', 'V17', 'V8', 'V9']",0.8243243243243243,0.02204553668232743,0.04294262583597325,0.4089549618163346,5
"['V4', 'V16', 'V8', 'V9']",0.8243243243243243,0.022053506869125092,0.04295774647887324,0.4080239103109937,4
"['V4', 'V16', 'V1', 'V21']",0.8378378378378378,0.021527777777777778,0.04197698036560596,0.4075380097542152,4
"['V4', 'V16', 'V17', 'V8', 'V9', 'V1', 'V21']",0.8243243243243243,0.022442972774098603,0.04369627507163324,0.40735874265979605,7
"['V4', 'V16', 'V17', 'V8', 'V21']",0.8243243243243243,0.02184031507339778,0.0425531914893617,0.4070832859473446,5
"['V17', 'V8', 'V11', 'V1', 'V2']",0.7972972972972973,0.024400330851943756,0.04735152487961477,0.4067527970357595,5
"['V10', 'V16', 'V17', 'V8', 'V11', 'V9', 'V1', 'V2']",0.7972972972972973,0.04957983193277311,0.09335443037974683,0.4066644438441338,8
"['V4', 'V16', 'V17', 'V1', 'V21']",0.8378378378378378,0.02117486338797814,0.041305796135909394,0.40637942671742405,5
"['V4', 'V17', 'V8', 'V9', 'V2']",0.8378378378378378,0.021908127208480566,0.04269972451790634,0.4062374564970563,5
"['V10', 'V16', 'V17', 'V8', 'V9', 'V2', 'V21']",0.7837837837837838,0.04556166535742341,0.08611729769858946,0.40598407385329055,7
"['V4', 'V16', 'V8', 'V21']",0.8243243243243243,0.02184031507339778,0.0425531914893617,0.4059170600710471,4
"['V4', 'V8', 'V11', 'V9', 'V21']",0.8378378378378378,0.026326963906581742,0.05104981473857555,0.4054209812284945,5
"['V10', 'V16', 'V17', 'V8', 'V11', 'V9', 'V1']",0.7972972972972973,0.049166666666666664,0.09262166405023547,0.40494451630208134,7
"['V17', 'V8', 'V11', 'V9', 'V2', 'V21']",0.7837837837837838,0.027658559847401048,0.053431598341777985,0.4038708526173074,6
"['V16', 'V17', 'V8', 'V9']",0.7567567567567568,0.014056224899598393,0.02759980285855101,0.4037471640603009,4
"['V4', 'V8', 'V11', 'V9']",0.8648648648648649,0.027095681625740897,0.052545155993431854,0.4035631190659437,4
"['V16', 'V8', 'V21']",0.7567567567567568,0.018893387314439947,0.03686635944700461,0.40349594441592695,3
"['V10', 'V16', 'V17', 'V8', 'V9', 'V21']",0.7837837837837838,0.044926413632842756,0.08498168498168499,0.4034476365389597,6
"['V17', 'V9', 'V1', 'V2', 'V21']",0.7432432432432432,0.022559474979491387,0.04378980891719745,0.403262929712422,5
"['V16', 'V17', 'V1', 'V2', 'V21']",0.7297297297297297,0.02452316076294278,0.04745166959578207,0.4031954849234578,5
"['V4', 'V16', 'V17', 'V8', 'V1', 'V21']",0.8243243243243243,0.021746880570409983,0.042375824939215004,0.4027761659626391,6
"['V4', 'V16', 'V8', 'V1', 'V21']",0.8243243243243243,0.021692745376955903,0.04227304227304227,0.40216596851202424,5
"['V16', 'V17', 'V1', 'V2']",0.7297297297297297,0.024053452115812918,0.04657179818887452,0.4003813789791599,4
"['V10', 'V16', 'V8', 'V9', 'V2', 'V21']",0.7837837837837838,0.05380333951762523,0.10069444444444445,0.4002702895287967,6
"['V4', 'V17', 'V11', 'V9', 'V1']",0.8243243243243243,0.02845149253731343,0.05500450856627592,0.40026653228704456,5
"['V17', 'V8', 'V11', 'V9', 'V1', 'V2', 'V21']",0.7972972972972973,0.027777777777777776,0.05368516833484986,0.40015091845314593,7
"['V4', 'V17', 'V8', 'V2', 'V21']",0.8378378378378378,0.021617852161785217,0.04214819850441876,0.3996323504093648,5
"['V17', 'V8', 'V1']",0.7027027027027027,0.0625,0.11479028697571744,0.39955047355773654,3
"['V4', 'V17', 'V8', 'V9', 'V2', 'V21']",0.8378378378378378,0.021542738012508687,0.04200542005420054,0.39934701571237713,6
"['V4', 'V16', 'V17', 'V8']",0.8243243243243243,0.021403508771929824,0.041723666210670314,0.3992510482451437,4
"['V4', 'V17', 'V8', 'V11', 'V9', 'V1']",0.8378378378378378,0.02930056710775047,0.05662100456621005,0.3991465856158163,6
"['V4', 'V16', 'V8']",0.8243243243243243,0.021121883656509695,0.041188386225523295,0.3990073996680066,3
"['V16', 'V1', 'V2', 'V21']",0.7297297297297297,0.023225806451612905,0.045018757815756566,0.3986977804822636,4
"['V16', 'V8', 'V11', 'V1', 'V2', 'V21']",0.7972972972972973,0.02837902837902838,0.0548072457036693,0.3985289794577043,6
"['V10', 'V16', 'V8', 'V9', 'V21']",0.7702702702702703,0.052534562211981564,0.09836065573770492,0.3980864146245182,5
"['V10', 'V8', 'V11', 'V9']",0.7837837837837838,0.055133079847908745,0.10301953818827708,0.39725154251737654,4
"['V16', 'V8', 'V9']",0.7567567567567568,0.013145539906103286,0.025842178126442086,0.3972262772539376,3
"['V16', 'V17', 'V8', 'V1', 'V2']",0.7297297297297297,0.02553191489361702,0.04933759707629054,0.3968997263375621,5
"['V16', 'V17', 'V8', 'V2']",0.7297297297297297,0.027878162106350027,0.05370462456489309,0.39668849314510657,4
"['V10', 'V8', 'V11', 'V9', 'V2']",0.7837837837837838,0.055080721747388414,0.10292812777284827,0.3963671452205682,5
"['V4', 'V16', 'V8', 'V9', 'V1']",0.8243243243243243,0.02194244604316547,0.042747021723896286,0.39630448553749453,5
"['V16', 'V1', 'V2']",0.7297297297297297,0.02232327408019843,0.04332129963898917,0.396036424206152,3
"['V4', 'V17', 'V11', 'V1']",0.8378378378378378,0.028904428904428906,0.0558810274898603,0.39575553411482145,4
"['V4', 'V16', 'V17', 'V8', 'V9', 'V1']",0.8243243243243243,0.02194244604316547,0.042747021723896286,0.39563159196565867,6
"['V10', 'V17', 'V8', 'V1', 'V2', 'V21']",0.7837837837837838,0.041726618705035974,0.07923497267759563,0.3952676243444955,6
"['V17', 'V11', 'V1']",0.7837837837837838,0.021245421245421246,0.04136947218259629,0.3943834474215778,3
"['V4', 'V16', 'V1']",0.8108108108108109,0.020540910647038686,0.04006677796327212,0.394140338903828,3
"['V4', 'V16', 'V17', 'V1']",0.8108108108108109,0.02037351443123939,0.03974826101358066,0.3934677840988182,4
"['V16', 'V17', 'V8', 'V11', 'V1', 'V2', 'V21']",0.7972972972972973,0.02658855340243353,0.05146096816397732,0.3931093878936971,7
"['V17', 'V8', 'V11', 'V9', 'V1']",0.7837837837837838,0.023070803500397773,0.04482225656877898,0.392240394811673,5
"['V17', 'V8', 'V11', 'V9', 'V1', 'V21']",0.7837837837837838,0.023976849937990905,0.04653028479743281,0.391922532416612,6
"['V8', 'V11', 'V2']",0.7972972972972973,0.017944038929440388,0.03509815585960738,0.3916773038422818,3
"['V10', 'V8', 'V1', 'V2', 'V21']",0.7837837837837838,0.03918918918918919,0.07464607464607464,0.3916147407024199,5
"['V10', 'V17', 'V8', 'V2', 'V21']",0.7837837837837838,0.04264705882352941,0.08089260808926081,0.39081638118779927,5
"['V4', 'V17', 'V8', 'V11', 'V1']",0.8513513513513513,0.029745042492917848,0.05748175182481752,0.39080065973658534,5
"['V16', 'V8', 'V2']",0.7297297297297297,0.023008095440988495,0.04460966542750929,0.39057879504316695,3
"['V16', 'V8', 'V1', 'V2']",0.7297297297297297,0.021897810218978103,0.04251968503937008,0.3904902346229803,4
"['V10', 'V8', 'V9', 'V1', 'V21']",0.7837837837837838,0.04817275747508306,0.09076682316118936,0.3892057355123994,5
"['V10', 'V17', 'V8', 'V11', 'V9', 'V2']",0.7837837837837838,0.050966608084358524,0.09570957095709572,0.38881402052751723,6
"['V10', 'V8', 'V9', 'V1', 'V2', 'V21']",0.7837837837837838,0.048252911813643926,0.09090909090909091,0.3878975149345387,6
"['V10', 'V17', 'V8', 'V11', 'V9']",0.7837837837837838,0.05083260297984225,0.09547325102880659,0.3878137385691054,5
"['V10', 'V8', 'V11', 'V9', 'V1']",0.7837837837837838,0.054104477611940295,0.1012216404886562,0.38664203462590335,5
"['V10', 'V8', 'V11', 'V9', 'V1', 'V2']",0.7837837837837838,0.054003724394785846,0.10104529616724739,0.3865033409999659,6
"['V8', 'V11', 'V9', 'V1', 'V2']",0.8108108108108109,0.023157082207641837,0.0450281425891182,0.38641836206590907,5
"['V10', 'V17', 'V8', 'V21']",0.7837837837837838,0.038436050364479786,0.07327858496525584,0.3855767891193413,4
"['V10', 'V17', 'V8', 'V1', 'V21']",0.7837837837837838,0.037760416666666664,0.07204968944099378,0.38543562928245273,5
"['V10', 'V8', 'V2', 'V21']",0.7837837837837838,0.04016620498614958,0.0764163372859025,0.3842814063633349,4
"['V10', 'V8', 'V9', 'V2', 'V21']",0.7837837837837838,0.04817275747508306,0.09076682316118936,0.3837883178895276,5
"['V4', 'V16', 'V17', 'V8', 'V1']",0.8243243243243243,0.021306322039818373,0.04153898535921008,0.3829957621557485,5
"['V11', 'V1', 'V21']",0.8108108108108109,0.017980221756068324,0.03518029903254178,0.3828556433262224,3
"['V10', 'V8', 'V9', 'V21']",0.7837837837837838,0.047736625514403296,0.0899922420480993,0.3827246410294935,4
"['V4', 'V17', 'V9', 'V21']",0.8513513513513513,0.021443158611300205,0.04183266932270916,0.38257475491563364,4
"['V4', 'V11', 'V1', 'V21']",0.8648648648648649,0.027491408934707903,0.05328892589508743,0.38234530426239854,4
"['V10', 'V17', 'V8', 'V9', 'V1', 'V2', 'V21']",0.7837837837837838,0.04499612102404965,0.0851063829787234,0.38228850484174914,7
"['V16', 'V17', 'V8', 'V1', 'V21']",0.7567567567567568,0.029106029106029108,0.056056056056056056,0.38212742762556434,5
"['V10', 'V17', 'V8', 'V9', 'V1', 'V21']",0.7837837837837838,0.04482225656877898,0.0847953216374269,0.38188168375050624,6
"['V4', 'V16', 'V8', 'V1']",0.8243243243243243,0.02110726643598616,0.04116059379217274,0.3818687715992052,4
"['V8', 'V11', 'V21']",0.8108108108108109,0.014789253142716292,0.029048656499636893,0.37899750230949114,3
"['V17', 'V2', 'V21']",0.7162162162162162,0.03724525650035137,0.07080828323313293,0.3786270510053538,3
"['V10', 'V17', 'V8', 'V9', 'V21']",0.7837837837837838,0.04397270659590599,0.0832735104091888,0.37853911012432695,5
"['V4', 'V8', 'V11', 'V9', 'V1', 'V21']",0.8378378378378378,0.026655202063628546,0.051666666666666666,0.37830404628497366,6
"['V10', 'V17', 'V8', 'V9', 'V2', 'V21']",0.7837837837837838,0.04410646387832699,0.08351331893448524,0.37805917109826176,6
"['V8', 'V11', 'V9', 'V1', 'V2', 'V21']",0.7972972972972973,0.024706867671691793,0.0479285134037368,0.3775157050224089,6
"['V10', 'V8', 'V21']",0.7972972972972973,0.037247474747474744,0.07117008443908324,0.3772772728325768,3
"['V10', 'V8', 'V1', 'V21']",0.7837837837837838,0.03602484472049689,0.0688836104513064,0.37604061163651914,4
"['V10', 'V16', 'V17', 'V8', 'V1', 'V2']",0.7837837837837838,0.04277286135693215,0.08111888111888112,0.37523852503897026,6
"['V4', 'V8', 'V11']",0.8648648648648649,0.02585858585858586,0.05021577089054531,0.37491406167619507,3
"['V17', 'V8', 'V11', 'V1']",0.7702702702702703,0.020948180815876516,0.0407871198568873,0.37475304769659923,4
"['V10', 'V16', 'V17', 'V8', 'V2']",0.7837837837837838,0.04489164086687306,0.0849194729136164,0.3712586092343262,5
"['V10', 'V16', 'V8', 'V1', 'V2']",0.7837837837837838,0.04662379421221865,0.08801213960546282,0.37097425550155055,5
"['V17', 'V8', 'V21']",0.7027027027027027,0.1001926782273603,0.17537942664418213,0.3702526302862997,3
"['V16', 'V17', 'V8', 'V9', 'V21']",0.7432432432432432,0.014596602972399151,0.028630921395106715,0.3700006825475459,5
"['V10', 'V17', 'V8', 'V11', 'V9', 'V1']",0.7837837837837838,0.04817275747508306,0.09076682316118936,0.3696864300711099,6
"['V4', 'V9', 'V1', 'V2', 'V21']",0.8513513513513513,0.01889622075584883,0.03697183098591549,0.36968340913840736,5
"['V10', 'V17', 'V8', 'V11', 'V9', 'V1', 'V2']",0.7837837837837838,0.04821280133000831,0.0908379013312451,0.36965813528316727,7
"['V4', 'V9', 'V2']",0.8243243243243243,0.019322141273360786,0.03775920767564222,0.36797308149575964,3
"['V4', 'V8', 'V11', 'V21']",0.8648648648648649,0.026424442609413706,0.05128205128205128,0.3678956707407975,4
"['V10', 'V16', 'V8', 'V2']",0.7837837837837838,0.047933884297520664,0.09034267912772585,0.36740885897375736,4
"['V16', 'V8', 'V9', 'V21']",0.7432432432432432,0.014146090534979424,0.027763755678950026,0.3660081844981808,4
"['V8', 'V11', 'V1', 'V2']",0.8243243243243243,0.01955755049695415,0.038208581271531476,0.36536671751488975,4
"['V17', 'V8', 'V2']",0.7162162162162162,0.03583502366463827,0.06825499034127495,0.36512907708264253,3
"['V4', 'V17', 'V21']",0.8513513513513513,0.021377672209026127,0.041708043694141016,0.3648850232977842,3
"['V17', 'V8', 'V11', 'V2', 'V21']",0.7702702702702703,0.02540106951871658,0.04918032786885246,0.3633004917174567,5
"['V17', 'V8', 'V9']",0.7432432432432432,0.017306482064191317,0.033825338253382534,0.3632031192818575,3
"['V8', 'V11', 'V9', 'V1', 'V21']",0.7837837837837838,0.021144732045205977,0.04117855875044373,0.3626957502266908,5
"['V10', 'V16', 'V17', 'V8']",0.7837837837837838,0.03795811518324607,0.07240948813982521,0.3617211722535173,4
"['V4', 'V9', 'V2', 'V21']",0.8513513513513513,0.02014066496163683,0.03935040599625234,0.36139323465831985,4
"['V8', 'V11', 'V9', 'V2', 'V21']",0.7837837837837838,0.02181271154569387,0.04244420051225759,0.360913221853295,5
"['V4', 'V8', 'V2']",0.8108108108108109,0.018709073900841908,0.0365742151782993,0.3606413134857935,3
"['V16', 'V17', 'V8', 'V9', 'V1', 'V2']",0.7567567567567568,0.02058066887173833,0.04007155635062612,0.35988820467629273,6
"['V16', 'V8', 'V9', 'V1', 'V2']",0.7567567567567568,0.021464162514373324,0.04174431606410734,0.3589068907012587,5
"['V10', 'V16', 'V8']",0.7837837837837838,0.03983516483516483,0.07581699346405228,0.35731699549393364,3
"['V4', 'V9', 'V1', 'V2']",0.8243243243243243,0.01780502043199066,0.03485714285714286,0.3547631352339051,4
"['V8', 'V11', 'V9', 'V1']",0.7837837837837838,0.01952204644900707,0.0380952380952381,0.35324476464373894,4
"['V4', 'V17', 'V8', 'V9', 'V21']",0.8513513513513513,0.020972037283621837,0.04093567251461988,0.3525018014804575,5
"['V4', 'V17', 'V9']",0.8378378378378378,0.02146814404432133,0.04186360567184335,0.352017327744655,3
"['V16', 'V8', 'V9', 'V1', 'V2', 'V21']",0.7567567567567568,0.021883548261039467,0.04253703000379795,0.350796492191429,6
"['V4', 'V8', 'V9', 'V1', 'V2']",0.8243243243243243,0.01836243226971704,0.035924617196702,0.34933732680350366,5
"['V16', 'V17', 'V8', 'V9', 'V2']",0.7297297297297297,0.021019852082522383,0.04086265607264472,0.34864582817221657,5
"['V16', 'V8', 'V9', 'V2']",0.7297297297297297,0.020995334370139968,0.04081632653061224,0.34862004648972705,4
"['V16', 'V17', 'V8', 'V9', 'V1', 'V2', 'V21']",0.7567567567567568,0.020950243172465393,0.0407717510010921,0.34822875484407884,7
"['V16', 'V8', 'V1', 'V21']",0.7567567567567568,0.020895522388059702,0.04066811909949165,0.3475487881932482,4
"['V17', 'V8', 'V11', 'V1', 'V2', 'V21']",0.7972972972972973,0.026094648385670056,0.050535331905781584,0.3470991609120726,6
"['V4', 'V11', 'V9', 'V1']",0.8378378378378378,0.02678185745140389,0.05190456257848472,0.3451652252511184,4
"['V17', 'V8', 'V11', 'V1', 'V21']",0.7837837837837838,0.022003034901365705,0.042804428044280446,0.3445951952256127,5
"['V4', 'V1', 'V2', 'V21']",0.8648648648648649,0.018411967779056387,0.036056338028169016,0.3442341829525922,4
"['V4', 'V17', 'V9', 'V1', 'V21']",0.8513513513513513,0.020355411954765753,0.039760176711896494,0.34397318977705355,5
"['V4', 'V8', 'V1', 'V2']",0.8378378378378378,0.017603634298693924,0.034482758620689655,0.3435757616275072,4
"['V16', 'V8', 'V9', 'V2', 'V21']",0.7567567567567568,0.02252614641995173,0.04375,0.34339127718500617,5
"['V10', 'V16', 'V17', 'V8', 'V1']",0.7837837837837838,0.036919159770846595,0.07051671732522796,0.34293081238857664,5
"['V16', 'V17', 'V8', 'V9', 'V2', 'V21']",0.7567567567567568,0.02204724409448819,0.04284621270084162,0.3405748156385089,6
"['V10', 'V16', 'V8', 'V1']",0.7837837837837838,0.0392156862745098,0.0746941403734707,0.33990952326369034,4
"['V16', 'V17', 'V8', 'V9', 'V1']",0.7567567567567568,0.014659685863874346,0.028762198253723677,0.33930353524573326,5
"['V16', 'V8', 'V9', 'V1']",0.7567567567567568,0.014455343314403717,0.028368794326241134,0.3371691836122543,4
"['V10', 'V17', 'V8', 'V1', 'V2']",0.7837837837837838,0.04139900071377588,0.07864406779661016,0.3364192391719955,5
"['V4', 'V1', 'V2']",0.8378378378378378,0.01739618406285073,0.034084661902144035,0.33593538332171824,3
"['V4', 'V8', 'V9', 'V2']",0.7972972972972973,0.018414481897627965,0.03599755948749237,0.3351156346995001,4
"['V10', 'V17', 'V8', 'V2']",0.7837837837837838,0.043674698795180725,0.08273894436519258,0.3350972282626448,4
"['V4', 'V8', 'V11', 'V9', 'V1']",0.8513513513513513,0.02728453876136856,0.05287452790600084,0.334928347758573,5
"['V4', 'V8', 'V11', 'V1', 'V21']",0.8648648648648649,0.027292110874200425,0.05291442744935924,0.3344744940397548,5
"['V17', 'V8', 'V1', 'V2']",0.7027027027027027,0.026409344845099034,0.05090553108174253,0.3322581525949059,4
"['V16', 'V8', 'V9', 'V1', 'V21']",0.7567567567567568,0.01533406352683461,0.030059044551798177,0.33217929941506635,5
"['V16', 'V17', 'V8', 'V9', 'V1', 'V21']",0.7567567567567568,0.015296367112810707,0.02998661311914324,0.33172034166279324,6
"['V10', 'V8', 'V1', 'V2']",0.7837837837837838,0.03734707018673535,0.07129686539643516,0.32850759289309034,4
"['V4', 'V17', 'V8', 'V9', 'V1', 'V21']",0.8513513513513513,0.020494469746258945,0.040025412960609914,0.32831453465788574,6
"['V4', 'V2', 'V21']",0.8108108108108109,0.019065776930409915,0.03725551071095933,0.32828690566916563,3
"['V4', 'V17', 'V8', 'V21']",0.8648648648648649,0.021319120586275817,0.04161248374512354,0.32791676257686425,4
"['V17', 'V1', 'V2', 'V21']",0.7162162162162162,0.027446918694976695,0.05286783042394015,0.32299841958489245,4
"['V10', 'V17', 'V8']",0.7837837837837838,0.03937542430414121,0.07498383968972204,0.321815029974054,3
"['V17', 'V1', 'V2']",0.7027027027027027,0.026422764227642278,0.050930460333006855,0.32140337585700135,3
"['V4', 'V17', 'V8', 'V9']",0.8513513513513513,0.021262234222072223,0.04148831083305894,0.3210620581674507,4
"['V10', 'V8', 'V2']",0.7837837837837838,0.03861517976031957,0.07360406091370558,0.32061191678563083,3
"['V10', 'V16', 'V17', 'V8', 'V9', 'V2']",0.7837837837837838,0.046586345381526104,0.08794541319181198,0.31897307131565766,6
"['V10', 'V16', 'V8', 'V9', 'V1', 'V2']",0.7837837837837838,0.05272727272727273,0.09880749574105621,0.3161162401967037,6
"['V10', 'V16', 'V17', 'V8', 'V9', 'V1', 'V2']",0.7837837837837838,0.0458498023715415,0.08663181478715459,0.3156733176863041,7
"['V4', 'V8', 'V9', 'V1', 'V2', 'V21']",0.8783783783783784,0.019768856447688565,0.03866745984533016,0.315640075164672,6
"['V4', 'V11', 'V1']",0.8648648648648649,0.027657735522904063,0.05360134003350084,0.3154682209755697,3
"['V10', 'V16', 'V8', 'V9', 'V2']",0.7837837837837838,0.05244122965641953,0.09830508474576272,0.31459651878077294,5
"['V4', 'V17', 'V8']",0.8648648648648649,0.02173174872665535,0.0423981450811527,0.31395314898925797,3
"['V17', 'V8', 'V9', 'V21']",0.7432432432432432,0.0168247170388498,0.03290457672749028,0.3132357396407753,4
"['V4', 'V17', 'V1', 'V21']",0.8648648648648649,0.020466901183242726,0.03998750390502968,0.3124972189129312,4
"['V10', 'V16', 'V8', 'V9', 'V1']",0.7837837837837838,0.04953031596925705,0.09317269076305221,0.3083444567009372,5
"['V10', 'V16', 'V17', 'V8', 'V9']",0.7837837837837838,0.045136186770428015,0.08535688005886681,0.30823877507974506,5
"['V10', 'V16', 'V8', 'V9']",0.7837837837837838,0.04987102321582115,0.09377526273241714,0.30715733609435264,4
"['V10', 'V17', 'V8', 'V1']",0.7837837837837838,0.03670886075949367,0.07013301088270858,0.30408443680832586,4
"['V4', 'V17', 'V8', 'V1', 'V21']",0.8648648648648649,0.020545746388443017,0.04013797428661022,0.3035106565866049,5
"['V10', 'V16', 'V17', 'V8', 'V9', 'V1']",0.7837837837837838,0.0436418359668924,0.08267997148966501,0.30063771257582006,6
"['V17', 'V8', 'V9', 'V1', 'V2']",0.7432432432432432,0.023809523809523808,0.04614093959731544,0.30028351982954177,5
"['V17', 'V8', 'V9', 'V1', 'V2', 'V21']",0.7432432432432432,0.023464163822525596,0.045492142266335814,0.2988645304429523,6
"['V4', 'V8', 'V11', 'V1']",0.8783783783783784,0.0275657336726039,0.05345394736842105,0.29823191150320894,4
"['V16', 'V17', 'V8', 'V1', 'V2', 'V21']",0.7297297297297297,0.025763358778625955,0.04976958525345622,0.29661357740305794,6
"['V17', 'V8', 'V9', 'V2']",0.7432432432432432,0.02849740932642487,0.054890219560878244,0.29658722890995115,4
"['V16', 'V17', 'V8', 'V2', 'V21']",0.7297297297297297,0.02843601895734597,0.05473897617840851,0.2965131616246141,5
"['V17', 'V8', 'V9', 'V1']",0.7432432432432432,0.017001545595054096,0.03324267150196434,0.2962848659728191,4
"['V4', 'V17', 'V8', 'V9', 'V1']",0.8648648648648649,0.020732102364755426,0.04049351471053464,0.29552711522794645,5
"['V4', 'V17', 'V9', 'V1']",0.8513513513513513,0.020401554404145077,0.03984819734345351,0.2943696560082305,4
"['V16', 'V8', 'V1', 'V2', 'V21']",0.7297297297297297,0.023265833692373977,0.04509394572025052,0.29185892836960753,5
"['V10', 'V8', 'V1']",0.7837837837837838,0.03368176538908246,0.0645879732739421,0.2915157621381456,3
"['V17', 'V8', 'V9', 'V2', 'V21']",0.7432432432432432,0.02717391304347826,0.052430886558627265,0.28542428222226623,5
"['V17', 'V8', 'V9', 'V1', 'V21']",0.7432432432432432,0.016651528913109295,0.03257328990228013,0.2853519319924519,5
"['V4', 'V8', 'V1', 'V2', 'V21']",0.8648648648648649,0.018691588785046728,0.03659233847913093,0.28525351758755624,5
"['V8', 'V11', 'V1']",0.8243243243243243,0.017319704713231118,0.0339265850945495,0.28433086214957853,3
"['V4', 'V8', 'V9', 'V2', 'V21']",0.8378378378378378,0.01939924906132666,0.037920489296636085,0.2840749606296227,5
"['V16', 'V8', 'V2', 'V21']",0.7297297297297297,0.02452316076294278,0.04745166959578207,0.2839964538296721,4
"['V4', 'V9', 'V21']",0.8378378378378378,0.019350811485642945,0.037827943868212324,0.28381180980833814,3
"['V17', 'V8', 'V1', 'V21']",0.7162162162162162,0.0541922290388548,0.10076045627376426,0.28377562492022224,4
"['V8', 'V11', 'V1', 'V2', 'V21']",0.8243243243243243,0.021646557842441447,0.042185338865836794,0.2828393620785104,5
"['V8', 'V11', 'V2', 'V21']",0.7972972972972973,0.01938239159001314,0.03784477228992944,0.27257982769841915,4
"['V10', 'V17', 'V8', 'V9']",0.7837837837837838,0.043219076005961254,0.08192090395480225,0.27186162803653835,4
"['V10', 'V8', 'V9']",0.7837837837837838,0.04312267657992565,0.0817477096546864,0.27119142893661136,3
"['V10', 'V17', 'V8', 'V9', 'V2']",0.7837837837837838,0.04424103737604882,0.08375451263537906,0.26994784172060365,5
"['V10', 'V8', 'V9', 'V2']",0.7837837837837838,0.044274809160305344,0.0838150289017341,0.2698621241510831,4
"['V10', 'V8', 'V9', 'V1', 'V2']",0.7837837837837838,0.04397270659590599,0.0832735104091888,0.2687784831916519,5
"['V9', 'V1', 'V2', 'V21']",0.7027027027027027,0.012045401899467222,0.023684809838305624,0.2684655000497996,4
"['V8', 'V11', 'V1', 'V21']",0.8513513513513513,0.019260165087129317,0.03766816143497758,0.26739125175401796,4
"['V10', 'V17', 'V8', 'V9', 'V1', 'V2']",0.7837837837837838,0.043154761904761904,0.08180535966149506,0.26417488668576683,6
"['V4', 'V17', 'V1']",0.8513513513513513,0.020283322601416614,0.03962264150943396,0.26311378730048757,3
"['V10', 'V8', 'V9', 'V1']",0.7837837837837838,0.042366691015339665,0.08038808038808039,0.2605462930014517,4
"['V9', 'V1', 'V2']",0.7027027027027027,0.01113728849860784,0.021927050390048494,0.25959259798942774,3
"['V10', 'V17', 'V8', 'V9', 'V1']",0.7837837837837838,0.04175665946724262,0.07928913192071087,0.2582752372512778,5
"['V4', 'V17', 'V8', 'V1']",0.8648648648648649,0.020671834625323,0.04037854889589906,0.25181087405355895,4
"['V4', 'V8', 'V2', 'V21']",0.8108108108108109,0.01854714064914992,0.03626473254759746,0.238426046934212,4
"['V9', 'V2', 'V21']",0.6891891891891891,0.012940877949758945,0.025404732254047324,0.23817479222777935,3
"['V4', 'V8', 'V9']",0.8243243243243243,0.018746158574062692,0.03665865384615385,0.23810758935275067,3
"['V4', 'V9', 'V1', 'V21']",0.8243243243243243,0.017640254482359747,0.03454133635334088,0.23219632229367804,4
"['V8', 'V9', 'V1', 'V2']",0.7027027027027027,0.011151619129315891,0.021954823728097952,0.22553442084539402,4
"['V4', 'V8', 'V9', 'V1', 'V21']",0.8243243243243243,0.017722254503195815,0.034698521046643914,0.22252185006108433,5
"['V9', 'V1', 'V21']",0.7027027027027027,0.009483859201167245,0.018715134065143062,0.22140267180642642,3
"['V4', 'V8', 'V9', 'V21']",0.8513513513513513,0.019271948608137045,0.03769069697876159,0.2157070660347129,4
"['V17', 'V8', 'V2', 'V21']",0.7162162162162162,0.03557046979865772,0.06777493606138107,0.21441211080040787,4
"['V17', 'V8', 'V1', 'V2', 'V21']",0.7162162162162162,0.02713773681515617,0.05229403058707449,0.20044743955204503,5
"['V8', 'V9', 'V2']",0.6891891891891891,0.011832946635730859,0.023266423357664233,0.19923248707786384,3
"['V4', 'V9', 'V1']",0.8243243243243243,0.017344327551890817,0.033973823447507656,0.16784311831633725,3
"['V4', 'V8', 'V21']",0.8513513513513513,0.018404907975460124,0.036030883614526735,0.16554072630397332,3
"['V8', 'V9', 'V1', 'V2', 'V21']",0.7297297297297297,0.01269691982130261,0.02495955627455512,0.1637374555415795,5
"['V8', 'V9', 'V1']",0.6621621621621622,0.008370345063204646,0.016531713900134953,0.16234087190806723,3
"['V4', 'V8', 'V1', 'V21']",0.8378378378378378,0.017184035476718405,0.03367734926670288,0.16183290044926654,4
"['V4', 'V1', 'V21']",0.8243243243243243,0.016864805087088746,0.03305337306962883,0.16158420342925572,3
"['V4', 'V8', 'V9', 'V1']",0.8378378378378378,0.017709225935447014,0.03468531468531469,0.15792260601845642,4
"['V8', 'V9', 'V1', 'V21']",0.7297297297297297,0.009895547003848268,0.019526306273729886,0.1375042669861236,4
"['V8', 'V9', 'V21']",0.6621621621621622,0.008155792276964047,0.01611312068398553,0.13392896719594652,3
"['V8', 'V1', 'V2']",0.7027027027027027,0.00968342644320298,0.019103600293901544,0.1335870229886144,3
"['V8', 'V9', 'V2', 'V21']",0.6756756756756757,0.0126806999746386,0.024894199651481205,0.1194481085122927,4
"['V1', 'V2', 'V21']",0.7027027027027027,0.011476495254910615,0.02258414766558089,0.11778250879422313,3
"['V4', 'V8', 'V1']",0.8243243243243243,0.016571583808747622,0.03249001331557923,0.11663737928356856,3
"['V8', 'V1', 'V2', 'V21']",0.7297297297297297,0.012368300503893724,0.024324324324324326,0.07112420647410012,4
"['V8', 'V2', 'V21']",0.7027027027027027,0.013147914032869785,0.025812856788284936,0.06306983392175097,3
"['V8', 'V1', 'V21']",0.7162162162162162,0.009086233499057088,0.017944811240900627,0.05872377240219095,3
