features,recall,precision,f1,pr_auc,n_features
"['V4', 'V10', 'V14', 'V12', 'V8']",0.9285714285714286,0.056910569105691054,0.10724808485562758,0.7138924358957636,5
"['V4', 'V10', 'V14', 'V12', 'V8', 'V17', 'V11', 'V5']",0.9285714285714286,0.05810983397190294,0.109375,0.7244451883836519,8
"['V4', 'V14', 'V12', 'V17', 'V11', 'V5']",0.9285714285714286,0.052968568102444706,0.10022026431718062,0.6669732197655953,6
"['V4', 'V10', 'V14', 'V12', 'V17']",0.9285714285714286,0.0568039950062422,0.10705882352941176,0.6998390225134111,5
"['V4', 'V10', 'V14', 'V12', 'V11']",0.9285714285714286,0.059789750328515114,0.11234567901234568,0.7034988856071557,5
"['V4', 'V10', 'V14', 'V12', 'V20']",0.9285714285714286,0.05859626529298133,0.11023622047244094,0.689330208057775,5
"['V4', 'V10', 'V14', 'V12', 'V5']",0.9285714285714286,0.05848329048843188,0.11003627569528417,0.6982212199891994,5
"['V4', 'V10', 'V14', 'V12', 'V21']",0.9285714285714286,0.056981840951784594,0.10737463126843658,0.7050533964717529,5
"['V4', 'V10', 'V16', 'V12', 'V8']",0.9285714285714286,0.047028423772609816,0.08952287260206591,0.6164537826874478,5
"['V4', 'V10', 'V16', 'V12', 'V17']",0.9285714285714286,0.043312708234174206,0.08276489313324238,0.6586504048901838,5
"['V4', 'V10', 'V16', 'V12', 'V11']",0.9285714285714286,0.04924242424242424,0.09352517985611511,0.6810415371164357,5
"['V4', 'V10', 'V16', 'V12', 'V5']",0.9285714285714286,0.048352816153028694,0.09191919191919191,0.6611816517417598,5
"['V4', 'V10', 'V16', 'V12', 'V1']",0.9285714285714286,0.04710144927536232,0.0896551724137931,0.6519252214470597,5
"['V4', 'V10', 'V16', 'V12', 'V21']",0.9285714285714286,0.04900376952073236,0.09309462915601023,0.660205554627846,5
"['V4', 'V10', 'V16', 'V8', 'V11']",0.9285714285714286,0.05103757711721817,0.09675704412546518,0.5805814213787758,5
"['V4', 'V10', 'V16', 'V11', 'V21']",0.9285714285714286,0.05281485780615206,0.09994508511806699,0.647775053919519,5
"['V4', 'V10', 'V12', 'V8', 'V17']",0.9285714285714286,0.04602933737986849,0.08771084337349398,0.5855497086018228,5
"['V4', 'V10', 'V12', 'V8', 'V11']",0.9285714285714286,0.04809725158562368,0.0914572864321608,0.6061121887292166,5
"['V4', 'V10', 'V12', 'V8', 'V5']",0.9285714285714286,0.04719917012448133,0.08983218163869694,0.6016059615286193,5
"['V4', 'V10', 'V12', 'V8', 'V1']",0.9285714285714286,0.04614604462474645,0.08792270531400966,0.5882339451106045,5
"['V4', 'V10', 'V12', 'V8', 'V21']",0.9285714285714286,0.046052631578947366,0.08775313404050145,0.6264262292206649,5
"['V4', 'V10', 'V14', 'V12', 'V8', 'V17', 'V11', 'V20']",0.9285714285714286,0.0603448275862069,0.1133250311332503,0.7070070003690508,8
"['V4', 'V10', 'V14', 'V12', 'V8', 'V17', 'V11', 'V1']",0.9285714285714286,0.05998681608437706,0.11269349845201239,0.7145465090345731,8
"['V4', 'V10', 'V14', 'V12', 'V17', 'V20', 'V5', 'V1']",0.9285714285714286,0.05955497382198953,0.11193111931119311,0.6839337272519582,8
"['V4', 'V10', 'V14', 'V12', 'V8', 'V17', 'V11', 'V21']",0.9285714285714286,0.05867182462927144,0.11036992116434202,0.7222814911242412,8
"['V4', 'V10', 'V14', 'V12', 'V17', 'V11', 'V20', 'V21']",0.9285714285714286,0.059947299077733864,0.11262376237623763,0.6927141821740865,8
"['V4', 'V10', 'V14', 'V12', 'V17', 'V11', 'V20', 'V1']",0.9285714285714286,0.06095110515740121,0.11439346323067254,0.6775190345656634,8
"['V4', 'V10', 'V14', 'V12', 'V17', 'V11', 'V20', 'V5']",0.9285714285714286,0.05870967741935484,0.1104368932038835,0.691363594752492,8
"['V4', 'V10', 'V14', 'V12', 'V8', 'V5', 'V1', 'V21']",0.9285714285714286,0.056,0.10562971561230412,0.7207640796398206,8
"['V4', 'V10', 'V14', 'V12', 'V8', 'V20', 'V1', 'V21']",0.9285714285714286,0.05548780487804878,0.1047180667433832,0.71081261539804,8
"['V4', 'V10', 'V14', 'V12', 'V8', 'V20', 'V5', 'V21']",0.9285714285714286,0.056592039800995024,0.10668229777256741,0.7167657445929189,8
"['V4', 'V10', 'V14', 'V12', 'V8', 'V20', 'V5', 'V1']",0.9285714285714286,0.057741116751269035,0.1087216248506571,0.7064838672195879,8
"['V4', 'V10', 'V14', 'V12', 'V8', 'V11', 'V1', 'V21']",0.9285714285714286,0.05759493670886076,0.10846245530393325,0.7180617805032823,8
"['V4', 'V10', 'V14', 'V12', 'V8', 'V11', 'V5', 'V21']",0.9285714285714286,0.05472038484666266,0.1033503691084611,0.7207103881297157,8
"['V4', 'V10', 'V14', 'V12', 'V8', 'V11', 'V5', 'V1']",0.9285714285714286,0.05627705627705628,0.10612244897959183,0.7143017023251892,8
"['V4', 'V10', 'V14', 'V12', 'V8', 'V11', 'V20', 'V21']",0.9285714285714286,0.05792488860598345,0.10904733373277412,0.710928186260355,8
"['V4', 'V10', 'V14', 'V12', 'V8', 'V11', 'V20', 'V1']",0.9285714285714286,0.05947712418300653,0.11179361179361179,0.7045155508636124,8
"['V4', 'V10', 'V14', 'V12', 'V8', 'V11', 'V20', 'V5']",0.9285714285714286,0.056910569105691054,0.10724808485562758,0.7086662114950735,8
"['V4', 'V10', 'V14', 'V12', 'V8', 'V17', 'V1', 'V21']",0.9285714285714286,0.055623471882640586,0.104959630911188,0.719338374025082,8
"['V4', 'V10', 'V14', 'V12', 'V8', 'V17', 'V5', 'V21']",0.9285714285714286,0.05655686761963953,0.10661980082015231,0.7277471013567008,8
"['V4', 'V10', 'V14', 'V12', 'V8', 'V17', 'V5', 'V1']",0.9285714285714286,0.05848329048843188,0.11003627569528417,0.7252832991037818,8
"['V4', 'V10', 'V14', 'V12', 'V8', 'V17', 'V20', 'V21']",0.9285714285714286,0.05569155446756426,0.10508083140877598,0.711306714586502,8
"['V4', 'V10', 'V14', 'V12', 'V8', 'V17', 'V20', 'V1']",0.9285714285714286,0.05803571428571429,0.1092436974789916,0.7046553846423979,8
"['V4', 'V10', 'V14', 'V12', 'V8', 'V17', 'V20', 'V5']",0.9285714285714286,0.05874757908327954,0.11050394656952034,0.7180408153438146,8
"['V4', 'V10', 'V12', 'V17', 'V11']",0.9285714285714286,0.047150259067357515,0.08974358974358974,0.6546935753168996,5
"['V4', 'V10', 'V12', 'V17', 'V5']",0.9285714285714286,0.047819232790331054,0.09095452273863068,0.6424645114773707,5
"['V4', 'V10', 'V12', 'V17', 'V1']",0.9285714285714286,0.04413191076624636,0.08425925925925926,0.618940329510153,5
"['V4', 'V10', 'V12', 'V17', 'V21']",0.9285714285714286,0.0465711361310133,0.08869395711500974,0.6391974436071514,5
"['V4', 'V14', 'V12', 'V11', 'V1']",0.9285714285714286,0.05788804071246819,0.1089820359281437,0.6672213458575752,5
"['V4', 'V14', 'V12', 'V11', 'V21']",0.9285714285714286,0.05508474576271186,0.104,0.6801462644554416,5
"['V4', 'V14', 'V12', 'V20', 'V5']",0.9285714285714286,0.05022075055187638,0.09528795811518324,0.6666956646036335,5
"['V4', 'V14', 'V12', 'V20', 'V1']",0.9285714285714286,0.052479815455594,0.09934497816593886,0.662659552444169,5
"['V4', 'V14', 'V12', 'V20', 'V21']",0.9285714285714286,0.05063995548135782,0.09604221635883906,0.6743713118218915,5
"['V4', 'V14', 'V12', 'V5', 'V1']",0.9285714285714286,0.05044345898004435,0.09568874868559411,0.6620886037316988,5
"['V4', 'V14', 'V12', 'V5', 'V21']",0.9285714285714286,0.04953728905824714,0.09405684754521963,0.6744958448278552,5
"['V4', 'V14', 'V12', 'V1', 'V21']",0.9285714285714286,0.05188141391106044,0.09827213822894168,0.6706380598507373,5
"['V4', 'V14', 'V12', 'V20', 'V5', 'V1', 'V21']",0.9285714285714286,0.050304035378662244,0.09543786051389617,0.6659220775132771,7
"['V4', 'V14', 'V12', 'V11', 'V20', 'V5', 'V21']",0.9285714285714286,0.05390995260663507,0.1019036954087346,0.6751378509981775,7
"['V4', 'V14', 'V12', 'V11', 'V20', 'V5', 'V1']",0.9285714285714286,0.056,0.10562971561230412,0.6609025053028582,7
"['V4', 'V14', 'V12', 'V17', 'V5', 'V1', 'V21']",0.9285714285714286,0.05019305019305019,0.09523809523809523,0.6603006426997542,7
"['V4', 'V14', 'V12', 'V17', 'V20', 'V1', 'V21']",0.9285714285714286,0.050980392156862744,0.09665427509293681,0.658342126417899,7
"['V4', 'V14', 'V12', 'V17', 'V20', 'V5', 'V21']",0.9285714285714286,0.04972677595628415,0.09439834024896265,0.6686467047509322,7
"['V4', 'V14', 'V12', 'V17', 'V20', 'V5', 'V1']",0.9285714285714286,0.05086640581330352,0.09644939056703762,0.6519367412271714,7
"['V4', 'V14', 'V12', 'V17', 'V11', 'V5', 'V21']",0.9285714285714286,0.05312317571511967,0.10049696300386526,0.6740262248407917,7
"['V4', 'V14', 'V12', 'V17', 'V11', 'V5', 'V1']",0.9285714285714286,0.05458908218356329,0.10311614730878187,0.6585799515568528,7
"['V4', 'V14', 'V12', 'V17', 'V11', 'V20', 'V21']",0.9285714285714286,0.054038004750593824,0.10213243546576879,0.6712443147445706,7
"['V4', 'V14', 'V12', 'V17', 'V11', 'V20', 'V1']",0.9285714285714286,0.056416615003099815,0.10637054354178843,0.6529508186271518,7
"['V4', 'V14', 'V12', 'V11', 'V5']",0.9285714285714286,0.054198927933293624,0.10241980866629151,0.6710512290335802,5
"['V4', 'V14', 'V12', 'V11', 'V20']",0.9285714285714286,0.055051421657592255,0.10394060536836093,0.6713418402343091,5
"['V4', 'V14', 'V12', 'V17', 'V21']",0.9285714285714286,0.050837988826815644,0.09639830508474577,0.6700324398419878,5
"['V4', 'V10', 'V17', 'V11', 'V21']",0.9285714285714286,0.05432835820895522,0.10265087422447829,0.6237834919381877,5
"['V4', 'V10', 'V12', 'V11', 'V5']",0.9285714285714286,0.05220883534136546,0.09885931558935361,0.6576715549868851,5
"['V4', 'V10', 'V12', 'V11', 'V1']",0.9285714285714286,0.04845580404685836,0.09210526315789473,0.642564254643134,5
"['V4', 'V10', 'V12', 'V11', 'V21']",0.9285714285714286,0.052089295935890095,0.0986449864498645,0.662772388549749,5
"['V4', 'V10', 'V12', 'V5', 'V1']",0.9285714285714286,0.04722366372599896,0.08987654320987655,0.6313466313900324,5
"['V4', 'V10', 'V12', 'V5', 'V21']",0.9285714285714286,0.049429657794676805,0.09386281588447654,0.6424228598070487,5
"['V4', 'V10', 'V12', 'V1', 'V21']",0.9285714285714286,0.04797047970479705,0.0912280701754386,0.630610138253316,5
"['V4', 'V10', 'V8', 'V17', 'V11']",0.9285714285714286,0.05290697674418605,0.1001100110011001,0.5348905156326578,5
"['V4', 'V10', 'V8', 'V11', 'V21']",0.9285714285714286,0.05167518455423055,0.0979020979020979,0.5988625183879251,5
"['V4', 'V14', 'V12', 'V8', 'V17']",0.9285714285714286,0.050980392156862744,0.09665427509293681,0.6925344754845222,5
"['V4', 'V14', 'V12', 'V17', 'V1']",0.9285714285714286,0.05161656267725468,0.09779688339602365,0.6568751974199452,5
"['V4', 'V14', 'V12', 'V8', 'V11']",0.9285714285714286,0.056138186304750155,0.10587550901687028,0.6911991983800237,5
"['V4', 'V14', 'V12', 'V8', 'V20']",0.9285714285714286,0.050923335198656966,0.09655172413793103,0.6937011729795248,5
"['V4', 'V14', 'V12', 'V8', 'V5']",0.9285714285714286,0.05063995548135782,0.09604221635883906,0.6865765989381479,5
"['V4', 'V14', 'V12', 'V8', 'V1']",0.9285714285714286,0.051094890510948905,0.09686003193187866,0.6881415545074108,5
"['V4', 'V14', 'V12', 'V8', 'V21']",0.9285714285714286,0.049429657794676805,0.09386281588447654,0.6922444405333424,5
"['V4', 'V14', 'V12', 'V17', 'V11']",0.9285714285714286,0.05439330543933055,0.10276679841897234,0.6704456679210978,5
"['V4', 'V14', 'V12', 'V17', 'V20']",0.9285714285714286,0.0509518477043673,0.09660297239915075,0.661404120937726,5
"['V4', 'V14', 'V12', 'V17', 'V5']",0.9285714285714286,0.050165380374862185,0.09518828451882845,0.6642319076976132,5
"['V4', 'V10', 'V14', 'V12', 'V17', 'V11', 'V5', 'V21']",0.9285714285714286,0.057667934093789605,0.10859188544152745,0.7018491637988389,8
"['V4', 'V10', 'V14', 'V12', 'V17', 'V20', 'V5', 'V21']",0.9285714285714286,0.05971128608923885,0.11220715166461159,0.6930127024522992,8
"['V4', 'V10', 'V16', 'V12', 'V8', 'V11', 'V5', 'V1', 'V21']",0.9285714285714286,0.050415512465373964,0.09563846558066211,0.6897836599709836,9
"['V4', 'V10', 'V16', 'V12']",0.9285714285714286,0.04749478079331942,0.0903674280039722,0.6642975489049139,4
"['V4', 'V10', 'V12', 'V8']",0.9285714285714286,0.04628687690742624,0.08817829457364341,0.5866768418734688,4
"['V4', 'V10', 'V12', 'V17']",0.9285714285714286,0.04469548133595285,0.08528584817244611,0.6414937960882574,4
"['V4', 'V10', 'V12', 'V11']",0.9285714285714286,0.04967248908296943,0.09430051813471503,0.6639002645121279,4
"['V4', 'V10', 'V12', 'V5']",0.9285714285714286,0.04802110817941953,0.09131961866532864,0.6434174840605187,4
"['V4', 'V10', 'V12', 'V1']",0.9285714285714286,0.0457286432160804,0.0871647509578544,0.6288635162821172,4
"['V4', 'V10', 'V12', 'V21']",0.9285714285714286,0.048327137546468404,0.09187279151943463,0.6462590134865146,4
"['V4', 'V14', 'V12', 'V17', 'V20', 'V5', 'V1', 'V21']",0.9285714285714286,0.05052748473070516,0.09583991574512901,0.6584813230661922,8
"['V4', 'V14', 'V12', 'V17', 'V11', 'V20', 'V1', 'V21']",0.9285714285714286,0.056592039800995024,0.10668229777256741,0.6596501330526923,8
"['V4', 'V14', 'V12', 'V17', 'V11', 'V20', 'V5', 'V21']",0.9285714285714286,0.05324751316559392,0.10071942446043165,0.6718558608435341,8
"['V4', 'V14', 'V12', 'V17', 'V11', 'V20', 'V5', 'V1']",0.9285714285714286,0.0548854041013269,0.10364464692482915,0.6552611995482551,8
"['V4', 'V14', 'V12', 'V8', 'V20', 'V5', 'V1', 'V21']",0.9285714285714286,0.049189189189189186,0.09342915811088295,0.6906407875269118,8
"['V4', 'V10', 'V11', 'V21']",0.9285714285714286,0.05416666666666667,0.10236220472440945,0.6230051931814714,4
"['V4', 'V14', 'V12', 'V8', 'V11', 'V5', 'V1', 'V21']",0.9285714285714286,0.05397390272835113,0.10201793721973094,0.6911163062066709,8
"['V4', 'V14', 'V12', 'V8', 'V11', 'V20', 'V1', 'V21']",0.9285714285714286,0.05439330543933055,0.10276679841897234,0.696905669358963,8
"['V4', 'V14', 'V12', 'V8', 'V11', 'V20', 'V5', 'V21']",0.9285714285714286,0.053878034339846066,0.10184667039731393,0.6957328205166651,8
"['V4', 'V14', 'V12', 'V8', 'V11', 'V20', 'V5', 'V1']",0.9285714285714286,0.0548854041013269,0.10364464692482915,0.6848839557423502,8
"['V4', 'V14', 'V12', 'V8', 'V17', 'V5', 'V1', 'V21']",0.9285714285714286,0.04910955207771182,0.09328549461814455,0.6921567904463454,8
"['V4', 'V14', 'V12', 'V8']",0.9285714285714286,0.0509518477043673,0.09660297239915075,0.6924270543958757,4
"['V4', 'V14', 'V12', 'V17']",0.9285714285714286,0.051181102362204724,0.09701492537313433,0.6668523153375064,4
"['V4', 'V10', 'V16', 'V11']",0.9285714285714286,0.05257076834199884,0.09950792782941498,0.6522166148189399,4
"['V4', 'V10', 'V14', 'V12']",0.9285714285714286,0.05726872246696035,0.1078838174273859,0.7026475131492523,4
"['V4', 'V10', 'V14', 'V12', 'V17', 'V20', 'V1', 'V21']",0.9285714285714286,0.05859626529298133,0.11023622047244094,0.680015548346795,8
"['V4', 'V10', 'V14', 'V16', 'V12', 'V8', 'V17', 'V20', 'V1']",0.9285714285714286,0.0574857864813645,0.10826888756692445,0.7397436285233824,9
"['V4', 'V10', 'V16', 'V12', 'V8', 'V17', 'V11', 'V1', 'V21']",0.9285714285714286,0.0467866323907455,0.08908467939304944,0.6681025275476785,9
"['V4', 'V10', 'V16', 'V12', 'V8', 'V17', 'V11', 'V5', 'V21']",0.9285714285714286,0.049429657794676805,0.09386281588447654,0.6729565386851154,9
"['V4', 'V10', 'V16', 'V12', 'V8', 'V17', 'V11', 'V5', 'V1']",0.9285714285714286,0.0490301724137931,0.0931422722620266,0.6575764538191065,9
"['V4', 'V10', 'V14', 'V12', 'V17', 'V11', 'V20', 'V5', 'V21']",0.9285714285714286,0.05901426718547341,0.11097560975609756,0.6958995776784018,9
"['V4', 'V10', 'V14', 'V12', 'V8', 'V20', 'V5', 'V1', 'V21']",0.9285714285714286,0.05666251556662515,0.1068075117370892,0.7172673904015612,9
"['V4', 'V10', 'V14', 'V12', 'V8', 'V11', 'V5', 'V1', 'V21']",0.9285714285714286,0.054819277108433734,0.10352673492605233,0.7210214538407436,9
"['V4', 'V10', 'V14', 'V12', 'V8', 'V11', 'V20', 'V1', 'V21']",0.9285714285714286,0.05770450221940393,0.10865671641791044,0.7117585312611366,9
"['V4', 'V10', 'V14', 'V12', 'V8', 'V11', 'V20', 'V5', 'V21']",0.9285714285714286,0.055793991416309016,0.10526315789473684,0.7177435513217839,9
"['V4', 'V10', 'V14', 'V12', 'V8', 'V11', 'V20', 'V5', 'V1']",0.9285714285714286,0.05683947532792005,0.10712183637433785,0.7097912922977685,9
"['V4', 'V10', 'V14', 'V12', 'V8', 'V17', 'V5', 'V1', 'V21']",0.9285714285714286,0.056768558951965066,0.10699588477366255,0.7308603411533433,9
"['V4', 'V10', 'V14', 'V12', 'V8', 'V17', 'V20', 'V1', 'V21']",0.9285714285714286,0.0558282208588957,0.10532407407407407,0.7132012457163042,9
"['V4', 'V10', 'V14', 'V12', 'V8', 'V17', 'V20', 'V5', 'V21']",0.9285714285714286,0.0571608040201005,0.1076923076923077,0.7239515479767918,9
"['V4', 'V10', 'V14', 'V12', 'V8', 'V17', 'V20', 'V5', 'V1']",0.9285714285714286,0.05920624593363696,0.11131498470948012,0.7209766126821892,9
"['V4', 'V10', 'V14', 'V12', 'V8', 'V17', 'V11', 'V1', 'V21']",0.9285714285714286,0.0586340206185567,0.1103030303030303,0.7223488311532887,9
"['V4', 'V10', 'V14', 'V12', 'V8', 'V17', 'V11', 'V5', 'V21']",0.9285714285714286,0.0568039950062422,0.10705882352941176,0.7290281043755091,9
"['V4', 'V10', 'V14', 'V12', 'V8', 'V17', 'V11', 'V5', 'V1']",0.9285714285714286,0.05810983397190294,0.109375,0.7275117156363661,9
"['V4', 'V10', 'V14', 'V12', 'V8', 'V17', 'V11', 'V20', 'V21']",0.9285714285714286,0.05844572896596018,0.10996978851963746,0.7167202862427968,9
"['V4', 'V10', 'V14', 'V12', 'V8', 'V17', 'V11', 'V20', 'V1']",0.9285714285714286,0.06038487060384871,0.1133956386292835,0.7063335783079737,9
"['V4', 'V10', 'V14', 'V12', 'V8', 'V17', 'V11', 'V20', 'V5']",0.9285714285714286,0.05870967741935484,0.1104368932038835,0.7210219862226935,9
"['V4', 'V14', 'V12', 'V11']",0.9285714285714286,0.05501813784764208,0.10388127853881278,0.6769744002259053,4
"['V4', 'V14', 'V12', 'V20']",0.9285714285714286,0.050980392156862744,0.09665427509293681,0.6698100481363524,4
"['V4', 'V14', 'V12', 'V5']",0.9285714285714286,0.050137741046831955,0.09513852587558808,0.6701920473397851,4
"['V4', 'V14', 'V12', 'V1']",0.9285714285714286,0.052510098095787654,0.099399235390497,0.6666905632146066,4
"['V4', 'V10', 'V12', 'V8', 'V17', 'V11', 'V5', 'V21']",0.9285714285714286,0.052479815455594,0.09934497816593886,0.6596321399032368,8
"['V4', 'V10', 'V12', 'V8', 'V17', 'V11', 'V5', 'V1']",0.9285714285714286,0.05205949656750572,0.09859154929577464,0.6269981049062909,8
"['V4', 'V10', 'V16', 'V12', 'V11', 'V5', 'V1', 'V21']",0.9285714285714286,0.051238738738738736,0.09711846318036287,0.6660107681482792,8
"['V4', 'V10', 'V16', 'V12', 'V17', 'V5', 'V1', 'V21']",0.9285714285714286,0.047769028871391075,0.090863704443335,0.6496427009547217,8
"['V4', 'V10', 'V16', 'V12', 'V17', 'V11', 'V1', 'V21']",0.9285714285714286,0.04619289340101523,0.08800773694390715,0.6568432699219132,8
"['V4', 'V10', 'V16', 'V12', 'V17', 'V11', 'V5', 'V21']",0.9285714285714286,0.050387596899224806,0.09558823529411764,0.6679183572244146,8
"['V4', 'V10', 'V16', 'V12', 'V17', 'V11', 'V5', 'V1']",0.9285714285714286,0.04764397905759162,0.09063745019920319,0.6631403434579717,8
"['V4', 'V10', 'V16', 'V12', 'V8', 'V5', 'V1', 'V21']",0.9285714285714286,0.04840425531914894,0.09201213346814964,0.6764161665871614,8
"['V4', 'V10', 'V16', 'V12', 'V8', 'V20', 'V5', 'V21']",0.9285714285714286,0.05173393973848778,0.09800753904146473,0.6594599979688296,8
"['V4', 'V10', 'V16', 'V12', 'V8', 'V11', 'V1', 'V21']",0.9285714285714286,0.04874129619710766,0.0926208651399491,0.6735767449982525,8
"['V4', 'V10', 'V16', 'V12', 'V8', 'V11', 'V5', 'V21']",0.9285714285714286,0.049917718047174986,0.09474232170744404,0.6741995805522017,8
"['V4', 'V10', 'V16', 'V12', 'V8', 'V11', 'V5', 'V1']",0.9285714285714286,0.04908306364617044,0.0932377049180328,0.657830739045245,8
"['V4', 'V10', 'V16', 'V12', 'V8', 'V17', 'V1', 'V21']",0.9285714285714286,0.04491609081934847,0.0856873822975518,0.6517823714725887,8
"['V4', 'V10', 'V16', 'V12', 'V8', 'V17', 'V5', 'V21']",0.9285714285714286,0.04756926293779404,0.09050223769269021,0.6569498859668462,8
"['V4', 'V10', 'V16', 'V12', 'V8', 'V17', 'V5', 'V1']",0.9285714285714286,0.047869542346133616,0.09104552276138068,0.6438624743192815,8
"['V4', 'V10', 'V16', 'V12', 'V8', 'V17', 'V11', 'V21']",0.9285714285714286,0.046357615894039736,0.08830664725861233,0.661588877208964,8
"['V4', 'V10', 'V16', 'V12', 'V8', 'V17', 'V11', 'V1']",0.9285714285714286,0.04568273092369478,0.08708133971291866,0.6368607839875599,8
"['V4', 'V10', 'V16', 'V12', 'V8', 'V17', 'V11', 'V5']",0.9285714285714286,0.04887218045112782,0.09285714285714286,0.6446885067536207,8
"['V4', 'V10', 'V14', 'V12', 'V11', 'V20', 'V5', 'V21']",0.9285714285714286,0.05889967637540453,0.11077297626293366,0.6957007927859116,8
"['V4', 'V10', 'V12', 'V8', 'V17', 'V11', 'V1', 'V21']",0.9285714285714286,0.04827586206896552,0.09178013111447302,0.6450572627725681,8
"['V4', 'V10', 'V12', 'V8', 'V17', 'V5', 'V1', 'V21']",0.9285714285714286,0.04972677595628415,0.09439834024896265,0.654373639397815,8
"['V4', 'V10', 'V12', 'V8', 'V11', 'V20', 'V5', 'V21']",0.9285714285714286,0.05455635491606715,0.10305775764439411,0.6483936982307904,8
"['V4', 'V14', 'V12', 'V8', 'V17', 'V11', 'V20', 'V1']",0.9285714285714286,0.05617283950617284,0.10593713620488941,0.6914229737980968,8
"['V4', 'V14', 'V12', 'V21']",0.9285714285714286,0.051066217732884396,0.09680851063829787,0.6774283354132927,4
"['V4', 'V14', 'V12', 'V8', 'V17', 'V20', 'V1', 'V21']",0.9285714285714286,0.04972677595628415,0.09439834024896265,0.6923102807248555,8
"['V4', 'V14', 'V12', 'V8', 'V17', 'V20', 'V5', 'V21']",0.9285714285714286,0.04916261480280929,0.09338122113904566,0.6983085072117224,8
"['V4', 'V14', 'V12', 'V8', 'V17', 'V20', 'V5', 'V1']",0.9285714285714286,0.05078125,0.0962962962962963,0.6889796504384036,8
"['V4', 'V14', 'V12', 'V8', 'V17', 'V11', 'V1', 'V21']",0.9285714285714286,0.05442583732057416,0.10282485875706214,0.6957192165279144,8
"['V4', 'V14', 'V12', 'V8', 'V17', 'V11', 'V5', 'V21']",0.9285714285714286,0.05458908218356329,0.10311614730878187,0.6962666750336927,8
"['V4', 'V14', 'V12', 'V8', 'V17', 'V11', 'V5', 'V1']",0.9285714285714286,0.055589492974954184,0.10489913544668587,0.6864992222777745,8
"['V4', 'V14', 'V12', 'V8', 'V17', 'V11', 'V20', 'V21']",0.9285714285714286,0.05426356589147287,0.10253521126760563,0.6980941486303539,8
"['V4', 'V14', 'V12', 'V8', 'V17', 'V11', 'V20', 'V5']",0.9285714285714286,0.05575980392156863,0.10520231213872833,0.6936085621429398,8
"['V4', 'V10', 'V12', 'V8', 'V11', 'V5', 'V1', 'V21']",0.9285714285714286,0.052298850574712646,0.09902067464635474,0.6628766041307335,8
"['V4', 'V14', 'V16', 'V12', 'V8', 'V20', 'V1', 'V21']",0.9285714285714286,0.052148997134670486,0.09875203472599023,0.7231815897322522,8
"['V4', 'V14', 'V16', 'V12', 'V8', 'V11', 'V20', 'V1']",0.9285714285714286,0.05631188118811881,0.10618436406067679,0.7216376694385734,8
"['V4', 'V14', 'V16', 'V12', 'V8', 'V17', 'V1', 'V21']",0.9285714285714286,0.05149971703452179,0.09758713136729223,0.7200625109175341,8
"['V4', 'V14', 'V16', 'V12', 'V8', 'V17', 'V20', 'V1']",0.9285714285714286,0.05260115606936416,0.09956236323851203,0.7183424941111166,8
"['V4', 'V10', 'V8', 'V17', 'V11', 'V5', 'V1', 'V21']",0.9285714285714286,0.05669781931464175,0.10687022900763359,0.6346996150481617,8
"['V4', 'V10', 'V12', 'V11', 'V20', 'V5', 'V1', 'V21']",0.9285714285714286,0.057667934093789605,0.10859188544152745,0.6495996447194547,8
"['V4', 'V10', 'V12', 'V17', 'V11', 'V5', 'V1', 'V21']",0.9285714285714286,0.05155807365439093,0.09769189479334407,0.6432983713044251,8
"['V4', 'V10', 'V12', 'V17', 'V11', 'V20', 'V5', 'V21']",0.9285714285714286,0.0571608040201005,0.1076923076923077,0.6497341744539186,8
"['V4', 'V14', 'V12', 'V17', 'V11', 'V20', 'V5']",0.9285714285714286,0.05303030303030303,0.10033076074972437,0.6625750893912487,7
"['V4', 'V14', 'V12', 'V8', 'V5', 'V1', 'V21']",0.9285714285714286,0.04913606911447084,0.09333333333333334,0.688758331101643,7
"['V4', 'V14', 'V12', 'V8', 'V20', 'V1', 'V21']",0.9285714285714286,0.04967248908296943,0.09430051813471503,0.6932970289643883,7
"['V4', 'V10', 'V16', 'V12', 'V17', 'V11']",0.9285714285714286,0.045251118846345105,0.0862968231389284,0.6734295001979501,6
"['V4', 'V10', 'V16', 'V12', 'V17', 'V1']",0.9285714285714286,0.042682926829268296,0.08161434977578476,0.6432994097958141,6
"['V4', 'V10', 'V16', 'V12', 'V17', 'V21']",0.9285714285714286,0.04498269896193772,0.0858085808580858,0.6538311438185695,6
"['V4', 'V10', 'V16', 'V12', 'V11', 'V5']",0.9285714285714286,0.051238738738738736,0.09711846318036287,0.6756294162282537,6
"['V4', 'V10', 'V16', 'V12', 'V11', 'V1']",0.9285714285714286,0.048507462686567165,0.09219858156028368,0.6674857450687635,6
"['V4', 'V10', 'V16', 'V12', 'V11', 'V21']",0.9285714285714286,0.05144149236856981,0.09748259239421532,0.67622153611233,6
"['V4', 'V10', 'V16', 'V12', 'V5', 'V1']",0.9285714285714286,0.04827586206896552,0.09178013111447302,0.6560436038850129,6
"['V4', 'V10', 'V16', 'V12', 'V5', 'V21']",0.9285714285714286,0.04929577464788732,0.09362139917695474,0.6562983168536363,6
"['V4', 'V10', 'V16', 'V12', 'V1', 'V21']",0.9285714285714286,0.04814814814814815,0.09154929577464789,0.6498783364068839,6
"['V4', 'V10', 'V16', 'V8', 'V11', 'V1']",0.9285714285714286,0.05132543711223914,0.09727418492784608,0.580500752818531,6
"['V4', 'V10', 'V12', 'V8', 'V17', 'V11']",0.9285714285714286,0.04751958224543081,0.09041231992051664,0.6042069417390907,6
"['V4', 'V10', 'V12', 'V8', 'V17', 'V5']",0.9285714285714286,0.04874129619710766,0.0926208651399491,0.6035495243713096,6
"['V4', 'V10', 'V12', 'V8', 'V17', 'V1']",0.9285714285714286,0.04584382871536524,0.08737397983677389,0.5868596860876252,6
"['V4', 'V10', 'V12', 'V8', 'V17', 'V21']",0.9285714285714286,0.04556835252879319,0.08687350835322195,0.623026989412821,6
"['V4', 'V10', 'V12', 'V8', 'V11', 'V5']",0.9285714285714286,0.04972677595628415,0.09439834024896265,0.6197753049370541,6
"['V4', 'V10', 'V12', 'V8', 'V11', 'V1']",0.9285714285714286,0.04814814814814815,0.09154929577464789,0.605798137674259,6
"['V4', 'V10', 'V12', 'V8', 'V11', 'V21']",0.9285714285714286,0.04895104895104895,0.09299948901379662,0.6452809942226831,6
"['V4', 'V10', 'V12', 'V8', 'V5', 'V1']",0.9285714285714286,0.047321892875715026,0.0900544285007422,0.6051134387418141,6
"['V4', 'V10', 'V12', 'V8', 'V5', 'V21']",0.9285714285714286,0.04789473684210526,0.09109109109109109,0.6374908219538703,6
"['V4', 'V10', 'V12', 'V8', 'V1', 'V21']",0.9285714285714286,0.04619289340101523,0.08800773694390715,0.6307197126981134,6
"['V4', 'V10', 'V16', 'V12', 'V17', 'V5']",0.9285714285714286,0.046547314578005115,0.08865075499269362,0.6594602843321772,6
"['V4', 'V10', 'V16', 'V12', 'V8', 'V21']",0.9285714285714286,0.046547314578005115,0.08865075499269362,0.6473133012091101,6
"['V4', 'V14', 'V12', 'V8', 'V20', 'V5', 'V21']",0.9285714285714286,0.04908306364617044,0.0932377049180328,0.6930651376392527,7
"['V4', 'V10', 'V16', 'V12', 'V8', 'V1']",0.9285714285714286,0.04697986577181208,0.08943488943488943,0.6235100532164576,6
"['V4', 'V10', 'V14', 'V12', 'V8', 'V11']",0.9285714285714286,0.058823529411764705,0.11063829787234042,0.713251936276327,6
"['V4', 'V10', 'V14', 'V12', 'V8', 'V20']",0.9285714285714286,0.0574857864813645,0.10826888756692445,0.7042627355189552,6
"['V4', 'V10', 'V14', 'V12', 'V8', 'V5']",0.9285714285714286,0.057304785894206546,0.10794780545670225,0.7140871385428663,6
"['V4', 'V10', 'V14', 'V12', 'V8', 'V1']",0.9285714285714286,0.05701754385964912,0.10743801652892562,0.7116979133786641,6
"['V4', 'V10', 'V14', 'V12', 'V8', 'V21']",0.9285714285714286,0.05565749235474006,0.10502019619157531,0.7180354046720545,6
"['V4', 'V10', 'V14', 'V12', 'V17', 'V11']",0.9285714285714286,0.05874757908327954,0.11050394656952034,0.7011797412619228,6
"['V4', 'V10', 'V14', 'V12', 'V17', 'V20']",0.9285714285714286,0.05810983397190294,0.109375,0.6843417389590335,6
"['V4', 'V10', 'V14', 'V12', 'V17', 'V5']",0.9285714285714286,0.0582213691618682,0.10957254665863937,0.698085123734901,6
"['V4', 'V10', 'V14', 'V12', 'V17', 'V21']",0.9285714285714286,0.05694618272841051,0.10731132075471699,0.7004073427525144,6
"['V4', 'V10', 'V14', 'V12', 'V11', 'V20']",0.9285714285714286,0.06074766355140187,0.11403508771929824,0.6899883343950175,6
"['V4', 'V10', 'V14', 'V12', 'V11', 'V5']",0.9285714285714286,0.056768558951965066,0.10699588477366255,0.7006180606668005,6
"['V4', 'V10', 'V14', 'V12', 'V11', 'V21']",0.9285714285714286,0.06014540647719762,0.11297330850403477,0.7039173753150824,6
"['V4', 'V10', 'V14', 'V12', 'V20', 'V5']",0.9285714285714286,0.060225016545334215,0.11311373523927906,0.6915466751480539,6
"['V4', 'V10', 'V14', 'V12', 'V20', 'V1']",0.9285714285714286,0.059789750328515114,0.11234567901234568,0.6804790696759825,6
"['V4', 'V10', 'V14', 'V12', 'V20', 'V21']",0.9285714285714286,0.05855855855855856,0.11016949152542373,0.6948136777896039,6
"['V4', 'V10', 'V14', 'V12', 'V5', 'V21']",0.9285714285714286,0.058823529411764705,0.11063829787234042,0.6959950079825057,6
"['V4', 'V10', 'V16', 'V12', 'V8', 'V17']",0.9285714285714286,0.04465161923454367,0.0852059925093633,0.6146417503521995,6
"['V4', 'V10', 'V16', 'V12', 'V8', 'V11']",0.9285714285714286,0.04771893025694809,0.09077306733167083,0.6395563846468114,6
"['V4', 'V10', 'V16', 'V12', 'V8', 'V5']",0.9285714285714286,0.04771893025694809,0.09077306733167083,0.6273824399088842,6
"['V4', 'V10', 'V12', 'V17', 'V11', 'V5']",0.9285714285714286,0.05129650507328072,0.09722222222222222,0.6544814026382386,6
"['V4', 'V10', 'V12', 'V17', 'V11', 'V1']",0.9285714285714286,0.04614604462474645,0.08792270531400966,0.6321583375667227,6
"['V4', 'V10', 'V12', 'V17', 'V11', 'V21']",0.9285714285714286,0.049835706462212484,0.0945945945945946,0.655420834121414,6
"['V4', 'V10', 'V12', 'V17', 'V5', 'V1']",0.9285714285714286,0.04671457905544148,0.08895405669599218,0.6288948080553883,6
"['V4', 'V14', 'V12', 'V17', 'V20', 'V1']",0.9285714285714286,0.05167518455423055,0.0979020979020979,0.6514625498180129,6
"['V4', 'V14', 'V12', 'V17', 'V20', 'V5']",0.9285714285714286,0.05019305019305019,0.09523809523809523,0.660979857874157,6
"['V4', 'V14', 'V12', 'V17', 'V11', 'V21']",0.9285714285714286,0.05439330543933055,0.10276679841897234,0.6747096912990111,6
"['V4', 'V14', 'V12', 'V17', 'V11', 'V1']",0.9285714285714286,0.05631188118811881,0.10618436406067679,0.6595703242805929,6
"['V4', 'V14', 'V12', 'V8', 'V17', 'V11']",0.9285714285714286,0.056346749226006194,0.10624635143023935,0.6916935228645813,6
"['V4', 'V14', 'V12', 'V8', 'V17', 'V20']",0.9285714285714286,0.051066217732884396,0.09680851063829787,0.6938499707552532,6
"['V4', 'V14', 'V12', 'V8', 'V17', 'V5']",0.9285714285714286,0.05061179087875417,0.09599156118143459,0.6913229515635293,6
"['V4', 'V14', 'V12', 'V8', 'V17', 'V1']",0.9285714285714286,0.051066217732884396,0.09680851063829787,0.6880998403263674,6
"['V4', 'V14', 'V12', 'V8', 'V17', 'V21']",0.9285714285714286,0.04948341489940185,0.09395973154362416,0.6924040377189918,6
"['V4', 'V14', 'V12', 'V8', 'V11', 'V20']",0.9285714285714286,0.056207535515750466,0.1059988351776354,0.6923445027047833,6
"['V4', 'V14', 'V12', 'V8', 'V11', 'V5']",0.9285714285714286,0.05508474576271186,0.104,0.6864242840025621,6
"['V4', 'V14', 'V12', 'V8', 'V11', 'V1']",0.9285714285714286,0.05631188118811881,0.10618436406067679,0.6895863365272594,6
"['V4', 'V14', 'V12', 'V8', 'V11', 'V21']",0.9285714285714286,0.054231227651966626,0.10247747747747747,0.6956484732345004,6
"['V4', 'V14', 'V12', 'V8', 'V20', 'V5']",0.9285714285714286,0.05052748473070516,0.09583991574512901,0.6892940389576401,6
"['V4', 'V14', 'V12', 'V8', 'V20', 'V1']",0.9285714285714286,0.051181102362204724,0.09701492537313433,0.6901501257303805,6
"['V4', 'V14', 'V12', 'V8', 'V20', 'V21']",0.9285714285714286,0.049456521739130434,0.09391124871001032,0.694330986740821,6
"['V4', 'V14', 'V12', 'V8', 'V5', 'V1']",0.9285714285714286,0.050923335198656966,0.09655172413793103,0.6828940290288832,6
"['V4', 'V14', 'V12', 'V8', 'V5', 'V21']",0.9285714285714286,0.04895104895104895,0.09299948901379662,0.690323114307545,6
"['V4', 'V14', 'V12', 'V8', 'V1', 'V21']",0.9285714285714286,0.0496996176952485,0.09434940383618455,0.6911683868829156,6
"['V4', 'V14', 'V12', 'V17', 'V20', 'V21']",0.9285714285714286,0.05058365758754864,0.0959409594095941,0.6672830491612504,6
"['V4', 'V14', 'V12', 'V17', 'V5', 'V1']",0.9285714285714286,0.050724637681159424,0.09619450317124736,0.6547342370338248,6
"['V4', 'V14', 'V12', 'V17', 'V5', 'V21']",0.9285714285714286,0.04948341489940185,0.09395973154362416,0.6697083682682056,6
"['V4', 'V10', 'V8', 'V17', 'V11', 'V21']",0.9285714285714286,0.052692530399536766,0.09972602739726028,0.6080886765456633,6
"['V4', 'V10', 'V12', 'V17', 'V5', 'V21']",0.9285714285714286,0.04929577464788732,0.09362139917695474,0.6421713153514601,6
"['V4', 'V10', 'V12', 'V17', 'V1', 'V21']",0.9285714285714286,0.04556835252879319,0.08687350835322195,0.6210604421729898,6
"['V4', 'V10', 'V12', 'V11', 'V5', 'V1']",0.9285714285714286,0.051354401805869074,0.09732620320855614,0.6459094759443463,6
"['V4', 'V10', 'V12', 'V11', 'V5', 'V21']",0.9285714285714286,0.05352941176470588,0.10122358175750834,0.65641858765924,6
"['V4', 'V10', 'V12', 'V11', 'V1', 'V21']",0.9285714285714286,0.04986301369863014,0.09464378575143005,0.6438369872662526,6
"['V4', 'V10', 'V12', 'V5', 'V1', 'V21']",0.9285714285714286,0.04845580404685836,0.09210526315789473,0.6336033059309174,6
"['V4', 'V10', 'V8', 'V17', 'V11', 'V5']",0.9285714285714286,0.05569155446756426,0.10508083140877598,0.5609395127951041,6
"['V4', 'V10', 'V8', 'V17', 'V11', 'V1']",0.9285714285714286,0.05220883534136546,0.09885931558935361,0.5298251730455912,6
"['V4', 'V10', 'V8', 'V11', 'V1', 'V21']",0.9285714285714286,0.05138339920948617,0.09737827715355805,0.5962840937648651,6
"['V4', 'V14', 'V12', 'V17', 'V1', 'V21']",0.9285714285714286,0.05066815144766147,0.09609292502639916,0.6607734254383403,6
"['V4', 'V14', 'V12', 'V20', 'V5', 'V21']",0.9285714285714286,0.04972677595628415,0.09439834024896265,0.6736717237934368,6
"['V4', 'V14', 'V12', 'V20', 'V5', 'V1']",0.9285714285714286,0.050724637681159424,0.09619450317124736,0.6603490376436411,6
"['V4', 'V14', 'V12', 'V11', 'V5', 'V21']",0.9285714285714286,0.053878034339846066,0.10184667039731393,0.677921836155283,6
"['V4', 'V14', 'V12', 'V11', 'V5', 'V1']",0.9285714285714286,0.055931161647203444,0.1055072463768116,0.66397426839368,6
"['V4', 'V14', 'V12', 'V11', 'V20', 'V21']",0.9285714285714286,0.05538648813146683,0.10453762205628948,0.6766092340426576,6
"['V4', 'V14', 'V12', 'V11', 'V20', 'V1']",0.9285714285714286,0.05796178343949045,0.1091127098321343,0.6640157825244268,6
"['V4', 'V14', 'V12', 'V11', 'V20', 'V5']",0.9285714285714286,0.05400593471810089,0.10207515423443635,0.6673278511630711,6
"['V4', 'V14', 'V16', 'V12', 'V8', 'V1']",0.9285714285714286,0.053341148886283704,0.1008869179600887,0.7246291365893781,6
"['V4', 'V10', 'V14', 'V12', 'V8', 'V17']",0.9285714285714286,0.05759493670886076,0.10846245530393325,0.7152497147549083,6
"['V4', 'V14', 'V12', 'V20', 'V1', 'V21']",0.9285714285714286,0.05202973127501429,0.09853817000541419,0.6668982397751487,6
"['V4', 'V14', 'V12', 'V5', 'V1', 'V21']",0.9285714285714286,0.05024848150193263,0.09533787323205867,0.6665268988992229,6
"['V4', 'V10', 'V16', 'V12', 'V11', 'V5', 'V1']",0.9285714285714286,0.050304035378662244,0.09543786051389617,0.6699583243927495,7
"['V4', 'V10', 'V8', 'V17', 'V11', 'V5', 'V1']",0.9285714285714286,0.05569155446756426,0.10508083140877598,0.5611325345619053,7
"['V4', 'V10', 'V12', 'V11', 'V5', 'V1', 'V21']",0.9285714285714286,0.052089295935890095,0.0986449864498645,0.6460930957881689,7
"['V4', 'V10', 'V12', 'V11', 'V20', 'V5', 'V21']",0.9285714285714286,0.05781448538754765,0.10885167464114832,0.6505431153867524,7
"['V4', 'V10', 'V12', 'V17', 'V5', 'V1', 'V21']",0.9285714285714286,0.04822469528351881,0.09168765743073048,0.6324926220017659,7
"['V4', 'V10', 'V12', 'V17', 'V11', 'V1', 'V21']",0.9285714285714286,0.047743966421825816,0.09081836327345309,0.6350241305761138,7
"['V4', 'V10', 'V12', 'V17', 'V11', 'V5', 'V21']",0.9285714285714286,0.052662037037037035,0.09967141292442497,0.6548611857038946,7
"['V4', 'V10', 'V12', 'V17', 'V11', 'V5', 'V1']",0.9285714285714286,0.05002748763056625,0.09494001043296818,0.6406630060377293,7
"['V4', 'V10', 'V12', 'V8', 'V5', 'V1', 'V21']",0.9285714285714286,0.04797047970479705,0.0912280701754386,0.6480715762827725,7
"['V4', 'V10', 'V12', 'V8', 'V11', 'V1', 'V21']",0.9285714285714286,0.04889844169801182,0.09290454313425217,0.6485108459807257,7
"['V4', 'V10', 'V12', 'V8', 'V11', 'V5', 'V21']",0.9285714285714286,0.051528878822197054,0.09763948497854077,0.6550537049206667,7
"['V4', 'V10', 'V12', 'V8', 'V11', 'V5', 'V1']",0.9285714285714286,0.049890350877192985,0.09469302809573361,0.6219008366432802,7
"['V4', 'V10', 'V12', 'V8', 'V17', 'V1', 'V21']",0.9285714285714286,0.045705675539929685,0.08712302537099091,0.6279983679719094,7
"['V4', 'V10', 'V12', 'V8', 'V17', 'V5', 'V21']",0.9285714285714286,0.04866310160427807,0.09247967479674797,0.6412032631404649,7
"['V4', 'V10', 'V12', 'V8', 'V17', 'V5', 'V1']",0.9285714285714286,0.04900376952073236,0.09309462915601023,0.6125151470609225,7
"['V4', 'V10', 'V12', 'V8', 'V17', 'V11', 'V21']",0.9285714285714286,0.04843001596593933,0.09205867475973697,0.643262975992213,7
"['V4', 'V10', 'V12', 'V8', 'V17', 'V11', 'V1']",0.9285714285714286,0.04751958224543081,0.09041231992051664,0.6038799848323863,7
"['V4', 'V10', 'V12', 'V8', 'V17', 'V11', 'V5']",0.9285714285714286,0.05191100969766115,0.09832522960561858,0.6223027492779266,7
"['V4', 'V10', 'V16', 'V12', 'V5', 'V1', 'V21']",0.9285714285714286,0.04959128065395095,0.0941541645111226,0.6533814521891097,7
"['V4', 'V10', 'V16', 'V12', 'V11', 'V1', 'V21']",0.9285714285714286,0.04986301369863014,0.09464378575143005,0.6644318271546958,7
"['V4', 'V10', 'V8', 'V17', 'V11', 'V5', 'V21']",0.9285714285714286,0.05565749235474006,0.10502019619157531,0.6230798020390785,7
"['V4', 'V10', 'V8', 'V17', 'V11', 'V1', 'V21']",0.9285714285714286,0.052662037037037035,0.09967141292442497,0.6067976743586804,7
"['V4', 'V14', 'V16', 'V12', 'V8', 'V17', 'V1']",0.9285714285714286,0.05241935483870968,0.09923664122137404,0.7204392826350603,7
"['V4', 'V14', 'V12', 'V8', 'V17', 'V5', 'V21']",0.9285714285714286,0.0490301724137931,0.0931422722620266,0.6951863754586011,7
"['V4', 'V14', 'V12', 'V8', 'V20', 'V5', 'V1']",0.9285714285714286,0.05089485458612975,0.09650053022269353,0.6843804559388948,7
"['V4', 'V14', 'V12', 'V8', 'V11', 'V1', 'V21']",0.9285714285714286,0.054458408138839016,0.10288298473713962,0.6953209861000303,7
"['V4', 'V14', 'V12', 'V8', 'V11', 'V5', 'V21']",0.9285714285714286,0.05400593471810089,0.10207515423443635,0.6926355288427261,7
"['V4', 'V14', 'V12', 'V8', 'V11', 'V5', 'V1']",0.9285714285714286,0.05475330926594465,0.10340909090909091,0.6819009907035779,7
"['V4', 'V14', 'V12', 'V8', 'V11', 'V20', 'V21']",0.9285714285714286,0.05413444378346222,0.10230466554243957,0.6972851753052921,7
"['V4', 'V14', 'V12', 'V8', 'V11', 'V20', 'V1']",0.9285714285714286,0.05617283950617284,0.10593713620488941,0.6907921393798503,7
"['V4', 'V14', 'V12', 'V8', 'V11', 'V20', 'V5']",0.9285714285714286,0.05491852745926373,0.1037037037037037,0.6891774228882714,7
"['V4', 'V14', 'V12', 'V8', 'V17', 'V1', 'V21']",0.9285714285714286,0.04972677595628415,0.09439834024896265,0.6904494588525547,7
"['V4', 'V14', 'V12', 'V8', 'V17', 'V5', 'V1']",0.9285714285714286,0.050923335198656966,0.09655172413793103,0.685193312923639,7
"['V4', 'V14', 'V16', 'V12', 'V8', 'V20', 'V1']",0.9285714285714286,0.053560918187168925,0.10127991096271564,0.7236323320538167,7
"['V4', 'V14', 'V12', 'V8', 'V17', 'V20', 'V21']",0.9285714285714286,0.04948341489940185,0.09395973154362416,0.6945805059345426,7
"['V4', 'V14', 'V12', 'V8', 'V17', 'V20', 'V1']",0.9285714285714286,0.051181102362204724,0.09701492537313433,0.6896099603585892,7
"['V4', 'V14', 'V12', 'V8', 'V17', 'V20', 'V5']",0.9285714285714286,0.050724637681159424,0.09619450317124736,0.694348583979648,7
"['V4', 'V14', 'V12', 'V8', 'V17', 'V11', 'V21']",0.9285714285714286,0.05436081242532855,0.10270880361173815,0.6956579745098651,7
"['V4', 'V14', 'V12', 'V8', 'V17', 'V11', 'V1']",0.9285714285714286,0.056451612903225805,0.1064327485380117,0.6899540102944723,7
"['V4', 'V14', 'V12', 'V8', 'V17', 'V11', 'V5']",0.9285714285714286,0.0558282208588957,0.10532407407407407,0.6906382463077659,7
"['V4', 'V14', 'V12', 'V8', 'V17', 'V11', 'V20']",0.9285714285714286,0.05627705627705628,0.10612244897959183,0.6931108508896955,7
"['V4', 'V14', 'V16', 'V12', 'V8', 'V1', 'V21']",0.9285714285714286,0.052298850574712646,0.09902067464635474,0.7238857522676737,7
"['V4', 'V10', 'V16', 'V12', 'V11', 'V5', 'V21']",0.9285714285714286,0.05244956772334294,0.09929078014184398,0.6707400852017428,7
"['V4', 'V10', 'V16', 'V12', 'V17', 'V1', 'V21']",0.9285714285714286,0.04443359375,0.08480894687791239,0.64054732232772,7
"['V4', 'V10', 'V14', 'V12', 'V8', 'V17', 'V11']",0.9285714285714286,0.06006600660066007,0.11283323000619963,0.7159523770666708,7
"['V4', 'V10', 'V16', 'V12', 'V17', 'V5', 'V21']",0.9285714285714286,0.047919957872564506,0.09113670505758638,0.6539826716939215,7
"['V4', 'V10', 'V14', 'V12', 'V17', 'V20', 'V1']",0.9285714285714286,0.059322033898305086,0.11151960784313726,0.6754078955041624,7
"['V4', 'V10', 'V14', 'V12', 'V17', 'V20', 'V5']",0.9285714285714286,0.05967213114754098,0.11213801601971657,0.6892927511055005,7
"['V4', 'V10', 'V14', 'V12', 'V17', 'V11', 'V21']",0.9285714285714286,0.05947712418300653,0.11179361179361179,0.7019762830917678,7
"['V4', 'V10', 'V14', 'V12', 'V17', 'V11', 'V5']",0.9285714285714286,0.056768558951965066,0.10699588477366255,0.6996944702968475,7
"['V4', 'V10', 'V14', 'V12', 'V17', 'V11', 'V20']",0.9285714285714286,0.0593607305936073,0.11158798283261803,0.6861497538443346,7
"['V4', 'V10', 'V14', 'V12', 'V8', 'V1', 'V21']",0.9285714285714286,0.05565749235474006,0.10502019619157531,0.7176873002622257,7
"['V4', 'V10', 'V14', 'V12', 'V8', 'V5', 'V21']",0.9285714285714286,0.055965559655596554,0.10556844547563805,0.720878800059188,7
"['V4', 'V10', 'V14', 'V12', 'V8', 'V5', 'V1']",0.9285714285714286,0.0571608040201005,0.1076923076923077,0.7133215154169671,7
"['V4', 'V10', 'V14', 'V12', 'V8', 'V20', 'V21']",0.9285714285714286,0.05548780487804878,0.1047180667433832,0.7110658976850773,7
"['V4', 'V10', 'V14', 'V12', 'V8', 'V20', 'V1']",0.9285714285714286,0.05755850727387729,0.10839785586658725,0.7027147540387844,7
"['V4', 'V10', 'V14', 'V12', 'V8', 'V20', 'V5']",0.9285714285714286,0.05759493670886076,0.10846245530393325,0.7070057593736239,7
"['V4', 'V10', 'V14', 'V12', 'V8', 'V11', 'V21']",0.9285714285714286,0.05744949494949495,0.10820451843043995,0.7186966288821113,7
"['V4', 'V10', 'V14', 'V12', 'V8', 'V11', 'V1']",0.9285714285714286,0.05912930474333983,0.11117898594990837,0.7107804723857031,7
"['V4', 'V10', 'V14', 'V12', 'V8', 'V11', 'V5']",0.9285714285714286,0.05627705627705628,0.10612244897959183,0.7151455127224065,7
"['V4', 'V10', 'V14', 'V12', 'V8', 'V11', 'V20']",0.9285714285714286,0.05928338762214984,0.11145131659522352,0.7037642456432858,7
"['V4', 'V10', 'V14', 'V12', 'V8', 'V17', 'V21']",0.9285714285714286,0.05565749235474006,0.10502019619157531,0.7196786683929438,7
"['V4', 'V10', 'V14', 'V12', 'V8', 'V17', 'V1']",0.9285714285714286,0.05719673161533627,0.10775606867969213,0.714278279153356,7
"['V4', 'V10', 'V14', 'V12', 'V8', 'V17', 'V5']",0.9285714285714286,0.05840821566110398,0.10990338164251208,0.7235994784241353,7
"['V4', 'V10', 'V14', 'V12', 'V8', 'V17', 'V20']",0.9285714285714286,0.05796178343949045,0.1091127098321343,0.7049091760125812,7
"['V4', 'V10', 'V14', 'V12', 'V17', 'V20', 'V21']",0.9285714285714286,0.057741116751269035,0.1087216248506571,0.6882564535515229,7
"['V4', 'V10', 'V14', 'V12', 'V17', 'V5', 'V21']",0.9285714285714286,0.05867182462927144,0.11036992116434202,0.6950130758665292,7
"['V4', 'V10', 'V14', 'V12', 'V11', 'V20', 'V5']",0.9285714285714286,0.05874757908327954,0.11050394656952034,0.6917300307536726,7
"['V4', 'V10', 'V16', 'V12', 'V8', 'V11', 'V1']",0.9285714285714286,0.04779411764705882,0.09090909090909091,0.6428861895196807,7
"['V4', 'V10', 'V16', 'V12', 'V17', 'V5', 'V1']",0.9285714285714286,0.04547726136931534,0.08670795616960457,0.6518743428498595,7
"['V4', 'V10', 'V16', 'V12', 'V17', 'V11', 'V21']",0.9285714285714286,0.04722366372599896,0.08987654320987655,0.6702805928417898,7
"['V4', 'V10', 'V16', 'V12', 'V17', 'V11', 'V1']",0.9285714285714286,0.04462972045120157,0.08516612072999533,0.6576989376558758,7
"['V4', 'V10', 'V16', 'V12', 'V17', 'V11', 'V5']",0.9285714285714286,0.048507462686567165,0.09219858156028368,0.6718769049563116,7
"['V4', 'V10', 'V16', 'V12', 'V8', 'V1', 'V21']",0.9285714285714286,0.04666666666666667,0.0888671875,0.6576088061225489,7
"['V4', 'V10', 'V16', 'V12', 'V8', 'V5', 'V21']",0.9285714285714286,0.048301486199575375,0.09182643794147326,0.6581043474809836,7
"['V4', 'V10', 'V16', 'V12', 'V8', 'V5', 'V1']",0.9285714285714286,0.04804646251319958,0.09136546184738956,0.6445106916013393,7
"['V4', 'V10', 'V16', 'V12', 'V8', 'V11', 'V21']",0.9285714285714286,0.04863709246392304,0.09243270695784662,0.666980306161645,7
"['V4', 'V10', 'V16', 'V12', 'V8', 'V11', 'V5']",0.9285714285714286,0.04924242424242424,0.09352517985611511,0.6456173279574624,7
"['V4', 'V10', 'V14', 'V12', 'V11', 'V20', 'V1']",0.9285714285714286,0.061611374407582936,0.11555555555555555,0.6827356639612745,7
"['V4', 'V10', 'V16', 'V12', 'V8', 'V17', 'V21']",0.9285714285714286,0.04476143630103296,0.08540591271703425,0.6437058513827303,7
"['V4', 'V10', 'V16', 'V12', 'V8', 'V17', 'V1']",0.9285714285714286,0.04454233969652472,0.085007006071929,0.6198136661362559,7
"['V4', 'V10', 'V16', 'V12', 'V8', 'V17', 'V5']",0.9285714285714286,0.04727272727272727,0.08996539792387544,0.6280331995711175,7
"['V4', 'V10', 'V16', 'V12', 'V8', 'V17', 'V11']",0.9285714285714286,0.04556835252879319,0.08687350835322195,0.633711862852995,7
"['V4', 'V10', 'V14', 'V12', 'V20', 'V5', 'V21']",0.9285714285714286,0.06026490066225165,0.11318407960199005,0.6946910480415305,7
"['V4', 'V10', 'V14', 'V12', 'V20', 'V5', 'V1']",0.9285714285714286,0.05967213114754098,0.11213801601971657,0.6863615544435305,7
"['V4', 'V10', 'V14', 'V12', 'V11', 'V5', 'V21']",0.9285714285714286,0.0573408947700063,0.10801186943620178,0.6999156513395688,7
"['V4', 'V10', 'V14', 'V12', 'V11', 'V20', 'V21']",0.9285714285714286,0.06136210384356035,0.11511701454775458,0.6971223671673619,7
"['V4', 'V10', 'V16', 'V12', 'V8', 'V17', 'V5', 'V1', 'V21']",0.9285714285714286,0.048327137546468404,0.09187279151943463,0.6754429180526045,9
"['V4', 'V14', 'V12', 'V17', 'V11', 'V20']",0.9285714285714286,0.054295942720763726,0.10259301014656144,0.6648677075441668,6
"['V12', 'V14', 'V4', 'V1', 'V2', 'V3', 'V5', 'V6', 'V7', 'V21']",0.9285714285714286,0.048585157501334755,0.09233891425672247,0.6334790278079573,10
"['V12', 'V14', 'V4', 'V1', 'V2', 'V3', 'V5', 'V6', 'V7', 'V8', 'V9', 'V10', 'V11', 'V21']",0.9285714285714286,0.05548780487804878,0.1047180667433832,0.6920402250839908,14
"['V12', 'V14', 'V4', 'V1', 'V2', 'V3', 'V5', 'V17']",0.9285714285714286,0.049781181619256015,0.09449636552440291,0.6284139558318353,8
"['V12', 'V14', 'V4', 'V1', 'V2', 'V3', 'V5', 'V18']",0.9285714285714286,0.04916261480280929,0.09338122113904566,0.6318362559423719,8
"['V12', 'V14', 'V4', 'V1', 'V2', 'V3', 'V5', 'V19']",0.9285714285714286,0.0489247311827957,0.09295199182839632,0.6305635534569718,8
"['V4', 'V14', 'V12', 'V8', 'V17', 'V11', 'V20', 'V5', 'V1', 'V21']",0.9285714285714286,0.05432835820895522,0.10265087422447829,0.6977607417354391,10
"['V12', 'V14', 'V4', 'V1', 'V2', 'V3', 'V5', 'V6', 'V7', 'V8', 'V9', 'V10', 'V11', 'V17', 'V18', 'V19', 'V16', 'V20', 'V21']",0.9285714285714286,0.05855855855855856,0.11016949152542373,0.7361356122118444,19
"['V12', 'V14', 'V4', 'V1', 'V2', 'V3', 'V5', 'V6', 'V7', 'V8', 'V9', 'V10', 'V11', 'V17', 'V18', 'V19', 'V16', 'V21']",0.9285714285714286,0.05825864276568502,0.10963855421686747,0.7292563219122699,18
"['V12', 'V14', 'V4', 'V1', 'V2', 'V3', 'V5', 'V6', 'V7', 'V8', 'V9', 'V10', 'V11', 'V17', 'V18', 'V19', 'V16', 'V20']",0.9285714285714286,0.059907834101382486,0.11255411255411256,0.725073003159893,18
"['V12', 'V14', 'V4', 'V1', 'V2', 'V3', 'V5', 'V6', 'V7', 'V8', 'V9', 'V10', 'V11', 'V17', 'V18', 'V19', 'Amount']",0.9285714285714286,0.057667934093789605,0.10859188544152745,0.7120044100617541,17
"['V12', 'V14', 'V4', 'V1', 'V2', 'V3', 'V5', 'V6', 'V7', 'V8', 'V9', 'V10', 'V11', 'V17', 'V18', 'V19', 'V21']",0.9285714285714286,0.058146964856230034,0.10944076969332532,0.7143092585961713,17
"['V12', 'V14', 'V4', 'V1', 'V2', 'V3', 'V5', 'V6', 'V7', 'V8', 'V9', 'V10', 'V11', 'V17', 'V18', 'V19', 'V20']",0.9285714285714286,0.05955497382198953,0.11193111931119311,0.6866077624213661,17
"['V12', 'V14', 'V4', 'V1', 'V2', 'V3', 'V5', 'V20']",0.9285714285714286,0.05,0.0948905109489051,0.6299791933909179,8
"['V12', 'V14', 'V4', 'V1', 'V2', 'V3', 'V5', 'V21']",0.9285714285714286,0.04908306364617044,0.0932377049180328,0.6419297845181205,8
"['V12', 'V14', 'V4', 'V1', 'V2', 'V3', 'V5', 'V6', 'V7', 'V8', 'V9', 'V10', 'V11', 'V17', 'V18', 'V19', 'V16']",0.9285714285714286,0.05889967637540453,0.11077297626293366,0.7348691185549304,17
"['V12', 'V14', 'V4', 'V1', 'V2', 'V3', 'V5', 'V6', 'V7', 'V8', 'V9', 'V10', 'V11', 'V17', 'V18', 'Amount']",0.9285714285714286,0.05759493670886076,0.10846245530393325,0.7175621762823825,16
"['V4', 'V10', 'V12', 'V8', 'V17', 'V11', 'V20', 'V5', 'V21']",0.9285714285714286,0.05552165954850519,0.1047783534830167,0.6519170103154772,9
"['V12', 'V14', 'V4', 'V1', 'V2', 'V3', 'V5', 'V6', 'V7', 'V8', 'V9', 'V10', 'V11', 'V17', 'V18', 'V21']",0.9285714285714286,0.058184143222506396,0.1095066185318893,0.7155479450302045,16
"['V4', 'V10', 'V12', 'V8', 'V17', 'V11', 'V5', 'V1', 'V21']",0.9285714285714286,0.054198927933293624,0.10241980866629151,0.6707093816292098,9
"['V4', 'V10', 'V12', 'V8', 'V17', 'V20', 'V5', 'V1', 'V21']",0.9285714285714286,0.052845528455284556,0.1,0.6644561122453639,9
"['V4', 'V10', 'V12', 'V8', 'V11', 'V20', 'V5', 'V1', 'V21']",0.9285714285714286,0.05531914893617021,0.10441767068273092,0.6665061502284569,9
"['V12', 'V14', 'V4', 'V1', 'V2', 'V3', 'V5', 'V6', 'V7', 'V8', 'V9', 'V10', 'V11', 'V17', 'V18', 'V20']",0.9285714285714286,0.05943827563683867,0.11172498465316145,0.6887295678345777,16
"['V12', 'V14', 'V4', 'V1', 'V2', 'V3', 'V5', 'V6', 'V7', 'V8', 'V9', 'V10', 'V11', 'V17', 'V18', 'V19']",0.9285714285714286,0.05893782383419689,0.11084043848964677,0.701182150102755,16
"['V4', 'V10', 'V12', 'V17', 'V11', 'V20', 'V5', 'V1', 'V21']",0.9285714285714286,0.056910569105691054,0.10724808485562758,0.6480192467185387,9
"['V12', 'V14', 'V4', 'V1', 'V2', 'V3', 'V5', 'V6', 'V7', 'V8', 'V9', 'V10', 'V11', 'V17', 'Amount']",0.9285714285714286,0.0568039950062422,0.10705882352941176,0.71294384205251,15
"['V12', 'V14', 'V4', 'V1', 'V2', 'V3', 'V5', 'V6', 'V7', 'V8', 'V9', 'V10', 'V11', 'V17', 'V21']",0.9285714285714286,0.0574857864813645,0.10826888756692445,0.7130118285946071,15
"['V12', 'V14', 'V4', 'V1', 'V2', 'V3', 'V5', 'V6', 'V7', 'V8', 'V9', 'V10', 'V11', 'V17', 'V20']",0.9285714285714286,0.05893782383419689,0.11084043848964677,0.6872172017392126,15
"['V12', 'V14', 'V4', 'V1', 'V2', 'V3', 'V5', 'V6', 'V7', 'V8', 'V9', 'V10', 'V11', 'V17', 'V19']",0.9285714285714286,0.0582213691618682,0.10957254665863937,0.6985057366410855,15
"['V12', 'V14', 'V4', 'V1', 'V2', 'V3', 'V5', 'V6', 'V7', 'V8', 'V9', 'V10', 'V11', 'V17', 'V18']",0.9285714285714286,0.05878552971576227,0.11057108140947752,0.7049625480861836,15
"['V12', 'V14', 'V4', 'V1', 'V2', 'V3', 'V5', 'V11']",0.9285714285714286,0.05238917674150835,0.0991825613079019,0.636600165414441,8
"['V12', 'V14', 'V4', 'V1', 'V2', 'V3', 'V5', 'V10']",0.9285714285714286,0.05569155446756426,0.10508083140877598,0.6740664567978853,8
"['V12', 'V14', 'V4', 'V1', 'V2', 'V3', 'V5', 'V9']",0.9285714285714286,0.04986301369863014,0.09464378575143005,0.6361708786176858,8
"['V4', 'V10', 'V14', 'V12', 'V8', 'V17', 'V11', 'V5', 'V1', 'V21']",0.9285714285714286,0.05631188118811881,0.10618436406067679,0.7341535292179913,10
"['V12', 'V14', 'V4', 'V1', 'V2', 'V20']",0.9285714285714286,0.05241935483870968,0.09923664122137404,0.6428410327846993,6
"['V12', 'V14', 'V4', 'V1', 'V2', 'V21']",0.9285714285714286,0.052089295935890095,0.0986449864498645,0.6605109911469894,6
"['V12', 'V14', 'V4', 'V1', 'V2', 'V3', 'V5']",0.9285714285714286,0.05,0.0948905109489051,0.6352900162062888,7
"['V12', 'V14', 'V4', 'V1', 'V2', 'V3', 'V6']",0.9285714285714286,0.05022075055187638,0.09528795811518324,0.637203642294606,7
"['V12', 'V14', 'V4', 'V1', 'V2', 'V3', 'V7']",0.9285714285714286,0.051238738738738736,0.09711846318036287,0.633002601429896,7
"['V12', 'V14', 'V4', 'V1', 'V2', 'V3', 'V8']",0.9285714285714286,0.05103757711721817,0.09675704412546518,0.6587502748278629,7
"['V12', 'V14', 'V4', 'V1', 'V2', 'V3', 'V9']",0.9285714285714286,0.051470588235294115,0.09753483386923902,0.6384054409001007,7
"['V12', 'V14', 'V4', 'V1', 'V2', 'V3', 'V10']",0.9285714285714286,0.05770450221940393,0.10865671641791044,0.6676577509123156,7
"['V12', 'V14', 'V4', 'V1', 'V2', 'V3', 'V11']",0.9285714285714286,0.05352941176470588,0.10122358175750834,0.6360757700426416,7
"['V4', 'V10', 'V14', 'V12', 'V8', 'V17', 'V11', 'V20', 'V5', 'V1']",0.9285714285714286,0.05886157826649418,0.11070559610705596,0.7256064199117322,10
"['V4', 'V10', 'V14', 'V12', 'V8', 'V17', 'V11', 'V20', 'V5', 'V21']",0.9285714285714286,0.05741324921135647,0.1081402257872846,0.7260396631734237,10
"['V4', 'V10', 'V14', 'V12', 'V8', 'V17', 'V11', 'V20', 'V1', 'V21']",0.9285714285714286,0.058370750481077614,0.10983705491852747,0.7173319543870362,10
"['V4', 'V10', 'V14', 'V12', 'V8', 'V17', 'V20', 'V5', 'V1', 'V21']",0.9285714285714286,0.057304785894206546,0.10794780545670225,0.728404834442182,10
"['V12', 'V14', 'V4', 'V1', 'V2', 'V3', 'V5', 'V8']",0.9285714285714286,0.0494028230184582,0.09381443298969072,0.6585981452577799,8
"['V4', 'V10', 'V14', 'V12', 'V8', 'V11', 'V20', 'V5', 'V1', 'V21']",0.9285714285714286,0.05555555555555555,0.10483870967741936,0.717648423918315,10
"['V4', 'V10', 'V16', 'V12', 'V8', 'V17', 'V11', 'V5', 'V1', 'V21']",0.9285714285714286,0.050499445061043285,0.09578947368421052,0.689711196490284,10
"['V12', 'V14', 'V4', 'V1', 'V2', 'V3', 'V16']",0.9285714285714286,0.05390995260663507,0.1019036954087346,0.6783996084684487,7
"['V12', 'V14', 'V4', 'V1', 'V2', 'V3', 'V17']",0.9285714285714286,0.05086640581330352,0.09644939056703762,0.627085879770615,7
"['V12', 'V14', 'V4', 'V1', 'V2', 'V3', 'V18']",0.9285714285714286,0.050837988826815644,0.09639830508474577,0.6311629370554662,7
"['V12', 'V14', 'V4', 'V1', 'V2', 'V3', 'V19']",0.9285714285714286,0.050471436494731,0.09573908469226723,0.631027062388736,7
"['V12', 'V14', 'V4', 'V1', 'V2', 'V3', 'V20']",0.9285714285714286,0.05161656267725468,0.09779688339602365,0.6267278595645077,7
"['V12', 'V14', 'V4', 'V1', 'V2', 'V3', 'V21']",0.9285714285714286,0.05126760563380282,0.09717031500266951,0.6397817265815988,7
"['V12', 'V14', 'V4', 'V1', 'V2', 'V3', 'Amount']",0.9285714285714286,0.05132543711223914,0.09727418492784608,0.6396798220641644,7
"['V12', 'V14', 'V4', 'V1', 'V2', 'V3', 'V5', 'V6']",0.9285714285714286,0.049917718047174986,0.09474232170744404,0.6356905649389025,8
"['V12', 'V14', 'V4', 'V1', 'V2', 'V3', 'V5', 'V6', 'V7', 'V8', 'V9', 'V11']",0.9285714285714286,0.05337243401759531,0.100942872989462,0.652590763541089,12
"['V12', 'V14', 'V4', 'V1', 'V2', 'V3', 'V5', 'V7']",0.9285714285714286,0.0489247311827957,0.09295199182839632,0.6315061257784358,8
"['V12', 'V14', 'V4', 'V1', 'V2', 'V3', 'V5', 'V6', 'V7', 'V8', 'V9', 'V10', 'V11', 'Amount']",0.9285714285714286,0.05501813784764208,0.10388127853881278,0.6950345780752272,14
"['V12', 'V14', 'V4', 'V1', 'V2', 'V3', 'V5', 'V6', 'V7', 'V8', 'V9', 'V10', 'V11', 'V20']",0.9285714285714286,0.05759493670886076,0.10846245530393325,0.663965680559994,14
"['V12', 'V14', 'V4', 'V1', 'V2', 'V18']",0.9285714285714286,0.05155807365439093,0.09769189479334407,0.6488528864248856,6
"['V12', 'V14', 'V4', 'V1', 'V2', 'V3', 'V5', 'V6', 'V7', 'V8', 'V9', 'V10', 'V11', 'V19']",0.9285714285714286,0.0566272557560672,0.10674486803519062,0.6771872779883693,14
"['V12', 'V14', 'V4', 'V1', 'V2', 'V3', 'V5', 'V6', 'V7', 'V8', 'V9']",0.9285714285714286,0.04843001596593933,0.09205867475973697,0.6572937025034342,11
"['V12', 'V14', 'V4', 'V1', 'V2', 'V3', 'V5', 'V6', 'V7', 'V8', 'V9', 'V10', 'V11', 'V17']",0.9285714285714286,0.057777777777777775,0.1087866108786611,0.7019423396362284,14
"['V12', 'V14', 'V4', 'V1', 'V2', 'V3', 'V5', 'V6', 'V7', 'V8', 'V10']",0.9285714285714286,0.055051421657592255,0.10394060536836093,0.6800940996757099,11
"['V4', 'V14', 'V12', 'V8', 'V17', 'V11', 'V20', 'V5', 'V21']",0.9285714285714286,0.05432835820895522,0.10265087422447829,0.699386599066442,9
"['V12', 'V14', 'V4', 'V1', 'V2', 'V3', 'V5', 'V6', 'V7', 'V8', 'V11']",0.9285714285714286,0.05343511450381679,0.10105496946141032,0.6450634001709532,11
"['V12', 'V14', 'V4', 'V1', 'V2', 'V3', 'V5', 'V6', 'V7', 'V8', 'V16']",0.9285714285714286,0.051209904333145755,0.09706666666666666,0.7078147228855393,11
"['V4', 'V14', 'V12', 'V8', 'V17', 'V11', 'V20', 'V5', 'V1']",0.9285714285714286,0.05569155446756426,0.10508083140877598,0.6896489969763582,9
"['V12', 'V14', 'V4', 'V1', 'V2', 'V3', 'V5', 'V6', 'V7', 'V8', 'V9', 'V10', 'Amount']",0.9285714285714286,0.05413444378346222,0.10230466554243957,0.6950718528466648,13
"['V12', 'V14', 'V4', 'V1', 'V2', 'V3', 'V5', 'V6', 'V7', 'V8', 'V9', 'V10', 'V21']",0.9285714285714286,0.0540701128936423,0.10218978102189781,0.6892213099493121,13
"['V12', 'V14', 'V4', 'V1', 'V2', 'V3', 'V5', 'V6', 'V7', 'V8', 'V9', 'V10', 'V20']",0.9285714285714286,0.055896805896805894,0.10544611819235226,0.6625140405241027,13
"['V12', 'V14', 'V4', 'V1', 'V2', 'V3', 'V5', 'V6', 'V7', 'V8', 'V9', 'V10', 'V19']",0.9285714285714286,0.05498489425981873,0.1038220193953223,0.6774818608471043,13
"['V12', 'V14', 'V4', 'V1', 'V2', 'V3', 'V5', 'V6', 'V7', 'V8', 'V9', 'V10', 'V18']",0.9285714285714286,0.05627705627705628,0.10612244897959183,0.687465901638239,13
"['V12', 'V14', 'V4', 'V1', 'V2', 'V3', 'V5', 'V6', 'V7', 'V8', 'V9', 'V10', 'V17']",0.9285714285714286,0.05631188118811881,0.10618436406067679,0.6998891361048672,13
"['V12', 'V14', 'V4', 'V1', 'V2', 'V3', 'V5', 'V6', 'V7', 'V8', 'V9', 'V10', 'V11']",0.9285714285714286,0.05627705627705628,0.10612244897959183,0.6824485054580106,13
"['V12', 'V14', 'V4', 'V1', 'V2', 'V3', 'V5', 'V6', 'V7', 'V8', 'V9', 'Amount']",0.9285714285714286,0.04861111111111111,0.09238578680203045,0.6703826345432858,12
"['V12', 'V14', 'V4', 'V1', 'V2', 'V3', 'V5', 'V6', 'V7', 'V8', 'V9', 'V21']",0.9285714285714286,0.04747000521648409,0.09032258064516129,0.6641624176059512,12
"['V12', 'V14', 'V4', 'V1', 'V2', 'V3', 'V5', 'V6', 'V7', 'V8', 'V9', 'V20']",0.9285714285714286,0.04845580404685836,0.09210526315789473,0.657076967261795,12
"['V12', 'V14', 'V4', 'V1', 'V2', 'V3', 'V5', 'V6', 'V7', 'V8', 'V9', 'V19']",0.9285714285714286,0.047769028871391075,0.090863704443335,0.6538161820615938,12
"['V12', 'V14', 'V4', 'V1', 'V2', 'V3', 'V5', 'V6', 'V7', 'V8', 'V17']",0.9285714285714286,0.04837852206273259,0.0919656392117231,0.6576912296670995,11
"['V12', 'V14', 'V4', 'V1', 'V2', 'V3', 'V5', 'V6', 'V7', 'V8', 'V18']",0.9285714285714286,0.04840425531914894,0.09201213346814964,0.6504721846551277,11
"['V12', 'V14', 'V4', 'V1', 'V2', 'V3', 'V5', 'V6', 'V7', 'V8', 'V19']",0.9285714285714286,0.047594142259414225,0.09054726368159204,0.6486485689049235,11
"['V12', 'V14', 'V4', 'V1', 'V2', 'V3', 'V5', 'V6', 'V7', 'V8', 'V20']",0.9285714285714286,0.04848161960575386,0.09215189873417722,0.6497112050594981,11
"['V12', 'V14', 'V4', 'V1', 'V2', 'V3', 'V5', 'V6', 'V7', 'V8', 'V9', 'V18']",0.9285714285714286,0.048352816153028694,0.09191919191919191,0.6567195255215883,12
"['V12', 'V14', 'V4', 'V1', 'V2', 'V3', 'V5', 'V6', 'V7', 'V8', 'V21']",0.9285714285714286,0.047420531526836895,0.090233019335647,0.6596355635629587,11
"['V12', 'V14', 'V4', 'V1', 'V2', 'V3', 'V5', 'V6', 'V7', 'V8', 'Amount']",0.9285714285714286,0.0487152034261242,0.09257375381485249,0.6640744935031789,11
"['V12', 'V14', 'V4', 'V1', 'V2', 'V3', 'V5', 'V6', 'V7', 'V8', 'V9', 'V10']",0.9285714285714286,0.05495169082125604,0.10376282782212087,0.6814409693214897,12
"['V12', 'V14', 'V4', 'V1', 'V2', 'V3', 'V5', 'V6', 'V7', 'V8', 'V9', 'V17']",0.9285714285714286,0.04845580404685836,0.09210526315789473,0.6623107783757181,12
"['V12', 'V14', 'V4', 'V1', 'V2', 'V3', 'V5', 'V6', 'V7', 'Amount']",0.9285714285714286,0.04913606911447084,0.09333333333333334,0.6444275434495353,10
"['V4', 'V14', 'V12', 'V8', 'V17', 'V11', 'V20', 'V1', 'V21']",0.9285714285714286,0.054295942720763726,0.10259301014656144,0.6973019368714592,9
"['V12', 'V14', 'V4', 'V1', 'V2', 'V3', 'V5', 'V6', 'V7', 'V8', 'V9', 'V10', 'V11', 'V18']",0.9285714285714286,0.0574857864813645,0.10826888756692445,0.6883979552451387,14
"['V12', 'V14', 'V4', 'V1', 'V2', 'V3', 'V5', 'V6', 'V19']",0.9285714285714286,0.04843001596593933,0.09205867475973697,0.6333552039394861,9
"['V4', 'V14', 'V12', 'V17', 'V11', 'V20', 'V5', 'V1', 'V21']",0.9285714285714286,0.05535279805352798,0.1044776119402985,0.6639582190726692,9
"['V4', 'V14', 'V16', 'V12', 'V8', 'V17', 'V20', 'V1', 'V21']",0.9285714285714286,0.051238738738738736,0.09711846318036287,0.7193039168043658,9
"['V4', 'V14', 'V12', 'V8', 'V11', 'V20', 'V5', 'V1', 'V21']",0.9285714285714286,0.05362404242781379,0.10139275766016713,0.6941046673622524,9
"['V12', 'V14', 'V4', 'V1', 'V2', 'V3', 'V5', 'Amount']",0.9285714285714286,0.04913606911447084,0.09333333333333334,0.6466048637172012,8
"['V12', 'V14', 'V4', 'V1', 'V2', 'V3', 'V5', 'V6', 'V7']",0.9285714285714286,0.0490301724137931,0.0931422722620266,0.6300551050198856,9
"['V12', 'V14', 'V4', 'V1', 'V2', 'V3', 'V5', 'V6', 'V8']",0.9285714285714286,0.049269085002707096,0.093573264781491,0.6670930298460419,9
"['V12', 'V14', 'V4', 'V1', 'V2', 'V3', 'V5', 'V6', 'V9']",0.9285714285714286,0.04967248908296943,0.09430051813471503,0.6365291491990295,9
"['V12', 'V14', 'V4', 'V1', 'V2', 'V3', 'V5', 'V6', 'V10']",0.9285714285714286,0.0563816604708798,0.10630841121495327,0.6729140114127657,9
"['V12', 'V14', 'V4', 'V1', 'V2', 'V3', 'V5', 'V6', 'V11']",0.9285714285714286,0.05343511450381679,0.10105496946141032,0.6371783536390918,9
"['V12', 'V14', 'V4', 'V1', 'V2', 'V3', 'V5', 'V6', 'V16']",0.9285714285714286,0.05226881102814474,0.0989668297988037,0.6796625133611401,9
"['V12', 'V14', 'V4', 'V1', 'V2', 'V3', 'V5', 'V6', 'V17']",0.9285714285714286,0.04961832061068702,0.09420289855072464,0.6290079817020097,9
"['V12', 'V14', 'V4', 'V1', 'V2', 'V3', 'V5', 'V6', 'V18']",0.9285714285714286,0.04929577464788732,0.09362139917695474,0.6317075336696629,9
"['V12', 'V14', 'V4', 'V1', 'V2', 'V3', 'V5', 'V6', 'V20']",0.9285714285714286,0.04967248908296943,0.09430051813471503,0.6311231850570103,9
"['V12', 'V14', 'V4', 'V1', 'V2', 'V3', 'V5', 'V6', 'V7', 'V20']",0.9285714285714286,0.04908306364617044,0.0932377049180328,0.6237265650950703,10
"['V12', 'V14', 'V4', 'V1', 'V2', 'V3', 'V5', 'V6', 'V21']",0.9285714285714286,0.04910955207771182,0.09328549461814455,0.6402248771794704,9
"['V12', 'V14', 'V4', 'V1', 'V2', 'V3', 'V5', 'V6', 'Amount']",0.9285714285714286,0.04959128065395095,0.0941541645111226,0.6451956107598635,9
"['V12', 'V14', 'V4', 'V1', 'V2', 'V3', 'V5', 'V6', 'V7', 'V8']",0.9285714285714286,0.048507462686567165,0.09219858156028368,0.6502093728482938,10
"['V12', 'V14', 'V4', 'V1', 'V2', 'V3', 'V5', 'V6', 'V7', 'V9']",0.9285714285714286,0.04934924078091106,0.0937178166838311,0.6290788440034628,10
"['V12', 'V14', 'V4', 'V1', 'V2', 'V3', 'V5', 'V6', 'V7', 'V10']",0.9285714285714286,0.05495169082125604,0.10376282782212087,0.6660586566623645,10
"['V12', 'V14', 'V4', 'V1', 'V2', 'V3', 'V5', 'V6', 'V7', 'V11']",0.9285714285714286,0.053154205607476634,0.1005524861878453,0.6295877782975495,10
"['V4', 'V14', 'V12', 'V8', 'V17', 'V20', 'V5', 'V1', 'V21']",0.9285714285714286,0.04932249322493225,0.09366958311888832,0.6942671215120502,9
"['V12', 'V14', 'V4', 'V1', 'V2', 'V3', 'V5', 'V6', 'V7', 'V16']",0.9285714285714286,0.05103757711721817,0.09675704412546518,0.6763562273149257,10
"['V12', 'V14', 'V4', 'V1', 'V2', 'V3', 'V5', 'V6', 'V7', 'V17']",0.9285714285714286,0.0490301724137931,0.0931422722620266,0.6228876001279608,10
"['V12', 'V14', 'V4', 'V1', 'V2', 'V3', 'V5', 'V6', 'V7', 'V18']",0.9285714285714286,0.04868913857677903,0.09252669039145907,0.625017155193261,10
"['V12', 'V14', 'V4', 'V1', 'V2', 'V3', 'V5', 'V6', 'V7', 'V19']",0.9285714285714286,0.04807184363444268,0.09141135107985937,0.626944247672156,10
"['V4', 'V14', 'V12', 'V8', 'V17', 'V11', 'V5', 'V1', 'V21']",0.9285714285714286,0.05472038484666266,0.1033503691084611,0.6943755058057728,9
"['V12', 'V14', 'V4', 'V1', 'V2', 'V19']",0.9285714285714286,0.05188141391106044,0.09827213822894168,0.6515175754385994,6
"['V12', 'V14', 'V4', 'V1', 'V2', 'V3', 'V5', 'V6', 'V7', 'V8', 'V9', 'V16']",0.9285714285714286,0.05086640581330352,0.09644939056703762,0.7120462014587478,12
"['V12', 'V14', 'V4', 'V1', 'V8']",0.9285714285714286,0.051094890510948905,0.09686003193187866,0.6881415545074108,5
"['V12', 'V14', 'V4', 'V1', 'V18']",0.9285714285714286,0.05112359550561798,0.09691160809371673,0.6594744397307409,5
"['V12', 'V14', 'V4', 'V1', 'V2', 'V9']",0.9285714285714286,0.052148997134670486,0.09875203472599023,0.6576497670539091,6
"['V12', 'V14', 'V4', 'V1', 'V2', 'V8']",0.9285714285714286,0.05144149236856981,0.09748259239421532,0.6682669314778741,6
"['V12', 'V14', 'V4', 'V1', 'V2', 'V7']",0.9285714285714286,0.05129650507328072,0.09722222222222222,0.6487072648976353,6
"['V12', 'V14', 'V4', 'V1', 'V2', 'V6']",0.9285714285714286,0.05100896860986547,0.09670563230605739,0.651778985025212,6
"['V12', 'V14', 'V4', 'V1', 'V2', 'V5']",0.9285714285714286,0.050980392156862744,0.09665427509293681,0.6531866857192168,6
"['V12', 'V14', 'V4', 'V1', 'V7']",0.9285714285714286,0.05132543711223914,0.09727418492784608,0.6620332961606914,5
"['V4', 'V14', 'V12']",0.9285714285714286,0.05103757711721817,0.09675704412546518,0.6741562854365165,3
"['V4', 'V10', 'V16', 'V12', 'V17', 'V11', 'V5', 'V1', 'V21']",0.9285714285714286,0.0494028230184582,0.09381443298969072,0.660682971785462,9
"['V4', 'V10', 'V12']",0.9285714285714286,0.046452271567126086,0.08847836655323287,0.6479839886924967,3
"['V12', 'V14', 'V4', 'V1', 'V21']",0.9285714285714286,0.05188141391106044,0.09827213822894168,0.6706380598507373,5
"['V12', 'V14', 'V4', 'V9']",0.9285714285714286,0.05103757711721817,0.09675704412546518,0.6745572706356944,4
"['V12', 'V14', 'V4', 'V1', 'V20']",0.9285714285714286,0.052479815455594,0.09934497816593886,0.662659552444169,5
"['V12', 'V14', 'V4', 'V1', 'V19']",0.9285714285714286,0.051822323462414575,0.09816612729234088,0.6630638983635222,5
"['V12', 'V14', 'V4', 'V1', 'V17']",0.9285714285714286,0.05161656267725468,0.09779688339602365,0.6568751974199452,5
"['V12', 'V14', 'V4', 'V7']",0.9285714285714286,0.050555555555555555,0.0958904109589041,0.6722786120784421,4
"['V12', 'V14', 'V4', 'V10']",0.9285714285714286,0.05726872246696035,0.1078838174273859,0.7026475131492523,4
"['V12', 'V14', 'V4', 'V11']",0.9285714285714286,0.05501813784764208,0.10388127853881278,0.6769744002259053,4
"['V12', 'V14', 'V4', 'V17']",0.9285714285714286,0.051181102362204724,0.09701492537313433,0.6668523153375064,4
"['V12', 'V14', 'V4', 'V18']",0.9285714285714286,0.050387596899224806,0.09558823529411764,0.6688038610288422,4
"['V12', 'V14', 'V4', 'V19']",0.9285714285714286,0.05066815144766147,0.09609292502639916,0.6736248214187912,4
"['V12', 'V14', 'V4', 'V20']",0.9285714285714286,0.050980392156862744,0.09665427509293681,0.6698100481363524,4
"['V12', 'V14', 'V4', 'V21']",0.9285714285714286,0.051066217732884396,0.09680851063829787,0.6774283354132927,4
"['V12', 'V14', 'V4', 'V1', 'V11']",0.9285714285714286,0.05788804071246819,0.1089820359281437,0.6672213458575752,5
"['V12', 'V14', 'V4', 'Amount']",0.9285714285714286,0.05103757711721817,0.09675704412546518,0.6721893583907789,4
"['V12', 'V14', 'V4', 'V1', 'V2']",0.9285714285714286,0.05202973127501429,0.09853817000541419,0.6555903209211924,5
"['V12', 'V14', 'V4', 'V1', 'V3']",0.9285714285714286,0.05100896860986547,0.09670563230605739,0.6418132479350073,5
"['V12', 'V14', 'V4', 'V1', 'V9']",0.9285714285714286,0.0523590333716916,0.09912854030501089,0.6669716221338954,5
"['V12', 'V14', 'V4', 'V1', 'V5']",0.9285714285714286,0.05044345898004435,0.09568874868559411,0.6620886037316988,5
"['V12', 'V14', 'V4', 'V8']",0.9285714285714286,0.0509518477043673,0.09660297239915075,0.6924270543958757,4
"['V12', 'V14', 'V4', 'V1', 'V2', 'V3']",0.9285714285714286,0.05161656267725468,0.09779688339602365,0.6359690356540373,6
"['V12', 'V14', 'V4', 'V1', 'V6']",0.9285714285714286,0.051209904333145755,0.09706666666666666,0.6621729571309762,5
"['V4', 'V10', 'V14', 'V12', 'V8', 'V17', 'V11', 'V20', 'V5', 'V1', 'V21']",0.9285714285714286,0.05694618272841051,0.10731132075471699,0.7322069409689502,11
"['V12', 'V14', 'V4', 'V1', 'V2', 'V10']",0.9285714285714286,0.057741116751269035,0.1087216248506571,0.6839307061865619,6
"['V12', 'V14', 'V4', 'V1', 'V2', 'V11']",0.9285714285714286,0.05737704918032787,0.10807600950118765,0.6545791485531384,6
"['V12', 'V14', 'V4', 'V1']",0.9285714285714286,0.052510098095787654,0.099399235390497,0.6666905632146066,4
"['V12', 'V14', 'V4', 'V2']",0.9285714285714286,0.05188141391106044,0.09827213822894168,0.661396746056937,4
"['V12', 'V14', 'V4', 'V5']",0.9285714285714286,0.050137741046831955,0.09513852587558808,0.6701920473397851,4
"['V12', 'V14', 'V4']",0.9285714285714286,0.05103757711721817,0.09675704412546518,0.6741562854365165,3
"['V12', 'V14', 'V4', 'V3']",0.9285714285714286,0.04881974248927039,0.09276248725790011,0.6527388974606041,4
"['V12', 'V14', 'V4', 'V6']",0.9285714285714286,0.051066217732884396,0.09680851063829787,0.6698578522206352,4
"['V12', 'V14', 'V4', 'V1', 'V2', 'V17']",0.9285714285714286,0.051763367463026164,0.0980603448275862,0.6437556776774631,6
"['V4', 'V10', 'V12', 'V8', 'V11', 'V20', 'V21']",0.9183673469387755,0.05178365937859609,0.09803921568627451,0.6303100363394923,7
"['V4', 'V10', 'V16', 'V17', 'V11']",0.9183673469387755,0.04939626783754116,0.09375,0.6474190101875165,5
"['V4', 'V10', 'V12', 'V8', 'V11', 'V20', 'V1']",0.9183673469387755,0.051457975986277875,0.09745533297238766,0.5997701167417511,7
"['V4', 'V10', 'V12', 'V8', 'V11', 'V20', 'V5']",0.9183673469387755,0.05344418052256532,0.10101010101010101,0.6085192053813147,7
"['V4', 'V10', 'V16', 'V8', 'V21']",0.9183673469387755,0.04556962025316456,0.08683068017366136,0.6000968046195484,5
"['V4', 'V10', 'V14', 'V16', 'V5']",0.9183673469387755,0.0550122249388753,0.10380622837370242,0.6995874428471566,5
"['V4', 'V10', 'V14', 'V16', 'V20']",0.9183673469387755,0.05603985056039851,0.1056338028169014,0.6817775451197062,5
"['V4', 'V10', 'V16', 'V8', 'V1']",0.9183673469387755,0.04636785162287481,0.08827856792545366,0.5450352798426682,5
"['V4', 'V10', 'V16', 'V8', 'V5']",0.9183673469387755,0.04878048780487805,0.09264024704065878,0.5669259610898013,5
"['V4', 'V10', 'V14', 'V16', 'V12', 'V8', 'V17', 'V11', 'V20', 'V5']",0.9183673469387755,0.05913272010512484,0.1111111111111111,0.7179617848812514,10
"['V4', 'V10', 'V14', 'V16', 'V1']",0.9183673469387755,0.054086538461538464,0.1021566401816118,0.6929245214281124,5
"['V4', 'V10', 'V14', 'V16', 'V21']",0.9183673469387755,0.05405405405405406,0.1020986954055587,0.7085372284335791,5
"['V4', 'V10', 'V16', 'V8', 'V17']",0.9183673469387755,0.04527162977867203,0.0862895493767977,0.5396298288588076,5
"['V4', 'V10', 'V14', 'V12', 'V1']",0.9183673469387755,0.05667506297229219,0.10676156583629894,0.6936330144201625,5
"['V4', 'V10', 'V14', 'V8', 'V17']",0.9183673469387755,0.056782334384858045,0.10695187165775401,0.6812079126316559,5
"['V4', 'V10', 'V16', 'V17', 'V5']",0.9183673469387755,0.04912663755458515,0.09326424870466321,0.6183009312546511,5
"['V4', 'V10', 'V16', 'V17', 'V21']",0.9183673469387755,0.04420432220039293,0.08434864104967198,0.6202190692017217,5
"['V4', 'V10', 'V16', 'V17', 'V1']",0.9183673469387755,0.041879944160074456,0.0801068090787717,0.6000456318701963,5
"['V4', 'V10', 'V12', 'V17', 'V20', 'V5', 'V1']",0.9183673469387755,0.051753881541115584,0.0979858464888405,0.6142862553177585,7
"['V4', 'V10', 'V16', 'V1', 'V21']",0.9183673469387755,0.045112781954887216,0.08600095556617296,0.6121008538244997,5
"['V12', 'V14', 'V4', 'V1', 'V2', 'V3', 'V5', 'V6', 'V7', 'V8', 'V9', 'V10', 'V11', 'V17', 'V18', 'V16']",0.9183673469387755,0.05758157389635317,0.10836845273931367,0.7286473558131018,16
"['V4', 'V10', 'V12', 'V20', 'V5', 'V1', 'V21']",0.9183673469387755,0.053128689492325853,0.10044642857142858,0.639746418191809,7
"['V4', 'V10', 'V16', 'V5', 'V21']",0.9183673469387755,0.049723756906077346,0.09433962264150944,0.6213749656861635,5
"['V4', 'V10', 'V12', 'V11', 'V20', 'V1', 'V21']",0.9183673469387755,0.05322294500295683,0.10061486864169927,0.6334245309383102,7
"['V4', 'V10', 'V14', 'V16', 'V12', 'V8', 'V17', 'V11', 'V20', 'V1']",0.9183673469387755,0.06093432633716994,0.11428571428571428,0.7273662950444173,10
"['V4', 'V10', 'V12', 'V11', 'V20', 'V5', 'V1']",0.9183673469387755,0.05610972568578554,0.10575793184488837,0.6255334213857404,7
"['V4', 'V10', 'V12', 'V17', 'V20', 'V1', 'V21']",0.9183673469387755,0.047897817988291645,0.09104704097116843,0.6134069231255072,7
"['V4', 'V10', 'V12', 'V17', 'V20', 'V5', 'V21']",0.9183673469387755,0.05306603773584906,0.10033444816053512,0.6382773376846991,7
"['V4', 'V10', 'V16', 'V12', 'V17', 'V11', 'V20']",0.9183673469387755,0.04838709677419355,0.09193054136874361,0.6371309610412356,7
"['V17', 'V14', 'V10', 'V8', 'V16', 'V2', 'V4']",0.9183673469387755,0.055762081784386616,0.10514018691588785,0.7050043613866834,7
"['V4', 'V10', 'V14', 'V16', 'V17']",0.9183673469387755,0.05275498241500586,0.09977827050997783,0.7083885507033859,5
"['V12', 'V14', 'V4', 'V1', 'V2', 'V3', 'V5', 'V6', 'V7', 'V8', 'V9', 'V10', 'V11', 'V17', 'V16']",0.9183673469387755,0.05754475703324808,0.10830324909747292,0.7285803237756794,15
"['V4', 'V10', 'V12', 'V17', 'V11', 'V20', 'V21']",0.9183673469387755,0.0526623756582797,0.0996126175982291,0.636879842583058,7
"['V4', 'V10', 'V12', 'V17', 'V11', 'V20', 'V1']",0.9183673469387755,0.05025125628140704,0.09528851244044469,0.59496173666761,7
"['V4', 'V10', 'V12', 'V17', 'V11', 'V20', 'V5']",0.9183673469387755,0.05545286506469501,0.10459035444509006,0.6239852159272221,7
"['V4', 'V10', 'V14', 'V16', 'V11']",0.9183673469387755,0.0594059405940594,0.1115933044017359,0.7128465023292961,5
"['V4', 'V10', 'V12', 'V8', 'V20', 'V1', 'V21']",0.9183673469387755,0.04797441364605544,0.0911854103343465,0.6245302868220344,7
"['V4', 'V10', 'V12', 'V8', 'V20', 'V5', 'V21']",0.9183673469387755,0.05067567567567568,0.096051227321238,0.6364032332295665,7
"['V4', 'V10', 'V16', 'V11', 'V1']",0.9183673469387755,0.050505050505050504,0.09574468085106383,0.6292249664122233,5
"['V4', 'V10', 'V16', 'V12', 'V20']",0.9183673469387755,0.04945054945054945,0.09384775808133472,0.6299749797293366,5
"['V4', 'V10', 'V16', 'V8', 'V17', 'V5', 'V1']",0.9183673469387755,0.05166475315729047,0.09782608695652174,0.5866229445111629,7
"['V4', 'V10', 'V14', 'V1', 'V21']",0.9183673469387755,0.05562422744128554,0.1048951048951049,0.6576315170285272,5
"['V4', 'V10', 'V14', 'V8', 'V11']",0.9183673469387755,0.05901639344262295,0.11090573012939002,0.6719238016649608,5
"['V4', 'V10', 'V14', 'V8', 'V21']",0.9183673469387755,0.05272407732864675,0.0997229916897507,0.681476706429303,5
"['V12', 'V14', 'V4', 'V1', 'V2', 'V3', 'V5', 'V6', 'V7', 'V8', 'V9', 'V10', 'V11', 'V16']",0.9183673469387755,0.054945054945054944,0.10368663594470046,0.7349276427902337,14
"['V4', 'V10', 'V12', 'V8', 'V17', 'V20', 'V21']",0.9183673469387755,0.04756871035940803,0.09045226130653267,0.6103472775533922,7
"['V4', 'V10', 'V12', 'V8', 'V17', 'V20', 'V1']",0.9183673469387755,0.04792332268370607,0.09109311740890688,0.5873267982912619,7
"['V4', 'V10', 'V14', 'V8', 'V1']",0.9183673469387755,0.054844606946983544,0.10350776308223117,0.6543979591607127,5
"['V4', 'V10', 'V12', 'V8', 'V17', 'V20', 'V5']",0.9183673469387755,0.05229517722254503,0.09895547003848268,0.6000533904066507,7
"['V4', 'V10', 'V14', 'V8', 'V5']",0.9183673469387755,0.05461165048543689,0.10309278350515463,0.6654983214899498,5
"['V4', 'V10', 'V16', 'V8', 'V17', 'V11', 'V1']",0.9183673469387755,0.0501952035694367,0.09518773135906927,0.5788495466186381,7
"['V4', 'V10', 'V16', 'V8', 'V17', 'V11', 'V21']",0.9183673469387755,0.05,0.09483667017913593,0.6309246983462385,7
"['V4', 'V10', 'V12', 'V8', 'V17', 'V11', 'V20']",0.9183673469387755,0.05087620124364047,0.09641135511515801,0.593303929150138,7
"['V4', 'V10', 'V16', 'V11', 'V5', 'V1', 'V21']",0.9183673469387755,0.05284791544333529,0.09994447529150471,0.6338485092233105,7
"['V4', 'V10', 'V16', 'V11', 'V20', 'V1', 'V21']",0.9183673469387755,0.0533175355450237,0.10078387458006718,0.6354780254710344,7
"['V4', 'V10', 'V16', 'V17', 'V11', 'V1', 'V21']",0.9183673469387755,0.04777070063694268,0.09081735620585267,0.6266633952737377,7
"['V4', 'V10', 'V16', 'V8', 'V5', 'V1', 'V21']",0.9183673469387755,0.04980630879911455,0.09448818897637795,0.6305881982215084,7
"['V4', 'V10', 'V16', 'V8', 'V11', 'V1', 'V21']",0.9183673469387755,0.05090497737556561,0.09646302250803858,0.6375197434985067,7
"['V4', 'V10', 'V16', 'V8', 'V11', 'V5', 'V21']",0.9183673469387755,0.052478134110787174,0.09928295642581357,0.6384581057597886,7
"['V4', 'V10', 'V16', 'V8', 'V11', 'V5', 'V1']",0.9183673469387755,0.05263157894736842,0.09955752212389381,0.6036899682151416,7
"['V4', 'V10', 'V16', 'V8', 'V11', 'V20', 'V21']",0.9183673469387755,0.05360333531864205,0.10129431626336523,0.6221276200922777,7
"['V4', 'V10', 'V16', 'V8', 'V17', 'V1', 'V21']",0.9183673469387755,0.04580152671755725,0.08725157537566651,0.6065895035806148,7
"['V4', 'V10', 'V14', 'V17', 'V11']",0.9183673469387755,0.06044325050369376,0.11342155009451796,0.683829103837009,5
"['V4', 'V10', 'V14', 'V17', 'V20']",0.9183673469387755,0.05739795918367347,0.10804321728691477,0.6413360730497526,5
"['V4', 'V10', 'V14', 'V17', 'V5']",0.9183673469387755,0.056461731493099125,0.10638297872340426,0.6750932027355967,5
"['V4', 'V10', 'V14', 'V20', 'V5']",0.9183673469387755,0.0574345883854499,0.10810810810810811,0.6345194515096515,5
"['V4', 'V10', 'V16', 'V8', 'V17', 'V5', 'V21']",0.9183673469387755,0.05011135857461024,0.09503695881731784,0.6142504439681493,7
"['V4', 'V10', 'V14', 'V5', 'V21']",0.9183673469387755,0.054184226369656835,0.10233086981239341,0.6641800799702766,5
"['V4', 'V10', 'V16', 'V12', 'V11', 'V20', 'V5']",0.9183673469387755,0.05497861942577886,0.1037463976945245,0.6560109704896941,7
"['V4', 'V10', 'V16', 'V12', 'V11', 'V20', 'V1']",0.9183673469387755,0.052083333333333336,0.09857612267250822,0.641530633910766,7
"['V4', 'V10', 'V16', 'V12', 'V11', 'V20', 'V21']",0.9183673469387755,0.05291005291005291,0.1000555864369094,0.6624050958171829,7
"['V4', 'V10', 'V14', 'V5', 'V1']",0.9183673469387755,0.05491153142159853,0.10362694300518134,0.6460507663083798,5
"['V4', 'V10', 'V14', 'V20', 'V21']",0.9183673469387755,0.05610972568578554,0.10575793184488837,0.6546631798848553,5
"['V4', 'V10', 'V14', 'V20', 'V1']",0.9183673469387755,0.058365758754863814,0.10975609756097561,0.6151988609042752,5
"['V4', 'V10', 'V14', 'V11', 'V21']",0.9183673469387755,0.05932762030323006,0.11145510835913312,0.683664455357825,5
"['V4', 'V10', 'V14', 'V17', 'V1']",0.9183673469387755,0.05667506297229219,0.10676156583629894,0.6514701146518068,5
"['V12', 'V14', 'V4', 'V1', 'V2', 'V3', 'V5', 'V6', 'V7', 'V8', 'V9', 'V10', 'V16']",0.9183673469387755,0.0545785324439054,0.10303377218088151,0.7332733509666096,13
"['V4', 'V10', 'V14', 'V11', 'V1']",0.9183673469387755,0.0605245460659045,0.11356466876971609,0.6537182501774707,5
"['V4', 'V10', 'V14', 'V11', 'V5']",0.9183673469387755,0.059366754617414245,0.11152416356877323,0.669828299999066,5
"['V4', 'V10', 'V16', 'V12', 'V20', 'V5', 'V21']",0.9183673469387755,0.05229517722254503,0.09895547003848268,0.6618057032033218,7
"['V4', 'V10', 'V14', 'V11', 'V20']",0.9183673469387755,0.061601642710472276,0.11545862732520847,0.6426687790909997,5
"['V4', 'V10', 'V16', 'V12', 'V20', 'V1', 'V21']",0.9183673469387755,0.04955947136563876,0.09404388714733543,0.6493566824510363,7
"['V4', 'V10', 'V14', 'V17', 'V21']",0.9183673469387755,0.05421686746987952,0.10238907849829351,0.6841096364130932,5
"['V4', 'V10', 'V16', 'V8', 'V17', 'V11', 'V5']",0.9183673469387755,0.0533175355450237,0.10078387458006718,0.5998274975300697,7
"['V4', 'V10', 'V14', 'V8', 'V20']",0.9183673469387755,0.056179775280898875,0.10588235294117647,0.6357612352871577,5
"['V4', 'V14', 'V16', 'V12', 'V17']",0.9183673469387755,0.052083333333333336,0.09857612267250822,0.691636631596058,5
"['V4', 'V10', 'V8', 'V17', 'V20', 'V5', 'V21']",0.9183673469387755,0.056214865708931916,0.10594467333725721,0.5980341322872139,7
"['V4', 'V10', 'V16', 'V12', 'V8', 'V17', 'V20', 'V5', 'V1', 'V21']",0.9183673469387755,0.05202312138728324,0.09846827133479212,0.690559572476769,10
"['V4', 'V10', 'V16', 'V12', 'V8', 'V17', 'V11', 'V20', 'V5', 'V1']",0.9183673469387755,0.05338078291814947,0.10089686098654709,0.6685630537944234,10
"['V4', 'V10', 'V16', 'V12', 'V8', 'V17', 'V11', 'V20', 'V5', 'V21']",0.9183673469387755,0.051753881541115584,0.0979858464888405,0.6727422674272501,10
"['V4', 'V10', 'V16', 'V12', 'V8', 'V17', 'V11', 'V20', 'V1', 'V21']",0.9183673469387755,0.049153468050245765,0.09331259720062209,0.670255682164025,10
"['V4', 'V14', 'V8', 'V11', 'V20']",0.9183673469387755,0.04823151125401929,0.09164969450101833,0.6204176722986314,5
"['V4', 'V14', 'V8', 'V11', 'V5']",0.9183673469387755,0.04843918191603875,0.09202453987730061,0.6352394811335732,5
"['V4', 'V14', 'V8', 'V20', 'V5']",0.9183673469387755,0.04295942720763723,0.08207934336525308,0.6138531529181377,5
"['V4', 'V10', 'V16', 'V12', 'V8', 'V11', 'V20', 'V1', 'V21']",0.9183673469387755,0.05122367672168469,0.09703504043126684,0.6771116715891561,9
"['V4', 'V10', 'V14', 'V16', 'V12', 'V17', 'V11', 'V20', 'V5', 'V1']",0.9183673469387755,0.05996002664890073,0.1125703564727955,0.7147275791546535,10
"['V4', 'V14', 'V12', 'V11', 'V5', 'V1', 'V21']",0.9183673469387755,0.05531653349723417,0.10434782608695652,0.6698011814991135,7
"['V4', 'V14', 'V12', 'V11', 'V20', 'V1', 'V21']",0.9183673469387755,0.05758157389635317,0.10836845273931367,0.6681558124829257,7
"['V17', 'V14', 'V10', 'V4']",0.9183673469387755,0.05514705882352941,0.10404624277456648,0.6798539658592369,4
"['V4', 'V10', 'V16', 'V12', 'V8', 'V11', 'V20', 'V5', 'V1', 'V21']",0.9183673469387755,0.05421686746987952,0.10238907849829351,0.6998247253559174,10
"['V4', 'V10', 'V14', 'V12', 'V17', 'V11', 'V20', 'V5', 'V1', 'V21']",0.9183673469387755,0.05897771952817824,0.11083743842364532,0.6918560508869734,10
"['V4', 'V10', 'V16', 'V12', 'V17', 'V11', 'V20', 'V5', 'V1', 'V21']",0.9183673469387755,0.05344418052256532,0.10101010101010101,0.6749578119864797,10
"['V4', 'V10', 'V12', 'V8', 'V17', 'V11', 'V20', 'V5', 'V1', 'V21']",0.9183673469387755,0.05739795918367347,0.10804321728691477,0.6743286840196049,10
"['V4', 'V14', 'V12', 'V17', 'V11', 'V1', 'V21']",0.9183673469387755,0.055970149253731345,0.10550996483001172,0.6627223433919307,7
"['V4', 'V10', 'V14', 'V16', 'V12', 'V8', 'V20', 'V5', 'V1', 'V21']",0.9183673469387755,0.057034220532319393,0.10739856801909307,0.7445943124045162,10
"['V4', 'V14', 'V16', 'V12', 'V8', 'V17', 'V11', 'V20', 'V5', 'V1']",0.9183673469387755,0.054119061936259774,0.10221465076660988,0.7205738780729709,10
"['V4', 'V10', 'V14', 'V16', 'V12', 'V8', 'V11', 'V5', 'V1', 'V21']",0.9183673469387755,0.055693069306930694,0.10501750291715285,0.7460436743531978,10
"['V4', 'V10', 'V12', 'V20', 'V21']",0.9183673469387755,0.049099836333878884,0.09321595028482652,0.6280616420175547,5
"['V4', 'V10', 'V12', 'V20', 'V1']",0.9183673469387755,0.04836109618484686,0.09188361408882083,0.5955782819022137,5
"['V4', 'V10', 'V12', 'V20', 'V5']",0.9183673469387755,0.05205320994794679,0.09852216748768473,0.6150051245954913,5
"['V4', 'V14', 'V16', 'V12', 'V8', 'V17', 'V11', 'V20', 'V5', 'V21']",0.9183673469387755,0.05275498241500586,0.09977827050997783,0.7172089376540219,10
"['V4', 'V10', 'V14', 'V16', 'V12', 'V8', 'V11', 'V20', 'V1', 'V21']",0.9183673469387755,0.05825242718446602,0.10955569080949483,0.7423809551005138,10
"['V4', 'V10', 'V14', 'V8', 'V17', 'V11', 'V20', 'V5', 'V1', 'V21']",0.9183673469387755,0.06164383561643835,0.11553273427471117,0.6992609838293807,10
"['V4', 'V10', 'V14', 'V16', 'V12', 'V17', 'V11', 'V20', 'V5', 'V21']",0.9183673469387755,0.060851926977687626,0.11414077362079898,0.7168135348694612,10
"['V4', 'V10', 'V14', 'V16', 'V12', 'V8', 'V11', 'V20', 'V5', 'V1']",0.9183673469387755,0.056818181818181816,0.1070154577883472,0.7444399056231248,10
"['V4', 'V10', 'V14', 'V16', 'V12', 'V17', 'V20', 'V5', 'V1', 'V21']",0.9183673469387755,0.05901639344262295,0.11090573012939002,0.7163341791036283,10
"['V4', 'V14', 'V16', 'V12', 'V11']",0.9183673469387755,0.056568196103079824,0.10657193605683836,0.7021998520771396,5
"['V4', 'V10', 'V11', 'V1', 'V21']",0.9183673469387755,0.05104934770277935,0.09672219236969372,0.6042812133061342,5
"['V4', 'V14', 'V16', 'V12', 'V20']",0.9183673469387755,0.05369928400954654,0.10146561443066517,0.6970769888759045,5
"['V4', 'V10', 'V14', 'V16', 'V12', 'V17', 'V11', 'V5', 'V1', 'V21']",0.9183673469387755,0.05897771952817824,0.11083743842364532,0.716082099094828,10
"['V4', 'V10', 'V17', 'V11', 'V1']",0.9183673469387755,0.05084745762711865,0.09635974304068523,0.5870617875876958,5
"['V4', 'V10', 'V8', 'V1', 'V21']",0.9183673469387755,0.046801872074883,0.08906481939633845,0.5631013823805706,5
"['V4', 'V14', 'V16', 'V12', 'V5']",0.9183673469387755,0.05235602094240838,0.09906439185470556,0.6939995725951519,5
"['V4', 'V10', 'V14', 'V16', 'V12', 'V17', 'V11', 'V20', 'V1', 'V21']",0.9183673469387755,0.05996002664890073,0.1125703564727955,0.7209842223788535,10
"['V4', 'V10', 'V8', 'V11', 'V1']",0.9183673469387755,0.04997223764575236,0.0947867298578199,0.5161920806012433,5
"['V4', 'V14', 'V16', 'V12', 'V1']",0.9183673469387755,0.05322294500295683,0.10061486864169927,0.6962330354956574,5
"['V4', 'V14', 'V16', 'V12', 'V21']",0.9183673469387755,0.05322294500295683,0.10061486864169927,0.7023407567819148,5
"['V4', 'V10', 'V14', 'V16', 'V12', 'V11', 'V20', 'V5', 'V1', 'V21']",0.9183673469387755,0.06,0.11264080100125157,0.71899949940367,10
"['V4', 'V10', 'V8', 'V17', 'V5']",0.9183673469387755,0.05263157894736842,0.09955752212389381,0.5311440463216848,5
"['V4', 'V10', 'V14', 'V16', 'V8', 'V17', 'V11', 'V20', 'V5', 'V1']",0.9183673469387755,0.06224066390041494,0.11658031088082901,0.7316278905434764,10
"['V4', 'V10', 'V14', 'V16', 'V8', 'V17', 'V11', 'V20', 'V5', 'V21']",0.9183673469387755,0.06056527590847914,0.11363636363636363,0.7298319573501323,10
"['V4', 'V10', 'V14', 'V16', 'V8', 'V17', 'V11', 'V20', 'V1', 'V21']",0.9183673469387755,0.062154696132596686,0.11642949547218628,0.720118009494394,10
"['V17', 'V14', 'V10', 'V8', 'V4']",0.9183673469387755,0.056782334384858045,0.10695187165775401,0.6812079126316559,5
"['V4', 'V10', 'V14', 'V16', 'V8', 'V17', 'V11', 'V5', 'V1', 'V21']",0.9183673469387755,0.05909389363099146,0.11104256631708821,0.7420888853240669,10
"['V4', 'V10', 'V14', 'V16', 'V8', 'V17', 'V20', 'V5', 'V1', 'V21']",0.9183673469387755,0.057766367137355584,0.10869565217391304,0.7330624994353676,10
"['V4', 'V10', 'V14', 'V16', 'V8', 'V11', 'V20', 'V5', 'V1', 'V21']",0.9183673469387755,0.05921052631578947,0.11124845488257108,0.7266503364913097,10
"['V4', 'V10', 'V14', 'V16', 'V17', 'V11', 'V20', 'V5', 'V1', 'V21']",0.9183673469387755,0.06130790190735695,0.11494252873563218,0.6985638881637275,10
"['V4', 'V10', 'V8', 'V11', 'V5']",0.9183673469387755,0.05269320843091335,0.09966777408637874,0.5439186682771602,5
"['V4', 'V10', 'V8', 'V17', 'V21']",0.9183673469387755,0.047293746715712036,0.08995502248875563,0.5746731324436369,5
"['V4', 'V10', 'V8', 'V17', 'V1']",0.9183673469387755,0.04888647474198805,0.09283135636926251,0.5005126738693572,5
"['V4', 'V10', 'V14', 'V16', 'V12', 'V8', 'V11', 'V20', 'V5', 'V21']",0.9183673469387755,0.056074766355140186,0.10569583088667057,0.7409487196700347,10
"['V4', 'V14', 'V16', 'V12', 'V8', 'V17', 'V11', 'V5', 'V1', 'V21']",0.9183673469387755,0.05322294500295683,0.10061486864169927,0.7225958557338776,10
"['V4', 'V10', 'V8', 'V17', 'V5', 'V1', 'V21']",0.9183673469387755,0.05263157894736842,0.09955752212389381,0.6121167972833086,7
"['V4', 'V14', 'V16', 'V12', 'V8', 'V11', 'V5']",0.9183673469387755,0.05385996409335727,0.10175240248728094,0.7157748810054293,7
"['V4', 'V14', 'V16', 'V12', 'V17', 'V11', 'V21']",0.9183673469387755,0.054184226369656835,0.10233086981239341,0.6939857431578829,7
"['V4', 'V14', 'V16', 'V12', 'V17', 'V11', 'V1']",0.9183673469387755,0.05402160864345738,0.10204081632653061,0.6882007910642233,7
"['V4', 'V14', 'V16', 'V12', 'V17', 'V11', 'V5']",0.9183673469387755,0.05303476723629935,0.10027855153203342,0.6906720162391365,7
"['V4', 'V14', 'V16', 'V12', 'V17', 'V11', 'V20']",0.9183673469387755,0.05461165048543689,0.10309278350515463,0.6880750937134141,7
"['V4', 'V14', 'V16', 'V12', 'V8', 'V5', 'V21']",0.9183673469387755,0.050590219224283306,0.09589770911028236,0.7185842493130612,7
"['V4', 'V14', 'V16', 'V12', 'V8', 'V5', 'V1']",0.9183673469387755,0.05163511187607573,0.0977729494839761,0.7173707990716918,7
"['V4', 'V14', 'V16', 'V12', 'V8', 'V20', 'V21']",0.9183673469387755,0.05184331797235023,0.09814612868047982,0.7178647531692943,7
"['V4', 'V10', 'V14', 'V16', 'V12', 'V8', 'V17', 'V11', 'V5', 'V21']",0.9183673469387755,0.05710659898477157,0.10752688172043011,0.7133675988366884,10
"['V4', 'V14', 'V16', 'V12', 'V8', 'V20', 'V5']",0.9183673469387755,0.0513405590416429,0.09724473257698542,0.7158745453731,7
"['V4', 'V14', 'V16', 'V12', 'V8', 'V11', 'V21']",0.9183673469387755,0.054878048780487805,0.10356731875719218,0.7189067968192058,7
"['V4', 'V14', 'V16', 'V12', 'V8', 'V11', 'V1']",0.9183673469387755,0.055589870290302656,0.10483401281304601,0.7226966079432642,7
"['V4', 'V14', 'V16', 'V12', 'V8', 'V11', 'V20']",0.9183673469387755,0.05583126550868486,0.10526315789473684,0.717283993458723,7
"['V4', 'V14', 'V16', 'V12', 'V17', 'V20', 'V1']",0.9183673469387755,0.05196304849884527,0.09836065573770492,0.6794146131722772,7
"['V4', 'V14', 'V16', 'V12', 'V8', 'V17', 'V21']",0.9183673469387755,0.050790067720090294,0.0962566844919786,0.7167889489000905,7
"['V4', 'V10', 'V12', 'V8', 'V20']",0.9183673469387755,0.04843918191603875,0.09202453987730061,0.5810483899935988,5
"['V4', 'V10', 'V14', 'V16', 'V12', 'V8', 'V17', 'V11', 'V5', 'V1']",0.9183673469387755,0.058365758754863814,0.10975609756097561,0.7254014483321238,10
"['V4', 'V14', 'V16', 'V12', 'V8', 'V17', 'V5']",0.9183673469387755,0.05142857142857143,0.09740259740259741,0.7150422691416549,7
"['V4', 'V10', 'V14', 'V16', 'V12', 'V8', 'V17', 'V11', 'V20', 'V21']",0.9183673469387755,0.05924950625411455,0.11131725417439703,0.713149798833158,10
"['V4', 'V14', 'V16', 'V12', 'V8']",0.9183673469387755,0.052941176470588235,0.10011123470522804,0.7201417558491623,5
"['V4', 'V14', 'V16', 'V12', 'V8', 'V17', 'V20']",0.9183673469387755,0.05184331797235023,0.09814612868047982,0.7152995428504708,7
"['V4', 'V14', 'V16', 'V12', 'V8', 'V17', 'V11']",0.9183673469387755,0.05474452554744526,0.10332950631458095,0.715783268656326,7
"['V4', 'V10', 'V17', 'V11', 'V20', 'V5', 'V21']",0.9183673469387755,0.06143344709897611,0.11516314779270634,0.6229627730738572,7
"['V4', 'V10', 'V8', 'V11', 'V5', 'V1', 'V21']",0.9183673469387755,0.05303476723629935,0.10027855153203342,0.6082658907549814,7
"['V4', 'V10', 'V8', 'V11', 'V20', 'V5', 'V21']",0.9183673469387755,0.05747126436781609,0.10817307692307693,0.5996322144244931,7
"['V4', 'V14', 'V16', 'V12', 'V17', 'V20', 'V5']",0.9183673469387755,0.051694428489373924,0.09787928221859707,0.6821600351444775,7
"['V4', 'V10', 'V14', 'V16', 'V12', 'V8', 'V17', 'V11', 'V1', 'V21']",0.9183673469387755,0.05917159763313609,0.11117974058060531,0.7162682794723668,10
"['V4', 'V10', 'V12', 'V11', 'V20']",0.9183673469387755,0.05373134328358209,0.10152284263959391,0.6173836434909961,5
"['V4', 'V14', 'V16', 'V12', 'V20', 'V1', 'V21']",0.9183673469387755,0.05357142857142857,0.10123734533183353,0.6948631244035242,7
"['V4', 'V10', 'V14', 'V16', 'V12', 'V8', 'V17', 'V5', 'V1', 'V21']",0.9183673469387755,0.05739795918367347,0.10804321728691477,0.7460547392021519,10
"['V17', 'V14', 'V10', 'V8', 'V16', 'V4']",0.9183673469387755,0.056004978220286245,0.10557184750733138,0.7154092994403267,6
"['V4', 'V14', 'V16', 'V12', 'V8', 'V17', 'V20', 'V5', 'V1', 'V21']",0.9183673469387755,0.05056179775280899,0.09584664536741214,0.7198051623018875,10
"['V4', 'V14', 'V16', 'V12', 'V8', 'V11', 'V20', 'V5', 'V1', 'V21']",0.9183673469387755,0.05291005291005291,0.1000555864369094,0.7211450009155324,10
"['V4', 'V14', 'V16', 'V12', 'V17', 'V11', 'V20', 'V5', 'V1', 'V21']",0.9183673469387755,0.05322294500295683,0.10061486864169927,0.6880681068592919,10
"['V4', 'V10', 'V14', 'V16', 'V12', 'V8', 'V17', 'V20', 'V1', 'V21']",0.9183673469387755,0.055762081784386616,0.10514018691588785,0.7442235178942785,10
"['V12', 'V14', 'V4', 'V1', 'V2', 'V3', 'V5', 'V6', 'V7', 'V8', 'V9', 'V10', 'V11', 'V17', 'V18', 'V19', 'V16', 'V20', 'V21', 'Amount']",0.9183673469387755,0.05787781350482315,0.1088929219600726,0.7347227867613664,20
"['V12', 'V14', 'V4', 'V1', 'V2', 'V3', 'V5', 'V6', 'V7', 'V8', 'V9', 'V10', 'V11', 'V17', 'V18', 'V19', 'V16', 'V20', 'Amount']",0.9183673469387755,0.05870841487279843,0.11036174126302882,0.726669782913242,19
"['V12', 'V14', 'V4', 'V1', 'V2', 'V3', 'V5', 'V6', 'V7', 'V8', 'V9', 'V10', 'V11', 'V17', 'V18', 'V19', 'V16', 'Amount']",0.9183673469387755,0.057803468208092484,0.10876132930513595,0.7324678213165745,18
"['V4', 'V10', 'V14', 'V16', 'V12', 'V8', 'V17', 'V20', 'V5', 'V21']",0.9183673469387755,0.056890012642225034,0.10714285714285714,0.7472095976026578,10
"['V4', 'V14', 'V16', 'V12', 'V5', 'V1', 'V21']",0.9183673469387755,0.05229517722254503,0.09895547003848268,0.6924403944062109,7
"['V4', 'V14', 'V16', 'V12', 'V20', 'V5', 'V21']",0.9183673469387755,0.053003533568904596,0.10022271714922049,0.6942061793168601,7
"['V4', 'V10', 'V14', 'V16', 'V12', 'V8', 'V17', 'V20', 'V5', 'V1']",0.9183673469387755,0.05893909626719057,0.11076923076923077,0.7420929777906763,10
"['V4', 'V14', 'V16', 'V12', 'V20', 'V5', 'V1']",0.9183673469387755,0.05269320843091335,0.09966777408637874,0.6913058333551537,7
"['V4', 'V14', 'V16', 'V12', 'V11', 'V1', 'V21']",0.9183673469387755,0.05717916137229987,0.1076555023923445,0.699002943485081,7
"['V4', 'V14', 'V16', 'V12', 'V11', 'V5', 'V21']",0.9183673469387755,0.05474452554744526,0.10332950631458095,0.6979140762222187,7
"['V4', 'V14', 'V16', 'V12', 'V11', 'V5', 'V1']",0.9183673469387755,0.05447941888619855,0.10285714285714286,0.6954676587629541,7
"['V4', 'V14', 'V16', 'V12', 'V11', 'V20', 'V21']",0.9183673469387755,0.056925996204933584,0.1072066706372841,0.7008469972318339,7
"['V4', 'V14', 'V16', 'V12', 'V11', 'V20', 'V1']",0.9183673469387755,0.0574345883854499,0.10810810810810811,0.6943831603897717,7
"['V4', 'V14', 'V16', 'V12', 'V11', 'V20', 'V5']",0.9183673469387755,0.054878048780487805,0.10356731875719218,0.6950324148066435,7
"['V4', 'V14', 'V16', 'V12', 'V17', 'V1', 'V21']",0.9183673469387755,0.051194539249146756,0.09698275862068965,0.6862237904236064,7
"['V4', 'V14', 'V16', 'V12', 'V17', 'V5', 'V21']",0.9183673469387755,0.051753881541115584,0.0979858464888405,0.6883893964534178,7
"['V4', 'V14', 'V16', 'V12', 'V17', 'V5', 'V1']",0.9183673469387755,0.050790067720090294,0.0962566844919786,0.6826808687892799,7
"['V4', 'V14', 'V16', 'V12', 'V17', 'V20', 'V21']",0.9183673469387755,0.052204176334106726,0.09879253567508232,0.6884405462575475,7
"['V4', 'V14', 'V16', 'V12', 'V8', 'V17', 'V11', 'V20', 'V1', 'V21']",0.9183673469387755,0.0539568345323741,0.10192525481313704,0.7208708693479369,10
"['V4', 'V10', 'V16', 'V12', 'V8', 'V20', 'V5', 'V1', 'V21']",0.9183673469387755,0.0522344747533372,0.09884678747940692,0.6913989889861822,9
"['V4', 'V10', 'V16', 'V12', 'V8', 'V20', 'V21']",0.9183673469387755,0.049019607843137254,0.09307135470527404,0.6407901444889159,7
"['V4', 'V10', 'V16', 'V12', 'V11', 'V20']",0.9183673469387755,0.0522344747533372,0.09884678747940692,0.6450933175481341,6
"['V4', 'V10', 'V14', 'V17', 'V1', 'V21']",0.9183673469387755,0.05610972568578554,0.10575793184488837,0.6616934627652051,6
"['V4', 'V10', 'V14', 'V11', 'V20', 'V5']",0.9183673469387755,0.061813186813186816,0.11583011583011583,0.6419268287456307,6
"['V4', 'V10', 'V14', 'V11', 'V20', 'V1']",0.9183673469387755,0.06324666198172874,0.11834319526627218,0.6244419686990541,6
"['V4', 'V10', 'V14', 'V11', 'V20', 'V21']",0.9183673469387755,0.06164383561643835,0.11553273427471117,0.6627806193702453,6
"['V4', 'V10', 'V14', 'V11', 'V5', 'V1']",0.9183673469387755,0.058102001291155586,0.1092896174863388,0.6543689647926318,6
"['V4', 'V10', 'V14', 'V11', 'V5', 'V21']",0.9183673469387755,0.05847953216374269,0.10995723885155773,0.6716118219447457,6
"['V4', 'V10', 'V14', 'V11', 'V1', 'V21']",0.9183673469387755,0.06032171581769437,0.11320754716981132,0.664084519041782,6
"['V4', 'V10', 'V14', 'V20', 'V5', 'V1']",0.9183673469387755,0.05795235028976175,0.10902483343428225,0.6231173880273431,6
"['V4', 'V10', 'V14', 'V20', 'V5', 'V21']",0.9183673469387755,0.05639097744360902,0.10625737898465171,0.6592045756798274,6
"['V4', 'V10', 'V14', 'V20', 'V1', 'V21']",0.9183673469387755,0.05707038681039949,0.10746268656716418,0.643277449076049,6
"['V4', 'V10', 'V14', 'V5', 'V1', 'V21']",0.9183673469387755,0.05461165048543689,0.10309278350515463,0.6514113369238109,6
"['V4', 'V10', 'V16', 'V12', 'V8', 'V20']",0.9183673469387755,0.04875406283856988,0.09259259259259259,0.6154872075596217,6
"['V12', 'V14', 'V4', 'V1', 'V2', 'Amount']",0.9183673469387755,0.05148741418764302,0.09750812567713976,0.6608560325311074,6
"['V4', 'V10', 'V16', 'V12', 'V20', 'V5']",0.9183673469387755,0.05226480836236934,0.0989010989010989,0.6431651337949869,6
"['V4', 'V10', 'V14', 'V16', 'V20', 'V21']",0.9183673469387755,0.056818181818181816,0.1070154577883472,0.6925219145593037,6
"['V4', 'V10', 'V16', 'V12', 'V20', 'V1']",0.9183673469387755,0.04942339373970346,0.09379885356956748,0.6301187288428585,6
"['V4', 'V10', 'V16', 'V12', 'V20', 'V21']",0.9183673469387755,0.049342105263157895,0.09365244536940687,0.6484791216694911,6
"['V12', 'V14', 'V4', 'V1', 'V2', 'V16']",0.9183673469387755,0.05344418052256532,0.10101010101010101,0.6933701430162528,6
"['V4', 'V10', 'V16', 'V8', 'V17', 'V11']",0.9183673469387755,0.05013927576601671,0.09508716323296355,0.5775321700753601,6
"['V4', 'V10', 'V16', 'V8', 'V17', 'V5']",0.9183673469387755,0.050818746470920384,0.09630818619582665,0.5701581846554526,6
"['V4', 'V10', 'V16', 'V8', 'V17', 'V1']",0.9183673469387755,0.04568527918781726,0.08704061895551257,0.5424118648500436,6
"['V4', 'V10', 'V16', 'V8', 'V17', 'V21']",0.9183673469387755,0.045112781954887216,0.08600095556617296,0.5994878940768434,6
"['V4', 'V10', 'V16', 'V8', 'V11', 'V5']",0.9183673469387755,0.05232558139534884,0.09900990099009901,0.5981625386239668,6
"['V4', 'V10', 'V16', 'V8', 'V11', 'V21']",0.9183673469387755,0.050476724621424565,0.09569377990430622,0.6325484609994699,6
"['V4', 'V10', 'V16', 'V8', 'V5', 'V1']",0.9183673469387755,0.049153468050245765,0.09331259720062209,0.5763721953377792,6
"['V4', 'V10', 'V16', 'V8', 'V1', 'V21']",0.9183673469387755,0.046511627906976744,0.08853910477127398,0.6084757362556579,6
"['V4', 'V10', 'V16', 'V17', 'V11', 'V1']",0.9183673469387755,0.04714510214772132,0.08968609865470852,0.6228588968020797,6
"['V4', 'V10', 'V16', 'V17', 'V11', 'V21']",0.9183673469387755,0.04991680532445923,0.09468700683850605,0.6439135093895638,6
"['V4', 'V10', 'V14', 'V17', 'V5', 'V21']",0.9183673469387755,0.054878048780487805,0.10356731875719218,0.6755884076730229,6
"['V4', 'V10', 'V14', 'V17', 'V5', 'V1']",0.9183673469387755,0.056782334384858045,0.10695187165775401,0.658094132287855,6
"['V4', 'V10', 'V14', 'V17', 'V20', 'V21']",0.9183673469387755,0.05674653215636822,0.10688836104513064,0.6593548313661213,6
"['V4', 'V10', 'V14', 'V17', 'V20', 'V1']",0.9183673469387755,0.05905511811023622,0.11097410604192355,0.6174688983447076,6
"['V4', 'V10', 'V14', 'V16', 'V5', 'V21']",0.9183673469387755,0.054678007290400975,0.10321100917431193,0.6983925347281403,6
"['V4', 'V10', 'V14', 'V16', 'V1', 'V21']",0.9183673469387755,0.054184226369656835,0.10233086981239341,0.6952282880439958,6
"['V12', 'V14', 'V4', 'V1', 'V2', 'V3', 'V5', 'V16']",0.9183673469387755,0.05113636363636364,0.0968783638320775,0.6824374785889679,8
"['V4', 'V10', 'V14', 'V12', 'V17', 'V1']",0.9183673469387755,0.056004978220286245,0.10557184750733138,0.6884747003261901,6
"['V4', 'V10', 'V14', 'V12', 'V11', 'V1']",0.9183673469387755,0.05976095617529881,0.11221945137157108,0.693304663102755,6
"['V4', 'V10', 'V14', 'V12', 'V5', 'V1']",0.9183673469387755,0.05750798722044728,0.10823812387251955,0.6936501083975871,6
"['V4', 'V10', 'V14', 'V12', 'V1', 'V21']",0.9183673469387755,0.056925996204933584,0.1072066706372841,0.6954988485793749,6
"['V4', 'V10', 'V14', 'V8', 'V17', 'V11']",0.9183673469387755,0.06177076183939602,0.1157556270096463,0.6853624808344393,6
"['V4', 'V10', 'V14', 'V8', 'V17', 'V20']",0.9183673469387755,0.057692307692307696,0.10856453558504221,0.6562587450872033,6
"['V4', 'V10', 'V14', 'V8', 'V17', 'V5']",0.9183673469387755,0.05750798722044728,0.10823812387251955,0.6923353249743184,6
"['V4', 'V10', 'V14', 'V8', 'V17', 'V1']",0.9183673469387755,0.0574345883854499,0.10810810810810811,0.672072325401987,6
"['V4', 'V10', 'V14', 'V8', 'V17', 'V21']",0.9183673469387755,0.05405405405405406,0.1020986954055587,0.6962787118974977,6
"['V4', 'V10', 'V14', 'V8', 'V11', 'V20']",0.9183673469387755,0.06126616746085772,0.1148691767708998,0.647864059591316,6
"['V4', 'V10', 'V14', 'V8', 'V11', 'V5']",0.9183673469387755,0.057766367137355584,0.10869565217391304,0.6721901507948468,6
"['V4', 'V10', 'V14', 'V8', 'V11', 'V1']",0.9183673469387755,0.05870841487279843,0.11036174126302882,0.6652848054380094,6
"['V4', 'V10', 'V14', 'V8', 'V11', 'V21']",0.9183673469387755,0.05725190839694656,0.10778443113772455,0.6902809253137442,6
"['V4', 'V10', 'V14', 'V8', 'V20', 'V5']",0.9183673469387755,0.056355666875391355,0.10619469026548672,0.6373295610504695,6
"['V4', 'V10', 'V14', 'V8', 'V20', 'V1']",0.9183673469387755,0.056568196103079824,0.10657193605683836,0.6292797249650521,6
"['V4', 'V10', 'V14', 'V8', 'V20', 'V21']",0.9183673469387755,0.05441354292623942,0.10273972602739725,0.6590051692531681,6
"['V4', 'V10', 'V14', 'V8', 'V5', 'V1']",0.9183673469387755,0.05415162454873646,0.10227272727272728,0.6512944109779861,6
"['V4', 'V10', 'V14', 'V8', 'V5', 'V21']",0.9183673469387755,0.052478134110787174,0.09928295642581357,0.6764378686502361,6
"['V4', 'V10', 'V14', 'V8', 'V1', 'V21']",0.9183673469387755,0.05291005291005291,0.1000555864369094,0.6740524755546677,6
"['V4', 'V10', 'V14', 'V17', 'V11', 'V20']",0.9183673469387755,0.062456627342123525,0.11695906432748537,0.6440496159884138,6
"['V4', 'V10', 'V14', 'V17', 'V11', 'V5']",0.9183673469387755,0.06194081211286993,0.11605415860735009,0.680315232627679,6
"['V4', 'V10', 'V14', 'V17', 'V11', 'V1']",0.9183673469387755,0.061016949152542375,0.11443102352193261,0.655794192441804,6
"['V4', 'V10', 'V14', 'V17', 'V11', 'V21']",0.9183673469387755,0.06044325050369376,0.11342155009451796,0.689501379166061,6
"['V4', 'V10', 'V14', 'V17', 'V20', 'V5']",0.9183673469387755,0.05917159763313609,0.11117974058060531,0.6451616762266974,6
"['V4', 'V10', 'V16', 'V17', 'V5', 'V21']",0.9183673469387755,0.04969630038652678,0.09429020429544265,0.6211178111351454,6
"['V4', 'V10', 'V16', 'V17', 'V1', 'V21']",0.9183673469387755,0.04287756074321105,0.08192990441511151,0.6070082333629844,6
"['V4', 'V10', 'V16', 'V11', 'V20', 'V21']",0.9183673469387755,0.05360333531864205,0.10129431626336523,0.6376371226811043,6
"['V4', 'V14', 'V16', 'V12', 'V8', 'V11']",0.9183673469387755,0.055762081784386616,0.10514018691588785,0.718653295187818,6
"['V4', 'V14', 'V16', 'V12', 'V8', 'V5']",0.9183673469387755,0.05128205128205128,0.09713977334052887,0.7156741029460806,6
"['V4', 'V14', 'V16', 'V12', 'V8', 'V21']",0.9183673469387755,0.05172413793103448,0.09793253536452666,0.7187134807839762,6
"['V4', 'V14', 'V16', 'V12', 'V17', 'V11']",0.9183673469387755,0.054184226369656835,0.10233086981239341,0.6947679530028187,6
"['V4', 'V14', 'V16', 'V12', 'V17', 'V20']",0.9183673469387755,0.052478134110787174,0.09928295642581357,0.6845079538736027,6
"['V4', 'V14', 'V16', 'V12', 'V17', 'V5']",0.9183673469387755,0.0513405590416429,0.09724473257698542,0.6854774322916459,6
"['V4', 'V14', 'V16', 'V12', 'V17', 'V1']",0.9183673469387755,0.05148741418764302,0.09750812567713976,0.6846790053112304,6
"['V4', 'V14', 'V16', 'V12', 'V17', 'V21']",0.9183673469387755,0.05253940455341506,0.09939260077305356,0.6912402856154786,6
"['V4', 'V14', 'V16', 'V12', 'V11', 'V20']",0.9183673469387755,0.05710659898477157,0.10752688172043011,0.6987327979158949,6
"['V4', 'V14', 'V16', 'V12', 'V11', 'V5']",0.9183673469387755,0.054282267792521106,0.10250569476082004,0.6968261845664053,6
"['V4', 'V14', 'V16', 'V12', 'V11', 'V1']",0.9183673469387755,0.05660377358490566,0.1066350710900474,0.697564819648573,6
"['V4', 'V14', 'V16', 'V12', 'V11', 'V21']",0.9183673469387755,0.056925996204933584,0.1072066706372841,0.7025862776719428,6
"['V4', 'V14', 'V16', 'V12', 'V20', 'V5']",0.9183673469387755,0.05272407732864675,0.0997229916897507,0.6927647059298142,6
"['V4', 'V14', 'V16', 'V12', 'V20', 'V1']",0.9183673469387755,0.05398920215956809,0.10198300283286119,0.6923178507593504,6
"['V4', 'V14', 'V16', 'V12', 'V20', 'V21']",0.9183673469387755,0.053349140486069944,0.10084033613445378,0.6980661176181269,6
"['V4', 'V14', 'V16', 'V12', 'V5', 'V1']",0.9183673469387755,0.05205320994794679,0.09852216748768473,0.6929248285426116,6
"['V4', 'V14', 'V16', 'V12', 'V5', 'V21']",0.9183673469387755,0.052600818234950324,0.09950248756218906,0.6950305392799296,6
"['V4', 'V14', 'V16', 'V12', 'V1', 'V21']",0.9183673469387755,0.05322294500295683,0.10061486864169927,0.6977521684721775,6
"['V4', 'V10', 'V14', 'V16', 'V12', 'V8', 'V17', 'V11', 'V20', 'V5', 'V1']",0.9183673469387755,0.06016042780748663,0.11292346298619825,0.7250780239096982,11
"['V4', 'V10', 'V14', 'V16', 'V12', 'V8', 'V17', 'V11', 'V20', 'V5', 'V21']",0.9183673469387755,0.058027079303675046,0.1091570648878108,0.7066409172078997,11
"['V4', 'V10', 'V14', 'V16', 'V12', 'V8', 'V17', 'V11', 'V20', 'V1', 'V21']",0.9183673469387755,0.06,0.11264080100125157,0.7152661485505751,11
"['V4', 'V10', 'V14', 'V16', 'V12', 'V8', 'V17', 'V11', 'V5', 'V1', 'V21']",0.9183673469387755,0.05813953488372093,0.10935601458080195,0.7198210696910355,11
"['V4', 'V10', 'V14', 'V16', 'V12', 'V8', 'V17', 'V20', 'V5', 'V1', 'V21']",0.9183673469387755,0.057803468208092484,0.10876132930513595,0.7455913172795333,11
"['V4', 'V10', 'V14', 'V16', 'V12', 'V8', 'V11', 'V20', 'V5', 'V1', 'V21']",0.9183673469387755,0.056214865708931916,0.10594467333725721,0.7466678396104806,11
"['V4', 'V10', 'V14', 'V16', 'V12', 'V17', 'V11', 'V20', 'V5', 'V1', 'V21']",0.9183673469387755,0.061224489795918366,0.11479591836734694,0.7164694369450595,11
"['V4', 'V10', 'V14', 'V16', 'V8', 'V17', 'V11', 'V20', 'V5', 'V1', 'V21']",0.9183673469387755,0.06206896551724138,0.11627906976744186,0.7413450121821699,11
"['V4', 'V10', 'V16', 'V12', 'V8', 'V17', 'V11', 'V20', 'V5', 'V1', 'V21']",0.9183673469387755,0.05441354292623942,0.10273972602739725,0.6999984627030207,11
"['V4', 'V14', 'V16', 'V12', 'V8', 'V17', 'V11', 'V20', 'V5', 'V1', 'V21']",0.9183673469387755,0.05325443786982249,0.10067114093959731,0.7229069345677557,11
"['V4', 'V14', 'V16', 'V12', 'V8', 'V20']",0.9183673469387755,0.05291005291005291,0.1000555864369094,0.7193798622752707,6
"['V4', 'V14', 'V16', 'V12', 'V8', 'V17']",0.9183673469387755,0.051694428489373924,0.09787928221859707,0.7176531934837741,6
"['V4', 'V10', 'V16', 'V11', 'V5', 'V1']",0.9183673469387755,0.05353955978584176,0.10118043844856661,0.6301403805313566,6
"['V12', 'V14', 'V4', 'V16']",0.9183673469387755,0.05328596802841918,0.10072747621712368,0.7016613785365624,4
"['V4', 'V10', 'V16', 'V11', 'V5', 'V21']",0.9183673469387755,0.05357142857142857,0.10123734533183353,0.6425715477076633,6
"['V4', 'V10', 'V16', 'V11', 'V1', 'V21']",0.9183673469387755,0.05016722408026756,0.09513742071881606,0.6328483345431234,6
"['V4', 'V10', 'V12', 'V8', 'V17', 'V20']",0.9183673469387755,0.048102618920363445,0.0914169629253428,0.579753798337233,6
"['V4', 'V10', 'V12', 'V8', 'V11', 'V20']",0.9183673469387755,0.05148741418764302,0.09750812567713976,0.5953212212297444,6
"['V12', 'V14', 'V4', 'V1', 'Amount']",0.9183673469387755,0.05102040816326531,0.0966702470461869,0.6658610689708475,5
"['V4', 'V10', 'V12', 'V8', 'V20', 'V5']",0.9183673469387755,0.05044843049327354,0.09564293304994687,0.5967674715292485,6
"['V4', 'V10', 'V12', 'V8', 'V20', 'V1']",0.9183673469387755,0.048025613660619,0.09127789046653144,0.5875903315613454,6
"['V4', 'V10', 'V12', 'V8', 'V20', 'V21']",0.9183673469387755,0.048154093097913325,0.09150991357397051,0.6129049256678331,6
"['V4', 'V10', 'V12', 'V17', 'V11', 'V20']",0.9183673469387755,0.05102040816326531,0.0966702470461869,0.6094967890990297,6
"['V12', 'V14', 'V4', 'V1', 'V16']",0.9183673469387755,0.05322294500295683,0.10061486864169927,0.6962330354956574,5
"['V4', 'V10', 'V12', 'V17', 'V20', 'V5']",0.9183673469387755,0.05172413793103448,0.09793253536452666,0.6141648883195776,6
"['V12', 'V14', 'V4', 'V1', 'V10']",0.9183673469387755,0.05667506297229219,0.10676156583629894,0.6936330144201625,5
"['V4', 'V10', 'V12', 'V11', 'V20', 'V5']",0.9183673469387755,0.05667506297229219,0.10676156583629894,0.6264254464172787,6
"['V4', 'V10', 'V12', 'V11', 'V20', 'V1']",0.9183673469387755,0.05275498241500586,0.09977827050997783,0.606714706321113,6
"['V4', 'V10', 'V12', 'V11', 'V20', 'V21']",0.9183673469387755,0.054249547920433995,0.10244735344336937,0.6430022153073669,6
"['V4', 'V10', 'V12', 'V20', 'V5', 'V1']",0.9183673469387755,0.05205320994794679,0.09852216748768473,0.6155736105986754,6
"['V4', 'V10', 'V12', 'V20', 'V5', 'V21']",0.9183673469387755,0.05322294500295683,0.10061486864169927,0.6387440194753277,6
"['V4', 'V10', 'V12', 'V20', 'V1', 'V21']",0.9183673469387755,0.048701298701298704,0.09249743062692703,0.6213122812764257,6
"['V4', 'V10', 'V8', 'V17', 'V20', 'V5']",0.9183673469387755,0.05791505791505792,0.1089588377723971,0.5479838987799107,6
"['V4', 'V10', 'V8', 'V17', 'V5', 'V1']",0.9183673469387755,0.0528169014084507,0.09988901220865705,0.5350126903464053,6
"['V4', 'V10', 'V8', 'V17', 'V5', 'V21']",0.9183673469387755,0.05151688609044076,0.0975609756097561,0.595747887305222,6
"['V4', 'V10', 'V8', 'V17', 'V1', 'V21']",0.9183673469387755,0.04746835443037975,0.09027081243731194,0.578221835973349,6
"['V4', 'V10', 'V8', 'V11', 'V5', 'V1']",0.9183673469387755,0.05196304849884527,0.09836065573770492,0.5320624199694214,6
"['V4', 'V10', 'V8', 'V11', 'V5', 'V21']",0.9183673469387755,0.053003533568904596,0.10022271714922049,0.6073017119002516,6
"['V4', 'V10', 'V17', 'V11', 'V5', 'V21']",0.9183673469387755,0.05660377358490566,0.1066350710900474,0.62520676692607,6
"['V4', 'V10', 'V17', 'V11', 'V1', 'V21']",0.9183673469387755,0.05104934770277935,0.09672219236969372,0.6036630600189621,6
"['V4', 'V14', 'V12', 'V11', 'V1', 'V21']",0.9183673469387755,0.05717916137229987,0.1076555023923445,0.6708286389609389,6
"['V4', 'V10', 'V14', 'V16', 'V5', 'V1']",0.9183673469387755,0.05402160864345738,0.10204081632653061,0.6901724252430826,6
"['V4', 'V10', 'V14', 'V16', 'V20', 'V1']",0.9183673469387755,0.056355666875391355,0.10619469026548672,0.6724693724301632,6
"['V4', 'V10', 'V16', 'V12', 'V8', 'V20', 'V1']",0.9183673469387755,0.049153468050245765,0.09331259720062209,0.63505814895184,7
"['V4', 'V10', 'V14', 'V12', 'V17', 'V11', 'V1']",0.9183673469387755,0.05905511811023622,0.11097410604192355,0.6908117201686705,7
"['V4', 'V10', 'V14', 'V8', 'V17', 'V20', 'V1']",0.9183673469387755,0.05813953488372093,0.10935601458080195,0.6485604707036541,7
"['V4', 'V10', 'V14', 'V8', 'V17', 'V20', 'V5']",0.9183673469387755,0.05992010652463382,0.1125,0.6668110800316105,7
"['V4', 'V10', 'V14', 'V8', 'V17', 'V11', 'V21']",0.9183673469387755,0.05976095617529881,0.11221945137157108,0.7007009072230662,7
"['V4', 'V10', 'V14', 'V8', 'V17', 'V11', 'V1']",0.9183673469387755,0.06194081211286993,0.11605415860735009,0.6781945962918924,7
"['V4', 'V10', 'V14', 'V8', 'V17', 'V11', 'V5']",0.9183673469387755,0.061813186813186816,0.11583011583011583,0.6961004872225967,7
"['V4', 'V10', 'V14', 'V8', 'V17', 'V11', 'V20']",0.9183673469387755,0.06351446718419196,0.1188118811881188,0.6625038985605707,7
"['V4', 'V10', 'V14', 'V12', 'V5', 'V1', 'V21']",0.9183673469387755,0.05784061696658098,0.10882708585247884,0.6938801316498289,7
"['V4', 'V10', 'V14', 'V12', 'V20', 'V1', 'V21']",0.9183673469387755,0.05825242718446602,0.10955569080949483,0.6849423072550214,7
"['V4', 'V10', 'V14', 'V12', 'V11', 'V1', 'V21']",0.9183673469387755,0.06,0.11264080100125157,0.6956745343582602,7
"['V4', 'V10', 'V14', 'V12', 'V11', 'V5', 'V1']",0.9183673469387755,0.05795235028976175,0.10902483343428225,0.695740511936019,7
"['V4', 'V10', 'V14', 'V16', 'V12']",0.9183673469387755,0.055865921787709494,0.1053247513165594,0.7229854158409708,5
"['V4', 'V10', 'V14', 'V12', 'V17', 'V1', 'V21']",0.9183673469387755,0.05642633228840126,0.10632014176018902,0.6897142807812949,7
"['V4', 'V10', 'V14', 'V12', 'V17', 'V5', 'V1']",0.9183673469387755,0.05747126436781609,0.10817307692307693,0.6923564740994818,7
"['V4', 'V10', 'V14', 'V16', 'V5', 'V1', 'V21']",0.9183673469387755,0.054249547920433995,0.10244735344336937,0.6891925591880698,7
"['V4', 'V10', 'V14', 'V16', 'V20', 'V5']",0.9183673469387755,0.056854074542008845,0.10707911957168352,0.683885849056993,6
"['V4', 'V10', 'V14', 'V16', 'V20', 'V1', 'V21']",0.9183673469387755,0.056179775280898875,0.10588235294117647,0.6838496776198141,7
"['V4', 'V10', 'V14', 'V16', 'V20', 'V5', 'V21']",0.9183673469387755,0.056568196103079824,0.10657193605683836,0.6958669250413496,7
"['V4', 'V10', 'V14', 'V16', 'V20', 'V5', 'V1']",0.9183673469387755,0.056890012642225034,0.10714285714285714,0.6807347324616265,7
"['V4', 'V10', 'V14', 'V16', 'V11', 'V1', 'V21']",0.9183673469387755,0.06028131279303416,0.11313639220615965,0.7013927519851407,7
"['V4', 'V10', 'V14', 'V16', 'V11', 'V5', 'V21']",0.9183673469387755,0.05851755526657997,0.1100244498777506,0.7005365327879075,7
"['V4', 'V10', 'V14', 'V16', 'V11', 'V5', 'V1']",0.9183673469387755,0.05747126436781609,0.10817307692307693,0.6939523259148623,7
"['V4', 'V10', 'V14', 'V16', 'V11', 'V20', 'V21']",0.9183673469387755,0.061898211829436035,0.11597938144329897,0.6974341749153201,7
"['V4', 'V10', 'V14', 'V16', 'V11', 'V20', 'V1']",0.9183673469387755,0.06267409470752089,0.11734028683181226,0.6777598249374309,7
"['V4', 'V10', 'V14', 'V16', 'V11', 'V20', 'V5']",0.9183673469387755,0.060851926977687626,0.11414077362079898,0.6887523743141692,7
"['V4', 'V10', 'V14', 'V16', 'V17', 'V1', 'V21']",0.9183673469387755,0.05306603773584906,0.10033444816053512,0.6908824985875256,7
"['V4', 'V10', 'V14', 'V16', 'V17', 'V5', 'V21']",0.9183673469387755,0.05481120584652863,0.10344827586206896,0.6995990231545904,7
"['V4', 'V10', 'V14', 'V16', 'V17', 'V5', 'V1']",0.9183673469387755,0.0539568345323741,0.10192525481313704,0.6900384102641482,7
"['V4', 'V10', 'V14', 'V16', 'V17', 'V20', 'V21']",0.9183673469387755,0.0546448087431694,0.10315186246418338,0.6894484056847783,7
"['V4', 'V10', 'V14', 'V8', 'V17', 'V20', 'V21']",0.9183673469387755,0.05572755417956656,0.10507880910683012,0.6740768944612239,7
"['V4', 'V10', 'V14', 'V8', 'V17', 'V5', 'V1']",0.9183673469387755,0.05739795918367347,0.10804321728691477,0.6825717091639499,7
"['V4', 'V10', 'V14', 'V8', 'V17', 'V5', 'V21']",0.9183673469387755,0.05504587155963303,0.10386612810155799,0.7032243671247084,7
"['V4', 'V10', 'V14', 'V8', 'V17', 'V1', 'V21']",0.9183673469387755,0.054380664652567974,0.1026811180832858,0.6915598371442294,7
"['V4', 'V10', 'V16', 'V12', 'V8', 'V20', 'V5']",0.9183673469387755,0.05090497737556561,0.09646302250803858,0.6294142957062038,7
"['V4', 'V10', 'V16', 'V12', 'V8', 'V11', 'V20']",0.9183673469387755,0.05030743432084964,0.09538950715421304,0.6335717120003942,7
"['V4', 'V10', 'V14', 'V20', 'V5', 'V1', 'V21']",0.9183673469387755,0.05660377358490566,0.1066350710900474,0.6457165944785093,7
"['V4', 'V10', 'V14', 'V11', 'V5', 'V1', 'V21']",0.9183673469387755,0.05806451612903226,0.10922330097087378,0.6592603825495019,7
"['V4', 'V10', 'V14', 'V11', 'V20', 'V1', 'V21']",0.9183673469387755,0.061898211829436035,0.11597938144329897,0.6509688929887448,7
"['V4', 'V10', 'V14', 'V11', 'V20', 'V5', 'V21']",0.9183673469387755,0.061182868796736914,0.1147227533460803,0.6639556633071607,7
"['V4', 'V10', 'V14', 'V11', 'V20', 'V5', 'V1']",0.9183673469387755,0.06064690026954178,0.11378002528445007,0.6315746439993285,7
"['V4', 'V10', 'V14', 'V17', 'V5', 'V1', 'V21']",0.9183673469387755,0.056074766355140186,0.10569583088667057,0.6625637199439074,7
"['V4', 'V10', 'V14', 'V17', 'V20', 'V1', 'V21']",0.9183673469387755,0.05750798722044728,0.10823812387251955,0.6449429996381245,7
"['V4', 'V10', 'V14', 'V17', 'V20', 'V5', 'V21']",0.9183673469387755,0.058365758754863814,0.10975609756097561,0.6674841450843877,7
"['V4', 'V10', 'V14', 'V17', 'V20', 'V5', 'V1']",0.9183673469387755,0.05976095617529881,0.11221945137157108,0.6321105690152325,7
"['V4', 'V10', 'V14', 'V17', 'V11', 'V1', 'V21']",0.9183673469387755,0.06130790190735695,0.11494252873563218,0.6667692147883804,7
"['V4', 'V10', 'V14', 'V17', 'V11', 'V5', 'V21']",0.9183673469387755,0.060687795010114634,0.11385199240986717,0.6841256952518104,7
"['V4', 'V10', 'V14', 'V17', 'V11', 'V5', 'V1']",0.9183673469387755,0.06008010680907877,0.11278195488721804,0.6641611423204339,7
"['V4', 'V10', 'V14', 'V17', 'V11', 'V20', 'V21']",0.9183673469387755,0.06224066390041494,0.11658031088082901,0.6648728990136832,7
"['V4', 'V10', 'V14', 'V17', 'V11', 'V20', 'V1']",0.9183673469387755,0.06342494714587738,0.11865524060646011,0.6251699069490689,7
"['V4', 'V10', 'V14', 'V17', 'V11', 'V20', 'V5']",0.9183673469387755,0.06382978723404255,0.11936339522546419,0.6520736541880102,7
"['V4', 'V10', 'V14', 'V8', 'V5', 'V1', 'V21']",0.9183673469387755,0.05291005291005291,0.1000555864369094,0.6691899792732421,7
"['V4', 'V10', 'V14', 'V8', 'V20', 'V1', 'V21']",0.9183673469387755,0.0545785324439054,0.10303377218088151,0.6560536671898539,7
"['V4', 'V10', 'V14', 'V8', 'V20', 'V5', 'V21']",0.9183673469387755,0.0547112462006079,0.10327022375215146,0.6627184688825187,7
"['V4', 'V10', 'V14', 'V8', 'V20', 'V5', 'V1']",0.9183673469387755,0.05610972568578554,0.10575793184488837,0.6301957032094471,7
"['V4', 'V10', 'V14', 'V8', 'V11', 'V1', 'V21']",0.9183673469387755,0.057803468208092484,0.10876132930513595,0.68168706906889,7
"['V4', 'V10', 'V14', 'V8', 'V11', 'V5', 'V21']",0.9183673469387755,0.05639097744360902,0.10625737898465171,0.6878766111379612,7
"['V4', 'V10', 'V14', 'V8', 'V11', 'V5', 'V1']",0.9183673469387755,0.056320400500625784,0.10613207547169812,0.6607612906289686,7
"['V4', 'V10', 'V14', 'V8', 'V11', 'V20', 'V21']",0.9183673469387755,0.05859375,0.11015911872705018,0.669347920567161,7
"['V4', 'V10', 'V14', 'V8', 'V11', 'V20', 'V1']",0.9183673469387755,0.060687795010114634,0.11385199240986717,0.6432374362468527,7
"['V4', 'V10', 'V14', 'V8', 'V11', 'V20', 'V5']",0.9183673469387755,0.05968169761273209,0.11207970112079702,0.647195232569599,7
"['V4', 'V10', 'V14', 'V16', 'V17', 'V20', 'V1']",0.9183673469387755,0.054119061936259774,0.10221465076660988,0.6657892908530955,7
"['V4', 'V10', 'V14', 'V16', 'V17', 'V20', 'V5']",0.9183673469387755,0.056461731493099125,0.10638297872340426,0.6827526498255343,7
"['V4', 'V10', 'V14', 'V16', 'V17', 'V11', 'V21']",0.9183673469387755,0.059445178335535004,0.11166253101736973,0.7116026281850073,7
"['V4', 'V10', 'V14', 'V16', 'V12', 'V17', 'V11']",0.9183673469387755,0.05878510777269758,0.11049723756906077,0.7242085676387654,7
"['V4', 'V10', 'V14', 'V16', 'V12', 'V8', 'V1']",0.9183673469387755,0.056532663316582916,0.10650887573964497,0.7396278366207261,7
"['V4', 'V10', 'V14', 'V16', 'V12', 'V8', 'V5']",0.9183673469387755,0.05639097744360902,0.10625737898465171,0.7386058135172034,7
"['V4', 'V10', 'V14', 'V16', 'V12', 'V8', 'V20']",0.9183673469387755,0.05642633228840126,0.10632014176018902,0.7319218961894183,7
"['V4', 'V10', 'V14', 'V16', 'V12', 'V8', 'V11']",0.9183673469387755,0.05717916137229987,0.1076555023923445,0.7406201042041529,7
"['V4', 'V10', 'V14', 'V16', 'V12', 'V8', 'V17']",0.9183673469387755,0.056461731493099125,0.10638297872340426,0.7410397733073641,7
"['V4', 'V14', 'V8', 'V11', 'V20', 'V5']",0.9183673469387755,0.04838709677419355,0.09193054136874361,0.6216095352579382,6
"['V4', 'V10', 'V14', 'V16', 'V12', 'V8']",0.9183673469387755,0.056214865708931916,0.10594467333725721,0.7373667462647182,6
"['V4', 'V10', 'V14', 'V16', 'V12', 'V17']",0.9183673469387755,0.05603985056039851,0.1056338028169014,0.7194218763254198,6
"['V4', 'V10', 'V14', 'V16', 'V12', 'V11']",0.9183673469387755,0.05878510777269758,0.11049723756906077,0.7233385449925184,6
"['V4', 'V10', 'V14', 'V16', 'V12', 'V20']",0.9183673469387755,0.05791505791505792,0.1089588377723971,0.7159567865360719,6
"['V4', 'V10', 'V14', 'V16', 'V12', 'V5']",0.9183673469387755,0.05728835136855506,0.10784901138406232,0.7193115696440964,6
"['V4', 'V10', 'V14', 'V16', 'V12', 'V1']",0.9183673469387755,0.05562422744128554,0.1048951048951049,0.7199744192137808,6
"['V4', 'V10', 'V14', 'V16', 'V12', 'V21']",0.9183673469387755,0.05671077504725898,0.10682492581602374,0.7222550371276054,6
"['V4', 'V10', 'V14', 'V16', 'V8', 'V17']",0.9183673469387755,0.056004978220286245,0.10557184750733138,0.7154092994403267,6
"['V4', 'V10', 'V14', 'V16', 'V8', 'V11']",0.9183673469387755,0.058900523560209424,0.11070110701107011,0.7187678574790506,6
"['V4', 'V10', 'V14', 'V16', 'V8', 'V20']",0.9183673469387755,0.056568196103079824,0.10657193605683836,0.6953289668033452,6
"['V4', 'V10', 'V14', 'V16', 'V8', 'V5']",0.9183673469387755,0.054249547920433995,0.10244735344336937,0.7132350437448762,6
"['V4', 'V10', 'V14', 'V16', 'V8', 'V1']",0.9183673469387755,0.05504587155963303,0.10386612810155799,0.7128228531976695,6
"['V4', 'V10', 'V14', 'V16', 'V8', 'V21']",0.9183673469387755,0.054184226369656835,0.10233086981239341,0.7223309611435681,6
"['V4', 'V10', 'V14', 'V16', 'V17', 'V11']",0.9183673469387755,0.05821474773609314,0.10948905109489052,0.7108536219264846,6
"['V4', 'V10', 'V14', 'V16', 'V17', 'V20']",0.9183673469387755,0.05366726296958855,0.10140845070422536,0.6767516773522975,6
"['V4', 'V10', 'V14', 'V16', 'V17', 'V5']",0.9183673469387755,0.05511328842620943,0.10398613518197573,0.6998731810824174,6
"['V4', 'V10', 'V14', 'V16', 'V17', 'V1']",0.9183673469387755,0.05253940455341506,0.09939260077305356,0.6885317578759217,6
"['V4', 'V10', 'V14', 'V16', 'V17', 'V21']",0.9183673469387755,0.05338078291814947,0.10089686098654709,0.7064672841434028,6
"['V4', 'V10', 'V14', 'V16', 'V11', 'V5']",0.9183673469387755,0.05825242718446602,0.10955569080949483,0.7039316231705999,6
"['V4', 'V10', 'V14', 'V16', 'V11', 'V1']",0.9183673469387755,0.0594059405940594,0.1115933044017359,0.6989252430752699,6
"['V4', 'V10', 'V14', 'V16', 'V11', 'V21']",0.9183673469387755,0.06012024048096192,0.11285266457680251,0.713095914361136,6
"['V4', 'V10', 'V14', 'V16', 'V12', 'V8', 'V21']",0.9183673469387755,0.05441354292623942,0.10273972602739725,0.7411222307477516,7
"['V4', 'V10', 'V14', 'V16', 'V12', 'V17', 'V20']",0.9183673469387755,0.05772931366260423,0.10863005431502716,0.7115939597595067,7
"['V4', 'V10', 'V14', 'V16', 'V17', 'V11', 'V1']",0.9183673469387755,0.05821474773609314,0.10948905109489052,0.6961530483778257,7
"['V4', 'V10', 'V14', 'V16', 'V12', 'V17', 'V5']",0.9183673469387755,0.05725190839694656,0.10778443113772455,0.7188945037569645,7
"['V4', 'V10', 'V14', 'V16', 'V17', 'V11', 'V5']",0.9183673469387755,0.0587467362924282,0.11042944785276074,0.7044855440064851,7
"['V4', 'V10', 'V14', 'V16', 'V8', 'V1', 'V21']",0.9183673469387755,0.054184226369656835,0.10233086981239341,0.7223844771281368,7
"['V4', 'V10', 'V14', 'V16', 'V8', 'V5', 'V21']",0.9183673469387755,0.05373134328358209,0.10152284263959391,0.7198137972519427,7
"['V4', 'V10', 'V14', 'V16', 'V8', 'V5', 'V1']",0.9183673469387755,0.054086538461538464,0.1021566401816118,0.7110018255816488,7
"['V4', 'V10', 'V14', 'V16', 'V8', 'V20', 'V21']",0.9183673469387755,0.055900621118012424,0.1053864168618267,0.7067012590492767,7
"['V4', 'V10', 'V14', 'V16', 'V8', 'V20', 'V1']",0.9183673469387755,0.05639097744360902,0.10625737898465171,0.6980119228175478,7
"['V4', 'V10', 'V14', 'V16', 'V8', 'V20', 'V5']",0.9183673469387755,0.056532663316582916,0.10650887573964497,0.7023402663726128,7
"['V4', 'V10', 'V14', 'V16', 'V8', 'V11', 'V21']",0.9183673469387755,0.058823529411764705,0.11056511056511056,0.7260820172960566,7
"['V4', 'V10', 'V14', 'V16', 'V8', 'V11', 'V1']",0.9183673469387755,0.058900523560209424,0.11070110701107011,0.7175814795405204,7
"['V4', 'V10', 'V14', 'V16', 'V8', 'V11', 'V5']",0.9183673469387755,0.056639395846444306,0.10669828097213989,0.7184173000970251,7
"['V4', 'V10', 'V14', 'V16', 'V8', 'V17', 'V21']",0.9183673469387755,0.054777845404747415,0.10338885697874785,0.7235800732966136,7
"['V4', 'V10', 'V14', 'V16', 'V8', 'V17', 'V1']",0.9183673469387755,0.05572755417956656,0.10507880910683012,0.714641399118759,7
"['V4', 'V10', 'V14', 'V16', 'V8', 'V17', 'V5']",0.9183673469387755,0.056998100063331225,0.1073345259391771,0.7183084744363438,7
"['V4', 'V10', 'V14', 'V16', 'V8', 'V17', 'V20']",0.9183673469387755,0.056639395846444306,0.10669828097213989,0.6959861813763716,7
"['V4', 'V10', 'V14', 'V16', 'V8', 'V17', 'V11']",0.9183673469387755,0.06109979633401222,0.11457670273711013,0.7210826942659856,7
"['V4', 'V10', 'V14', 'V16', 'V12', 'V1', 'V21']",0.9183673469387755,0.055900621118012424,0.1053864168618267,0.7210812591803429,7
"['V4', 'V10', 'V14', 'V16', 'V12', 'V5', 'V21']",0.9183673469387755,0.057803468208092484,0.10876132930513595,0.7183090720211261,7
"['V4', 'V10', 'V14', 'V16', 'V12', 'V5', 'V1']",0.9183673469387755,0.05642633228840126,0.10632014176018902,0.7173090062859808,7
"['V4', 'V10', 'V14', 'V16', 'V12', 'V20', 'V21']",0.9183673469387755,0.05844155844155844,0.10989010989010989,0.7201190208221043,7
"['V4', 'V10', 'V14', 'V16', 'V12', 'V20', 'V1']",0.9183673469387755,0.05728835136855506,0.10784901138406232,0.7120244385657537,7
"['V4', 'V10', 'V14', 'V16', 'V12', 'V20', 'V5']",0.9183673469387755,0.058862001308044476,0.11063306699446834,0.7164776599439714,7
"['V4', 'V10', 'V14', 'V16', 'V12', 'V11', 'V21']",0.9183673469387755,0.05867014341590613,0.11029411764705882,0.7239186694814572,7
"['V4', 'V10', 'V14', 'V16', 'V12', 'V11', 'V1']",0.9183673469387755,0.05787781350482315,0.1088929219600726,0.7209976297888335,7
"['V4', 'V10', 'V14', 'V16', 'V12', 'V11', 'V5']",0.9183673469387755,0.05710659898477157,0.10752688172043011,0.7193388427876084,7
"['V4', 'V10', 'V14', 'V16', 'V12', 'V11', 'V20']",0.9183673469387755,0.0598404255319149,0.11235955056179775,0.7176158064772454,7
"['V4', 'V10', 'V14', 'V16', 'V12', 'V17', 'V21']",0.9183673469387755,0.056532663316582916,0.10650887573964497,0.719484124378309,7
"['V4', 'V10', 'V14', 'V16', 'V12', 'V17', 'V1']",0.9183673469387755,0.055384615384615386,0.1044689495066744,0.7168739322480487,7
"['V4', 'V10', 'V14', 'V16', 'V8']",0.9183673469387755,0.054878048780487805,0.10356731875719218,0.714167751548236,5
"['V4', 'V10', 'V14', 'V16', 'V12', 'V8', 'V17', 'V11', 'V20', 'V5', 'V1', 'V21']",0.9183673469387755,0.059366754617414245,0.11152416356877323,0.7203732322907871,12
"['V4', 'V14', 'V16', 'V12', 'V20', 'V5', 'V1', 'V21']",0.9183673469387755,0.05263157894736842,0.09955752212389381,0.6921611476459605,8
"['V4', 'V10', 'V14', 'V16', 'V12', 'V8', 'V17', 'V11', 'V20']",0.9183673469387755,0.06044325050369376,0.11342155009451796,0.7233507655372892,9
"['V4', 'V10', 'V14', 'V8', 'V17', 'V11', 'V5', 'V1']",0.9183673469387755,0.06105834464043419,0.11450381679389313,0.6901608035102694,8
"['V4', 'V10', 'V14', 'V8', 'V17', 'V11', 'V20', 'V21']",0.9183673469387755,0.061182868796736914,0.1147227533460803,0.6796375541969303,8
"['V4', 'V10', 'V14', 'V8', 'V17', 'V11', 'V20', 'V1']",0.9183673469387755,0.06342494714587738,0.11865524060646011,0.6574256849672397,8
"['V4', 'V10', 'V14', 'V8', 'V17', 'V11', 'V20', 'V5']",0.9183673469387755,0.06306937631394534,0.1180327868852459,0.6750538239847294,8
"['V4', 'V10', 'V14', 'V12', 'V20', 'V5', 'V1', 'V21']",0.9183673469387755,0.0587467362924282,0.11042944785276074,0.6899714531354363,8
"['V4', 'V10', 'V14', 'V12', 'V11', 'V5', 'V1', 'V21']",0.9183673469387755,0.058365758754863814,0.10975609756097561,0.693142912938775,8
"['V4', 'V10', 'V14', 'V12', 'V11', 'V20', 'V1', 'V21']",0.9183673469387755,0.060851926977687626,0.11414077362079898,0.6868483177505125,8
"['V4', 'V10', 'V14', 'V12', 'V11', 'V20', 'V5', 'V1']",0.9183673469387755,0.05878510777269758,0.11049723756906077,0.6867743969273459,8
"['V4', 'V10', 'V14', 'V12', 'V17', 'V5', 'V1', 'V21']",0.9183673469387755,0.057803468208092484,0.10876132930513595,0.6923064179158318,8
"['V4', 'V10', 'V14', 'V12', 'V17', 'V11', 'V1', 'V21']",0.9183673469387755,0.059484467944481166,0.11173184357541899,0.6931438968519774,8
"['V4', 'V10', 'V14', 'V12', 'V17', 'V11', 'V5', 'V1']",0.9183673469387755,0.05795235028976175,0.10902483343428225,0.6948785763359935,8
"['V4', 'V10', 'V14', 'V16', 'V12', 'V8', 'V17', 'V11', 'V5']",0.9183673469387755,0.05791505791505792,0.1089588377723971,0.7199155740499736,9
"['V4', 'V10', 'V14', 'V8', 'V17', 'V11', 'V1', 'V21']",0.9183673469387755,0.06020066889632107,0.11299435028248588,0.6958515206378895,8
"['V4', 'V10', 'V14', 'V16', 'V12', 'V8', 'V17', 'V11', 'V1']",0.9183673469387755,0.06016042780748663,0.11292346298619825,0.728209120586769,9
"['V4', 'V10', 'V14', 'V16', 'V12', 'V8', 'V17', 'V11', 'V21']",0.9183673469387755,0.058823529411764705,0.11056511056511056,0.7153290480212078,9
"['V17', 'V14', 'V10', 'V8', 'V16', 'V2', 'Amount', 'V4']",0.9183673469387755,0.055487053020961775,0.10465116279069768,0.7051730758859985,8
"['V4', 'V10', 'V14', 'V16', 'V12', 'V8', 'V17', 'V20', 'V5']",0.9183673469387755,0.057766367137355584,0.10869565217391304,0.7430730577246236,9
"['V17', 'V14', 'V10', 'V8', 'V16', 'V2', 'Amount', 'V9', 'V12', 'V21', 'V7', 'V20', 'V18', 'V5', 'V11', 'V19', 'V4', 'V6', 'V3', 'V1']",0.9183673469387755,0.05787781350482315,0.1088929219600726,0.7347227867613664,20
"['V4', 'V10', 'V14', 'V16', 'V12', 'V8', 'V17', 'V20', 'V21']",0.9183673469387755,0.05541871921182266,0.10452961672473868,0.7396740419076129,9
"['V4', 'V10', 'V14', 'V16', 'V12', 'V8', 'V17', 'V5', 'V1']",0.9183673469387755,0.057692307692307696,0.10856453558504221,0.7417084420990627,9
"['V4', 'V10', 'V14', 'V16', 'V12', 'V8', 'V17', 'V5', 'V21']",0.9183673469387755,0.056004978220286245,0.10557184750733138,0.7487878072956925,9
"['V4', 'V10', 'V14', 'V16', 'V12', 'V8', 'V17', 'V1', 'V21']",0.9183673469387755,0.05504587155963303,0.10386612810155799,0.7452966490681151,9
"['V4', 'V10', 'V14', 'V16', 'V12', 'V8', 'V11', 'V20', 'V5']",0.9183673469387755,0.05674653215636822,0.10688836104513064,0.7379009744057559,9
"['V4', 'V10', 'V14', 'V16', 'V12', 'V8', 'V11', 'V20', 'V1']",0.9183673469387755,0.05924950625411455,0.11131725417439703,0.7398821617388569,9
"['V4', 'V10', 'V14', 'V8', 'V17', 'V11', 'V5', 'V21']",0.9183673469387755,0.06020066889632107,0.11299435028248588,0.7073739976322931,8
"['V4', 'V10', 'V14', 'V8', 'V17', 'V20', 'V5', 'V1']",0.9183673469387755,0.059721300597213006,0.11214953271028037,0.6641650037736107,8
"['V4', 'V10', 'V14', 'V16', 'V12', 'V8', 'V11', 'V5', 'V1']",0.9183673469387755,0.056004978220286245,0.10557184750733138,0.7438199992205091,9
"['V4', 'V10', 'V16', 'V12', 'V8', 'V17', 'V11', 'V20']",0.9183673469387755,0.04777070063694268,0.09081735620585267,0.6261509193007379,8
"['V17', 'V14', 'V10', 'V8', 'V16', 'V2', 'Amount', 'V9', 'V12', 'V21', 'V4']",0.9183673469387755,0.054878048780487805,0.10356731875719218,0.7385029714939613,11
"['V4', 'V10', 'V16', 'V12', 'V17', 'V20', 'V5', 'V21']",0.9183673469387755,0.05,0.09483667017913593,0.6603793710670752,8
"['V4', 'V10', 'V16', 'V12', 'V17', 'V11', 'V20', 'V21']",0.9183673469387755,0.048939641109298535,0.09292720702116675,0.6563220826684693,8
"['V4', 'V10', 'V16', 'V12', 'V17', 'V11', 'V20', 'V1']",0.9183673469387755,0.04784688995215311,0.09095502779181405,0.6334260787674615,8
"['V4', 'V10', 'V16', 'V12', 'V17', 'V11', 'V20', 'V5']",0.9183673469387755,0.05163511187607573,0.0977729494839761,0.6507582138295346,8
"['V4', 'V10', 'V16', 'V12', 'V8', 'V20', 'V1', 'V21']",0.9183673469387755,0.04859611231101512,0.09230769230769231,0.6636000778360336,8
"['V4', 'V10', 'V16', 'V12', 'V8', 'V20', 'V5', 'V1']",0.9183673469387755,0.05196304849884527,0.09836065573770492,0.6614331205001407,8
"['V4', 'V10', 'V16', 'V12', 'V8', 'V11', 'V20', 'V21']",0.9183673469387755,0.050335570469798654,0.09544008483563096,0.6592839604376787,8
"['V4', 'V10', 'V16', 'V12', 'V8', 'V11', 'V20', 'V1']",0.9183673469387755,0.05053340819764177,0.09579563597658329,0.6487843814152764,8
"['V4', 'V10', 'V16', 'V12', 'V8', 'V11', 'V20', 'V5']",0.9183673469387755,0.052972336668628606,0.1001669449081803,0.643060622650308,8
"['V17', 'V14', 'V10', 'V8', 'V16', 'V2', 'Amount', 'V9', 'V12', 'V4']",0.9183673469387755,0.055865921787709494,0.1053247513165594,0.7320159234270498,10
"['V4', 'V10', 'V14', 'V11', 'V20', 'V5', 'V1', 'V21']",0.9183673469387755,0.06016042780748663,0.11292346298619825,0.654767697344256,8
"['V4', 'V10', 'V14', 'V8', 'V17', 'V20', 'V5', 'V21']",0.9183673469387755,0.058177117000646414,0.1094224924012158,0.6914663752768402,8
"['V4', 'V10', 'V14', 'V17', 'V20', 'V5', 'V1', 'V21']",0.9183673469387755,0.058403634003893576,0.10982306284319707,0.6569043454190504,8
"['V4', 'V10', 'V14', 'V17', 'V11', 'V5', 'V1', 'V21']",0.9183673469387755,0.059721300597213006,0.11214953271028037,0.6689868080767355,8
"['V4', 'V10', 'V14', 'V17', 'V11', 'V20', 'V1', 'V21']",0.9183673469387755,0.06219765031098825,0.11650485436893204,0.6527776139789904,8
"['V4', 'V10', 'V14', 'V17', 'V11', 'V20', 'V5', 'V21']",0.9183673469387755,0.06315789473684211,0.11818778726198292,0.6725575007921832,8
"['V4', 'V10', 'V14', 'V17', 'V11', 'V20', 'V5', 'V1']",0.9183673469387755,0.062370062370062374,0.11680726800778715,0.6389540027117959,8
"['V4', 'V10', 'V14', 'V8', 'V11', 'V5', 'V1', 'V21']",0.9183673469387755,0.055900621118012424,0.1053864168618267,0.6827195498199216,8
"['V4', 'V10', 'V14', 'V8', 'V11', 'V20', 'V1', 'V21']",0.9183673469387755,0.05867014341590613,0.11029411764705882,0.6665007030891431,8
"['V4', 'V10', 'V14', 'V8', 'V11', 'V20', 'V5', 'V21']",0.9183673469387755,0.05784061696658098,0.10882708585247884,0.675774832024132,8
"['V4', 'V10', 'V14', 'V8', 'V11', 'V20', 'V5', 'V1']",0.9183673469387755,0.05859375,0.11015911872705018,0.6397596244095727,8
"['V4', 'V10', 'V14', 'V8', 'V17', 'V5', 'V1', 'V21']",0.9183673469387755,0.05491153142159853,0.10362694300518134,0.7003974472391289,8
"['V4', 'V10', 'V14', 'V8', 'V17', 'V20', 'V1', 'V21']",0.9183673469387755,0.055658627087198514,0.10495626822157435,0.670906538762257,8
"['V4', 'V10', 'V14', 'V16', 'V12', 'V8', 'V11', 'V20', 'V21']",0.9183673469387755,0.057803468208092484,0.10876132930513595,0.7389698975265554,9
"['V4', 'V10', 'V14', 'V16', 'V20', 'V5', 'V1', 'V21']",0.9183673469387755,0.05660377358490566,0.1066350710900474,0.6925164640014997,8
"['V4', 'V10', 'V16', 'V12', 'V11', 'V20', 'V5', 'V21']",0.9183673469387755,0.056214865708931916,0.10594467333725721,0.6729404719095888,8
"['V4', 'V10', 'V14', 'V16', 'V8', 'V17', 'V11', 'V5']",0.9183673469387755,0.058823529411764705,0.11056511056511056,0.7268587306270253,8
"['V4', 'V10', 'V14', 'V16', 'V8', 'V17', 'V1', 'V21']",0.9183673469387755,0.05474452554744526,0.10332950631458095,0.7243087846940068,8
"['V4', 'V10', 'V14', 'V16', 'V12', 'V17', 'V11', 'V20', 'V5']",0.9183673469387755,0.06040268456375839,0.11335012594458438,0.7141178319149237,9
"['V4', 'V10', 'V14', 'V16', 'V12', 'V17', 'V11', 'V20', 'V1']",0.9183673469387755,0.06020066889632107,0.11299435028248588,0.7172942431323871,9
"['V4', 'V10', 'V14', 'V16', 'V12', 'V17', 'V11', 'V20', 'V21']",0.9183673469387755,0.06,0.11264080100125157,0.7234583256137437,9
"['V4', 'V10', 'V14', 'V16', 'V8', 'V17', 'V5', 'V21']",0.9183673469387755,0.05642633228840126,0.10632014176018902,0.7257044929653073,8
"['V4', 'V10', 'V14', 'V16', 'V8', 'V17', 'V5', 'V1']",0.9183673469387755,0.05671077504725898,0.10682492581602374,0.7225824489069108,8
"['V4', 'V10', 'V14', 'V16', 'V8', 'V17', 'V20', 'V21']",0.9183673469387755,0.055970149253731345,0.10550996483001172,0.7072558800482692,8
"['V4', 'V10', 'V14', 'V16', 'V8', 'V17', 'V20', 'V1']",0.9183673469387755,0.05667506297229219,0.10676156583629894,0.6992387724922675,8
"['V4', 'V10', 'V14', 'V16', 'V8', 'V17', 'V20', 'V5']",0.9183673469387755,0.05859375,0.11015911872705018,0.7092656830582489,8
"['V4', 'V10', 'V14', 'V16', 'V8', 'V17', 'V11', 'V21']",0.9183673469387755,0.06097560975609756,0.11435832274459974,0.7283924846931075,8
"['V4', 'V10', 'V14', 'V16', 'V8', 'V17', 'V11', 'V1']",0.9183673469387755,0.0605245460659045,0.11356466876971609,0.7209201502553614,8
"['V4', 'V10', 'V14', 'V16', 'V8', 'V17', 'V11', 'V20']",0.9183673469387755,0.0625,0.11703511053315994,0.7049116587206837,8
"['V4', 'V10', 'V14', 'V16', 'V8', 'V11', 'V20', 'V21']",0.9183673469387755,0.06105834464043419,0.11450381679389313,0.712195092867208,8
"['V4', 'V10', 'V14', 'V16', 'V12', 'V5', 'V1', 'V21']",0.9183673469387755,0.05628517823639775,0.1060695344725987,0.7151680546838466,8
"['V4', 'V10', 'V14', 'V16', 'V12', 'V20', 'V1', 'V21']",0.9183673469387755,0.05758157389635317,0.10836845273931367,0.7157996193320586,8
"['V4', 'V10', 'V14', 'V16', 'V12', 'V20', 'V5', 'V21']",0.9183673469387755,0.05917159763313609,0.11117974058060531,0.7168512984543358,8
"['V4', 'V10', 'V14', 'V16', 'V12', 'V20', 'V5', 'V1']",0.9183673469387755,0.05897771952817824,0.11083743842364532,0.7151550349031137,8
"['V4', 'V10', 'V14', 'V16', 'V12', 'V11', 'V1', 'V21']",0.9183673469387755,0.05825242718446602,0.10955569080949483,0.7219705691893975,8
"['V4', 'V10', 'V14', 'V16', 'V12', 'V11', 'V5', 'V21']",0.9183673469387755,0.05787781350482315,0.1088929219600726,0.7210441516336044,8
"['V4', 'V10', 'V14', 'V16', 'V12', 'V11', 'V5', 'V1']",0.9183673469387755,0.057692307692307696,0.10856453558504221,0.7168372234198136,8
"['V4', 'V10', 'V14', 'V16', 'V12', 'V11', 'V20', 'V21']",0.9183673469387755,0.05996002664890073,0.1125703564727955,0.7218415023973661,8
"['V4', 'V10', 'V14', 'V16', 'V12', 'V11', 'V20', 'V1']",0.9183673469387755,0.06004002668445631,0.11271133375078271,0.7151602138008935,8
"['V4', 'V10', 'V14', 'V16', 'V12', 'V11', 'V20', 'V5']",0.9183673469387755,0.05913272010512484,0.1111111111111111,0.7160087532821969,8
"['V4', 'V10', 'V14', 'V16', 'V12', 'V17', 'V1', 'V21']",0.9183673469387755,0.055487053020961775,0.10465116279069768,0.7166040929278548,8
"['V4', 'V10', 'V14', 'V16', 'V8', 'V11', 'V20', 'V5']",0.9183673469387755,0.05893909626719057,0.11076923076923077,0.7067765099567475,8
"['V4', 'V10', 'V14', 'V16', 'V8', 'V11', 'V5', 'V1']",0.9183673469387755,0.05667506297229219,0.10676156583629894,0.71872501320817,8
"['V4', 'V10', 'V14', 'V16', 'V11', 'V5', 'V1', 'V21']",0.9183673469387755,0.058177117000646414,0.1094224924012158,0.6955317888974103,8
"['V4', 'V10', 'V14', 'V16', 'V12', 'V8', 'V5', 'V1', 'V21']",0.9183673469387755,0.05667506297229219,0.10676156583629894,0.7457441195784119,9
"['V4', 'V10', 'V14', 'V16', 'V11', 'V20', 'V1', 'V21']",0.9183673469387755,0.06206896551724138,0.11627906976744186,0.6903187356424169,8
"['V4', 'V10', 'V14', 'V16', 'V11', 'V20', 'V5', 'V21']",0.9183673469387755,0.061182868796736914,0.1147227533460803,0.6998736622972086,8
"['V4', 'V10', 'V14', 'V16', 'V11', 'V20', 'V5', 'V1']",0.9183673469387755,0.06089309878213803,0.11421319796954314,0.6840252352675734,8
"['V4', 'V10', 'V14', 'V16', 'V17', 'V5', 'V1', 'V21']",0.9183673469387755,0.0544464609800363,0.10279840091376356,0.6901663103899963,8
"['V4', 'V10', 'V14', 'V16', 'V17', 'V20', 'V1', 'V21']",0.9183673469387755,0.0547112462006079,0.10327022375215146,0.6797555282541081,8
"['V4', 'V10', 'V14', 'V16', 'V17', 'V20', 'V5', 'V21']",0.9183673469387755,0.05649717514124294,0.10644589000591366,0.6956925681400508,8
"['V4', 'V10', 'V14', 'V16', 'V12', 'V8', 'V11', 'V5', 'V21']",0.9183673469387755,0.05545286506469501,0.10459035444509006,0.7429112711593082,9
"['V4', 'V10', 'V14', 'V16', 'V12', 'V8', 'V11', 'V1', 'V21']",0.9183673469387755,0.05667506297229219,0.10676156583629894,0.7433548852494714,9
"['V4', 'V10', 'V14', 'V16', 'V12', 'V8', 'V20', 'V5', 'V1']",0.9183673469387755,0.057803468208092484,0.10876132930513595,0.7426787298317856,9
"['V4', 'V10', 'V14', 'V16', 'V12', 'V8', 'V20', 'V5', 'V21']",0.9183673469387755,0.056179775280898875,0.10588235294117647,0.7398905232145827,9
"['V4', 'V10', 'V14', 'V16', 'V12', 'V8', 'V20', 'V1', 'V21']",0.9183673469387755,0.055693069306930694,0.10501750291715285,0.7416732374181558,9
"['V4', 'V10', 'V14', 'V16', 'V17', 'V20', 'V5', 'V1']",0.9183673469387755,0.056320400500625784,0.10613207547169812,0.6790115572563704,8
"['V4', 'V10', 'V14', 'V16', 'V8', 'V11', 'V5', 'V21']",0.9183673469387755,0.05593536357986327,0.1054481546572935,0.7246512096436368,8
"['V4', 'V10', 'V14', 'V16', 'V17', 'V11', 'V1', 'V21']",0.9183673469387755,0.05893909626719057,0.11076923076923077,0.6988267084374827,8
"['V4', 'V10', 'V14', 'V16', 'V17', 'V11', 'V5', 'V21']",0.9183673469387755,0.05913272010512484,0.1111111111111111,0.7024579953234484,8
"['V4', 'V10', 'V14', 'V16', 'V17', 'V11', 'V5', 'V1']",0.9183673469387755,0.05754475703324808,0.10830324909747292,0.6942833487818907,8
"['V4', 'V10', 'V14', 'V16', 'V17', 'V11', 'V20', 'V21']",0.9183673469387755,0.06064690026954178,0.11378002528445007,0.6942393594655377,8
"['V4', 'V10', 'V14', 'V16', 'V17', 'V11', 'V20', 'V1']",0.9183673469387755,0.06089309878213803,0.11421319796954314,0.6735045367361507,8
"['V4', 'V10', 'V14', 'V16', 'V17', 'V11', 'V20', 'V5']",0.9183673469387755,0.06064690026954178,0.11378002528445007,0.6886152891235476,8
"['V4', 'V10', 'V14', 'V16', 'V8', 'V5', 'V1', 'V21']",0.9183673469387755,0.05369928400954654,0.10146561443066517,0.7214789156574299,8
"['V4', 'V10', 'V14', 'V16', 'V8', 'V20', 'V1', 'V21']",0.9183673469387755,0.056004978220286245,0.10557184750733138,0.7110666289184221,8
"['V4', 'V10', 'V14', 'V16', 'V8', 'V20', 'V5', 'V21']",0.9183673469387755,0.05562422744128554,0.1048951048951049,0.7148065753327733,8
"['V4', 'V10', 'V14', 'V16', 'V8', 'V20', 'V5', 'V1']",0.9183673469387755,0.056568196103079824,0.10657193605683836,0.7073738887528616,8
"['V4', 'V10', 'V14', 'V16', 'V8', 'V11', 'V1', 'V21']",0.9183673469387755,0.05901639344262295,0.11090573012939002,0.726273085740788,8
"['V4', 'V10', 'V16', 'V12', 'V11', 'V20', 'V5', 'V1']",0.9183673469387755,0.05562422744128554,0.1048951048951049,0.6615278151703874,8
"['V4', 'V10', 'V16', 'V12', 'V11', 'V20', 'V1', 'V21']",0.9183673469387755,0.05284791544333529,0.09994447529150471,0.659889476851917,8
"['V4', 'V10', 'V14', 'V16', 'V12', 'V17', 'V5', 'V1']",0.9183673469387755,0.05642633228840126,0.10632014176018902,0.7171177615702974,8
"['V4', 'V14', 'V8', 'V20']",0.9183673469387755,0.04291845493562232,0.08200455580865604,0.6137746239176051,4
"['V4', 'V10', 'V12', 'V8', 'V17', 'V11', 'V20', 'V5', 'V1']",0.9183673469387755,0.055865921787709494,0.1053247513165594,0.6276041539005223,9
"['V4', 'V10', 'V11', 'V1']",0.9183673469387755,0.05070422535211268,0.09610250934329952,0.5864945186353128,4
"['V4', 'V10', 'V12', 'V8', 'V17', 'V11', 'V20', 'V1', 'V21']",0.9183673469387755,0.05139920045688178,0.09734991887506761,0.637354439518577,9
"['V17', 'V14', 'V10', 'V8', 'V16', 'V2', 'Amount', 'V9', 'V12', 'V21', 'V7', 'V20', 'V18', 'V5', 'V4']",0.9183673469387755,0.054512416717141125,0.10291595197255575,0.7363032922257249,15
"['V4', 'V14', 'V16', 'V12']",0.9183673469387755,0.05328596802841918,0.10072747621712368,0.7016613785365624,4
"['V4', 'V14', 'V16', 'V12', 'V8', 'V17', 'V11', 'V20', 'V5']",0.9183673469387755,0.053763440860215055,0.10158013544018059,0.7155757372922528,9
"['V4', 'V14', 'V16', 'V12', 'V8', 'V17', 'V11', 'V20', 'V1']",0.9183673469387755,0.05518087063151441,0.10410641989589357,0.7214225831833085,9
"['V17', 'V14', 'V10', 'V8', 'V16', 'V2', 'Amount', 'V9', 'V12', 'V21', 'V7', 'V20', 'V18', 'V4']",0.9183673469387755,0.056144728633811605,0.10582010582010581,0.7001120649827957,14
"['V4', 'V14', 'V16', 'V12', 'V8', 'V17', 'V11', 'V20', 'V21']",0.9183673469387755,0.0539568345323741,0.10192525481313704,0.7152186657141574,9
"['V4', 'V14', 'V16', 'V12', 'V8', 'V17', 'V11', 'V5', 'V1']",0.9183673469387755,0.054119061936259774,0.10221465076660988,0.7206734698421071,9
"['V4', 'V14', 'V8', 'V11']",0.9183673469387755,0.04878048780487805,0.09264024704065878,0.6361825381879261,4
"['V4', 'V14', 'V8', 'V5']",0.9183673469387755,0.04295942720763723,0.08207934336525308,0.6262062543112569,4
"['V4', 'V10', 'V17', 'V11']",0.9183673469387755,0.05497861942577886,0.1037463976945245,0.6227420235406659,4
"['V4', 'V14', 'V16', 'V12', 'V8', 'V17', 'V11', 'V5', 'V21']",0.9183673469387755,0.052600818234950324,0.09950248756218906,0.7166980768534075,9
"['V4', 'V14', 'V16', 'V12', 'V8', 'V17', 'V11', 'V1', 'V21']",0.9183673469387755,0.05405405405405406,0.1020986954055587,0.7208474481566964,9
"['V4', 'V14', 'V16', 'V12', 'V8', 'V17', 'V20', 'V5', 'V1']",0.9183673469387755,0.05163511187607573,0.0977729494839761,0.7165376577752659,9
"['V4', 'V14', 'V16', 'V12', 'V8', 'V17', 'V20', 'V5', 'V21']",0.9183673469387755,0.05042016806722689,0.09559214020180563,0.7175905018120452,9
"['V17', 'V14', 'V10', 'V8', 'V16', 'V2', 'Amount', 'V9', 'V12', 'V21', 'V7', 'V20', 'V4']",0.9183673469387755,0.056320400500625784,0.10613207547169812,0.7031229603606179,13
"['V4', 'V14', 'V16', 'V12', 'V8', 'V17', 'V5', 'V1', 'V21']",0.9183673469387755,0.05056179775280899,0.09584664536741214,0.7199705527720767,9
"['V4', 'V14', 'V16', 'V12', 'V8', 'V11', 'V20', 'V5', 'V1']",0.9183673469387755,0.05373134328358209,0.10152284263959391,0.7192246174516478,9
"['V4', 'V14', 'V16', 'V12', 'V8', 'V11', 'V20', 'V5', 'V21']",0.9183673469387755,0.052941176470588235,0.10011123470522804,0.717442499057412,9
"['V4', 'V14', 'V16', 'V12', 'V11', 'V5', 'V1', 'V21']",0.9183673469387755,0.054777845404747415,0.10338885697874785,0.6964069086766528,8
"['V4', 'V14', 'V16', 'V12', 'V11', 'V20', 'V1', 'V21']",0.9183673469387755,0.05728835136855506,0.10784901138406232,0.6980873855624634,8
"['V4', 'V14', 'V16', 'V12', 'V11', 'V20', 'V5', 'V21']",0.9183673469387755,0.05497861942577886,0.1037463976945245,0.6974198982154997,8
"['V17', 'V14', 'V10', 'V8', 'V16', 'V2', 'Amount', 'V9', 'V12', 'V21', 'V7', 'V20', 'V18', 'V5', 'V11', 'V4']",0.9183673469387755,0.05562422744128554,0.1048951048951049,0.7302847272249684,16
"['V4', 'V10', 'V8', 'V21']",0.9183673469387755,0.046875,0.08919722497522299,0.564169840517987,4
"['V4', 'V14', 'V16', 'V12', 'V17', 'V5', 'V1', 'V21']",0.9183673469387755,0.051165434906196704,0.09693053311793215,0.6837987292234387,8
"['V4', 'V10', 'V14', 'V21']",0.9183673469387755,0.05363528009535161,0.10135135135135136,0.6769730361688988,4
"['V17', 'V14', 'V10', 'V8', 'V16', 'V2', 'Amount', 'V9', 'V12', 'V21', 'V7', 'V20', 'V18', 'V5', 'V11', 'V19', 'V4']",0.9183673469387755,0.05667506297229219,0.10676156583629894,0.7350083372816187,17
"['V4', 'V10', 'V12', 'V20']",0.9183673469387755,0.04823151125401929,0.09164969450101833,0.6029491196139294,4
"['V17', 'V14', 'V10', 'V8', 'V16', 'V2', 'Amount', 'V9', 'V12', 'V21', 'V7', 'V20', 'V18', 'V5', 'V11', 'V19', 'V4', 'V1']",0.9183673469387755,0.056818181818181816,0.1070154577883472,0.7275186570102158,18
"['V17', 'V14', 'V10', 'V8', 'V16', 'V2', 'Amount', 'V9', 'V12', 'V21', 'V7', 'V20', 'V18', 'V5', 'V11', 'V19', 'V4', 'V3']",0.9183673469387755,0.056532663316582916,0.10650887573964497,0.7265274264718258,18
"['V4', 'V10', 'V16', 'V21']",0.9183673469387755,0.04643962848297214,0.08840864440078586,0.6239624723061417,4
"['V4', 'V10', 'V16', 'V1']",0.9183673469387755,0.04424778761061947,0.08442776735459662,0.6068555041408848,4
"['V4', 'V10', 'V16', 'V5']",0.9183673469387755,0.04918032786885246,0.09336099585062241,0.6182944043653218,4
"['V17', 'V14', 'V10', 'V8', 'V16', 'V2', 'Amount', 'V9', 'V12', 'V21', 'V7', 'V20', 'V18', 'V5', 'V11', 'V19', 'V4', 'V6']",0.9183673469387755,0.05825242718446602,0.10955569080949483,0.7307894675198101,18
"['V4', 'V10', 'V16', 'V17']",0.9183673469387755,0.04335260115606936,0.0827966881324747,0.6218199652391686,4
"['V4', 'V10', 'V16', 'V8']",0.9183673469387755,0.04613018964633521,0.08784773060029283,0.5400878592794415,4
"['V17', 'V14', 'V10', 'V8', 'V16', 'V2', 'Amount', 'V9', 'V12', 'V21', 'V7', 'V20', 'V18', 'V5', 'V11', 'V19', 'V4', 'V6', 'V1']",0.9183673469387755,0.057803468208092484,0.10876132930513595,0.7294031120715537,19
"['V4', 'V10', 'V14', 'V1']",0.9183673469387755,0.05603985056039851,0.1056338028169014,0.6478996809664284,4
"['V4', 'V14', 'V12', 'V17', 'V11', 'V5', 'V1', 'V21']",0.9183673469387755,0.0547112462006079,0.10327022375215146,0.6649243388200051,8
"['V4', 'V10', 'V14', 'V5']",0.9183673469387755,0.05454545454545454,0.10297482837528604,0.6628559862416639,4
"['V4', 'V10', 'V14', 'V20']",0.9183673469387755,0.05660377358490566,0.1066350710900474,0.6369754568118066,4
"['V4', 'V10', 'V14', 'V11']",0.9183673469387755,0.05932762030323006,0.11145510835913312,0.6792416446760466,4
"['V4', 'V10', 'V14', 'V17']",0.9183673469387755,0.05514705882352941,0.10404624277456648,0.6798539658592369,4
"['V4', 'V10', 'V14', 'V8']",0.9183673469387755,0.054678007290400975,0.10321100917431193,0.6623319974883808,4
"['V17', 'V14', 'V10', 'V8', 'V16', 'V2', 'Amount', 'V9', 'V12', 'V21', 'V7', 'V20', 'V18', 'V5', 'V11', 'V19', 'V4', 'V6', 'V3']",0.9183673469387755,0.05714285714285714,0.10759115361625822,0.7383058251984312,19
"['V4', 'V10', 'V14', 'V16']",0.9183673469387755,0.05385996409335727,0.10175240248728094,0.7097971547139812,4
"['V4', 'V14', 'V12', 'V11', 'V20', 'V5', 'V1', 'V21']",0.9183673469387755,0.055248618784530384,0.10422698320787492,0.6682537108962552,8
"['V4', 'V10', 'V16', 'V8', 'V17', 'V11', 'V5', 'V1', 'V21']",0.9183673469387755,0.055384615384615386,0.1044689495066744,0.6574733520341334,9
"['V4', 'V10', 'V8', 'V17']",0.9183673469387755,0.04923413566739606,0.09345794392523364,0.502158360027675,4
"['V4', 'V10', 'V8', 'V11']",0.9183673469387755,0.05110732538330494,0.09682625067240452,0.5221418346521708,4
"['V4', 'V14', 'V16', 'V12', 'V11', 'V20', 'V5', 'V1']",0.9183673469387755,0.05521472392638037,0.10416666666666667,0.6936723429118533,8
"['V4', 'V14', 'V16', 'V12', 'V17', 'V20', 'V1', 'V21']",0.9183673469387755,0.05151688609044076,0.0975609756097561,0.6826114551373607,8
"['V4', 'V10', 'V16', 'V8', 'V17', 'V11', 'V5', 'V1']",0.9183673469387755,0.05385996409335727,0.10175240248728094,0.6090756250125571,8
"['V4', 'V10', 'V12', 'V8', 'V11', 'V20', 'V1', 'V21']",0.9183673469387755,0.05205320994794679,0.09852216748768473,0.6391966625491804,8
"['V4', 'V10', 'V8', 'V17', 'V20', 'V5', 'V1', 'V21']",0.9183673469387755,0.05897771952817824,0.11083743842364532,0.6289260754895072,8
"['V4', 'V14', 'V16', 'V12', 'V17', 'V11', 'V20', 'V5', 'V21']",0.9183673469387755,0.05344418052256532,0.10101010101010101,0.6904798602677379,9
"['V4', 'V10', 'V8', 'V17', 'V11', 'V20', 'V5', 'V21']",0.9183673469387755,0.060240963855421686,0.11306532663316583,0.61713172311318,8
"['V17', 'V14', 'V10', 'V8', 'V16', 'V2', 'Amount', 'V9', 'V12', 'V21', 'V7', 'V4']",0.9183673469387755,0.05461165048543689,0.10309278350515463,0.7211210894296074,12
"['V4', 'V10', 'V12', 'V17', 'V20', 'V5', 'V1', 'V21']",0.9183673469387755,0.05316007088009451,0.10050251256281408,0.6391310669906564,8
"['V4', 'V14', 'V16', 'V12', 'V17', 'V11', 'V20', 'V1', 'V21']",0.9183673469387755,0.054086538461538464,0.1021566401816118,0.685850832148695,9
"['V4', 'V10', 'V12', 'V17', 'V11', 'V20', 'V1', 'V21']",0.9183673469387755,0.05128205128205128,0.09713977334052887,0.6258060928415852,8
"['V4', 'V14', 'V16', 'V12', 'V17', 'V11', 'V5', 'V1', 'V21']",0.9183673469387755,0.052941176470588235,0.10011123470522804,0.690244473601284,9
"['V4', 'V10', 'V12', 'V17', 'V11', 'V20', 'V5', 'V1']",0.9183673469387755,0.05521472392638037,0.10416666666666667,0.6219269984161044,8
"['V4', 'V10', 'V12', 'V8', 'V20', 'V5', 'V1', 'V21']",0.9183673469387755,0.05087620124364047,0.09641135511515801,0.6563686281084351,8
"['V4', 'V14', 'V16', 'V12', 'V17', 'V20', 'V5', 'V1', 'V21']",0.9183673469387755,0.051605504587155966,0.09771986970684039,0.6833422100078316,9
"['V4', 'V14', 'V16', 'V12', 'V11', 'V20', 'V5', 'V1', 'V21']",0.9183673469387755,0.0550122249388753,0.10380622837370242,0.6956219255850108,9
"['V4', 'V14', 'V16', 'V12', 'V8', 'V17', 'V11', 'V20']",0.9183673469387755,0.054678007290400975,0.10321100917431193,0.7145348964377076,8
"['V4', 'V10', 'V12', 'V8', 'V11', 'V20', 'V5', 'V1']",0.9183673469387755,0.05385996409335727,0.10175240248728094,0.6203088779580272,8
"['V4', 'V10', 'V12', 'V8', 'V17', 'V20', 'V1', 'V21']",0.9183673469387755,0.04774535809018567,0.0907715582450832,0.6231799593049934,8
"['V4', 'V10', 'V12', 'V8', 'V17', 'V20', 'V5', 'V21']",0.9183673469387755,0.05190311418685121,0.0982532751091703,0.6405185076542098,8
"['V4', 'V10', 'V12', 'V8', 'V17', 'V20', 'V5', 'V1']",0.9183673469387755,0.05275498241500586,0.09977827050997783,0.6179222660086591,8
"['V4', 'V10', 'V12', 'V8', 'V17', 'V11', 'V20', 'V21']",0.9183673469387755,0.05113636363636364,0.0968783638320775,0.6275432849328507,8
"['V4', 'V10', 'V12', 'V8', 'V17', 'V11', 'V20', 'V1']",0.9183673469387755,0.05096262740656852,0.09656652360515021,0.5980377492618709,8
"['V4', 'V10', 'V12', 'V8', 'V17', 'V11', 'V20', 'V5']",0.9183673469387755,0.05497861942577886,0.1037463976945245,0.6122726637109318,8
"['V4', 'V10', 'V16', 'V8', 'V11', 'V5', 'V1', 'V21']",0.9183673469387755,0.05338078291814947,0.10089686098654709,0.6518251839871695,8
"['V4', 'V10', 'V16', 'V8', 'V17', 'V5', 'V1', 'V21']",0.9183673469387755,0.05142857142857143,0.09740259740259741,0.6384141798495939,8
"['V4', 'V10', 'V16', 'V8', 'V17', 'V11', 'V1', 'V21']",0.9183673469387755,0.05027932960893855,0.09533898305084745,0.6346012273183148,8
"['V4', 'V10', 'V16', 'V8', 'V17', 'V11', 'V5', 'V21']",0.9183673469387755,0.05344418052256532,0.10101010101010101,0.6402817422524619,8
"['V4', 'V10', 'V17', 'V11', 'V20', 'V5', 'V1', 'V21']",0.9183673469387755,0.06147540983606557,0.11523687580025609,0.6226303381891992,8
"['V4', 'V14', 'V16', 'V12', 'V8', 'V17', 'V11', 'V5']",0.9183673469387755,0.05382775119617225,0.1016949152542373,0.7156187202798121,8
"['V4', 'V14', 'V16', 'V12', 'V17', 'V20', 'V5', 'V21']",0.9183673469387755,0.05202312138728324,0.09846827133479212,0.6866133463481682,8
"['V4', 'V14', 'V16', 'V12', 'V8', 'V11', 'V1', 'V21']",0.9183673469387755,0.05421686746987952,0.10238907849829351,0.7233017141627547,8
"['V4', 'V14', 'V16', 'V12', 'V17', 'V20', 'V5', 'V1']",0.9183673469387755,0.05139920045688178,0.09734991887506761,0.680674545388716,8
"['V4', 'V14', 'V16', 'V12', 'V17', 'V11', 'V1', 'V21']",0.9183673469387755,0.05379557680812911,0.10163749294184077,0.6890491155321475,8
"['V4', 'V14', 'V16', 'V12', 'V17', 'V11', 'V5', 'V21']",0.9183673469387755,0.053003533568904596,0.10022271714922049,0.69253778884375,8
"['V4', 'V14', 'V16', 'V12', 'V17', 'V11', 'V5', 'V1']",0.9183673469387755,0.05263157894736842,0.09955752212389381,0.6887873270952265,8
"['V4', 'V14', 'V16', 'V12', 'V17', 'V11', 'V20', 'V21']",0.9183673469387755,0.054512416717141125,0.10291595197255575,0.6907945425122682,8
"['V4', 'V14', 'V16', 'V12', 'V17', 'V11', 'V20', 'V1']",0.9183673469387755,0.054678007290400975,0.10321100917431193,0.6820218242755985,8
"['V4', 'V14', 'V16', 'V12', 'V17', 'V11', 'V20', 'V5']",0.9183673469387755,0.05306603773584906,0.10033444816053512,0.6863667188600033,8
"['V4', 'V14', 'V16', 'V12', 'V8', 'V5', 'V1', 'V21']",0.9183673469387755,0.05087620124364047,0.09641135511515801,0.7204405550284808,8
"['V4', 'V14', 'V16', 'V12', 'V8', 'V11', 'V20', 'V1', 'V21']",0.9183673469387755,0.05434782608695652,0.10262257696693272,0.7223611031553414,9
"['V4', 'V14', 'V16', 'V12', 'V8', 'V20', 'V5', 'V21']",0.9183673469387755,0.05061867266591676,0.09594882729211088,0.7190426585928362,8
"['V4', 'V14', 'V16', 'V12', 'V8', 'V20', 'V5', 'V1']",0.9183673469387755,0.051605504587155966,0.09771986970684039,0.7173518153995595,8
"['V4', 'V14', 'V16', 'V12', 'V8', 'V11', 'V5', 'V21']",0.9183673469387755,0.0528169014084507,0.09988901220865705,0.7167576342078579,8
"['V4', 'V14', 'V16', 'V12', 'V8', 'V17', 'V11', 'V1']",0.9183673469387755,0.055248618784530384,0.10422698320787492,0.722080072006774,8
"['V4', 'V14', 'V16', 'V12', 'V8', 'V11', 'V5', 'V1']",0.9183673469387755,0.05357142857142857,0.10123734533183353,0.7191041871548849,8
"['V4', 'V14', 'V16', 'V12', 'V8', 'V11', 'V20', 'V21']",0.9183673469387755,0.054844606946983544,0.10350776308223117,0.7183643643412764,8
"['V4', 'V14', 'V16', 'V12', 'V8', 'V11', 'V5', 'V1', 'V21']",0.9183673469387755,0.05306603773584906,0.10033444816053512,0.7212131372149442,9
"['V4', 'V14', 'V16', 'V12', 'V8', 'V11', 'V20', 'V5']",0.9183673469387755,0.05382775119617225,0.1016949152542373,0.7158894080486594,8
"['V4', 'V14', 'V16', 'V12', 'V8', 'V20', 'V5', 'V1', 'V21']",0.9183673469387755,0.05090497737556561,0.09646302250803858,0.7205455489360368,9
"['V4', 'V14', 'V16', 'V12', 'V8', 'V17', 'V5', 'V21']",0.9183673469387755,0.05053340819764177,0.09579563597658329,0.7173062737337433,8
"['V4', 'V14', 'V16', 'V12', 'V8', 'V17', 'V5', 'V1']",0.9183673469387755,0.05154639175257732,0.09761388286334056,0.7164766790531866,8
"['V4', 'V14', 'V16', 'V12', 'V8', 'V17', 'V20', 'V21']",0.9183673469387755,0.050647158131682614,0.096,0.7155325956096547,8
"['V4', 'V14', 'V16', 'V12', 'V17', 'V11', 'V20', 'V5', 'V1']",0.9183673469387755,0.052972336668628606,0.1001669449081803,0.6847100501618292,9
"['V4', 'V14', 'V16', 'V12', 'V8', 'V17', 'V20', 'V5']",0.9183673469387755,0.05142857142857143,0.09740259740259741,0.7147463505686324,8
"['V4', 'V14', 'V16', 'V12', 'V8', 'V17', 'V11', 'V21']",0.9183673469387755,0.05385996409335727,0.10175240248728094,0.7164633851702282,8
"['V4', 'V10', 'V14', 'V16', 'V12', 'V17', 'V5', 'V21']",0.9183673469387755,0.05761843790012804,0.10843373493975904,0.7183526952605627,8
"['V4', 'V10', 'V14', 'V8', 'V20', 'V5', 'V1', 'V21']",0.9183673469387755,0.05491153142159853,0.10362694300518134,0.661620022786779,8
"['V4', 'V10', 'V14', 'V16', 'V12', 'V17', 'V11', 'V5', 'V21']",0.9183673469387755,0.05870841487279843,0.11036174126302882,0.7183707040445945,9
"['V4', 'V10', 'V14', 'V16', 'V8', 'V17', 'V11', 'V5', 'V1']",0.9183673469387755,0.06004002668445631,0.11271133375078271,0.7336346373077837,9
"['V4', 'V10', 'V14', 'V16', 'V12', 'V8', 'V20', 'V21']",0.9183673469387755,0.055350553505535055,0.10440835266821345,0.7367482286233304,8
"['V4', 'V10', 'V14', 'V16', 'V17', 'V11', 'V20', 'V5', 'V21']",0.9183673469387755,0.06105834464043419,0.11450381679389313,0.7015597871368799,9
"['V4', 'V10', 'V14', 'V16', 'V12', 'V8', 'V20', 'V1']",0.9183673469387755,0.056532663316582916,0.10650887573964497,0.7371848458028329,8
"['V4', 'V10', 'V14', 'V16', 'V12', 'V8', 'V20', 'V5']",0.9183673469387755,0.056998100063331225,0.1073345259391771,0.7361094623661468,8
"['V4', 'V10', 'V16', 'V12', 'V8', 'V17', 'V20', 'V5', 'V21']",0.9183673469387755,0.049944506104328525,0.09473684210526316,0.6599611611946304,9
"['V4', 'V10', 'V14', 'V16', 'V8', 'V17', 'V11', 'V5', 'V21']",0.9183673469387755,0.058177117000646414,0.1094224924012158,0.7345829419976921,9
"['V4', 'V10', 'V16', 'V12', 'V17', 'V11', 'V20', 'V5', 'V1']",0.9183673469387755,0.052600818234950324,0.09950248756218906,0.6546165459031714,9
"['V4', 'V10', 'V16', 'V12', 'V8', 'V11', 'V20', 'V5', 'V1']",0.9183673469387755,0.0535077288941736,0.10112359550561797,0.6688442818675978,9
"['V4', 'V10', 'V14', 'V16', 'V8', 'V17', 'V11', 'V20', 'V5']",0.9183673469387755,0.061016949152542375,0.11443102352193261,0.7175355118627917,9
"['V4', 'V10', 'V14', 'V16', 'V12', 'V11', 'V20', 'V5', 'V1']",0.9183673469387755,0.05964214711729622,0.11200995644057249,0.7157182153589531,9
"['V4', 'V10', 'V14', 'V8', 'V17', 'V11', 'V20', 'V5', 'V21']",0.9183673469387755,0.061182868796736914,0.1147227533460803,0.6960622962701631,9
"['V4', 'V10', 'V14', 'V16', 'V12', 'V17', 'V20', 'V5', 'V1']",0.9183673469387755,0.05905511811023622,0.11097410604192355,0.7141091883754556,9
"['V4', 'V10', 'V14', 'V16', 'V12', 'V8', 'V11', 'V21']",0.9183673469387755,0.05639097744360902,0.10625737898465171,0.7421223466477355,8
"['V4', 'V10', 'V14', 'V16', 'V12', 'V17', 'V11', 'V1', 'V21']",0.9183673469387755,0.058823529411764705,0.11056511056511056,0.7240679429954235,9
"['V4', 'V10', 'V14', 'V16', 'V12', 'V8', 'V5', 'V1']",0.9183673469387755,0.05667506297229219,0.10676156583629894,0.7420628007436013,8
"['V4', 'V10', 'V14', 'V16', 'V12', 'V8', 'V11', 'V1']",0.9183673469387755,0.05772931366260423,0.10863005431502716,0.7419787586364099,8
"['V4', 'V10', 'V14', 'V17', 'V11', 'V20', 'V5', 'V1', 'V21']",0.9183673469387755,0.062111801242236024,0.11635423400129283,0.6626327520202179,9
"['V4', 'V10', 'V14', 'V16', 'V17', 'V11', 'V20', 'V5', 'V1']",0.9183673469387755,0.061016949152542375,0.11443102352193261,0.6830105288365237,9
"['V4', 'V10', 'V16', 'V12', 'V8', 'V11', 'V20', 'V5', 'V21']",0.9183673469387755,0.0526623756582797,0.0996126175982291,0.6735934473244393,9
"['V4', 'V10', 'V14', 'V16', 'V12', 'V17', 'V11', 'V20']",0.9183673469387755,0.059880239520958084,0.11242973141786383,0.7186564968680345,8
"['V4', 'V10', 'V14', 'V16', 'V8', 'V17', 'V20', 'V5', 'V21']",0.9183673469387755,0.05787781350482315,0.1088929219600726,0.7207481771195703,9
"['V4', 'V10', 'V14', 'V16', 'V12', 'V17', 'V5', 'V1', 'V21']",0.9183673469387755,0.05649717514124294,0.10644589000591366,0.7144077732803079,9
"['V4', 'V10', 'V14', 'V16', 'V8', 'V11', 'V5', 'V1', 'V21']",0.9183673469387755,0.05603985056039851,0.1056338028169014,0.7280163296318517,9
"['V4', 'V10', 'V14', 'V16', 'V8', 'V11', 'V20', 'V5', 'V21']",0.9183673469387755,0.05870841487279843,0.11036174126302882,0.7200864427507284,9
"['V4', 'V10', 'V14', 'V16', 'V12', 'V8', 'V17', 'V20']",0.9183673469387755,0.056639395846444306,0.10669828097213989,0.7346565465393721,8
"['V4', 'V10', 'V14', 'V16', 'V12', 'V17', 'V20', 'V1', 'V21']",0.9183673469387755,0.05710659898477157,0.10752688172043011,0.7106586322854826,9
"['V4', 'V10', 'V14', 'V16', 'V8', 'V17', 'V20', 'V5', 'V1']",0.9183673469387755,0.05829015544041451,0.10962241169305725,0.7201228775981374,9
"['V4', 'V10', 'V14', 'V16', 'V12', 'V8', 'V17', 'V11']",0.9183673469387755,0.05901639344262295,0.11090573012939002,0.7267622764892263,8
"['V4', 'V10', 'V14', 'V16', 'V8', 'V20', 'V5', 'V1', 'V21']",0.9183673469387755,0.055865921787709494,0.1053247513165594,0.7212776386418491,9
"['V4', 'V10', 'V14', 'V16', 'V12', 'V17', 'V20', 'V5', 'V21']",0.9183673469387755,0.05897771952817824,0.11083743842364532,0.7158197985886368,9
"['V4', 'V10', 'V14', 'V16', 'V12', 'V11', 'V20', 'V1', 'V21']",0.9183673469387755,0.05968169761273209,0.11207970112079702,0.7190798398054524,9
"['V4', 'V10', 'V14', 'V16', 'V8', 'V17', 'V11', 'V1', 'V21']",0.9183673469387755,0.06072874493927125,0.11392405063291139,0.7295259755657707,9
"['V4', 'V10', 'V14', 'V16', 'V12', 'V11', 'V5', 'V1', 'V21']",0.9183673469387755,0.057803468208092484,0.10876132930513595,0.7182507249200529,9
"['V4', 'V10', 'V14', 'V16', 'V12', 'V20', 'V5', 'V1', 'V21']",0.9183673469387755,0.05893909626719057,0.11076923076923077,0.7164578381903235,9
"['V4', 'V10', 'V14', 'V8', 'V11', 'V20', 'V5', 'V1', 'V21']",0.9183673469387755,0.057692307692307696,0.10856453558504221,0.6732548728887126,9
"['V4', 'V10', 'V14', 'V8', 'V17', 'V11', 'V20', 'V1', 'V21']",0.9183673469387755,0.061016949152542375,0.11443102352193261,0.6787105065895946,9
"['V4', 'V10', 'V14', 'V16', 'V12', 'V17', 'V11', 'V5']",0.9183673469387755,0.05754475703324808,0.10830324909747292,0.7253755119296268,8
"['V4', 'V10', 'V14', 'V16', 'V12', 'V8', 'V11', 'V5']",0.9183673469387755,0.055865921787709494,0.1053247513165594,0.7395782397809292,8
"['V4', 'V10', 'V14', 'V16', 'V17', 'V11', 'V5', 'V1', 'V21']",0.9183673469387755,0.05844155844155844,0.10989010989010989,0.6967381629693025,9
"['V4', 'V10', 'V14', 'V16', 'V12', 'V8', 'V17', 'V5']",0.9183673469387755,0.05671077504725898,0.10682492581602374,0.7445963806541529,8
"['V4', 'V10', 'V14', 'V12', 'V17', 'V11', 'V5', 'V1', 'V21']",0.9183673469387755,0.05859375,0.11015911872705018,0.6938656569454544,9
"['V4', 'V10', 'V14', 'V12', 'V17', 'V11', 'V20', 'V1', 'V21']",0.9183673469387755,0.05992010652463382,0.1125,0.6833729375424693,9
"['V4', 'V10', 'V14', 'V16', 'V17', 'V20', 'V5', 'V1', 'V21']",0.9183673469387755,0.05628517823639775,0.1060695344725987,0.6923241623022944,9
"['V4', 'V10', 'V14', 'V16', 'V11', 'V20', 'V5', 'V1', 'V21']",0.9183673469387755,0.061016949152542375,0.11443102352193261,0.6975322999420388,9
"['V4', 'V10', 'V14']",0.9183673469387755,0.05415162454873646,0.10227272727272728,0.6730709872200664,3
"['V4', 'V10', 'V14', 'V16', 'V12', 'V8', 'V17', 'V21']",0.9183673469387755,0.054777845404747415,0.10338885697874785,0.7437269784759598,8
"['V4', 'V10', 'V16']",0.9183673469387755,0.045067601402103155,0.08591885441527446,0.6254093171466699,3
"['V4', 'V10', 'V14', 'V16', 'V12', 'V17', 'V11', 'V5', 'V1']",0.9183673469387755,0.058823529411764705,0.11056511056511056,0.7232646626037825,9
"['V4', 'V10', 'V14', 'V12', 'V17', 'V11', 'V20', 'V5', 'V1']",0.9183673469387755,0.058403634003893576,0.10982306284319707,0.6858884713800719,9
"['V4', 'V10', 'V14', 'V16', 'V12', 'V8', 'V17', 'V1']",0.9183673469387755,0.05660377358490566,0.1066350710900474,0.7431196598982464,8
"['V4', 'V10', 'V16', 'V12', 'V17', 'V11', 'V20', 'V5', 'V21']",0.9183673469387755,0.05328596802841918,0.10072747621712368,0.6705288797016458,9
"['V4', 'V10', 'V16', 'V12', 'V17', 'V11', 'V20', 'V1', 'V21']",0.9183673469387755,0.04880694143167028,0.09268795056642637,0.6541650355861358,9
"['V4', 'V10', 'V14', 'V16', 'V8', 'V17', 'V5', 'V1', 'V21']",0.9183673469387755,0.05628517823639775,0.1060695344725987,0.7324101791178217,9
"['V4', 'V10', 'V16', 'V12', 'V11', 'V20', 'V5', 'V1', 'V21']",0.9183673469387755,0.057034220532319393,0.10739856801909307,0.6799234465065224,9
"['V4', 'V14', 'V8']",0.9183673469387755,0.04287756074321105,0.08192990441511151,0.6262293661758233,3
"['V4', 'V10', 'V14', 'V16', 'V12', 'V8', 'V5', 'V21']",0.9183673469387755,0.055762081784386616,0.10514018691588785,0.7429078426943848,8
"['V4', 'V10', 'V14', 'V16', 'V8', 'V11', 'V20', 'V1', 'V21']",0.9183673469387755,0.060810810810810814,0.11406844106463879,0.7165690514521353,9
"['V4', 'V10', 'V14', 'V12', 'V17', 'V20', 'V5', 'V1', 'V21']",0.9183673469387755,0.058365758754863814,0.10975609756097561,0.6874536988613256,9
"['V4', 'V10', 'V14', 'V16', 'V12', 'V11', 'V20', 'V5', 'V21']",0.9183673469387755,0.0598404255319149,0.11235955056179775,0.719709426900409,9
"['V4', 'V10', 'V14', 'V16', 'V17', 'V11', 'V20', 'V1', 'V21']",0.9183673469387755,0.06097560975609756,0.11435832274459974,0.6862279300350367,9
"['V4', 'V10', 'V14', 'V16', 'V12', 'V17', 'V20', 'V5']",0.9183673469387755,0.058823529411764705,0.11056511056511056,0.7154644430963583,8
"['V4', 'V10', 'V14', 'V16', 'V8', 'V17', 'V11', 'V20', 'V21']",0.9183673469387755,0.062111801242236024,0.11635423400129283,0.7140548306885438,9
"['V4', 'V10', 'V14', 'V8', 'V17', 'V11', 'V5', 'V1', 'V21']",0.9183673469387755,0.06008010680907877,0.11278195488721804,0.7068149519243572,9
"['V4', 'V10', 'V14', 'V16', 'V8', 'V11', 'V20', 'V5', 'V1']",0.9183673469387755,0.059366754617414245,0.11152416356877323,0.7133171539598783,9
"['V4', 'V10', 'V14', 'V16', 'V12', 'V17', 'V11', 'V1']",0.9183673469387755,0.05787781350482315,0.1088929219600726,0.7235896621210801,8
"['V4', 'V10', 'V14', 'V8', 'V17', 'V20', 'V5', 'V1', 'V21']",0.9183673469387755,0.05795235028976175,0.10902483343428225,0.6940156722233324,9
"['V4', 'V10', 'V16', 'V12', 'V8', 'V17', 'V11', 'V20', 'V5']",0.9183673469387755,0.05193306405077899,0.09830693610049153,0.640482244643966,9
"['V4', 'V10', 'V14', 'V16', 'V12', 'V17', 'V11', 'V21']",0.9183673469387755,0.05909389363099146,0.11104256631708821,0.7256442552625845,8
"['V4', 'V10', 'V14', 'V8', 'V17', 'V11', 'V20', 'V5', 'V1']",0.9183673469387755,0.06267409470752089,0.11734028683181226,0.6725618514954302,9
"['V4', 'V10', 'V14', 'V12', 'V11', 'V20', 'V5', 'V1', 'V21']",0.9183673469387755,0.05913272010512484,0.1111111111111111,0.692063469234792,9
"['V4', 'V10', 'V16', 'V12', 'V8', 'V17', 'V11', 'V20', 'V1']",0.9183673469387755,0.04836109618484686,0.09188361408882083,0.6416035768157642,9
"['V4', 'V10', 'V16', 'V12', 'V8', 'V17', 'V11', 'V20', 'V21']",0.9183673469387755,0.04854368932038835,0.09221311475409837,0.6531269759704089,9
"['V4', 'V10', 'V14', 'V16', 'V8', 'V17', 'V20', 'V1', 'V21']",0.9183673469387755,0.05628517823639775,0.1060695344725987,0.7129043342961431,9
"['V4', 'V10', 'V14', 'V16', 'V12', 'V8', 'V1', 'V21']",0.9183673469387755,0.054678007290400975,0.10321100917431193,0.7418865227591125,8
"['V4', 'V10', 'V14', 'V16', 'V12', 'V17', 'V20', 'V1']",0.9183673469387755,0.056890012642225034,0.10714285714285714,0.7059915152354553,8
"['V4', 'V10', 'V14', 'V16', 'V12', 'V17', 'V20', 'V21']",0.9183673469387755,0.057692307692307696,0.10856453558504221,0.7160247411752363,8
"['V4', 'V10', 'V14', 'V16', 'V12', 'V8', 'V11', 'V20']",0.9183673469387755,0.058862001308044476,0.11063306699446834,0.736118989840584,8
"['V4', 'V14', 'V8', 'V21']",0.9081632653061225,0.041337668369716675,0.0790759662372279,0.6327414251086538,4
"['V4', 'V14', 'V16', 'V20', 'V1']",0.9081632653061225,0.047189819724284196,0.08971774193548387,0.6493736431338516,5
"['V4', 'V14', 'V17', 'V11']",0.9081632653061225,0.049008810572687224,0.09299895506792058,0.6497211583206042,4
"['V4', 'V14', 'V16', 'V11', 'V20', 'V21']",0.9081632653061225,0.051895043731778424,0.09817981246552675,0.6799553308029612,6
"['V4', 'V14', 'V16', 'V11', 'V20', 'V1']",0.9081632653061225,0.05291319857312723,0.1,0.6518090931016421,6
"['V4', 'V14', 'V17', 'V1']",0.9081632653061225,0.045641025641025644,0.0869140625,0.6196923302235147,4
"['V4', 'V14', 'V16', 'V11', 'V20', 'V5']",0.9081632653061225,0.04985994397759104,0.09453000531067446,0.6612521790341417,6
"['V4', 'V14', 'V11', 'V20']",0.9081632653061225,0.04754273504273504,0.09035532994923857,0.6109267574138666,4
"['V4', 'V14', 'V8', 'V1']",0.9081632653061225,0.04337231968810916,0.0827906976744186,0.6069866338555521,4
"['V4', 'V10', 'V8', 'V17', 'V11', 'V20', 'V5', 'V1', 'V21']",0.9081632653061225,0.06176266481609993,0.11565951916829109,0.6435412224520387,9
"['V10', 'V14', 'V16', 'V12', 'V20', 'V5', 'V21']",0.9081632653061225,0.060833902939166094,0.11402946828955797,0.7097745508827099,7
"['V4', 'V14', 'V16', 'V17']",0.9081632653061225,0.04517766497461929,0.086073500967118,0.6824804448967623,4
"['V10', 'V14', 'V12', 'V8', 'V17', 'V20', 'V5']",0.9081632653061225,0.060379918588873815,0.11323155216284987,0.7227455084847095,7
"['V4', 'V10', 'V8', 'V1']",0.9081632653061225,0.047214854111405836,0.0897629853756934,0.48122422343579496,4
"['V4', 'V14', 'V21']",0.9081632653061225,0.04137610413761041,0.07914628723877279,0.6412465806581122,3
"['V4', 'V10', 'V16', 'V8', 'V11', 'V20', 'V5', 'V1', 'V21']",0.9081632653061225,0.058823529411764705,0.11049037864680322,0.6735149580947982,9
"['V4', 'V14', 'V5']",0.9081632653061225,0.041981132075471696,0.08025247971145176,0.6157919195545505,3
"['V4', 'V10', 'V17', 'V1']",0.9081632653061225,0.04594734124935467,0.08746928746928746,0.5653625609622388,4
"['V4', 'V10', 'V17', 'V21']",0.9081632653061225,0.04684210526315789,0.0890890890890891,0.602734515542786,4
"['V4', 'V10', 'V16', 'V17', 'V11', 'V20', 'V5', 'V1', 'V21']",0.9081632653061225,0.058018252933507174,0.1090686274509804,0.6546210880285377,9
"['V4', 'V10', 'V1', 'V21']",0.9081632653061225,0.04538500764915859,0.08644973288003885,0.5801530795110805,4
"['V10', 'V14', 'V12', 'V8', 'V17', 'V11', 'V20', 'V5', 'V1', 'V21']",0.9081632653061225,0.05517668939863608,0.10403272939801286,0.7118361390642421,10
"['V4', 'V14', 'V16', 'V8']",0.9081632653061225,0.047139830508474576,0.08962739174219536,0.698765635410306,4
"['V4', 'V14', 'V16', 'V11']",0.9081632653061225,0.051714119697850086,0.09785596481583288,0.684751247051342,4
"['V4', 'V14', 'V16', 'V11', 'V5', 'V1']",0.9081632653061225,0.050683371298405465,0.09600862998921252,0.6626990822890917,6
"['V4', 'V14', 'V16', 'V20']",0.9081632653061225,0.04630593132154006,0.08811881188118811,0.6632254280084464,4
"['V4', 'V14', 'V16', 'V5']",0.9081632653061225,0.04529262086513995,0.08628211342704799,0.6716253678219528,4
"['V4', 'V14', 'V16', 'V1']",0.9081632653061225,0.04684210526315789,0.0890890890890891,0.6673427851421463,4
"['V4', 'V10', 'V14', 'V16', 'V8', 'V11', 'V20']",0.9081632653061225,0.06087551299589603,0.1141025641025641,0.7024291815976003,7
"['V4', 'V14', 'V16', 'V21']",0.9081632653061225,0.045781893004115226,0.0871694417238002,0.6898654253260194,4
"['V4', 'V14', 'V11', 'V1']",0.9081632653061225,0.050112612612612614,0.09498399146211313,0.6133014298667795,4
"['V4', 'V14', 'V16', 'V20', 'V5', 'V1']",0.9081632653061225,0.046209761163032194,0.08794466403162056,0.6483749331022854,6
"['V4', 'V14', 'V16', 'V11', 'V1', 'V21']",0.9081632653061225,0.05229142185663925,0.09888888888888889,0.6757575788286256,6
"['V4', 'V14', 'V8', 'V17']",0.9081632653061225,0.04538500764915859,0.08644973288003885,0.6657489207524068,4
"['V4', 'V14', 'V16', 'V11', 'V5', 'V21']",0.9081632653061225,0.049444444444444444,0.09378292939936776,0.6860669478669327,6
"['V4', 'V10', 'V14', 'V16', 'V17', 'V11', 'V20']",0.9081632653061225,0.05941255006675567,0.11152882205513784,0.6829532608524668,7
"['V4', 'V14', 'V11', 'V5']",0.9081632653061225,0.04689146469968388,0.08917835671342686,0.622459522597816,4
"['V4', 'V14', 'V16', 'V8', 'V11', 'V5', 'V1', 'V21']",0.9081632653061225,0.05,0.09478168264110756,0.6930879142084915,8
"['V4', 'V14', 'V11', 'V21']",0.9081632653061225,0.04669464847848898,0.08882235528942116,0.6480394930053388,4
"['V4', 'V14', 'V16', 'V8', 'V11', 'V21']",0.9081632653061225,0.05183459522422831,0.09807162534435261,0.6984898144406695,6
"['V4', 'V14', 'V16', 'V17', 'V11', 'V21']",0.9081632653061225,0.05103211009174312,0.09663409337676439,0.6883505144019383,6
"['V10', 'V14', 'V16', 'V12', 'V8', 'V5', 'V21']",0.9081632653061225,0.05890138980807412,0.11062771908017402,0.7324117249315123,7
"['V10', 'V14', 'V16', 'V12', 'V8', 'V5', 'V1']",0.9081632653061225,0.057754704737183644,0.10860280658938377,0.7270007640983062,7
"['V10', 'V14', 'V16', 'V12', 'V8', 'V20', 'V5']",0.9081632653061225,0.059057730590577305,0.11090342679127727,0.7321119452152303,7
"['V4', 'V14', 'V16', 'V17', 'V11', 'V1']",0.9081632653061225,0.051208285385500575,0.09694989106753812,0.6635805101435235,6
"['V4', 'V14', 'V16', 'V17', 'V11', 'V5']",0.9081632653061225,0.04952698942682248,0.09393139841688654,0.6742493468130264,6
"['V4', 'V14', 'V16', 'V8', 'V1', 'V21']",0.9081632653061225,0.0467436974789916,0.08891108891108891,0.6932343463296086,6
"['V4', 'V14', 'V16', 'V8', 'V5', 'V21']",0.9081632653061225,0.045246568378240974,0.08619854721549637,0.6938944730153369,6
"['V4', 'V14', 'V16', 'V8', 'V5', 'V1']",0.9081632653061225,0.04676826064109301,0.08895552223888056,0.68595431525846,6
"['V4', 'V14', 'V16', 'V8', 'V20', 'V21']",0.9081632653061225,0.04654811715481171,0.08855721393034825,0.688613832538764,6
"['V4', 'V14', 'V16', 'V8', 'V20', 'V1']",0.9081632653061225,0.04810810810810811,0.09137577002053388,0.6787174574139867,6
"['V4', 'V14', 'V16', 'V8', 'V20', 'V5']",0.9081632653061225,0.04647519582245431,0.08842523596621957,0.6849227375752477,6
"['V4', 'V14', 'V16', 'V8', 'V11', 'V1']",0.9081632653061225,0.05338932213557288,0.1008498583569405,0.6949421928640112,6
"['V4', 'V14', 'V20', 'V5']",0.9081632653061225,0.041686182669789226,0.07971339005821765,0.6003597963995362,4
"['V4', 'V14', 'V16', 'V8', 'V11', 'V5']",0.9081632653061225,0.0511200459506031,0.09679173463839043,0.70017224525286,6
"['V4', 'V14', 'V16', 'V8', 'V17', 'V21']",0.9081632653061225,0.047114875595553204,0.08958228485153498,0.6994157684675922,6
"['V4', 'V14', 'V16', 'V8', 'V17', 'V1']",0.9081632653061225,0.048264642082429504,0.09165808444902163,0.6948277920987389,6
"['V4', 'V14', 'V16', 'V8', 'V17', 'V5']",0.9081632653061225,0.047619047619047616,0.09049313675648195,0.7012456011802178,6
"['V4', 'V14', 'V16', 'V8', 'V17', 'V20']",0.9081632653061225,0.048186247969680567,0.09151670951156812,0.6881710048575997,6
"['V4', 'V14', 'V16', 'V8', 'V17', 'V11']",0.9081632653061225,0.05393939393939394,0.10183066361556065,0.7016988416812828,6
"['V4', 'V14', 'V20']",0.9081632653061225,0.04256336681013869,0.08131566925536775,0.6064976951725192,3
"['V10', 'V14', 'V12', 'V20', 'V5', 'V1', 'V21']",0.9081632653061225,0.05786736020806242,0.10880195599022005,0.6882274670077275,7
"['V4', 'V14', 'V11']",0.9081632653061225,0.047670058918050345,0.0905852417302799,0.6339631194989928,3
"['V4', 'V10', 'V8', 'V11', 'V20', 'V5', 'V1', 'V21']",0.9081632653061225,0.05847568988173456,0.10987654320987654,0.6165037015238125,8
"['V4', 'V14', 'V16']",0.9081632653061225,0.04552429667519182,0.08670238675109596,0.6825136545935132,3
"['V4', 'V10', 'V8', 'V17', 'V11', 'V20', 'V1', 'V21']",0.9081632653061225,0.056651814131126674,0.10665068903535051,0.5952993359809761,8
"['V4', 'V14', 'V16', 'V17', 'V20', 'V5']",0.9081632653061225,0.04538500764915859,0.08644973288003885,0.6593209789231691,6
"['V4', 'V14', 'V16', 'V17', 'V20', 'V1']",0.9081632653061225,0.04604242110708743,0.08764155588380108,0.6443625583262709,6
"['V4', 'V14', 'V16', 'V17', 'V5', 'V1']",0.9081632653061225,0.04582904222451081,0.08725490196078431,0.6574536070203031,6
"['V10', 'V14', 'V12', 'V11', 'V20', 'V5', 'V1']",0.9081632653061225,0.05690537084398977,0.10709987966305656,0.6852257961119727,7
"['V10', 'V14', 'V16', 'V12', 'V17', 'V1', 'V21']",0.9081632653061225,0.06263194933145672,0.11718235681369323,0.6920531028311362,7
"['V4', 'V14', 'V20', 'V21']",0.9081632653061225,0.041241890639481,0.07890070921985816,0.6325684381845291,4
"['V4', 'V14', 'V5', 'V21']",0.9081632653061225,0.04088194763435921,0.07824175824175825,0.6343285071518261,4
"['V10', 'V14', 'V16', 'V12', 'V17', 'V5', 'V21']",0.9081632653061225,0.0583989501312336,0.10974106041923551,0.7014560652496536,7
"['V10', 'V14', 'V16', 'V12', 'V17', 'V5', 'V1']",0.9081632653061225,0.0559748427672956,0.10545023696682465,0.6889468371357137,7
"['V4', 'V14', 'V16', 'V11', 'V20', 'V5', 'V1', 'V21']",0.9081632653061225,0.05094447624499141,0.09647696476964769,0.6696051665575311,8
"['V4', 'V10', 'V16', 'V8', 'V5', 'V21']",0.9081632653061225,0.048395867319195214,0.09189468249870934,0.6111563842491998,6
"['V4', 'V14', 'V16', 'V17', 'V11', 'V5', 'V1', 'V21']",0.9081632653061225,0.050056242969628795,0.09488272921108742,0.6715155505442502,8
"['V4', 'V14', 'V16', 'V17', 'V11', 'V20', 'V1', 'V21']",0.9081632653061225,0.051445086705202314,0.09737417943107221,0.6646710250942371,8
"['V4', 'V14', 'V16', 'V17', 'V11', 'V20', 'V5', 'V21']",0.9081632653061225,0.04994388327721661,0.09468085106382979,0.6789722535669307,8
"['V4', 'V14', 'V16', 'V17', 'V11', 'V20', 'V5', 'V1']",0.9081632653061225,0.05051078320090806,0.0956989247311828,0.6484351340113806,8
"['V4', 'V14', 'V16', 'V8', 'V20', 'V5', 'V1', 'V21']",0.9081632653061225,0.04561763198359815,0.08687164470473402,0.6831852556132518,8
"['V10', 'V14', 'V12', 'V8', 'V17', 'V20', 'V1']",0.9081632653061225,0.059293804130579615,0.11131957473420888,0.7115137522203141,7
"['V4', 'V14', 'V16', 'V8', 'V11', 'V20', 'V1', 'V21']",0.9081632653061225,0.05216881594372802,0.09866962305986696,0.6893132259088881,8
"['V4', 'V14', 'V16', 'V8', 'V11', 'V20', 'V5', 'V21']",0.9081632653061225,0.05042492917847025,0.09554482018250134,0.6928482506723428,8
"['V4', 'V14', 'V16', 'V8', 'V11', 'V20', 'V5', 'V1']",0.9081632653061225,0.05153445280833816,0.09753424657534246,0.6799799491514716,8
"['V4', 'V14', 'V16', 'V8', 'V17', 'V5', 'V1', 'V21']",0.9081632653061225,0.04635416666666667,0.08820614469772052,0.6923084532184489,8
"['V4', 'V14', 'V16', 'V8', 'V17', 'V20', 'V1', 'V21']",0.9081632653061225,0.04726500265533723,0.08985360928823827,0.6883301257596308,8
"['V4', 'V14', 'V16', 'V8', 'V17', 'V20', 'V5', 'V21']",0.9081632653061225,0.04616182572614108,0.087857847976308,0.6938110239021867,8
"['V4', 'V14', 'V16', 'V8', 'V17', 'V20', 'V5', 'V1']",0.9081632653061225,0.0478494623655914,0.09090909090909091,0.6819340983849648,8
"['V4', 'V14', 'V16', 'V8', 'V17', 'V11', 'V1', 'V21']",0.9081632653061225,0.05213825424721734,0.09861495844875347,0.6995381539272505,8
"['V4', 'V14', 'V16', 'V8', 'V17', 'V11', 'V5', 'V21']",0.9081632653061225,0.051208285385500575,0.09694989106753812,0.7017110578165838,8
"['V4', 'V14', 'V16', 'V8', 'V17', 'V11', 'V5', 'V1']",0.9081632653061225,0.0525383707201889,0.09933035714285714,0.6948964273662068,8
"['V4', 'V14', 'V16', 'V8', 'V17', 'V11', 'V20', 'V21']",0.9081632653061225,0.052383755150088286,0.09905397885364496,0.6913511455741664,8
"['V4', 'V14', 'V16', 'V8', 'V17', 'V11', 'V20', 'V5']",0.9081632653061225,0.0526939017169923,0.09960828203693341,0.6923105232118144,8
"['V4', 'V10', 'V16', 'V8', 'V17', 'V20', 'V5', 'V1', 'V21']",0.9081632653061225,0.056687898089171976,0.10671462829736211,0.6686256352384191,9
"['V14', 'V12', 'V8', 'V20', 'V5', 'V1']",0.9081632653061225,0.05109070034443169,0.0967391304347826,0.6680412487509793,6
"['V4', 'V10', 'V16', 'V12', 'V8', 'V17', 'V20', 'V5', 'V1']",0.9081632653061225,0.051237766263673,0.09700272479564033,0.6607461913747069,9
"['V4', 'V14', 'V8', 'V17', 'V20', 'V5', 'V1', 'V21']",0.9081632653061225,0.04388560157790927,0.08372530573847602,0.6520707108892,8
"['V10', 'V14', 'V12', 'V8', 'V20', 'V1', 'V21']",0.9081632653061225,0.06075085324232082,0.11388355726167626,0.7193918804328397,7
"['V10', 'V14', 'V12', 'V8', 'V20', 'V5', 'V21']",0.9081632653061225,0.058784676354029064,0.11042183622828784,0.717748906625034,7
"['V10', 'V14', 'V12', 'V8', 'V20', 'V5', 'V1']",0.9081632653061225,0.05565978736710444,0.10489098408956983,0.7110782783393579,7
"['V10', 'V14', 'V12', 'V8', 'V11', 'V5', 'V1']",0.9081632653061225,0.055625,0.10482921083627797,0.7082191637170316,7
"['V4', 'V10', 'V16', 'V12', 'V8', 'V17', 'V20', 'V1', 'V21']",0.9081632653061225,0.04706504494976203,0.08949220713926596,0.6569721186680757,9
"['V4', 'V10', 'V14', 'V16', 'V11', 'V20']",0.9081632653061225,0.06180555555555556,0.11573472041612484,0.6861467837969777,6
"['V10', 'V14', 'V12', 'V8', 'V17', 'V1', 'V21']",0.9081632653061225,0.058784676354029064,0.11042183622828784,0.7087896236307422,7
"['V10', 'V14', 'V12', 'V8', 'V17', 'V5', 'V21']",0.9081632653061225,0.06001348617666891,0.11258697027197975,0.7230528555664837,7
"['V4', 'V14', 'V8', 'V17', 'V11', 'V20', 'V5', 'V1']",0.9081632653061225,0.05097365406643757,0.09652928416485901,0.6390394637153651,8
"['V4', 'V14', 'V8', 'V17', 'V11', 'V20', 'V5', 'V21']",0.9081632653061225,0.048317046688382194,0.09175257731958762,0.6696866764266793,8
"['V4', 'V14', 'V8', 'V17', 'V11', 'V20', 'V1', 'V21']",0.9081632653061225,0.04906284454244763,0.09309623430962342,0.6538695325265553,8
"['V4', 'V14', 'V8', 'V17', 'V11', 'V5', 'V1', 'V21']",0.9081632653061225,0.04876712328767123,0.09256370254810192,0.6559503033765345,8
"['V10', 'V14', 'V16', 'V12', 'V17', 'V5']",0.9081632653061225,0.05727155727155727,0.10774818401937046,0.6999955721947316,6
"['V10', 'V14', 'V16', 'V12', 'V17', 'V1']",0.9081632653061225,0.06215083798882681,0.11633986928104575,0.6909157187170076,6
"['V4', 'V14', 'V8', 'V11', 'V20', 'V5', 'V1', 'V21']",0.9081632653061225,0.047114875595553204,0.08958228485153498,0.6227553670395779,8
"['V10', 'V14', 'V12', 'V17', 'V11', 'V20', 'V1']",0.9081632653061225,0.061210453920220086,0.11469072164948453,0.6745680208615084,7
"['V4', 'V16', 'V12', 'V8', 'V17', 'V11', 'V20', 'V5']",0.9081632653061225,0.034021406727828746,0.0655858511422255,0.6242023684699578,8
"['V10', 'V14', 'V16', 'V12', 'V5', 'V21']",0.9081632653061225,0.060833902939166094,0.11402946828955797,0.7089966593111732,6
"['V4', 'V16', 'V12', 'V8', 'V17', 'V11', 'V20', 'V1']",0.9081632653061225,0.03413885692366705,0.06580406654343808,0.6119083632606431,8
"['V4', 'V16', 'V12', 'V8', 'V17', 'V11', 'V5', 'V1']",0.9081632653061225,0.03373768006065201,0.06505847953216375,0.6188831107780414,8
"['V10', 'V14', 'V12', 'V8', 'V17', 'V5']",0.9081632653061225,0.06054421768707483,0.11352040816326531,0.7229539468349075,6
"['V10', 'V14', 'V12', 'V8', 'V17', 'V1']",0.9081632653061225,0.059571619812583666,0.11180904522613065,0.7104511258021915,6
"['V4', 'V16', 'V12', 'V17', 'V11', 'V20', 'V5', 'V1']",0.9081632653061225,0.03308550185873606,0.06384505021520803,0.5815946868731124,8
"['V4', 'V16', 'V12', 'V17', 'V11', 'V20', 'V1', 'V21']",0.9081632653061225,0.03295075897815624,0.06359414076455877,0.5956851239276792,8
"['V4', 'V16', 'V12', 'V17', 'V11', 'V5', 'V1', 'V21']",0.9081632653061225,0.03299962921764924,0.06368515205724508,0.5969731188063823,8
"['V10', 'V14', 'V12', 'V8', 'V20', 'V5']",0.9081632653061225,0.05890138980807412,0.11062771908017402,0.7151638042408182,6
"['V10', 'V14', 'V12', 'V8', 'V20', 'V1']",0.9081632653061225,0.061337008959338385,0.11491284699806327,0.7185008854305714,6
"['V10', 'V14', 'V12', 'V8', 'V5', 'V1']",0.9081632653061225,0.05586942875078468,0.10526315789473684,0.7102420837623576,6
"['V10', 'V14', 'V12', 'V8', 'V5', 'V21']",0.9081632653061225,0.059018567639257294,0.11083437110834371,0.717990831089756,6
"['V10', 'V14', 'V12', 'V8', 'V1', 'V21']",0.9081632653061225,0.06095890410958904,0.11424903722721438,0.7193252273426888,6
"['V10', 'V14', 'V12', 'V8', 'V5', 'V1', 'V21']",0.9081632653061225,0.05572949279899812,0.10501474926253687,0.7135995727658149,7
"['V4', 'V10', 'V16', 'V20']",0.9081632653061225,0.047139830508474576,0.08962739174219536,0.587500819201905,4
"['V10', 'V14', 'V12', 'V17', 'V20', 'V5']",0.9081632653061225,0.05749354005167959,0.10814094775212636,0.6917846689175237,6
"['V4', 'V14', 'V8', 'V17', 'V5', 'V21']",0.9081632653061225,0.0435847208619001,0.08317757009345794,0.6664945856382928,6
"['V4', 'V14', 'V8', 'V20', 'V1', 'V21']",0.9081632653061225,0.042522694696607743,0.08124144226380649,0.6175175727293396,6
"['V4', 'V14', 'V17', 'V11', 'V5', 'V1']",0.9081632653061225,0.049389567147613764,0.09368421052631579,0.618723800770382,6
"['V4', 'V14', 'V8', 'V20', 'V5', 'V21']",0.9081632653061225,0.04088194763435921,0.07824175824175825,0.6252277029732907,6
"['V4', 'V14', 'V8', 'V20', 'V5', 'V1']",0.9081632653061225,0.04352078239608802,0.08306112925804947,0.5909371514389146,6
"['V4', 'V14', 'V8', 'V11', 'V1', 'V21']",0.9081632653061225,0.048264642082429504,0.09165808444902163,0.6294774289791468,6
"['V4', 'V14', 'V8', 'V11', 'V5', 'V21']",0.9081632653061225,0.04604242110708743,0.08764155588380108,0.6406975282455891,6
"['V4', 'V14', 'V8', 'V11', 'V5', 'V1']",0.9081632653061225,0.04871373836891078,0.09246753246753246,0.6054058175884962,6
"['V12', 'V14', 'V2']",0.9081632653061225,0.06025727826675694,0.11301587301587301,0.6848826061980925,3
"['V4', 'V14', 'V8', 'V11', 'V20', 'V21']",0.9081632653061225,0.04659685863874346,0.08864541832669323,0.6348163933552721,6
"['V4', 'V14', 'V11', 'V20', 'V5', 'V21']",0.9081632653061225,0.046209761163032194,0.08794466403162056,0.6344448931497452,6
"['V4', 'V14', 'V8', 'V11', 'V20', 'V1']",0.9081632653061225,0.049307479224376734,0.09353652128218602,0.606738293606454,6
"['V10', 'V14', 'V12', 'V17', 'V5', 'V1', 'V21']",0.9081632653061225,0.05493827160493827,0.10360884749708964,0.681000343417129,7
"['V4', 'V14', 'V8', 'V17', 'V1', 'V21']",0.9081632653061225,0.04410307234886026,0.08412098298676748,0.6550781102470953,6
"['V4', 'V16', 'V12', 'V8', 'V17', 'V11']",0.9081632653061225,0.03372489579386131,0.0650347095359883,0.6289548849890172,6
"['V4', 'V14', 'V8', 'V17', 'V5', 'V1']",0.9081632653061225,0.04580545548121462,0.08721215090641843,0.6413126489588502,6
"['V10', 'V14', 'V12', 'V17', 'V11', 'V5', 'V1']",0.9081632653061225,0.05524518932340161,0.10415447630193095,0.6783645950849889,7
"['V4', 'V14', 'V8', 'V17', 'V20', 'V21']",0.9081632653061225,0.043907252096694625,0.08376470588235294,0.6627262041627094,6
"['V4', 'V14', 'V8', 'V17', 'V20', 'V1']",0.9081632653061225,0.04618578100674624,0.08790123456790123,0.6385403474931755,6
"['V4', 'V14', 'V8', 'V17', 'V20', 'V5']",0.9081632653061225,0.04522357723577236,0.08615682478218781,0.6597983219449995,6
"['V4', 'V16', 'V12', 'V17', 'V11', 'V5']",0.9081632653061225,0.032505478451424395,0.06276445698166432,0.6155270761621336,6
"['V4', 'V16', 'V12', 'V17', 'V11', 'V1']",0.9081632653061225,0.03284132841328413,0.0633903133903134,0.5916771958012771,6
"['V4', 'V14', 'V8', 'V17', 'V11', 'V21']",0.9081632653061225,0.048580786026200876,0.0922279792746114,0.6702543288411522,6
"['V4', 'V14', 'V8', 'V17', 'V11', 'V1']",0.9081632653061225,0.05094447624499141,0.09647696476964769,0.6493706353164327,6
"['V4', 'V14', 'V8', 'V17', 'V11', 'V5']",0.9081632653061225,0.049609810479375696,0.09408033826638477,0.6685012223291039,6
"['V4', 'V14', 'V8', 'V17', 'V11', 'V20']",0.9081632653061225,0.05,0.09478168264110756,0.6585692287659599,6
"['V10', 'V14', 'V12', 'V17', 'V20', 'V1', 'V21']",0.9081632653061225,0.06017579445571332,0.1128725428027901,0.6812549407983778,7
"['V10', 'V14', 'V12', 'V17', 'V20', 'V5', 'V21']",0.9081632653061225,0.05855263157894737,0.1100123609394314,0.6915123970039635,7
"['V10', 'V14', 'V12', 'V17', 'V20', 'V5', 'V1']",0.9081632653061225,0.05430140329469189,0.102475532527346,0.6801609821634954,7
"['V10', 'V14', 'V12', 'V17', 'V11', 'V1', 'V21']",0.9081632653061225,0.062237762237762236,0.11649214659685864,0.6767620605214905,7
"['V10', 'V14', 'V12', 'V17', 'V11', 'V5', 'V21']",0.9081632653061225,0.059571619812583666,0.11180904522613065,0.6895393178189249,7
"['V10', 'V14', 'V12', 'V17', 'V11', 'V1']",0.9081632653061225,0.061337008959338385,0.11491284699806327,0.6749081580040373,6
"['V10', 'V14', 'V12', 'V17', 'V20', 'V1']",0.9081632653061225,0.05945223780895124,0.1115987460815047,0.6800744744761843,6
"['V10', 'V14', 'V12', 'V8', 'V17', 'V5', 'V1']",0.9081632653061225,0.05572949279899812,0.10501474926253687,0.7083875012185407,7
"['V14', 'V12', 'V8', 'V5', 'V1', 'V21']",0.9081632653061225,0.05097365406643757,0.09652928416485901,0.6737485102808072,6
"['V10', 'V14', 'V12', 'V17', 'V11', 'V20', 'V5', 'V1']",0.9081632653061225,0.05524518932340161,0.10415447630193095,0.6786122476316173,8
"['V14', 'V12', 'V17', 'V20', 'V1']",0.9081632653061225,0.054735547355473556,0.10324825986078887,0.6507218962498775,5
"['V14', 'V12', 'V17', 'V20', 'V5']",0.9081632653061225,0.0550061804697157,0.10372960372960373,0.6703026241835248,5
"['V14', 'V12', 'V8', 'V17', 'V20', 'V5']",0.9081632653061225,0.05579937304075235,0.10513880685174247,0.687951977188474,6
"['V14', 'V12', 'V8', 'V17', 'V20', 'V1']",0.9081632653061225,0.054004854368932036,0.10194730813287514,0.676501652731795,6
"['V10', 'V14', 'V12', 'V17', 'V11', 'V20', 'V1', 'V21']",0.9081632653061225,0.062107466852756456,0.116263879817113,0.6762250453804988,8
"['V14', 'V12', 'V8', 'V17', 'V5', 'V1']",0.9081632653061225,0.0511200459506031,0.09679173463839043,0.6665215462789972,6
"['V10', 'V14', 'V12', 'V17', 'V11', 'V5', 'V1', 'V21']",0.9081632653061225,0.05593966059082338,0.1053878034339846,0.6798094509563586,8
"['V14', 'V12', 'V8', 'V5', 'V1']",0.9081632653061225,0.05117883841288096,0.09689711486118671,0.6690562729486337,5
"['V14', 'V12', 'V8', 'V17', 'V1', 'V21']",0.9081632653061225,0.05407047387606318,0.10206422018348624,0.675645570961465,6
"['V14', 'V12', 'V8', 'V20', 'V1']",0.9081632653061225,0.05569461827284105,0.10495283018867925,0.6821085048567327,5
"['V10', 'V14', 'V12', 'V17', 'V20', 'V5', 'V1', 'V21']",0.9081632653061225,0.0550061804697157,0.10372960372960373,0.6807073750504101,8
"['V4', 'V10', 'V8', 'V17', 'V11', 'V20', 'V5', 'V1']",0.9081632653061225,0.06154910096818811,0.11528497409326424,0.5822972412274549,8
"['V14', 'V12', 'V8', 'V20', 'V5', 'V21']",0.9081632653061225,0.054500918554807105,0.10283073367995378,0.6843116343250863,6
"['V4', 'V10', 'V16', 'V8', 'V17', 'V20']",0.9081632653061225,0.04654811715481171,0.08855721393034825,0.5634678749101909,6
"['V10', 'V14', 'V12', 'V8', 'V20', 'V5', 'V1', 'V21']",0.9081632653061225,0.05538270068450529,0.10439882697947214,0.7135061917133849,8
"['V14', 'V12', 'V17', 'V11', 'V5', 'V1']",0.9081632653061225,0.05147484094852516,0.09742747673782157,0.6472218519532393,6
"['V14', 'V12', 'V17', 'V11', 'V1', 'V21']",0.9081632653061225,0.05738233397807866,0.10794420861127957,0.6493456377128306,6
"['V14', 'V12', 'V17', 'V20', 'V5', 'V1']",0.9081632653061225,0.05059693007390563,0.09585352719439957,0.6514097683494534,6
"['V14', 'V12', 'V17', 'V20', 'V5', 'V21']",0.9081632653061225,0.054701905347264906,0.10318840579710145,0.6692913665907664,6
"['V14', 'V12', 'V17', 'V20', 'V1', 'V21']",0.9081632653061225,0.055279503105590065,0.10421545667447307,0.6544762122500699,6
"['V14', 'V12', 'V17', 'V5', 'V1', 'V21']",0.9081632653061225,0.05103211009174312,0.09663409337676439,0.6526246748855467,6
"['V14', 'V12', 'V11', 'V20', 'V5', 'V1']",0.9081632653061225,0.052662721893491124,0.09955257270693513,0.655807672907611,6
"['V14', 'V12', 'V20', 'V5', 'V1', 'V21']",0.9081632653061225,0.052569403425871235,0.0993858179787828,0.6592263806491325,6
"['V4', 'V10', 'V16', 'V8', 'V11', 'V20']",0.9081632653061225,0.052383755150088286,0.09905397885364496,0.5888351588337025,6
"['V4', 'V10', 'V16', 'V8', 'V20', 'V5']",0.9081632653061225,0.052725118483412325,0.09966405375139978,0.5847351451830641,6
"['V4', 'V10', 'V16', 'V8', 'V20', 'V1']",0.9081632653061225,0.047875201721355565,0.09095554420030659,0.5854036616616036,6
"['V4', 'V10', 'V16', 'V8', 'V20', 'V21']",0.9081632653061225,0.04797843665768194,0.09114183307731695,0.6005237060902301,6
"['V14', 'V16', 'V12', 'V17', 'V20', 'V5', 'V1', 'V21']",0.9081632653061225,0.053325344517675254,0.1007357102433503,0.6633392650004869,8
"['V4', 'V10', 'V16', 'V8', 'V17', 'V11', 'V20', 'V1', 'V21']",0.9081632653061225,0.05291319857312723,0.1,0.6366898786706235,9
"['V14', 'V12', 'V17', 'V5', 'V1']",0.9081632653061225,0.051061388410786,0.09668658337859859,0.6523668701733994,5
"['V14', 'V12', 'V17', 'V1', 'V21']",0.9081632653061225,0.055417185554171855,0.10446009389671361,0.6541879871036033,5
"['V10', 'V14', 'V12', 'V17', 'V5', 'V1']",0.9081632653061225,0.054334554334554336,0.10253456221198157,0.6801145664763542,6
"['V10', 'V14', 'V16', 'V12', 'V17', 'V20', 'V1', 'V21']",0.9081632653061225,0.06267605633802817,0.11725955204216074,0.6918142679009214,8
"['V10', 'V14', 'V12', 'V17', 'V5', 'V21']",0.9081632653061225,0.05859117840684661,0.11008039579468151,0.6915813382427407,6
"['V10', 'V14', 'V12', 'V17', 'V1', 'V21']",0.9081632653061225,0.06033898305084746,0.11315956770502225,0.6816775354639693,6
"['V10', 'V14', 'V12', 'V11', 'V5', 'V1']",0.9081632653061225,0.05694177863083813,0.10716435881998795,0.6851729743086378,6
"['V10', 'V14', 'V12', 'V11', 'V5', 'V21']",0.9081632653061225,0.06005398110661268,0.11265822784810127,0.6899614696393543,6
"['V10', 'V14', 'V12', 'V20', 'V5', 'V1']",0.9081632653061225,0.05738233397807866,0.10794420861127957,0.6887321324157583,6
"['V10', 'V14', 'V12', 'V20', 'V5', 'V21']",0.9081632653061225,0.05909694555112882,0.11097256857855362,0.692717921374357,6
"['V10', 'V14', 'V16', 'V12', 'V8', 'V17', 'V20', 'V5']",0.9081632653061225,0.05977165883143049,0.11216131064902331,0.7341179745224542,8
"['V10', 'V14', 'V12', 'V5', 'V1', 'V21']",0.9081632653061225,0.057829759584145546,0.10873549175320708,0.6884346158609335,6
"['V10', 'V14', 'V16', 'V12', 'V8', 'V17', 'V5', 'V1']",0.9081632653061225,0.05683269476372925,0.10697115384615384,0.723056489057501,8
"['V10', 'V14', 'V16', 'V12', 'V8', 'V17', 'V5', 'V21']",0.9081632653061225,0.05913621262458472,0.11104179663131628,0.7329594572667142,8
"['V10', 'V14', 'V16', 'V12', 'V8', 'V20', 'V5', 'V1']",0.9081632653061225,0.05741935483870968,0.10800970873786407,0.7264591682260019,8
"['V10', 'V14', 'V16', 'V12', 'V8', 'V20', 'V5', 'V21']",0.9081632653061225,0.058437294812869335,0.10980876002467613,0.7319674803600443,8
"['V10', 'V14', 'V16', 'V12', 'V17', 'V11', 'V5', 'V1']",0.9081632653061225,0.056080655324511654,0.10563798219584569,0.6892307500653025,8
"['V10', 'V14', 'V16', 'V12', 'V17', 'V20', 'V5', 'V1']",0.9081632653061225,0.05618686868686869,0.10582639714625446,0.6887075864821881,8
"['V10', 'V14', 'V16', 'V12', 'V17', 'V5', 'V1', 'V21']",0.9081632653061225,0.056472081218274114,0.1063321385902031,0.6901441778175904,8
"['V10', 'V14', 'V12', 'V8', 'V11', 'V5', 'V1', 'V21']",0.9081632653061225,0.05576441102756892,0.1050767414403778,0.7112279632552215,8
"['V10', 'V14', 'V12', 'V8', 'V17', 'V11', 'V20', 'V5']",0.9081632653061225,0.06005398110661268,0.11265822784810127,0.7199122147443501,8
"['V14', 'V16', 'V12', 'V17', 'V5', 'V1']",0.9081632653061225,0.05313432835820896,0.10039481105470953,0.6634247045544807,6
"['V10', 'V14', 'V12', 'V8', 'V17', 'V11', 'V5', 'V1']",0.9081632653061225,0.05565978736710444,0.10489098408956983,0.7086531626316207,8
"['V10', 'V14', 'V12', 'V8', 'V17', 'V20', 'V5', 'V1']",0.9081632653061225,0.05569461827284105,0.10495283018867925,0.7105118247267407,8
"['V10', 'V14', 'V12', 'V8', 'V17', 'V20', 'V5', 'V21']",0.9081632653061225,0.05985205110961668,0.11230283911671925,0.7229770001407807,8
"['V14', 'V12', 'V5', 'V1', 'V21']",0.9081632653061225,0.0525383707201889,0.09933035714285714,0.6615661368141655,5
"['V10', 'V14', 'V12', 'V8', 'V17', 'V20', 'V1', 'V21']",0.9081632653061225,0.05890138980807412,0.11062771908017402,0.7092007486098444,8
"['V14', 'V12', 'V20', 'V5', 'V21']",0.9081632653061225,0.05463474524248005,0.10306890561667632,0.6686073938003156,5
"['V14', 'V12', 'V20', 'V5', 'V1']",0.9081632653061225,0.05219941348973607,0.09872434830837493,0.6598809902626154,5
"['V10', 'V14', 'V12', 'V8', 'V17', 'V5', 'V1', 'V21']",0.9081632653061225,0.05576441102756892,0.1050767414403778,0.7124964053101118,8
"['V10', 'V14', 'V12', 'V8', 'V11', 'V20', 'V5', 'V1']",0.9081632653061225,0.05517668939863608,0.10403272939801286,0.7069429345612501,8
"['V14', 'V12', 'V11', 'V5', 'V1']",0.9081632653061225,0.0526939017169923,0.09960828203693341,0.6577129899408668,5
"['V4', 'V10', 'V16', 'V12', 'V17', 'V20']",0.9081632653061225,0.04467871485943775,0.08516746411483253,0.6257236689725386,6
"['V10', 'V14', 'V12', 'V8', 'V11', 'V20', 'V5', 'V21']",0.9081632653061225,0.05832241153342071,0.10960591133004927,0.7113212710402621,8
"['V4', 'V16', 'V12', 'V8', 'V17', 'V11', 'V5']",0.9081632653061225,0.0338274420372482,0.06522535727372664,0.6317215980156919,7
"['V4', 'V10', 'V21']",0.9081632653061225,0.0469409282700422,0.08926780341023069,0.6000965057678237,3
"['V4', 'V10', 'V16', 'V12', 'V17', 'V20', 'V5', 'V1', 'V21']",0.9081632653061225,0.05059693007390563,0.09585352719439957,0.6686669430364126,9
"['V4', 'V16', 'V12', 'V17', 'V11', 'V20', 'V5']",0.9081632653061225,0.03284132841328413,0.0633903133903134,0.6048683018478836,7
"['V4', 'V14', 'V16', 'V8', 'V11', 'V1', 'V21']",0.9081632653061225,0.051864801864801864,0.09812568908489526,0.6970199824092904,7
"['V4', 'V14', 'V16', 'V8', 'V20', 'V5', 'V1']",0.9081632653061225,0.047015319598520865,0.08940231039678553,0.6739130460325273,7
"['V4', 'V14', 'V16', 'V8', 'V20', 'V5', 'V21']",0.9081632653061225,0.04533876719307183,0.08636584182435711,0.6883726726911743,7
"['V4', 'V14', 'V16', 'V8', 'V20', 'V1', 'V21']",0.9081632653061225,0.047114875595553204,0.08958228485153498,0.6863696109220242,7
"['V4', 'V14', 'V16', 'V8', 'V5', 'V1', 'V21']",0.9081632653061225,0.04515474378488077,0.0860318994683422,0.6871553383786957,7
"['V4', 'V14', 'V16', 'V17', 'V11', 'V20', 'V5']",0.9081632653061225,0.04958217270194986,0.09403063919704173,0.6601518191221892,7
"['V4', 'V14', 'V16', 'V17', 'V11', 'V20', 'V1']",0.9081632653061225,0.051864801864801864,0.09812568908489526,0.6448103048881778,7
"['V4', 'V14', 'V16', 'V17', 'V11', 'V20', 'V21']",0.9081632653061225,0.051267281105990783,0.0970556161395856,0.6783143041406496,7
"['V4', 'V14', 'V16', 'V17', 'V11', 'V5', 'V1']",0.9081632653061225,0.05002810567734682,0.09483217900905701,0.660856615045393,7
"['V4', 'V14', 'V16', 'V17', 'V11', 'V5', 'V21']",0.9081632653061225,0.049471928849360754,0.09383236689509752,0.6864568427466937,7
"['V4', 'V14', 'V16', 'V17', 'V11', 'V1', 'V21']",0.9081632653061225,0.05103211009174312,0.09663409337676439,0.6741854911027049,7
"['V4', 'V14', 'V16', 'V17', 'V20', 'V5', 'V1']",0.9081632653061225,0.045781893004115226,0.0871694417238002,0.6485851647979476,7
"['V4', 'V14', 'V16', 'V11', 'V20', 'V5', 'V1']",0.9081632653061225,0.050770108385624645,0.09616423554835224,0.6520568068144172,7
"['V4', 'V14', 'V16', 'V11', 'V20', 'V5', 'V21']",0.9081632653061225,0.050112612612612614,0.09498399146211313,0.6790207085439645,7
"['V4', 'V14', 'V16', 'V11', 'V20', 'V1', 'V21']",0.9081632653061225,0.053102625298329355,0.10033821871476889,0.6676673417500689,7
"['V4', 'V14', 'V16', 'V11', 'V5', 'V1', 'V21']",0.9081632653061225,0.050339366515837106,0.09539121114683816,0.6731385583978552,7
"['V4', 'V10', 'V8', 'V17', 'V20']",0.9081632653061225,0.051985981308411214,0.09834254143646409,0.5170840651113823,5
"['V10', 'V14', 'V12', 'V8', 'V17', 'V11', 'V20', 'V5', 'V21']",0.9081632653061225,0.058745874587458745,0.11035337879727217,0.7200253423250914,9
"['V4', 'V10', 'V8', 'V11', 'V20']",0.9081632653061225,0.054904380012338064,0.10354857475276323,0.5279053416467312,5
"['V4', 'V10', 'V8', 'V20', 'V5']",0.9081632653061225,0.053614457831325305,0.1012514220705347,0.5254757853335095,5
"['V4', 'V10', 'V8', 'V20', 'V21']",0.9081632653061225,0.05008441193021947,0.09493333333333333,0.555437865740189,5
"['V10', 'V14', 'V16', 'V12', 'V8', 'V17', 'V20', 'V5', 'V1', 'V21']",0.9081632653061225,0.05615141955835962,0.10576351752822341,0.7256996998257015,10
"['V4', 'V10', 'V8', 'V5', 'V1']",0.9081632653061225,0.04813412655489454,0.09142270159219312,0.4929852609652638,5
"['V4', 'V10', 'V8', 'V5', 'V21']",0.9081632653061225,0.04887424492037342,0.09275664408546118,0.5776193661920633,5
"['V4', 'V16', 'V12', 'V17', 'V11', 'V1', 'V21']",0.9081632653061225,0.03268453911127433,0.06309819213045019,0.5977929758277343,7
"['V4', 'V10', 'V17', 'V11', 'V5']",0.9081632653061225,0.056543837357052096,0.10645933014354067,0.6205117570824349,5
"['V4', 'V14', 'V16', 'V8', 'V17', 'V11', 'V20', 'V5', 'V1', 'V21']",0.9081632653061225,0.051208285385500575,0.09694989106753812,0.6953121572446274,10
"['V4', 'V16', 'V12', 'V17', 'V11', 'V5', 'V21']",0.9081632653061225,0.03290203327171904,0.06350338922582947,0.620664005837213,7
"['V4', 'V16', 'V12', 'V17', 'V11', 'V5', 'V1']",0.9081632653061225,0.032914201183431954,0.0635260528194147,0.5919157497312675,7
"['V4', 'V14', 'V16', 'V8', 'V11', 'V5', 'V21']",0.9081632653061225,0.050169109357384445,0.09508547008547008,0.6980286655816396,7
"['V4', 'V14', 'V16', 'V8', 'V11', 'V5', 'V1']",0.9081632653061225,0.05103211009174312,0.09663409337676439,0.6898602801898458,7
"['V4', 'V14', 'V16', 'V8', 'V11', 'V20', 'V21']",0.9081632653061225,0.05216881594372802,0.09866962305986696,0.6903099567548346,7
"['V14', 'V12', 'V17', 'V11', 'V5', 'V1', 'V21']",0.9081632653061225,0.051864801864801864,0.09812568908489526,0.6490506750787831,7
"['V4', 'V10', 'V14', 'V16', 'V8', 'V17', 'V11', 'V20', 'V1']",0.9081632653061225,0.06197771587743733,0.11603650586701435,0.710471997971399,9
"['V14', 'V12', 'V17', 'V11', 'V20', 'V5', 'V1', 'V21']",0.9081632653061225,0.051714119697850086,0.09785596481583288,0.6478511731501839,8
"['V4', 'V10', 'V12', 'V17', 'V20']",0.9081632653061225,0.04649947753396029,0.08846918489065607,0.5971402823178629,5
"['V4', 'V10', 'V16', 'V20', 'V5', 'V1']",0.9081632653061225,0.053293413173652694,0.10067873303167421,0.617588880212751,6
"['V10', 'V14', 'V16', 'V12', 'V8', 'V17', 'V20', 'V5', 'V1']",0.9081632653061225,0.056978233034571064,0.10722891566265061,0.7226395786260371,9
"['V17', 'V14', 'V10', 'V8', 'V16', 'V2', 'Amount', 'V9', 'V4']",0.9081632653061225,0.05548628428927681,0.1045828437132785,0.7017715516961891,9
"['V10', 'V14', 'V16', 'V12', 'V8', 'V17', 'V20', 'V5', 'V21']",0.9081632653061225,0.05870712401055409,0.11028500619578686,0.7326839392403349,9
"['V4', 'V10', 'V16', 'V20', 'V5', 'V21']",0.9081632653061225,0.05260047281323877,0.09944134078212291,0.6321268898249407,6
"['V10', 'V14', 'V16', 'V12', 'V8', 'V17', 'V5', 'V1', 'V21']",0.9081632653061225,0.056579783852511126,0.10652304009575105,0.7268080560017415,9
"['V4', 'V10', 'V16', 'V20', 'V1', 'V21']",0.9081632653061225,0.04759358288770053,0.09044715447154472,0.6201180622782896,6
"['V4', 'V10', 'V16', 'V5', 'V1', 'V21']",0.9081632653061225,0.04887424492037342,0.09275664408546118,0.6159515257193298,6
"['V14', 'V12', 'V17', 'V11', 'V20', 'V1', 'V21']",0.9081632653061225,0.05749354005167959,0.10814094775212636,0.6495330229239197,7
"['V17', 'V14', 'V10', 'V8', 'V16', 'V2', 'Amount', 'V12']",0.9081632653061225,0.06357142857142857,0.11882510013351134,0.7366496041626852,8
"['V10', 'V14', 'V16', 'V12', 'V17', 'V11', 'V20', 'V5', 'V1']",0.9081632653061225,0.05636478784040532,0.10614192009540847,0.6892137034169805,9
"['V4', 'V14', 'V16', 'V8', 'V11', 'V20', 'V5']",0.9081632653061225,0.051864801864801864,0.09812568908489526,0.6877778936228274,7
"['V17', 'V14', 'V10', 'V8', 'V16', 'V2', 'V12']",0.9081632653061225,0.0635260528194147,0.11874583055370247,0.7355218281204041,7
"['V10', 'V14', 'V16', 'V12', 'V17', 'V20', 'V5', 'V1', 'V21']",0.9081632653061225,0.05643627140139505,0.10626865671641791,0.6901964410063502,9
"['V4', 'V10', 'V8', 'V17', 'V11', 'V20']",0.9081632653061225,0.056760204081632654,0.10684273709483794,0.5382563150368307,6
"['V10', 'V14', 'V12', 'V8', 'V17', 'V11', 'V20', 'V5', 'V1']",0.9081632653061225,0.05538270068450529,0.10439882697947214,0.7077097572613916,9
"['V4', 'V14', 'V16', 'V8', 'V17', 'V11', 'V5']",0.9081632653061225,0.052569403425871235,0.0993858179787828,0.7027515318525082,7
"['V4', 'V14', 'V16', 'V8', 'V17', 'V11', 'V1']",0.9081632653061225,0.054004854368932036,0.10194730813287514,0.6968657423229948,7
"['V4', 'V14', 'V16', 'V8', 'V17', 'V11', 'V21']",0.9081632653061225,0.052230046948356805,0.09877913429522753,0.7010445244009207,7
"['V4', 'V14', 'V16', 'V8', 'V17', 'V20', 'V5']",0.9081632653061225,0.04779806659505908,0.09081632653061225,0.6923358821846672,7
"['V4', 'V14', 'V16', 'V8', 'V17', 'V20', 'V1']",0.9081632653061225,0.048554282596835786,0.092180217503884,0.6832446809855143,7
"['V4', 'V14', 'V16', 'V8', 'V17', 'V20', 'V21']",0.9081632653061225,0.04706504494976203,0.08949220713926596,0.6904113152061573,7
"['V4', 'V14', 'V16', 'V8', 'V17', 'V5', 'V1']",0.9081632653061225,0.04751735184196476,0.09030948756976154,0.6909378889871889,7
"['V4', 'V14', 'V16', 'V8', 'V17', 'V5', 'V21']",0.9081632653061225,0.04618578100674624,0.08790123456790123,0.6988980648848374,7
"['V4', 'V14', 'V16', 'V8', 'V17', 'V1', 'V21']",0.9081632653061225,0.047189819724284196,0.08971774193548387,0.6958332012711548,7
"['V4', 'V16', 'V12', 'V17', 'V11', 'V20', 'V1']",0.9081632653061225,0.032926378098409176,0.0635487325955016,0.5808270510905181,7
"['V4', 'V10', 'V17', 'V1', 'V21']",0.9081632653061225,0.04589994842702424,0.08738340697103583,0.5846792769578776,5
"['V14', 'V12', 'V8', 'V17', 'V20', 'V5', 'V1', 'V21']",0.9081632653061225,0.05097365406643757,0.09652928416485901,0.6711202454002266,8
"['V4', 'V10', 'V16', 'V8', 'V17', 'V11', 'V20', 'V5', 'V1', 'V21']",0.9081632653061225,0.06005398110661268,0.11265822784810127,0.6787672684406663,10
"['V4', 'V14', 'V8', 'V20', 'V1']",0.9081632653061225,0.04373464373464373,0.08345053914674168,0.5965377786290074,5
"['V4', 'V14', 'V8', 'V11', 'V21']",0.9081632653061225,0.046670162558993186,0.08877805486284289,0.6421312258458042,5
"['V4', 'V14', 'V8', 'V11', 'V1']",0.9081632653061225,0.049008810572687224,0.09299895506792058,0.6180545364147408,5
"['V4', 'V14', 'V8', 'V17', 'V21']",0.9081632653061225,0.04384236453201971,0.08364661654135339,0.6665860971215549,5
"['V4', 'V14', 'V8', 'V17', 'V1']",0.9081632653061225,0.04613789528252981,0.08781450419338925,0.6473195504480548,5
"['V4', 'V14', 'V8', 'V17', 'V5']",0.9081632653061225,0.045246568378240974,0.08619854721549637,0.663893489289396,5
"['V4', 'V14', 'V8', 'V17', 'V20']",0.9081632653061225,0.04561763198359815,0.08687164470473402,0.658465164465415,5
"['V4', 'V14', 'V8', 'V17', 'V11']",0.9081632653061225,0.05,0.09478168264110756,0.6661512425939614,5
"['V14', 'V12', 'V5', 'V1']",0.9081632653061225,0.05229142185663925,0.09888888888888889,0.6604250800432614,4
"['V4', 'V14', 'V16', 'V8', 'V17']",0.9081632653061225,0.048186247969680567,0.09151670951156812,0.7003126533087418,5
"['V4', 'V14', 'V16', 'V8', 'V11']",0.9081632653061225,0.05307096004770424,0.10028169014084506,0.7007337759448474,5
"['V4', 'V14', 'V16', 'V8', 'V20']",0.9081632653061225,0.047619047619047616,0.09049313675648195,0.6849019123706305,5
"['V4', 'V14', 'V16', 'V8', 'V5']",0.9081632653061225,0.04640250260688217,0.0882936507936508,0.698535356947928,5
"['V4', 'V14', 'V16', 'V8', 'V1']",0.9081632653061225,0.04734042553191489,0.08998988877654196,0.6911764713050214,5
"['V4', 'V14', 'V16', 'V8', 'V21']",0.9081632653061225,0.04647519582245431,0.08842523596621957,0.6955693644369599,5
"['V4', 'V14', 'V16', 'V17', 'V11']",0.9081632653061225,0.05062571103526735,0.09590517241379311,0.6826958292327484,5
"['V4', 'V14', 'V16', 'V17', 'V20']",0.9081632653061225,0.04550102249488753,0.0866601752677702,0.6616248246035995,5
"['V4', 'V14', 'V16', 'V17', 'V5']",0.9081632653061225,0.045570916538658475,0.08678693320331546,0.6729638611802874,5
"['V14', 'V12', 'V17', 'V1']",0.9081632653061225,0.054735547355473556,0.10324825986078887,0.6507224700815738,4
"['V4', 'V14', 'V16', 'V17', 'V1']",0.9081632653061225,0.04597107438016529,0.08751229105211406,0.6637189075426362,5
"['V4', 'V16', 'V12', 'V8', 'V17', 'V11', 'V1']",0.9081632653061225,0.033673855467272036,0.0649398029916089,0.616891656567208,7
"['V4', 'V14', 'V16', 'V11', 'V5']",0.9081632653061225,0.04949944382647386,0.0938818565400844,0.6744082037541475,5
"['V4', 'V14', 'V16', 'V11', 'V1']",0.9081632653061225,0.0527876631079478,0.09977578475336323,0.6677138345839583,5
"['V14', 'V12', 'V20', 'V5']",0.9081632653061225,0.0550061804697157,0.10372960372960373,0.6691330579912109,4
"['V4', 'V14', 'V16', 'V11', 'V21']",0.9081632653061225,0.051774287376381616,0.09796367638965328,0.6904187455837586,5
"['V4', 'V14', 'V16', 'V20', 'V5']",0.9081632653061225,0.045477772100153295,0.08661800486618004,0.6594450559987243,5
"['V4', 'V14', 'V16', 'V1', 'V21']",0.9081632653061225,0.046209761163032194,0.08794466403162056,0.6780457197727,5
"['V4', 'V16', 'V12', 'V8', 'V17', 'V11', 'V20']",0.9081632653061225,0.03409961685823755,0.06573116691285082,0.6221072837486477,7
"['V4', 'V14', 'V16', 'V5', 'V1']",0.9081632653061225,0.04568788501026694,0.08699902248289346,0.6585476934188516,5
"['V4', 'V14', 'V8', 'V20', 'V21']",0.9081632653061225,0.041051660516605165,0.07855251544571933,0.6260623560360197,5
"['V4', 'V14', 'V8', 'V5', 'V1']",0.9081632653061225,0.04337231968810916,0.0827906976744186,0.6000673957389213,5
"['V4', 'V14', 'V8', 'V5', 'V21']",0.9081632653061225,0.04116558741905643,0.07876106194690266,0.6310778706661371,5
"['V4', 'V14', 'V8', 'V17', 'V20', 'V1', 'V21']",0.9081632653061225,0.04430064708810354,0.08448030374940674,0.6524831613159574,7
"['V4', 'V10', 'V11', 'V20', 'V1']",0.9081632653061225,0.05565978736710444,0.10489098408956983,0.5512356884745256,5
"['V4', 'V10', 'V11', 'V20', 'V21']",0.9081632653061225,0.05593966059082338,0.1053878034339846,0.6021694153823052,5
"['V4', 'V10', 'V11', 'V5', 'V21']",0.9081632653061225,0.054136253041362534,0.10218140068886337,0.6177247334625342,5
"['V4', 'V10', 'V14', 'V16', 'V8', 'V11', 'V20', 'V1']",0.9081632653061225,0.060833902939166094,0.11402946828955797,0.7056443320842601,8
"['V4', 'V14', 'V8', 'V17', 'V11', 'V20', 'V5']",0.9081632653061225,0.04949944382647386,0.0938818565400844,0.661828111778199,7
"['V4', 'V16', 'V12', 'V17', 'V11']",0.9081632653061225,0.03225806451612903,0.06230311515575779,0.6184276349503155,5
"['V4', 'V14', 'V8', 'V17', 'V11', 'V20', 'V1']",0.9081632653061225,0.05059693007390563,0.09585352719439957,0.6409361231848987,7
"['V4', 'V14', 'V8', 'V17', 'V11', 'V20', 'V21']",0.9081632653061225,0.048501362397820165,0.09208484221417486,0.6659513643363464,7
"['V4', 'V14', 'V8', 'V17', 'V11', 'V5', 'V1']",0.9081632653061225,0.05135603000577034,0.09721463681048607,0.6444967390591758,7
"['V4', 'V14', 'V8', 'V17', 'V11', 'V5', 'V21']",0.9081632653061225,0.048343291689299295,0.09179989685404848,0.671141463923462,7
"['V4', 'V14', 'V8', 'V17', 'V11', 'V1', 'V21']",0.9081632653061225,0.04911699779249448,0.09319371727748692,0.6577479415427866,7
"['V4', 'V14', 'V8', 'V17', 'V20', 'V5', 'V1']",0.9081632653061225,0.04582904222451081,0.08725490196078431,0.6370537080902355,7
"['V4', 'V14', 'V8', 'V17', 'V20', 'V5', 'V21']",0.9081632653061225,0.0435847208619001,0.08317757009345794,0.6653084056648447,7
"['V4', 'V14', 'V20', 'V5', 'V21']",0.9081632653061225,0.04090073529411765,0.07827616534740545,0.6290385854004427,5
"['V4', 'V14', 'V8', 'V1', 'V21']",0.9081632653061225,0.04232049453162149,0.08087233075874603,0.6217049423208756,5
"['V4', 'V14', 'V8', 'V17', 'V5', 'V1', 'V21']",0.9081632653061225,0.04382077794190054,0.08360732738374824,0.6519283820235364,7
"['V4', 'V14', 'V8', 'V11', 'V20', 'V5', 'V1']",0.9081632653061225,0.048580786026200876,0.0922279792746114,0.5983199809341476,7
"['V4', 'V14', 'V11', 'V5', 'V21']",0.9081632653061225,0.04613789528252981,0.08781450419338925,0.6401421806573907,5
"['V4', 'V14', 'V8', 'V11', 'V20', 'V5', 'V21']",0.9081632653061225,0.04628185127405096,0.08807521029193469,0.6351281965745004,7
"['V4', 'V14', 'V11', 'V20', 'V21']",0.9081632653061225,0.04689146469968388,0.08917835671342686,0.6388733137491397,5
"['V4', 'V14', 'V8', 'V11', 'V20', 'V1', 'V21']",0.9081632653061225,0.04808211777417612,0.09132888660851719,0.6265520114468015,7
"['V4', 'V14', 'V11', 'V20', 'V5']",0.9081632653061225,0.046621267679413304,0.08868958644743398,0.6050861875937589,5
"['V4', 'V14', 'V8', 'V11', 'V5', 'V1', 'V21']",0.9081632653061225,0.04696569920844327,0.08931259407927747,0.6262625202532761,7
"['V4', 'V14', 'V8', 'V20', 'V5', 'V1', 'V21']",0.9081632653061225,0.04232049453162149,0.08087233075874603,0.6138802270160808,7
"['V4', 'V10', 'V12', 'V17', 'V20', 'V1']",0.9081632653061225,0.04659685863874346,0.08864541832669323,0.5880913069764172,6
"['V4', 'V10', 'V12', 'V17', 'V20', 'V21']",0.9081632653061225,0.0478494623655914,0.09090909090909091,0.6214093987209689,6
"['V4', 'V14', 'V17', 'V11', 'V1']",0.9081632653061225,0.05100286532951289,0.09658166033640803,0.6221994637966495,5
"['V4', 'V14', 'V17', 'V11', 'V20']",0.9081632653061225,0.048580786026200876,0.0922279792746114,0.6265614764701852,5
"['V4', 'V16', 'V12', 'V17', 'V11', 'V20', 'V5', 'V1', 'V21']",0.9081632653061225,0.033024118738404454,0.06373075546007877,0.595704449257023,9
"['V14', 'V12', 'V17', 'V20', 'V5', 'V1', 'V21']",0.9081632653061225,0.050683371298405465,0.09600862998921252,0.6517655905480735,7
"['V10', 'V14', 'V12', 'V17', 'V5']",0.9081632653061225,0.057530704589528116,0.10820668693009118,0.6911518526264943,5
"['V4', 'V10', 'V16', 'V17', 'V11', 'V20', 'V21']",0.9081632653061225,0.05,0.09478168264110756,0.6322810109530259,7
"['V4', 'V10', 'V16', 'V11', 'V20', 'V5', 'V1']",0.9081632653061225,0.060216508795669824,0.11294416243654823,0.62592280578854,7
"['V4', 'V10', 'V16', 'V17', 'V5', 'V1', 'V21']",0.9081632653061225,0.048793859649122806,0.09261186264308012,0.6160013049880947,7
"['V4', 'V10', 'V16', 'V17', 'V20', 'V1', 'V21']",0.9081632653061225,0.04538500764915859,0.08644973288003885,0.6144004407952361,7
"['V4', 'V10', 'V16', 'V17', 'V20', 'V5', 'V21']",0.9081632653061225,0.05153445280833816,0.09753424657534246,0.6303531885685252,7
"['V4', 'V10', 'V16', 'V17', 'V20', 'V5', 'V1']",0.9081632653061225,0.05195563339171045,0.09828823854224185,0.6134615753113215,7
"['V4', 'V10', 'V16', 'V17', 'V11', 'V5', 'V21']",0.9081632653061225,0.0526939017169923,0.09960828203693341,0.6417624503274676,7
"['V4', 'V10', 'V16', 'V17', 'V11', 'V5', 'V1']",0.9081632653061225,0.051985981308411214,0.09834254143646409,0.6275444816919091,7
"['V4', 'V10', 'V16', 'V17', 'V11', 'V20', 'V1']",0.9081632653061225,0.049171270718232046,0.09329140461215933,0.5958832920593286,7
"['V14', 'V16', 'V12', 'V17', 'V20', 'V5', 'V1']",0.9081632653061225,0.053007742703990474,0.10016882386043895,0.6625741277868431,7
"['V4', 'V10', 'V16', 'V17', 'V11', 'V20', 'V5']",0.9081632653061225,0.056080655324511654,0.10563798219584569,0.6143206846753337,7
"['V4', 'V10', 'V16', 'V8', 'V20', 'V1', 'V21']",0.9081632653061225,0.048501362397820165,0.09208484221417486,0.6234718699689243,7
"['V4', 'V10', 'V16', 'V8', 'V20', 'V5', 'V21']",0.9081632653061225,0.053102625298329355,0.10033821871476889,0.6244798171670924,7
"['V4', 'V10', 'V16', 'V8', 'V20', 'V5', 'V1']",0.9081632653061225,0.05319784817692767,0.1005081874647092,0.6175984900727942,7
"['V4', 'V14', 'V16', 'V8', 'V17', 'V20', 'V5', 'V1', 'V21']",0.9081632653061225,0.0461139896373057,0.08777120315581854,0.6885406774344836,9
"['V4', 'V10', 'V16', 'V12', 'V20', 'V5', 'V1', 'V21']",0.9081632653061225,0.052662721893491124,0.09955257270693513,0.6722831251034626,8
"['V14', 'V12', 'V8', 'V17', 'V11', 'V20', 'V5', 'V1']",0.9081632653061225,0.052107728337236536,0.09856035437430787,0.6621931936396339,8
"['V4', 'V10', 'V16', 'V17', 'V20', 'V5']",0.9081632653061225,0.05051078320090806,0.0956989247311828,0.6032053364392548,6
"['V4', 'V10', 'V16', 'V20', 'V5', 'V1', 'V21']",0.9081632653061225,0.05426829268292683,0.10241657077100115,0.6482805303152933,7
"['V4', 'V10', 'V16', 'V8', 'V11', 'V20', 'V1']",0.9081632653061225,0.05354993983152828,0.10113636363636364,0.601904172633324,7
"['V4', 'V10', 'V17', 'V11', 'V20', 'V21']",0.9081632653061225,0.05604534005037783,0.1055753262158956,0.6024504533844013,6
"['V4', 'V14', 'V8', 'V17', 'V11', 'V20', 'V5', 'V1', 'V21']",0.9081632653061225,0.04884742041712404,0.09270833333333334,0.6561003337054269,9
"['V10', 'V14', 'V12', 'V8', 'V5']",0.9081632653061225,0.059018567639257294,0.11083437110834371,0.7155174341513872,5
"['V4', 'V10', 'V8', 'V20', 'V5', 'V21']",0.9081632653061225,0.053229665071770335,0.10056497175141244,0.5778557972527599,6
"['V4', 'V10', 'V8', 'V20', 'V1', 'V21']",0.9081632653061225,0.050197405527354765,0.0951362907536077,0.5648521519066376,6
"['V4', 'V10', 'V8', 'V5', 'V1', 'V21']",0.9081632653061225,0.04906284454244763,0.09309623430962342,0.5795972907224926,6
"['V10', 'V14', 'V12', 'V17', 'V1']",0.9081632653061225,0.05941255006675567,0.11152882205513784,0.6803372620915537,5
"['V4', 'V10', 'V17', 'V11', 'V20', 'V1']",0.9081632653061225,0.05565978736710444,0.10489098408956983,0.5511793778435291,6
"['V4', 'V10', 'V17', 'V11', 'V5', 'V1']",0.9081632653061225,0.05423522242535039,0.10235767682576193,0.5995435404446936,6
"['V4', 'V10', 'V16', 'V12', 'V17', 'V20', 'V1', 'V21']",0.9081632653061225,0.045570916538658475,0.08678693320331546,0.644624309671296,8
"['V14', 'V16', 'V12', 'V17', 'V5', 'V1', 'V21']",0.9081632653061225,0.053357314148681056,0.10079275198187995,0.665219296788041,7
"['V4', 'V10', 'V16', 'V17', 'V20', 'V1']",0.9081632653061225,0.04461152882205514,0.08504538939321549,0.5840830001303099,6
"['V10', 'V14', 'V12', 'V20', 'V5']",0.9081632653061225,0.05816993464052288,0.10933660933660934,0.693133582711746,5
"['V4', 'V14', 'V16', 'V8', 'V11', 'V20', 'V5', 'V1', 'V21']",0.9081632653061225,0.05051078320090806,0.0956989247311828,0.6896615409344768,9
"['V4', 'V10', 'V16', 'V12', 'V17', 'V20', 'V5', 'V1']",0.9081632653061225,0.05,0.09478168264110756,0.6483594547231197,8
"['V10', 'V14', 'V12', 'V5', 'V1']",0.9081632653061225,0.05712451861360719,0.10748792270531402,0.6887590494957463,5
"['V10', 'V14', 'V12', 'V5', 'V21']",0.9081632653061225,0.058979456593770706,0.11076540136901059,0.692543896235784,5
"['V4', 'V10', 'V16', 'V8', 'V17', 'V11', 'V20', 'V1']",0.9081632653061225,0.052662721893491124,0.09955257270693513,0.596518764395509,8
"['V4', 'V10', 'V16', 'V8', 'V17', 'V11', 'V20', 'V21']",0.9081632653061225,0.052107728337236536,0.09856035437430787,0.6186054803157682,8
"['V4', 'V10', 'V12', 'V8', 'V20', 'V5', 'V1']",0.9081632653061225,0.05,0.09478168264110756,0.6092464795876009,7
"['V4', 'V14', 'V16', 'V8', 'V17', 'V11', 'V20', 'V5', 'V1']",0.9081632653061225,0.0527876631079478,0.09977578475336323,0.6853347650278756,9
"['V4', 'V10', 'V16', 'V12', 'V17', 'V20', 'V5']",0.9081632653061225,0.04898183819482664,0.09295039164490862,0.6397128533996871,7
"['V4', 'V10', 'V16', 'V17', 'V20', 'V5', 'V1', 'V21']",0.9081632653061225,0.053325344517675254,0.1007357102433503,0.6449998467140828,8
"['V4', 'V10', 'V16', 'V11', 'V20', 'V5', 'V1', 'V21']",0.9081632653061225,0.05870712401055409,0.11028500619578686,0.658673300730656,8
"['V4', 'V10', 'V11', 'V5', 'V1', 'V21']",0.9081632653061225,0.05235294117647059,0.09899888765294772,0.6016481575994679,6
"['V4', 'V14', 'V16', 'V8', 'V17', 'V11', 'V5', 'V1', 'V21']",0.9081632653061225,0.05103211009174312,0.09663409337676439,0.6991080269978442,9
"['V4', 'V14', 'V16', 'V8', 'V17', 'V11', 'V20', 'V1', 'V21']",0.9081632653061225,0.052476415094339625,0.09921962095875139,0.691613186127501,9
"['V4', 'V14', 'V16', 'V8', 'V17', 'V11', 'V20', 'V5', 'V21']",0.9081632653061225,0.05117883841288096,0.09689711486118671,0.6974484887862267,9
"['V4', 'V10', 'V8']",0.9081632653061225,0.0478494623655914,0.09090909090909091,0.4862341749199375,3
"['V4', 'V10', 'V16', 'V12', 'V17', 'V20', 'V21']",0.9081632653061225,0.04552429667519182,0.08670238675109596,0.6444515542498994,7
"['V4', 'V10', 'V16', 'V8', 'V17', 'V11', 'V20', 'V5', 'V1']",0.9081632653061225,0.059018567639257294,0.11083437110834371,0.6341442340839926,9
"['V4', 'V10', 'V11']",0.9081632653061225,0.05358217940999398,0.10119386014781126,0.6188953046958522,3
"['V10', 'V14', 'V12', 'V17', 'V11', 'V20', 'V5', 'V1', 'V21']",0.9081632653061225,0.055834378920953574,0.10520094562647754,0.6800648677795611,9
"['V4', 'V10', 'V16', 'V12', 'V8', 'V17', 'V20']",0.9081632653061225,0.04635416666666667,0.08820614469772052,0.6113773146017673,7
"['V10', 'V14', 'V12', 'V8', 'V11', 'V20', 'V5', 'V1', 'V21']",0.9081632653061225,0.055108359133126936,0.1039112667834209,0.7112559191974417,9
"['V10', 'V14', 'V12', 'V8', 'V17', 'V20', 'V5', 'V1', 'V21']",0.9081632653061225,0.055279503105590065,0.10421545667447307,0.7128166203369778,9
"['V10', 'V14', 'V12', 'V8', 'V17', 'V11', 'V5', 'V1', 'V21']",0.9081632653061225,0.05572949279899812,0.10501474926253687,0.71138175432279,9
"['V4', 'V10', 'V16', 'V12', 'V17', 'V20', 'V1']",0.9081632653061225,0.04454454454454455,0.08492366412213741,0.6251032808053019,7
"['V4', 'V10', 'V16', 'V17', 'V11', 'V5', 'V1', 'V21']",0.9081632653061225,0.05165409170052235,0.09774848984074684,0.6319380327471225,8
"['V4', 'V10', 'V16', 'V8', 'V17', 'V20', 'V21']",0.9081632653061225,0.046645702306079666,0.08873379860418744,0.5971662267471596,7
"['V4', 'V10', 'V16', 'V8', 'V11', 'V20', 'V5', 'V1']",0.9081632653061225,0.05779220779220779,0.10866910866910867,0.630623601639603,8
"['V4', 'V10', 'V16', 'V8', 'V17', 'V20', 'V1']",0.9081632653061225,0.04689146469968388,0.08917835671342686,0.5822662519406103,7
"['V4', 'V10', 'V16', 'V8', 'V17', 'V20', 'V5']",0.9081632653061225,0.05345345345345345,0.10096426545660805,0.5861140336729033,7
"['V4', 'V10', 'V16', 'V8', 'V17', 'V20', 'V5', 'V1']",0.9081632653061225,0.054870530209617754,0.10348837209302325,0.6215824050097568,8
"['V4', 'V10', 'V16', 'V8', 'V17', 'V20', 'V5', 'V21']",0.9081632653061225,0.053229665071770335,0.10056497175141244,0.6257353787380603,8
"['V4', 'V10', 'V16', 'V8', 'V17', 'V11', 'V20']",0.9081632653061225,0.05183459522422831,0.09807162534435261,0.5851200441218054,7
"['V4', 'V10', 'V16', 'V8', 'V17', 'V20', 'V1', 'V21']",0.9081632653061225,0.04779806659505908,0.09081632653061225,0.6185489888888067,8
"['V4', 'V10', 'V11', 'V20', 'V5', 'V21']",0.9081632653061225,0.05851413543721236,0.1099444101297097,0.6162943546494634,6
"['V4', 'V10', 'V16', 'V12', 'V20', 'V5', 'V1']",0.9081632653061225,0.052476415094339625,0.09921962095875139,0.6546356042023633,7
"['V4', 'V10', 'V16', 'V17', 'V11', 'V20', 'V1', 'V21']",0.9081632653061225,0.04983202687569989,0.09447983014861996,0.6295220255990343,8
"['V4', 'V10', 'V16', 'V17', 'V11', 'V5']",0.9081632653061225,0.05348557692307692,0.10102156640181612,0.6406235612829593,6
"['V10', 'V14', 'V12', 'V5']",0.9081632653061225,0.058018252933507174,0.1090686274509804,0.693243770590337,4
"['V4', 'V10', 'V16', 'V8', 'V11', 'V20', 'V1', 'V21']",0.9081632653061225,0.053972104305639784,0.10188895248998282,0.6413953578341717,8
"['V4', 'V10', 'V11', 'V20', 'V1', 'V21']",0.9081632653061225,0.054701905347264906,0.10318840579710145,0.5911332577730033,6
"['V4', 'V10', 'V16', 'V8', 'V20', 'V5', 'V1', 'V21']",0.9081632653061225,0.05476923076923077,0.1033081834010447,0.6644369278454896,8
"['V4', 'V10', 'V16', 'V17', 'V11', 'V20', 'V5', 'V1']",0.9081632653061225,0.05730843528654218,0.10781344639612356,0.6206717651497264,8
"['V4', 'V10', 'V16', 'V17', 'V11', 'V20']",0.9081632653061225,0.049307479224376734,0.09353652128218602,0.5998173584670661,6
"['V4', 'V10', 'V16', 'V12', 'V8', 'V17', 'V20', 'V21']",0.9081632653061225,0.0467436974789916,0.08891108891108891,0.6365785107050048,8
"['V4', 'V14', 'V17', 'V11', 'V20', 'V1']",0.9081632653061225,0.05053946621237933,0.09575040344271113,0.6058181614045623,6
"['V4', 'V10', 'V16', 'V12', 'V8', 'V17', 'V20', 'V1']",0.9081632653061225,0.04647519582245431,0.08842523596621957,0.6288906760352374,8
"['V4', 'V10', 'V16', 'V20', 'V1']",0.9081632653061225,0.047114875595553204,0.08958228485153498,0.5892634624354223,5
"['V4', 'V10', 'V16', 'V11', 'V20', 'V5']",0.9081632653061225,0.059214903526280775,0.11118051217988757,0.61820414668593,6
"['V4', 'V10', 'V17', 'V11', 'V20', 'V1', 'V21']",0.9081632653061225,0.05463474524248005,0.10306890561667632,0.5917113016247274,7
"['V14', 'V12', 'V8', 'V17', 'V20', 'V1', 'V21']",0.9081632653061225,0.05410334346504559,0.102122776821572,0.6765652828778317,7
"['V4', 'V10', 'V8', 'V20', 'V5', 'V1', 'V21']",0.9081632653061225,0.05420219244823386,0.10229885057471265,0.5945634570506763,7
"['V14', 'V12', 'V8', 'V17', 'V20', 'V5', 'V21']",0.9081632653061225,0.054870530209617754,0.10348837209302325,0.6904101356186348,7
"['V4', 'V10', 'V8', 'V11', 'V20', 'V1', 'V21']",0.9081632653061225,0.054735547355473556,0.10324825986078887,0.5858685637407399,7
"['V4', 'V10', 'V16', 'V5', 'V1']",0.9081632653061225,0.04759358288770053,0.09044715447154472,0.6070033441767264,5
"['V4', 'V10', 'V8', 'V11', 'V20', 'V5', 'V1']",0.9081632653061225,0.057234726688102894,0.10768300060496068,0.5527691567480585,7
"['V4', 'V10', 'V16', 'V20', 'V21']",0.9081632653061225,0.04739084132055378,0.09008097165991903,0.6166168317017371,5
"['V4', 'V10', 'V8', 'V17', 'V20', 'V1', 'V21']",0.9081632653061225,0.050799086757990865,0.09621621621621622,0.5785035394491495,7
"['V4', 'V10', 'V8', 'V11', 'V20', 'V1']",0.9081632653061225,0.05493827160493827,0.10360884749708964,0.5273680394001732,6
"['V4', 'V10', 'V8', 'V11', 'V20', 'V21']",0.9081632653061225,0.05430140329469189,0.102475532527346,0.5808180824722271,6
"['V4', 'V10', 'V16', 'V20', 'V5']",0.9081632653061225,0.051985981308411214,0.09834254143646409,0.6047711950614539,5
"['V14', 'V12', 'V8', 'V17', 'V20', 'V5', 'V1']",0.9081632653061225,0.051061388410786,0.09668658337859859,0.6674736807993321,7
"['V4', 'V10', 'V16', 'V17', 'V20']",0.9081632653061225,0.04461152882205514,0.08504538939321549,0.583943626278802,5
"['V10', 'V14', 'V16', 'V12', 'V5']",0.9081632653061225,0.06001348617666891,0.11258697027197975,0.7081973693574068,5
"['V4', 'V10', 'V8', 'V17', 'V11', 'V20', 'V21']",0.9081632653061225,0.055279503105590065,0.10421545667447307,0.5883528888959338,7
"['V4', 'V14', 'V8', 'V5', 'V1', 'V21']",0.9081632653061225,0.04220009483167378,0.08065246941549614,0.6174695550415514,6
"['V4', 'V10', 'V8', 'V11', 'V20', 'V5']",0.9081632653061225,0.05690537084398977,0.10709987966305656,0.548352605605413,6
"['V4', 'V10', 'V16', 'V11', 'V20']",0.9081632653061225,0.053357314148681056,0.10079275198187995,0.6058864312510721,5
"['V4', 'V10', 'V16', 'V11', 'V5']",0.9081632653061225,0.05377643504531722,0.10154021677124929,0.6416404418728013,5
"['V4', 'V10', 'V8', 'V17', 'V11', 'V20', 'V5']",0.9081632653061225,0.059333333333333335,0.1113892365456821,0.5665706503101225,7
"['V4', 'V10', 'V11', 'V20', 'V5', 'V1', 'V21']",0.9081632653061225,0.058437294812869335,0.10980876002467613,0.6151563327476066,7
"['V4', 'V10', 'V17', 'V11', 'V5', 'V1', 'V21']",0.9081632653061225,0.05387409200968523,0.10171428571428572,0.6117055778811141,7
"['V14', 'V12', 'V8', 'V17', 'V5', 'V1', 'V21']",0.9081632653061225,0.05056818181818182,0.09580193756727665,0.6717494454569438,7
"['V4', 'V10', 'V8', 'V17', 'V20', 'V21']",0.9081632653061225,0.050683371298405465,0.09600862998921252,0.5665683541718395,6
"['V14', 'V12', 'V17', 'V11', 'V20', 'V5', 'V1']",0.9081632653061225,0.05132641291810842,0.09716157205240175,0.6470134227877371,7
"['V4', 'V10', 'V16', 'V12', 'V8', 'V17', 'V20', 'V5']",0.9081632653061225,0.049389567147613764,0.09368421052631579,0.6278217336112015,8
"['V4', 'V16', 'V12', 'V8', 'V17', 'V11', 'V20', 'V5', 'V1']",0.9081632653061225,0.03415195702225633,0.06582840236686391,0.6136992600177683,9
"['V14', 'V12', 'V8', 'V20', 'V5', 'V1', 'V21']",0.9081632653061225,0.051296829971181554,0.09710856519367157,0.6723679916684986,7
"['V4', 'V10', 'V16', 'V11', 'V20', 'V1']",0.9081632653061225,0.053357314148681056,0.10079275198187995,0.6032504993531149,6
"['V4', 'V10', 'V16', 'V8', 'V20']",0.9081632653061225,0.047670058918050345,0.0905852417302799,0.5658198667044569,5
"['V4', 'V10', 'V8', 'V17', 'V20', 'V1']",0.9081632653061225,0.05216881594372802,0.09866962305986696,0.5222495726423297,6
"['V4', 'V10', 'V16', 'V17', 'V20', 'V21']",0.9081632653061225,0.045246568378240974,0.08619854721549637,0.6124532747447118,6
"['V4', 'V10', 'V8', 'V17', 'V11', 'V20', 'V1']",0.9081632653061225,0.056978233034571064,0.10722891566265061,0.5420047779017036,7
"['V14', 'V12', 'V8', 'V11', 'V20', 'V5', 'V1']",0.9081632653061225,0.05216881594372802,0.09866962305986696,0.6626243556860685,7
"['V4', 'V10', 'V16', 'V17', 'V5', 'V1']",0.9081632653061225,0.04736562001064396,0.0900354071825999,0.6067212058844362,6
"['V10', 'V14', 'V12', 'V17', 'V11', 'V20', 'V5', 'V21']",0.8979591836734694,0.05910006715916723,0.11090107120352867,0.6899758593367364,8
"['V10', 'V14', 'V12', 'V11', 'V20', 'V5', 'V1', 'V21']",0.8979591836734694,0.056957928802589,0.10712111990261716,0.6857891339176543,8
"['V14', 'V12', 'V8', 'V11', 'V20', 'V5', 'V1', 'V21']",0.8979591836734694,0.051492100643651256,0.09739900387382401,0.6692036149002841,8
"['V14', 'V16', 'V12', 'V8', 'V20', 'V5', 'V1', 'V21']",0.8979591836734694,0.05247465712581992,0.09915492957746479,0.6882951629606838,8
"['V14', 'V16', 'V12', 'V17', 'V11', 'V20', 'V5', 'V1']",0.8979591836734694,0.05197873597164796,0.09826912339475154,0.6620159206667564,8
"['V14', 'V16', 'V8', 'V17', 'V20', 'V5', 'V1', 'V21']",0.8979591836734694,0.05060379528464635,0.09580838323353294,0.6449658775376066,8
"['V14', 'V16', 'V12', 'V17', 'V11', 'V20', 'V5', 'V21']",0.8979591836734694,0.05425400739827373,0.10232558139534884,0.6769966522386414,8
"['V14', 'V8', 'V17', 'V11', 'V20', 'V5', 'V1', 'V21']",0.8979591836734694,0.050955414012738856,0.09643835616438357,0.62992953156657,8
"['V14', 'V16', 'V17', 'V11', 'V20', 'V5', 'V1', 'V21']",0.8979591836734694,0.05207100591715976,0.09843400447427293,0.6311708509889133,8
"['V14', 'V16', 'V12', 'V8', 'V17', 'V20', 'V5', 'V1']",0.8979591836734694,0.05194805194805195,0.09821428571428571,0.6780153596472631,8
"['V10', 'V14', 'V8', 'V17', 'V11', 'V20', 'V5', 'V1']",0.8979591836734694,0.054455445544554455,0.10268378063010501,0.7031173597809961,8
"['V14', 'V16', 'V12', 'V8', 'V17', 'V11', 'V20', 'V5', 'V1', 'V21']",0.8979591836734694,0.051014492753623186,0.09654415798134942,0.6852918490330735,10
"['V14', 'V12', 'V8', 'V17', 'V11', 'V5', 'V1', 'V21']",0.8979591836734694,0.050955414012738856,0.09643835616438357,0.6706539040439252,8
"['V14', 'V12', 'V8', 'V17', 'V11', 'V20', 'V5', 'V21']",0.8979591836734694,0.05333333333333334,0.10068649885583524,0.6888348596837788,8
"['V10', 'V14', 'V17', 'V11', 'V20', 'V5', 'V1', 'V21']",0.8979591836734694,0.055660974067046176,0.10482430017867779,0.6813025127229776,8
"['V10', 'V14', 'V8', 'V17', 'V11', 'V5', 'V1', 'V21']",0.8979591836734694,0.05415384615384616,0.10214741729541497,0.702881295513052,8
"['V10', 'V14', 'V16', 'V12', 'V8', 'V17', 'V11', 'V20', 'V5', 'V1', 'V21']",0.8979591836734694,0.05378973105134474,0.10149942329873125,0.722431015722329,11
"['V4', 'V10', 'V16', 'V8', 'V17', 'V11', 'V20', 'V5', 'V21']",0.8979591836734694,0.056847545219638244,0.10692588092345079,0.6442001122329796,9
"['V10', 'V14', 'V8', 'V17', 'V20', 'V5', 'V1', 'V21']",0.8979591836734694,0.05365853658536585,0.10126582278481013,0.7056017345050973,8
"['V10', 'V14', 'V8', 'V11', 'V20', 'V5', 'V1', 'V21']",0.8979591836734694,0.05188679245283019,0.09810479375696766,0.6911694801037056,8
"['V10', 'V14', 'V12', 'V8', 'V17', 'V11', 'V1', 'V21']",0.8979591836734694,0.058666666666666666,0.11013767209011265,0.7074560233863707,8
"['V10', 'V14', 'V16', 'V12', 'V8', 'V17', 'V20', 'V21']",0.8979591836734694,0.06276747503566334,0.11733333333333333,0.7300548476505906,8
"['V10', 'V14', 'V12', 'V8', 'V17', 'V11', 'V5', 'V21']",0.8979591836734694,0.05874499332443257,0.11027568922305764,0.7200025451645378,8
"['V4', 'V12', 'V8', 'V17', 'V11', 'V20', 'V5', 'V1']",0.8979591836734694,0.03067270826071802,0.05931917762049208,0.5697537359678638,8
"['V10', 'V14', 'V16', 'V12', 'V17', 'V20', 'V5', 'V21']",0.8979591836734694,0.057971014492753624,0.10891089108910891,0.7023939810943116,8
"['V4', 'V12', 'V8', 'V17', 'V11', 'V20', 'V5', 'V21']",0.8979591836734694,0.030492030492030493,0.058981233243967826,0.5948913689238465,8
"['V4', 'V12', 'V8', 'V17', 'V11', 'V20', 'V1', 'V21']",0.8979591836734694,0.031216743526073076,0.06033596160438807,0.5813628085661804,8
"['V10', 'V14', 'V16', 'V12', 'V17', 'V11', 'V5', 'V21']",0.8979591836734694,0.05789473684210526,0.10877626699629171,0.6972800873946619,8
"['V4', 'V12', 'V8', 'V17', 'V11', 'V5', 'V1', 'V21']",0.8979591836734694,0.031205673758865248,0.06031528444139822,0.578301603969235,8
"['V10', 'V14', 'V16', 'V12', 'V17', 'V11', 'V20', 'V21']",0.8979591836734694,0.06666666666666667,0.12411847672778561,0.6959192884697816,8
"['V4', 'V12', 'V8', 'V11', 'V20', 'V5', 'V1', 'V21']",0.8979591836734694,0.03136136849607983,0.06060606060606061,0.5842673584439981,8
"['V10', 'V14', 'V16', 'V12', 'V17', 'V11', 'V20', 'V1']",0.8979591836734694,0.06272273699215966,0.11725516322451698,0.6873647521894198,8
"['V10', 'V14', 'V16', 'V12', 'V17', 'V11', 'V20', 'V5']",0.8979591836734694,0.05736636245110821,0.10784313725490197,0.6953213857198036,8
"['V14', 'V16', 'V12', 'V8', 'V17', 'V20', 'V5', 'V21']",0.8979591836734694,0.05517241379310345,0.10395747194329592,0.7010510820840624,8
"['V10', 'V14', 'V16', 'V12', 'V8', 'V17', 'V11', 'V20']",0.8979591836734694,0.06060606060606061,0.1135483870967742,0.7268414992862531,8
"['V10', 'V14', 'V16', 'V12', 'V8', 'V17', 'V11', 'V5']",0.8979591836734694,0.056338028169014086,0.10602409638554217,0.731471507342404,8
"['V10', 'V14', 'V16', 'V12', 'V8', 'V5', 'V1', 'V21']",0.8979591836734694,0.05710577547047372,0.10738255033557047,0.7302791667546517,8
"['V10', 'V14', 'V16', 'V12', 'V8', 'V17', 'V11', 'V1']",0.8979591836734694,0.05953991880920163,0.1116751269035533,0.7194134848904783,8
"['V10', 'V14', 'V16', 'V12', 'V8', 'V11', 'V5', 'V21']",0.8979591836734694,0.05583756345177665,0.10513739545997611,0.7290279243001078,8
"['V10', 'V14', 'V16', 'V12', 'V8', 'V11', 'V20', 'V5']",0.8979591836734694,0.05641025641025641,0.10615199034981906,0.7275088206733415,8
"['V10', 'V14', 'V16', 'V12', 'V8', 'V17', 'V1', 'V21']",0.8979591836734694,0.06048109965635739,0.11332904056664521,0.7207991672705167,8
"['V10', 'V14', 'V16', 'V12', 'V8', 'V17', 'V20', 'V1']",0.8979591836734694,0.061409630146545706,0.11495754408883083,0.7226333649270502,8
"['V10', 'V14', 'V16', 'V12', 'V11', 'V20', 'V5', 'V1']",0.8979591836734694,0.057254391672088484,0.10764525993883792,0.7014288624722896,8
"['V4', 'V16', 'V12', 'V11', 'V20', 'V5', 'V1', 'V21']",0.8979591836734694,0.034108527131782945,0.06572068707991038,0.6080972084887788,8
"['V10', 'V14', 'V16', 'V12', 'V11', 'V5', 'V1', 'V21']",0.8979591836734694,0.05747877204441541,0.10804174340085942,0.7022663917872014,8
"['V4', 'V16', 'V12', 'V8', 'V17', 'V11', 'V5', 'V21']",0.8979591836734694,0.0337035618536959,0.06496862310815799,0.6222711200521933,8
"['V10', 'V14', 'V12', 'V8', 'V17', 'V11', 'V20', 'V21']",0.8979591836734694,0.05910006715916723,0.11090107120352867,0.7164411504049142,8
"['V10', 'V14', 'V16', 'V8', 'V17', 'V11', 'V20', 'V5', 'V1', 'V21']",0.8979591836734694,0.05559065066329753,0.10469958358120167,0.7150533982872709,10
"['V10', 'V14', 'V12', 'V8', 'V17', 'V11', 'V20', 'V1']",0.8979591836734694,0.05941931127616475,0.11146295123495883,0.7079337785728673,8
"['V4', 'V14', 'V17', 'V11', 'V20', 'V5', 'V1', 'V21']",0.8979591836734694,0.04798255179934569,0.09109730848861283,0.6338213319949634,8
"['V10', 'V14', 'V16', 'V11', 'V20', 'V5', 'V1', 'V21']",0.8979591836734694,0.057291666666666664,0.10771113831089352,0.6929030835388313,8
"['V10', 'V14', 'V16', 'V17', 'V20', 'V5', 'V1', 'V21']",0.8979591836734694,0.055103318722604884,0.10383480825958702,0.692502761478464,8
"['V4', 'V16', 'V12', 'V8', 'V17', 'V11', 'V20', 'V21']",0.8979591836734694,0.03378119001919386,0.06511283758786533,0.6186627343053014,8
"['V10', 'V14', 'V16', 'V17', 'V11', 'V5', 'V1', 'V21']",0.8979591836734694,0.05641025641025641,0.10615199034981906,0.6911724570930353,8
"['V4', 'V16', 'V12', 'V8', 'V17', 'V11', 'V1', 'V21']",0.8979591836734694,0.03383314109957709,0.06520933679140423,0.6162248260244103,8
"['V10', 'V14', 'V16', 'V12', 'V20', 'V5', 'V1', 'V21']",0.8979591836734694,0.05945945945945946,0.11153358681875793,0.7049696801560069,8
"['V4', 'V16', 'V12', 'V8', 'V11', 'V20', 'V5', 'V1']",0.8979591836734694,0.03442879499217527,0.06631499623210249,0.6255745575819072,8
"['V4', 'V16', 'V12', 'V8', 'V11', 'V20', 'V5', 'V21']",0.8979591836734694,0.03459119496855346,0.06661619984859955,0.6320713600490283,8
"['V4', 'V16', 'V12', 'V8', 'V11', 'V20', 'V1', 'V21']",0.8979591836734694,0.03482390185991294,0.06704761904761905,0.6266728586652037,8
"['V4', 'V16', 'V12', 'V8', 'V11', 'V5', 'V1', 'V21']",0.8979591836734694,0.03476886606084552,0.06694560669456066,0.6298467097444773,8
"['V10', 'V14', 'V16', 'V8', 'V20', 'V5', 'V1', 'V21']",0.8979591836734694,0.0535931790499391,0.10114942528735632,0.712032041164394,8
"['V10', 'V14', 'V16', 'V8', 'V17', 'V5', 'V1', 'V21']",0.8979591836734694,0.05496564647095565,0.10359034726309593,0.7166864544300037,8
"['V10', 'V14', 'V16', 'V8', 'V17', 'V20', 'V5', 'V1']",0.8979591836734694,0.05486284289276808,0.10340775558166862,0.7199107037490626,8
"['V4', 'V16', 'V12', 'V17', 'V11', 'V20', 'V5', 'V21']",0.8979591836734694,0.03247232472324723,0.06267806267806268,0.6162823620850327,8
"['V14', 'V16', 'V12', 'V8', 'V17', 'V5', 'V1', 'V21']",0.8979591836734694,0.051673517322372284,0.0977234869516935,0.6862284037445391,8
"['V10', 'V14', 'V12', 'V11', 'V20', 'V5', 'V21']",0.8979591836734694,0.059661016949152545,0.11188811188811189,0.690198089732553,7
"['V4', 'V14', 'V17', 'V11', 'V20', 'V5']",0.8979591836734694,0.047286405158516925,0.08984175599795814,0.6251543797000326,6
"['V14', 'V12', 'V11', 'V20', 'V5', 'V1', 'V21']",0.8979591836734694,0.05275779376498801,0.09966024915062288,0.6584339485006627,7
"['V14', 'V12', 'V8', 'V17', 'V11', 'V20', 'V21']",0.8979591836734694,0.05555555555555555,0.10463733650416171,0.6903968403633737,7
"['V14', 'V12', 'V8', 'V17', 'V11', 'V5', 'V1']",0.8979591836734694,0.05128205128205128,0.0970231532524807,0.664707991336994,7
"['V14', 'V12', 'V8', 'V17', 'V11', 'V5', 'V21']",0.8979591836734694,0.05388854868340478,0.10167533217793183,0.6897911570444318,7
"['V14', 'V12', 'V8', 'V17', 'V11', 'V1', 'V21']",0.8979591836734694,0.053987730061349694,0.10185185185185185,0.6727073708260292,7
"['V14', 'V12', 'V8', 'V11', 'V20', 'V5', 'V21']",0.8979591836734694,0.052256532066508314,0.09876543209876543,0.6810230828604606,7
"['V14', 'V12', 'V8', 'V11', 'V5', 'V1', 'V21']",0.8979591836734694,0.051192553810354854,0.09686296092460099,0.6720583676608428,7
"['V14', 'V12', 'V17', 'V11', 'V20', 'V5', 'V21']",0.8979591836734694,0.0539546290619252,0.10179294389820706,0.6681548397292276,7
"['V14', 'V8', 'V17', 'V11', 'V20', 'V5', 'V1']",0.8979591836734694,0.050662061024755324,0.09591280653950954,0.619830915111743,7
"['V4', 'V14', 'V17', 'V11', 'V20', 'V21']",0.8979591836734694,0.04793028322440087,0.09100310237849017,0.6560439509703089,6
"['V14', 'V8', 'V17', 'V11', 'V5', 'V1', 'V21']",0.8979591836734694,0.05069124423963134,0.09596510359869138,0.6289517431989896,7
"['V14', 'V8', 'V17', 'V20', 'V5', 'V1', 'V21']",0.8979591836734694,0.0502283105022831,0.09513513513513513,0.6306852331767299,7
"['V14', 'V8', 'V11', 'V20', 'V5', 'V1', 'V21']",0.8979591836734694,0.04600104547830632,0.08751864743908504,0.598587268185335,7
"['V4', 'V16', 'V12', 'V17', 'V5', 'V1', 'V21']",0.8979591836734694,0.028205128205128206,0.05469235550031075,0.5583259954611927,7
"['V4', 'V16', 'V12', 'V17', 'V11', 'V20', 'V21']",0.8979591836734694,0.03232916972814107,0.062411347517730496,0.6170579345750967,7
"['V4', 'V16', 'V12', 'V8', 'V11', 'V1', 'V21']",0.8979591836734694,0.03481012658227848,0.06702208682406702,0.6276924593045001,7
"['V4', 'V16', 'V12', 'V8', 'V11', 'V5', 'V21']",0.8979591836734694,0.03470031545741325,0.06681852695520121,0.633247627012333,7
"['V14', 'V12', 'V8', 'V17', 'V11', 'V20', 'V1']",0.8979591836734694,0.05486284289276808,0.10340775558166862,0.6724115824415089,7
"['V14', 'V12', 'V8', 'V17', 'V11', 'V20', 'V5']",0.8979591836734694,0.05425400739827373,0.10232558139534884,0.68410893879612,7
"['V14', 'V16', 'V11', 'V20', 'V5', 'V1', 'V21']",0.8979591836734694,0.05210183540556542,0.09848908785674315,0.6312037450634622,7
"['V14', 'V16', 'V17', 'V20', 'V5', 'V1', 'V21']",0.8979591836734694,0.05143191116306254,0.09729132117191819,0.6344267039685515,7
"['V14', 'V16', 'V12', 'V8', 'V5', 'V1', 'V21']",0.8979591836734694,0.052663076002393776,0.0994912379875636,0.6954037448539003,7
"['V14', 'V16', 'V12', 'V17', 'V11', 'V20', 'V5']",0.8979591836734694,0.054220579174368455,0.10226612434631029,0.6767244206921893,7
"['V14', 'V16', 'V12', 'V17', 'V11', 'V20', 'V21']",0.8979591836734694,0.061153578874218205,0.11450878334417697,0.6803896094273232,7
"['V14', 'V16', 'V12', 'V17', 'V11', 'V5', 'V1']",0.8979591836734694,0.05204021289178001,0.09837898267188373,0.6632811515601006,7
"['V14', 'V16', 'V12', 'V17', 'V11', 'V5', 'V21']",0.8979591836734694,0.054187192118226604,0.10220673635307782,0.6777916075016936,7
"['V14', 'V16', 'V12', 'V17', 'V20', 'V5', 'V21']",0.8979591836734694,0.0546583850931677,0.10304449648711944,0.6805040845435703,7
"['V10', 'V14', 'V8', 'V17', 'V11', 'V20', 'V5', 'V1', 'V21']",0.8979591836734694,0.054287476866132015,0.10238510762070971,0.7048095798660926,9
"['V14', 'V16', 'V12', 'V20', 'V5', 'V1', 'V21']",0.8979591836734694,0.055,0.10365135453474676,0.6802238551528684,7
"['V14', 'V16', 'V12', 'V8', 'V17', 'V20', 'V5', 'V1', 'V21']",0.8979591836734694,0.051552431165787935,0.09750692520775624,0.6821764348313691,9
"['V14', 'V16', 'V8', 'V17', 'V20', 'V5', 'V1']",0.8979591836734694,0.05086705202312139,0.0962800875273523,0.6402592310044657,7
"['V14', 'V16', 'V12', 'V8', 'V11', 'V20', 'V5', 'V1', 'V21']",0.8979591836734694,0.0512521840419336,0.09696969696969697,0.6892713689022929,9
"['V14', 'V16', 'V12', 'V17', 'V11', 'V20', 'V5', 'V1', 'V21']",0.8979591836734694,0.05260011954572624,0.09937888198757763,0.6642236758868983,9
"['V14', 'V12', 'V8', 'V17', 'V11', 'V20', 'V5', 'V1', 'V21']",0.8979591836734694,0.05131195335276968,0.09707666850523994,0.66819170269253,9
"['V14', 'V16', 'V8', 'V17', 'V5', 'V1', 'V21']",0.8979591836734694,0.050720461095100866,0.09601745771958538,0.6477405633796045,7
"['V14', 'V16', 'V8', 'V20', 'V5', 'V1', 'V21']",0.8979591836734694,0.04888888888888889,0.09272918861959958,0.6391663295200877,7
"['V4', 'V16', 'V12', 'V8', 'V11', 'V5', 'V1']",0.8979591836734694,0.03440187646598905,0.06626506024096386,0.6274705457853798,7
"['V4', 'V16', 'V12', 'V8', 'V11', 'V20', 'V21']",0.8979591836734694,0.034851485148514855,0.0670987418985894,0.62778615476446,7
"['V4', 'V16', 'V12', 'V8', 'V11', 'V20', 'V1']",0.8979591836734694,0.03460479748328746,0.06664142370314274,0.6224960080734654,7
"['V4', 'V14', 'V16', 'V8', 'V17', 'V11', 'V20']",0.8979591836734694,0.053495440729483285,0.10097532989099255,0.6888646693598656,7
"['V10', 'V14', 'V16', 'V8', 'V11', 'V20', 'V5', 'V1', 'V21']",0.8979591836734694,0.055,0.10365135453474676,0.7125501186690797,9
"['V10', 'V14', 'V16', 'V8', 'V17', 'V20', 'V5', 'V1', 'V21']",0.8979591836734694,0.05489706799750468,0.10346854791299236,0.7162816127307455,9
"['V10', 'V14', 'V16', 'V12', 'V11', 'V20', 'V5', 'V1', 'V21']",0.8979591836734694,0.057667103538663174,0.10837438423645321,0.7024671073769935,9
"['V10', 'V14', 'V16', 'V12', 'V17', 'V11', 'V5', 'V1', 'V21']",0.8979591836734694,0.05587301587301587,0.10520023909145249,0.6903760982415751,9
"['V10', 'V14', 'V16', 'V12', 'V17', 'V11', 'V20', 'V5', 'V21']",0.8979591836734694,0.05793285055957867,0.10884353741496598,0.6976348054129277,9
"['V10', 'V14', 'V16', 'V12', 'V8', 'V20', 'V5', 'V1', 'V21']",0.8979591836734694,0.05659163987138264,0.10647307924984876,0.7298295564813951,9
"['V10', 'V14', 'V16', 'V12', 'V8', 'V11', 'V5', 'V1', 'V21']",0.8979591836734694,0.05448916408668731,0.10274372446001168,0.7249121943589322,9
"['V10', 'V14', 'V16', 'V12', 'V8', 'V11', 'V20', 'V5', 'V21']",0.8979591836734694,0.05538074260541221,0.1043272080616479,0.7277507777390633,9
"['V10', 'V14', 'V16', 'V12', 'V8', 'V11', 'V20', 'V5', 'V1']",0.8979591836734694,0.054388133498145856,0.10256410256410256,0.7227203283093888,9
"['V10', 'V14', 'V16', 'V12', 'V8', 'V17', 'V20', 'V1', 'V21']",0.8979591836734694,0.06048109965635739,0.11332904056664521,0.7207178363987109,9
"['V10', 'V14', 'V16', 'V12', 'V8', 'V17', 'V11', 'V20', 'V21']",0.8979591836734694,0.059379217273954114,0.11139240506329114,0.7271369553051652,9
"['V10', 'V14', 'V16', 'V12', 'V8', 'V17', 'V11', 'V20', 'V1']",0.8979591836734694,0.05949966193373901,0.11160431198478123,0.7194103135951367,9
"['V10', 'V14', 'V16', 'V12', 'V8', 'V17', 'V11', 'V20', 'V5']",0.8979591836734694,0.05623003194888179,0.105832832230908,0.7309003300361713,9
"['V4', 'V12', 'V8', 'V17', 'V11', 'V20', 'V5', 'V1', 'V21']",0.8979591836734694,0.031294452347083924,0.06048109965635739,0.5824621317539063,9
"['V4', 'V16', 'V12', 'V8', 'V11', 'V20', 'V5', 'V1', 'V21']",0.8979591836734694,0.034741413343861036,0.0668947168377043,0.6288018151382323,9
"['V10', 'V14', 'V16', 'V17', 'V11', 'V20', 'V5', 'V1', 'V21']",0.8979591836734694,0.05644644002565747,0.10621605310802655,0.6917776427531994,9
"['V4', 'V14', 'V16', 'V8', 'V11', 'V20', 'V1']",0.8979591836734694,0.05301204819277108,0.10011376564277588,0.6829393548405541,7
"['V4', 'V16', 'V12', 'V8', 'V11', 'V20', 'V5']",0.8979591836734694,0.03441533046538913,0.06629001883239172,0.6334216470607762,7
"['V4', 'V14', 'V16', 'V17', 'V20', 'V5', 'V21']",0.8979591836734694,0.04426559356136821,0.08437200383509108,0.67692344888561,7
"['V4', 'V16', 'V12', 'V8', 'V17', 'V11', 'V21']",0.8979591836734694,0.03371647509578544,0.06499261447562776,0.6213978203290208,7
"['V4', 'V14', 'V11', 'V20', 'V5', 'V1', 'V21']",0.8979591836734694,0.04774823657080846,0.09067490984028852,0.6182940420160485,7
"['V4', 'V14', 'V17', 'V20', 'V5', 'V1', 'V21']",0.8979591836734694,0.04371584699453552,0.08337280909521554,0.6274940735754128,7
"['V4', 'V14', 'V17', 'V11', 'V5', 'V1', 'V21']",0.8979591836734694,0.04798255179934569,0.09109730848861283,0.6382558128877948,7
"['V4', 'V14', 'V17', 'V11', 'V20', 'V1', 'V21']",0.8979591836734694,0.04929971988795518,0.09346787041954328,0.6332417945717131,7
"['V4', 'V14', 'V17', 'V11', 'V20', 'V5', 'V1']",0.8979591836734694,0.04853833425261997,0.09209837781266353,0.6056303961372086,7
"['V4', 'V16', 'V12', 'V8', 'V17', 'V11', 'V20', 'V5', 'V1', 'V21']",0.8979591836734694,0.03400309119010819,0.06552494415487714,0.6148599874498343,10
"['V10', 'V14', 'V16', 'V12', 'V8', 'V17', 'V11', 'V20', 'V5', 'V1']",0.8979591836734694,0.05448916408668731,0.10274372446001168,0.7213313168610147,10
"['V10', 'V14', 'V16', 'V12', 'V8', 'V17', 'V11', 'V20', 'V5', 'V21']",0.8979591836734694,0.05538074260541221,0.1043272080616479,0.73080672523206,10
"['V10', 'V14', 'V16', 'V12', 'V8', 'V17', 'V11', 'V5', 'V1', 'V21']",0.8979591836734694,0.05432098765432099,0.10244470314318975,0.7229629316111199,10
"['V10', 'V14', 'V16', 'V12', 'V8', 'V11', 'V20', 'V5', 'V1', 'V21']",0.8979591836734694,0.0535279805352798,0.1010332950631458,0.7243561221747833,10
"['V10', 'V14', 'V16', 'V12', 'V17', 'V11', 'V20', 'V5', 'V1', 'V21']",0.8979591836734694,0.05576679340937896,0.10501193317422435,0.6910029832543951,10
"['V4', 'V14', 'V16', 'V20', 'V5', 'V1', 'V21']",0.8979591836734694,0.04526748971193416,0.08619000979431929,0.6660411698913054,7
"['V4', 'V14', 'V16', 'V17', 'V5', 'V1', 'V21']",0.8979591836734694,0.04501278772378517,0.08572820263029712,0.6681407906687284,7
"['V4', 'V14', 'V16', 'V17', 'V20', 'V1', 'V21']",0.8979591836734694,0.04543107898812597,0.08648648648648649,0.6628612646492078,7
"['V14', 'V16', 'V12', 'V8', 'V20', 'V5', 'V21']",0.8979591836734694,0.05517241379310345,0.10395747194329592,0.7008289473664754,7
"['V14', 'V16', 'V12', 'V8', 'V20', 'V5', 'V1']",0.8979591836734694,0.052980132450331126,0.10005685048322911,0.6843740913293717,7
"['V14', 'V16', 'V12', 'V8', 'V17', 'V5', 'V1']",0.8979591836734694,0.05173427395649618,0.09783212896053363,0.6792908725010949,7
"['V10', 'V14', 'V16', 'V8', 'V5', 'V1', 'V21']",0.8979591836734694,0.0535931790499391,0.10114942528735632,0.712017632178856,7
"['V10', 'V14', 'V16', 'V8', 'V17', 'V5', 'V1']",0.8979591836734694,0.05493133583021224,0.10352941176470588,0.7203721634161386,7
"['V10', 'V14', 'V16', 'V12', 'V5', 'V1', 'V21']",0.8979591836734694,0.05949966193373901,0.11160431198478123,0.7042652555260825,7
"['V10', 'V14', 'V16', 'V12', 'V20', 'V1', 'V21']",0.8979591836734694,0.06962025316455696,0.12922173274596183,0.7119572380370328,7
"['V10', 'V14', 'V16', 'V12', 'V20', 'V5', 'V1']",0.8979591836734694,0.058784235136940546,0.1103448275862069,0.7034945985254495,7
"['V10', 'V14', 'V16', 'V12', 'V11', 'V5', 'V1']",0.8979591836734694,0.057179987004548405,0.10751374465485644,0.7013361672620988,7
"['V10', 'V14', 'V16', 'V12', 'V11', 'V20', 'V5']",0.8979591836734694,0.058355437665782495,0.1095890410958904,0.704191280436835,7
"['V10', 'V14', 'V16', 'V12', 'V17', 'V20', 'V21']",0.8979591836734694,0.06601650412603151,0.12299091544374563,0.6977681835333976,7
"['V10', 'V14', 'V16', 'V12', 'V17', 'V20', 'V1']",0.8979591836734694,0.061452513966480445,0.11503267973856209,0.6912892197914132,7
"['V10', 'V14', 'V16', 'V12', 'V17', 'V20', 'V5']",0.8979591836734694,0.057031756318859365,0.10725167580743449,0.7013035727264634,7
"['V10', 'V14', 'V16', 'V12', 'V17', 'V11', 'V21']",0.8979591836734694,0.06717557251908397,0.125,0.6949920604171952,7
"['V10', 'V14', 'V16', 'V12', 'V17', 'V11', 'V1']",0.8979591836734694,0.06272273699215966,0.11725516322451698,0.6867563459672833,7
"['V10', 'V14', 'V16', 'V12', 'V17', 'V11', 'V5']",0.8979591836734694,0.057031756318859365,0.10725167580743449,0.69444123486042,7
"['V10', 'V14', 'V16', 'V12', 'V17', 'V11', 'V20']",0.8979591836734694,0.06572068707991038,0.12247738343771747,0.6950656790345764,7
"['V10', 'V14', 'V16', 'V12', 'V8', 'V11', 'V5']",0.8979591836734694,0.05662805662805663,0.10653753026634383,0.7288585235742828,7
"['V10', 'V14', 'V16', 'V12', 'V8', 'V17', 'V21']",0.8979591836734694,0.06232294617563739,0.11655629139072848,0.7295926457484231,7
"['V10', 'V14', 'V16', 'V8', 'V20', 'V5', 'V1']",0.8979591836734694,0.0535279805352798,0.1010332950631458,0.7158711494829045,7
"['V10', 'V14', 'V16', 'V17', 'V11', 'V5', 'V1']",0.8979591836734694,0.055450535601764335,0.10445103857566766,0.6865188309019266,7
"['V10', 'V14', 'V16', 'V12', 'V8', 'V17', 'V5']",0.8979591836734694,0.05906040268456376,0.11083123425692695,0.7340077307261876,7
"['V10', 'V14', 'V16', 'V17', 'V20', 'V5', 'V1']",0.8979591836734694,0.05493133583021224,0.10352941176470588,0.6872452400223136,7
"['V10', 'V14', 'V12', 'V17', 'V11', 'V20', 'V21']",0.8979591836734694,0.06390704429920116,0.11932203389830509,0.6881722377065315,7
"['V10', 'V14', 'V12', 'V17', 'V11', 'V20', 'V5']",0.8979591836734694,0.058666666666666666,0.11013767209011265,0.6879879663963245,7
"['V10', 'V14', 'V12', 'V8', 'V11', 'V5', 'V21']",0.8979591836734694,0.05778069599474721,0.10857495373226403,0.7121736985720857,7
"['V10', 'V14', 'V12', 'V8', 'V11', 'V20', 'V21']",0.8979591836734694,0.05945945945945946,0.11153358681875793,0.7173514573337141,7
"['V10', 'V14', 'V12', 'V8', 'V11', 'V20', 'V1']",0.8979591836734694,0.061196105702364396,0.11458333333333333,0.7119264678577075,7
"['V10', 'V14', 'V12', 'V8', 'V11', 'V20', 'V5']",0.8979591836734694,0.05843293492695883,0.10972568578553615,0.7107230265262894,7
"['V10', 'V14', 'V12', 'V8', 'V17', 'V20', 'V21']",0.8979591836734694,0.06077348066298342,0.11384217335058215,0.7217848428784369,7
"['V10', 'V14', 'V12', 'V8', 'V17', 'V11', 'V21']",0.8979591836734694,0.05933917734322319,0.11132194813409235,0.7164579721947095,7
"['V10', 'V14', 'V12', 'V8', 'V17', 'V11', 'V1']",0.8979591836734694,0.05925925925925926,0.11118130132659507,0.7069126162979114,7
"['V10', 'V14', 'V12', 'V8', 'V17', 'V11', 'V5']",0.8979591836734694,0.059379217273954114,0.11139240506329114,0.7207212277649372,7
"['V10', 'V14', 'V12', 'V8', 'V17', 'V11', 'V20']",0.8979591836734694,0.06023271731690623,0.11289288005131494,0.7165345794655626,7
"['V10', 'V14', 'V16', 'V20', 'V5', 'V1', 'V21']",0.8979591836734694,0.05520702634880803,0.10401891252955082,0.6930687388270919,7
"['V10', 'V14', 'V16', 'V11', 'V5', 'V1', 'V21']",0.8979591836734694,0.057441253263707574,0.10797546012269939,0.6922411047545834,7
"['V10', 'V14', 'V16', 'V17', 'V5', 'V1', 'V21']",0.8979591836734694,0.055,0.10365135453474676,0.6920423305717088,7
"['V10', 'V14', 'V16', 'V17', 'V20', 'V1', 'V21']",0.8979591836734694,0.06201550387596899,0.11601845748187212,0.6960440526647459,7
"['V10', 'V14', 'V16', 'V12', 'V8', 'V17', 'V1']",0.8979591836734694,0.061452513966480445,0.11503267973856209,0.7226340678597046,7
"['V10', 'V14', 'V16', 'V12', 'V8', 'V17', 'V20']",0.8979591836734694,0.06423357664233577,0.11989100817438691,0.7299068122440326,7
"['V14', 'V16', 'V12', 'V8', 'V17', 'V20', 'V21']",0.8979591836734694,0.05721716514954486,0.10757946210268948,0.7015172590667015,7
"['V10', 'V14', 'V12', 'V11', 'V5', 'V1', 'V21']",0.8979591836734694,0.056921086675291076,0.1070559610705596,0.6861822706944826,7
"['V10', 'V14', 'V8', 'V17', 'V20', 'V5', 'V1']",0.8979591836734694,0.053987730061349694,0.10185185185185185,0.7065583738629868,7
"['V10', 'V14', 'V8', 'V17', 'V20', 'V5', 'V21']",0.8979591836734694,0.06254442075337598,0.11694352159468438,0.7277826169280083,7
"['V10', 'V14', 'V8', 'V17', 'V20', 'V1', 'V21']",0.8979591836734694,0.06002728512960437,0.11253196930946291,0.6962532332766815,7
"['V10', 'V14', 'V8', 'V17', 'V5', 'V1', 'V21']",0.8979591836734694,0.05388854868340478,0.10167533217793183,0.7040087394166057,7
"['V10', 'V14', 'V12', 'V8', 'V17', 'V11', 'V20', 'V1', 'V21']",0.8979591836734694,0.058666666666666666,0.11013767209011265,0.7076677981969254,9
"['V10', 'V14', 'V8', 'V11', 'V20', 'V5', 'V1']",0.8979591836734694,0.05176470588235294,0.09788654060066741,0.6892401134081856,7
"['V10', 'V14', 'V8', 'V11', 'V5', 'V1', 'V21']",0.8979591836734694,0.05173427395649618,0.09783212896053363,0.688940130210231,7
"['V10', 'V14', 'V8', 'V20', 'V5', 'V1', 'V21']",0.8979591836734694,0.049107142857142856,0.09312169312169312,0.6870817567988031,7
"['V10', 'V14', 'V17', 'V11', 'V20', 'V5', 'V1']",0.8979591836734694,0.05520702634880803,0.10401891252955082,0.6722903789758289,7
"['V10', 'V14', 'V17', 'V11', 'V20', 'V1', 'V21']",0.8979591836734694,0.06258890469416785,0.11702127659574468,0.6757470803552927,7
"['V10', 'V14', 'V17', 'V11', 'V5', 'V1', 'V21']",0.8979591836734694,0.05559065066329753,0.10469958358120167,0.681282296955316,7
"['V10', 'V14', 'V17', 'V20', 'V5', 'V1', 'V21']",0.8979591836734694,0.05392156862745098,0.10173410404624278,0.682756161154547,7
"['V10', 'V14', 'V11', 'V20', 'V5', 'V1', 'V21']",0.8979591836734694,0.0539546290619252,0.10179294389820706,0.6750275080264121,7
"['V14', 'V16', 'V12', 'V8', 'V17', 'V20', 'V5']",0.8979591836734694,0.05587301587301587,0.10520023909145249,0.6978014226016173,7
"['V14', 'V16', 'V12', 'V8', 'V17', 'V20', 'V1']",0.8979591836734694,0.05493133583021224,0.10352941176470588,0.6882626153722549,7
"['V10', 'V14', 'V8', 'V17', 'V11', 'V5', 'V1']",0.8979591836734694,0.05459057071960298,0.10292397660818714,0.7014761433189326,7
"['V10', 'V14', 'V12', 'V11', 'V20', 'V1', 'V21']",0.8979591836734694,0.06853582554517133,0.12735166425470332,0.6959291278363529,7
"['V10', 'V14', 'V16', 'V12', 'V8', 'V17', 'V11']",0.8979591836734694,0.06043956043956044,0.11325611325611326,0.725889862232038,7
"['V4', 'V16', 'V12', 'V11', 'V20', 'V5', 'V1']",0.8979591836734694,0.03391136801541426,0.06535462309691793,0.5926779444062453,7
"['V4', 'V12', 'V17', 'V11', 'V20', 'V1', 'V21']",0.8979591836734694,0.030292598967297763,0.05860805860805861,0.5584859676252436,7
"['V4', 'V12', 'V17', 'V11', 'V20', 'V5', 'V21']",0.8979591836734694,0.029129427341939754,0.05642834241744149,0.5916372526157269,7
"['V4', 'V12', 'V17', 'V11', 'V20', 'V5', 'V1']",0.8979591836734694,0.030116358658453114,0.05827814569536424,0.5417200033646283,7
"['V4', 'V12', 'V8', 'V11', 'V5', 'V1', 'V21']",0.8979591836734694,0.031283327408460716,0.06046032291308828,0.5805366819880737,7
"['V4', 'V12', 'V8', 'V11', 'V20', 'V1', 'V21']",0.8979591836734694,0.03150733977801647,0.060878588723625046,0.5841042325501666,7
"['V4', 'V12', 'V8', 'V11', 'V20', 'V5', 'V21']",0.8979591836734694,0.03036576949620428,0.05874499332443257,0.5944862862339667,7
"['V4', 'V12', 'V8', 'V11', 'V20', 'V5', 'V1']",0.8979591836734694,0.030704815073272853,0.059379217273954114,0.5687432807464116,7
"['V4', 'V12', 'V8', 'V17', 'V11', 'V1', 'V21']",0.8979591836734694,0.031106398020501944,0.06012982576016399,0.5763077145288663,7
"['V4', 'V12', 'V8', 'V17', 'V11', 'V5', 'V21']",0.8979591836734694,0.03046036690896504,0.0589219953130231,0.5925572027453208,7
"['V4', 'V12', 'V8', 'V17', 'V11', 'V5', 'V1']",0.8979591836734694,0.030736989172196996,0.05943937858831476,0.5660069114589685,7
"['V4', 'V12', 'V8', 'V17', 'V11', 'V20', 'V21']",0.8979591836734694,0.030470914127423823,0.058941728064300064,0.5936944616042834,7
"['V4', 'V12', 'V8', 'V17', 'V11', 'V20', 'V1']",0.8979591836734694,0.030598052851182198,0.05917955615332885,0.5678788547253988,7
"['V4', 'V12', 'V8', 'V17', 'V11', 'V20', 'V5']",0.8979591836734694,0.029881154499151102,0.057837660203746304,0.5927987972413962,7
"['V4', 'V16', 'V12', 'V11', 'V5', 'V1', 'V21']",0.8979591836734694,0.03414823438106325,0.06579439252336448,0.6080963156131909,7
"['V4', 'V16', 'V12', 'V11', 'V20', 'V1', 'V21']",0.8979591836734694,0.03400309119010819,0.06552494415487714,0.6077965664977767,7
"['V4', 'V16', 'V12', 'V8', 'V17', 'V11', 'V5', 'V1', 'V21']",0.8979591836734694,0.03389830508474576,0.06533036377134373,0.6172263458909583,9
"['V4', 'V10', 'V17', 'V20', 'V5', 'V1', 'V21']",0.8979591836734694,0.055944055944055944,0.10532615200478755,0.6094997100275329,7
"['V4', 'V10', 'V17', 'V11', 'V20', 'V5', 'V1']",0.8979591836734694,0.06089965397923876,0.11406351263771873,0.5820438850397447,7
"['V10', 'V14', 'V16', 'V20', 'V1', 'V21']",0.8979591836734694,0.06572068707991038,0.12247738343771747,0.6991266234406905,6
"['V10', 'V14', 'V16', 'V17', 'V1', 'V21']",0.8979591836734694,0.06232294617563739,0.11655629139072848,0.6964711351977313,6
"['V10', 'V14', 'V16', 'V17', 'V5', 'V1']",0.8979591836734694,0.05472636815920398,0.10316529894490035,0.6861839605742446,6
"['V10', 'V14', 'V16', 'V8', 'V5', 'V1']",0.8979591836734694,0.0535931790499391,0.10114942528735632,0.7161876990851678,6
"['V10', 'V14', 'V16', 'V12', 'V1', 'V21']",0.8979591836734694,0.06907378335949764,0.1282798833819242,0.7114969950274177,6
"['V10', 'V14', 'V16', 'V12', 'V5', 'V1']",0.8979591836734694,0.05854956753160346,0.1099312929419113,0.7025084534990325,6
"['V10', 'V14', 'V16', 'V12', 'V20', 'V5']",0.8979591836734694,0.059782608695652176,0.11210191082802548,0.7082579975923121,6
"['V10', 'V14', 'V16', 'V12', 'V11', 'V5']",0.8979591836734694,0.05793285055957867,0.10884353741496598,0.7031404315072043,6
"['V10', 'V14', 'V16', 'V12', 'V17', 'V21']",0.8979591836734694,0.06651549508692366,0.12385643912737508,0.6974780214484918,6
"['V10', 'V14', 'V16', 'V12', 'V17', 'V20']",0.8979591836734694,0.06494464944649446,0.12112869924294563,0.6970113284655228,6
"['V10', 'V14', 'V16', 'V12', 'V17', 'V11']",0.8979591836734694,0.06661619984859955,0.12403100775193798,0.6936340686216493,6
"['V10', 'V14', 'V16', 'V12', 'V8', 'V5']",0.8979591836734694,0.05870580386924616,0.11020663744520977,0.7329304320982364,6
"['V10', 'V14', 'V16', 'V12', 'V8', 'V20']",0.8979591836734694,0.0667172100075815,0.12420606916019761,0.7351759354012709,6
"['V10', 'V14', 'V16', 'V12', 'V8', 'V17']",0.8979591836734694,0.06409322651128915,0.11964649898028552,0.7277264610976893,6
"['V4', 'V8', 'V11', 'V20', 'V1', 'V21']",0.8979591836734694,0.02698558724317694,0.052396546591247393,0.36840833998815953,6
"['V4', 'V8', 'V11', 'V20', 'V5', 'V21']",0.8979591836734694,0.02616711269699673,0.05085235481074834,0.42024015705110385,6
"['V10', 'V14', 'V16', 'V20', 'V5', 'V1']",0.8979591836734694,0.05513784461152882,0.1038961038961039,0.687578044438661,6
"['V10', 'V14', 'V16', 'V5', 'V1', 'V21']",0.8979591836734694,0.05513784461152882,0.1038961038961039,0.6924226283388558,6
"['V4', 'V12', 'V17', 'V11', 'V5', 'V21']",0.8979591836734694,0.029323558813728758,0.05679251371410132,0.5937334441029353,6
"['V10', 'V14', 'V12', 'V8', 'V17', 'V11']",0.8979591836734694,0.06023271731690623,0.11289288005131494,0.715741776660683,6
"['V10', 'V14', 'V12', 'V20', 'V1', 'V21']",0.8979591836734694,0.06692015209125475,0.12455767869780608,0.7003045862362755,6
"['V10', 'V14', 'V12', 'V11', 'V1', 'V21']",0.8979591836734694,0.06869633099141297,0.12762871646120377,0.6951183459782856,6
"['V10', 'V14', 'V12', 'V11', 'V20', 'V21']",0.8979591836734694,0.06811145510835913,0.12661870503597122,0.6962859568162174,6
"['V10', 'V14', 'V12', 'V11', 'V20', 'V5']",0.8979591836734694,0.05913978494623656,0.11097099621689786,0.6897921606428192,6
"['V10', 'V14', 'V12', 'V17', 'V20', 'V21']",0.8979591836734694,0.06451612903225806,0.12038303693570451,0.6884762385974745,6
"['V10', 'V14', 'V12', 'V17', 'V11', 'V21']",0.8979591836734694,0.06395348837209303,0.11940298507462686,0.6863792549718907,6
"['V10', 'V14', 'V12', 'V17', 'V11', 'V5']",0.8979591836734694,0.05847176079734219,0.10979413599500935,0.6884786737821856,6
"['V10', 'V14', 'V12', 'V17', 'V11', 'V20']",0.8979591836734694,0.06254442075337598,0.11694352159468438,0.6858273848394615,6
"['V10', 'V14', 'V12', 'V8', 'V20', 'V21']",0.8979591836734694,0.0615815255423373,0.11525867714472822,0.7222434063046886,6
"['V10', 'V14', 'V12', 'V8', 'V11', 'V21']",0.8979591836734694,0.05949966193373901,0.11160431198478123,0.7171659339774902,6
"['V10', 'V14', 'V12', 'V8', 'V11', 'V1']",0.8979591836734694,0.06111111111111111,0.11443433029908973,0.7117118751532775,6
"['V10', 'V14', 'V12', 'V8', 'V11', 'V5']",0.8979591836734694,0.058823529411764705,0.11041405269761606,0.7118126204476334,6
"['V10', 'V14', 'V12', 'V8', 'V11', 'V20']",0.8979591836734694,0.060398078242964996,0.11318327974276528,0.7165335474015454,6
"['V10', 'V14', 'V12', 'V8', 'V17', 'V21']",0.8979591836734694,0.06077348066298342,0.11384217335058215,0.7218718343163839,6
"['V10', 'V14', 'V12', 'V8', 'V17', 'V20']",0.8979591836734694,0.062411347517730496,0.11671087533156499,0.721510252742804,6
"['V4', 'V12', 'V17', 'V11', 'V1', 'V21']",0.8979591836734694,0.030313468825353084,0.058647117627457515,0.5600149582917932,6
"['V4', 'V12', 'V17', 'V11', 'V5', 'V1']",0.8979591836734694,0.030085470085470085,0.058220310949388024,0.546795761510491,6
"['V10', 'V14', 'V8', 'V17', 'V5', 'V1']",0.8979591836734694,0.05372405372405373,0.10138248847926268,0.7062845960313912,6
"['V4', 'V16', 'V12', 'V11', 'V20', 'V5']",0.8979591836734694,0.033523809523809525,0.06463459419757621,0.6159691335677343,6
"['V4', 'V16', 'V12', 'V17', 'V11', 'V21']",0.8979591836734694,0.032317297098788104,0.06238922367954626,0.6224475677369862,6
"['V4', 'V16', 'V12', 'V17', 'V11', 'V20']",0.8979591836734694,0.032317297098788104,0.06238922367954626,0.6059304007737585,6
"['V4', 'V16', 'V12', 'V8', 'V11', 'V21']",0.8979591836734694,0.034782608695652174,0.0669710806697108,0.6282597587670197,6
"['V4', 'V16', 'V12', 'V8', 'V11', 'V1']",0.8979591836734694,0.03457760314341847,0.06659099508134696,0.627882401997338,6
"['V4', 'V16', 'V12', 'V8', 'V11', 'V5']",0.8979591836734694,0.03434816549570648,0.06616541353383458,0.6367675183224831,6
"['V4', 'V16', 'V12', 'V8', 'V11', 'V20']",0.8979591836734694,0.03463203463203463,0.06669192876089428,0.6268127323196553,6
"['V4', 'V14', 'V20', 'V5', 'V1', 'V21']",0.8979591836734694,0.042573778422835024,0.08129330254041571,0.6110667512847024,6
"['V4', 'V14', 'V11', 'V5', 'V1', 'V21']",0.8979591836734694,0.04749055585536967,0.0902101486417222,0.6233920558220896,6
"['V4', 'V14', 'V11', 'V20', 'V1', 'V21']",0.8979591836734694,0.048591938155715074,0.09219486642221059,0.6239818506831787,6
"['V4', 'V14', 'V11', 'V20', 'V5', 'V1']",0.8979591836734694,0.04824561403508772,0.09157127991675339,0.5874040491466965,6
"['V4', 'V14', 'V17', 'V20', 'V1', 'V21']",0.8979591836734694,0.04442200908632004,0.08465608465608465,0.6321034004766151,6
"['V4', 'V14', 'V17', 'V20', 'V5', 'V21']",0.8979591836734694,0.04196471149260849,0.08018223234624146,0.6516269381276418,6
"['V4', 'V14', 'V17', 'V20', 'V5', 'V1']",0.8979591836734694,0.04411027568922306,0.084089823220258,0.6029571676018401,6
"['V4', 'V14', 'V17', 'V11', 'V1', 'V21']",0.8979591836734694,0.049355019629837356,0.0935672514619883,0.6414037580421014,6
"['V4', 'V14', 'V17', 'V11', 'V5', 'V21']",0.8979591836734694,0.04638903531892462,0.08822055137844612,0.6601467118874855,6
"['V4', 'V16', 'V12', 'V17', 'V1', 'V21']",0.8979591836734694,0.028132992327365727,0.05455672659640422,0.5570343013871981,6
"['V4', 'V16', 'V12', 'V11', 'V20', 'V1']",0.8979591836734694,0.033626289644631255,0.06482504604051566,0.5923265291169681,6
"['V4', 'V12', 'V17', 'V11', 'V20', 'V21']",0.8979591836734694,0.028918830101873152,0.05603311047437122,0.5919333979363505,6
"['V4', 'V16', 'V12', 'V11', 'V20', 'V21']",0.8979591836734694,0.033460076045627375,0.06451612903225806,0.6278372613624702,6
"['V4', 'V12', 'V17', 'V11', 'V20', 'V1']",0.8979591836734694,0.02994215719632528,0.057951926243002966,0.5395967414712913,6
"['V4', 'V12', 'V17', 'V11', 'V20', 'V5']",0.8979591836734694,0.028469750889679714,0.055189714644089054,0.5721295171306114,6
"['V4', 'V12', 'V8', 'V11', 'V1', 'V21']",0.8979591836734694,0.03141735094609068,0.060710589858571924,0.5797249041416314,6
"['V4', 'V12', 'V8', 'V11', 'V5', 'V21']",0.8979591836734694,0.030355294929285962,0.058725392058725394,0.5927461168281595,6
"['V4', 'V12', 'V8', 'V11', 'V5', 'V1']",0.8979591836734694,0.030758476057322615,0.05947955390334572,0.5659746721511814,6
"['V4', 'V12', 'V8', 'V11', 'V20', 'V21']",0.8979591836734694,0.030481468652580532,0.05896147403685092,0.5938939307062538,6
"['V4', 'V12', 'V8', 'V11', 'V20', 'V1']",0.8979591836734694,0.030747728860936407,0.05945945945945946,0.5692151377656645,6
"['V4', 'V12', 'V8', 'V11', 'V20', 'V5']",0.8979591836734694,0.02948073701842546,0.05708725267596497,0.589928615215785,6
"['V4', 'V12', 'V8', 'V17', 'V11', 'V21']",0.8979591836734694,0.030439294361812523,0.05888256942121111,0.5917025570817204,6
"['V4', 'V12', 'V8', 'V17', 'V11', 'V1']",0.8979591836734694,0.030608695652173914,0.05919946182307433,0.5668879872777444,6
"['V4', 'V12', 'V8', 'V17', 'V11', 'V5']",0.8979591836734694,0.029850746268656716,0.05778069599474721,0.5934783001006818,6
"['V4', 'V12', 'V8', 'V17', 'V11', 'V20']",0.8979591836734694,0.029800203183203523,0.057686004588659454,0.592119745888081,6
"['V4', 'V16', 'V12', 'V11', 'V1', 'V21']",0.8979591836734694,0.033950617283950615,0.0654275092936803,0.612289312709314,6
"['V4', 'V16', 'V12', 'V11', 'V5', 'V21']",0.8979591836734694,0.033626289644631255,0.06482504604051566,0.6309218973197285,6
"['V4', 'V16', 'V12', 'V11', 'V5', 'V1']",0.8979591836734694,0.033885252214093185,0.0653061224489796,0.6018343165229857,6
"['V10', 'V14', 'V8', 'V17', 'V20', 'V1']",0.8979591836734694,0.059782608695652176,0.11210191082802548,0.7024963524548687,6
"['V10', 'V14', 'V8', 'V17', 'V5', 'V21']",0.8979591836734694,0.0625,0.11686586985391766,0.72765440889241,6
"['V4', 'V10', 'V8', 'V17', 'V20', 'V5', 'V1']",0.8979591836734694,0.058823529411764705,0.11041405269761606,0.5672927684191069,7
"['V14', 'V8', 'V17', 'V20', 'V5', 'V1']",0.8979591836734694,0.05057471264367816,0.0957562568008705,0.6238804226773558,6
"['V14', 'V12', 'V11', 'V20', 'V5', 'V21']",0.8979591836734694,0.05385556915544676,0.10161662817551963,0.6675048165109034,6
"['V14', 'V12', 'V17', 'V11', 'V5', 'V21']",0.8979591836734694,0.05452292441140025,0.102803738317757,0.6698918855954792,6
"['V14', 'V12', 'V17', 'V11', 'V20', 'V21']",0.8979591836734694,0.058941728064300064,0.11062225015713388,0.6706813564843115,6
"['V14', 'V12', 'V17', 'V11', 'V20', 'V1']",0.8979591836734694,0.05605095541401274,0.10551558752997602,0.64391459925101,6
"['V14', 'V12', 'V17', 'V11', 'V20', 'V5']",0.8979591836734694,0.05402087170042971,0.10191082802547771,0.6681650880622131,6
"['V14', 'V12', 'V8', 'V20', 'V1', 'V21']",0.8979591836734694,0.05493133583021224,0.10352941176470588,0.6821386376319746,6
"['V14', 'V12', 'V8', 'V11', 'V5', 'V21']",0.8979591836734694,0.05269461077844311,0.09954751131221719,0.6828917373508563,6
"['V14', 'V12', 'V8', 'V11', 'V5', 'V1']",0.8979591836734694,0.051492100643651256,0.09739900387382401,0.6651177432651402,6
"['V14', 'V12', 'V8', 'V11', 'V20', 'V21']",0.8979591836734694,0.05573147561747942,0.10494931425163984,0.6887943297701976,6
"['V14', 'V12', 'V8', 'V11', 'V20', 'V5']",0.8979591836734694,0.05275779376498801,0.09966024915062288,0.675210038657453,6
"['V14', 'V12', 'V8', 'V17', 'V5', 'V21']",0.8979591836734694,0.05503439649781113,0.10371243370654096,0.6918623811707912,6
"['V14', 'V12', 'V8', 'V17', 'V20', 'V21']",0.8979591836734694,0.05670103092783505,0.10666666666666667,0.6929543893842458,6
"['V14', 'V12', 'V8', 'V17', 'V11', 'V21']",0.8979591836734694,0.055660974067046176,0.10482430017867779,0.6903284559146691,6
"['V14', 'V12', 'V8', 'V17', 'V11', 'V1']",0.8979591836734694,0.05489706799750468,0.10346854791299236,0.6705313175687387,6
"['V14', 'V12', 'V8', 'V17', 'V11', 'V5']",0.8979591836734694,0.05462445685909373,0.10298420128730251,0.6870797036315017,6
"['V14', 'V12', 'V11', 'V5', 'V1', 'V21']",0.8979591836734694,0.05269461077844311,0.09954751131221719,0.660261632178581,6
"['V14', 'V8', 'V17', 'V20', 'V1', 'V21']",0.8979591836734694,0.053365676167374164,0.10074413279908415,0.6298597279609547,6
"['V14', 'V16', 'V20', 'V5', 'V1', 'V21']",0.8979591836734694,0.05060379528464635,0.09580838323353294,0.6312833749998317,6
"['V14', 'V8', 'V17', 'V5', 'V1', 'V21']",0.8979591836734694,0.05025699600228441,0.09518658734451055,0.6290116873706688,6
"['V4', 'V16', 'V12', 'V8', 'V17', 'V11', 'V20', 'V1', 'V21']",0.8979591836734694,0.03387220939183987,0.06528189910979229,0.6140968648609559,9
"['V4', 'V16', 'V12', 'V8', 'V17', 'V11', 'V20', 'V5', 'V21']",0.8979591836734694,0.03379416282642089,0.06513693560325684,0.6194120944815756,9
"['V4', 'V14', 'V16', 'V17', 'V11', 'V20', 'V5', 'V1', 'V21']",0.8979591836734694,0.04980192416525184,0.09436997319034852,0.6668079580793327,9
"['V4', 'V10', 'V16', 'V11', 'V20', 'V5', 'V21']",0.8979591836734694,0.05751633986928104,0.10810810810810811,0.6509701461041607,7
"['V4', 'V10', 'V16', 'V8', 'V17', 'V11', 'V20', 'V5']",0.8979591836734694,0.056664520283322604,0.10660205935796487,0.6055246098784248,8
"['V4', 'V10', 'V16', 'V8', 'V11', 'V20', 'V5']",0.8979591836734694,0.056015276893698285,0.10545236668663871,0.604874541457737,7
"['V4', 'V10', 'V16', 'V8', 'V11', 'V20', 'V5', 'V21']",0.8979591836734694,0.05608667941363926,0.10557888422315537,0.6420312046118434,8
"['V4', 'V10', 'V16', 'V17', 'V11', 'V20', 'V5', 'V21']",0.8979591836734694,0.05605095541401274,0.10551558752997602,0.647727621589215,8
"['V4', 'V14', 'V16', 'V8', 'V17', 'V11', 'V20', 'V1']",0.8979591836734694,0.05333333333333334,0.10068649885583524,0.6853398221398594,8
"['V4', 'V14', 'V16', 'V17', 'V20', 'V5', 'V1', 'V21']",0.8979591836734694,0.04524421593830334,0.08614782183064121,0.6646016514360723,8
"['V14', 'V17', 'V11', 'V20', 'V5', 'V1']",0.8979591836734694,0.051673517322372284,0.0977234869516935,0.6115960465405622,6
"['V14', 'V8', 'V20', 'V5', 'V1', 'V21']",0.8979591836734694,0.04365079365079365,0.08325449385052035,0.590163475273568,6
"['V14', 'V8', 'V11', 'V5', 'V1', 'V21']",0.8979591836734694,0.045953002610966055,0.08743169398907104,0.5990655883801556,6
"['V14', 'V8', 'V11', 'V20', 'V1', 'V21']",0.8979591836734694,0.05045871559633028,0.09554831704668838,0.6104670906638817,6
"['V14', 'V8', 'V11', 'V20', 'V5', 'V1']",0.8979591836734694,0.04585721730067743,0.0872583044124938,0.5858974557325695,6
"['V14', 'V12', 'V8', 'V17', 'V11', 'V20']",0.8979591836734694,0.05659163987138264,0.10647307924984876,0.6854540299817712,6
"['V14', 'V16', 'V17', 'V5', 'V1', 'V21']",0.8979591836734694,0.05170387779083431,0.09777777777777778,0.6348741474926269,6
"['V10', 'V14', 'V8', 'V17', 'V1', 'V21']",0.8979591836734694,0.060068259385665526,0.1126039667306462,0.6952905031411606,6
"['V14', 'V16', 'V12', 'V8', 'V17', 'V1']",0.8979591836734694,0.05517241379310345,0.10395747194329592,0.6884649258469455,6
"['V14', 'V16', 'V12', 'V8', 'V17', 'V20']",0.8979591836734694,0.05851063829787234,0.10986267166042447,0.701004887688942,6
"['V10', 'V14', 'V11', 'V5', 'V1', 'V21']",0.8979591836734694,0.05388854868340478,0.10167533217793183,0.675725593693511,6
"['V10', 'V14', 'V11', 'V20', 'V1', 'V21']",0.8979591836734694,0.06254442075337598,0.11694352159468438,0.6760079744921744,6
"['V10', 'V14', 'V11', 'V20', 'V5', 'V1']",0.8979591836734694,0.0539546290619252,0.10179294389820706,0.6662073798040392,6
"['V10', 'V14', 'V17', 'V5', 'V1', 'V21']",0.8979591836734694,0.053987730061349694,0.10185185185185185,0.6830673541019586,6
"['V10', 'V14', 'V17', 'V20', 'V1', 'V21']",0.8979591836734694,0.061153578874218205,0.11450878334417697,0.6837189076585228,6
"['V10', 'V14', 'V17', 'V20', 'V5', 'V21']",0.8979591836734694,0.061495457721872815,0.11510791366906475,0.6984060185517824,6
"['V10', 'V14', 'V17', 'V20', 'V5', 'V1']",0.8979591836734694,0.053365676167374164,0.10074413279908415,0.6750978726470821,6
"['V10', 'V14', 'V17', 'V11', 'V1', 'V21']",0.8979591836734694,0.06285714285714286,0.11748998664886515,0.6768103275151763,6
"['V10', 'V14', 'V17', 'V11', 'V5', 'V1']",0.8979591836734694,0.05520702634880803,0.10401891252955082,0.6730029221299813,6
"['V10', 'V14', 'V8', 'V5', 'V1', 'V21']",0.8979591836734694,0.04905239687848383,0.09302325581395349,0.6850940560138676,6
"['V10', 'V14', 'V8', 'V20', 'V1', 'V21']",0.8979591836734694,0.05469235550031075,0.10310486233157587,0.6844731997844897,6
"['V10', 'V14', 'V8', 'V20', 'V5', 'V21']",0.8979591836734694,0.05527638190954774,0.10414201183431952,0.6967836770418774,6
"['V10', 'V14', 'V8', 'V20', 'V5', 'V1']",0.8979591836734694,0.04897050639955482,0.09287598944591029,0.6909919081625057,6
"['V10', 'V14', 'V8', 'V11', 'V5', 'V1']",0.8979591836734694,0.05191740412979351,0.09815950920245399,0.6863248544244309,6
"['V14', 'V16', 'V12', 'V8', 'V17', 'V5']",0.8979591836734694,0.05608667941363926,0.10557888422315537,0.7005844557794212,6
"['V14', 'V16', 'V12', 'V8', 'V17', 'V21']",0.8979591836734694,0.057254391672088484,0.10764525993883792,0.7019604443121534,6
"['V14', 'V16', 'V17', 'V20', 'V1', 'V21']",0.8979591836734694,0.055944055944055944,0.10532615200478755,0.6389107709557225,6
"['V14', 'V16', 'V12', 'V8', 'V20', 'V5']",0.8979591836734694,0.055660974067046176,0.10482430017867779,0.6973043255347722,6
"['V14', 'V16', 'V17', 'V20', 'V5', 'V1']",0.8979591836734694,0.051192553810354854,0.09686296092460099,0.6340457551603139,6
"['V14', 'V16', 'V8', 'V5', 'V1', 'V21']",0.8979591836734694,0.048834628190899,0.09263157894736843,0.6403803444315177,6
"['V14', 'V16', 'V8', 'V20', 'V5', 'V1']",0.8979591836734694,0.048943270300333706,0.09282700421940929,0.6335473097831363,6
"['V14', 'V16', 'V12', 'V5', 'V1', 'V21']",0.8979591836734694,0.05486284289276808,0.10340775558166862,0.6802538793223869,6
"['V14', 'V16', 'V12', 'V20', 'V5', 'V21']",0.8979591836734694,0.055944055944055944,0.10532615200478755,0.6885969457571391,6
"['V14', 'V16', 'V12', 'V20', 'V5', 'V1']",0.8979591836734694,0.05503439649781113,0.10371243370654096,0.6791669006580469,6
"['V14', 'V16', 'V12', 'V17', 'V1', 'V21']",0.8979591836734694,0.0547945205479452,0.10328638497652583,0.6651462260596896,6
"['V14', 'V16', 'V12', 'V17', 'V5', 'V21']",0.8979591836734694,0.05448916408668731,0.10274372446001168,0.6810043968607292,6
"['V14', 'V16', 'V12', 'V17', 'V20', 'V21']",0.8979591836734694,0.06052269601100413,0.1134020618556701,0.6824877715446709,6
"['V14', 'V16', 'V12', 'V17', 'V20', 'V1']",0.8979591836734694,0.05496564647095565,0.10359034726309593,0.662660184397174,6
"['V14', 'V16', 'V12', 'V17', 'V20', 'V5']",0.8979591836734694,0.055,0.10365135453474676,0.6814628120030958,6
"['V14', 'V16', 'V12', 'V17', 'V11', 'V21']",0.8979591836734694,0.061238691718858734,0.11465798045602606,0.6783079622426004,6
"['V14', 'V16', 'V12', 'V17', 'V11', 'V5']",0.8979591836734694,0.05442176870748299,0.10262390670553936,0.679228901121127,6
"['V14', 'V16', 'V12', 'V17', 'V11', 'V20']",0.8979591836734694,0.06064782908339077,0.11362169141381537,0.6789368394480594,6
"['V14', 'V16', 'V12', 'V8', 'V5', 'V1']",0.8979591836734694,0.05285285285285285,0.09982983550765741,0.6860826130647889,6
"['V4', 'V14', 'V17', 'V11', 'V20', 'V5', 'V21']",0.8979591836734694,0.046291425565491845,0.0880440220110055,0.6559386351250083,7
"['V12', 'V14', 'V1']",0.8979591836734694,0.05913978494623656,0.11097099621689786,0.6700811009191541,3
"['V4', 'V14', 'V16', 'V5', 'V1', 'V21']",0.8979591836734694,0.044966785896780784,0.08564476885644769,0.6691060690392684,6
"['V4', 'V12', 'V8', 'V11', 'V5']",0.8979591836734694,0.029401937854994988,0.05693950177935943,0.5910159286084287,5
"['V4', 'V12', 'V8', 'V17', 'V11']",0.8979591836734694,0.02979011509817197,0.057667103538663174,0.5923154786860886,5
"['V4', 'V16', 'V12', 'V11', 'V21']",0.8979591836734694,0.03337125521425863,0.0643510054844607,0.6350107652057376,5
"['V4', 'V16', 'V12', 'V11', 'V1']",0.8979591836734694,0.033820138355111454,0.06518518518518518,0.6053543781720135,5
"['V4', 'V16', 'V12', 'V11', 'V5']",0.8979591836734694,0.03332071185157137,0.0642570281124498,0.6259399556790226,5
"['V4', 'V16', 'V12', 'V11', 'V20']",0.8979591836734694,0.03307027433295753,0.06379122870605292,0.6147185819515439,5
"['V4', 'V16', 'V12', 'V8', 'V11']",0.8979591836734694,0.03456402199528672,0.06656580937972768,0.6309766645267405,5
"['V4', 'V14', 'V5', 'V1', 'V21']",0.8979591836734694,0.042450554751567775,0.08106863196683556,0.6156446585614836,5
"['V4', 'V14', 'V20', 'V1', 'V21']",0.8979591836734694,0.04339250493096647,0.08278457196613359,0.6169725755524769,5
"['V4', 'V14', 'V20', 'V5', 'V1']",0.8979591836734694,0.043073910915320604,0.08220457730032694,0.5794762451354963,5
"['V4', 'V14', 'V11', 'V1', 'V21']",0.8979591836734694,0.04905239687848383,0.09302325581395349,0.6337431341155035,5
"['V4', 'V14', 'V11', 'V5', 'V1']",0.8979591836734694,0.04832509610104338,0.09171443460135487,0.601453640887072,5
"['V4', 'V14', 'V11', 'V20', 'V1']",0.8979591836734694,0.049493813273340834,0.09381663113006397,0.5938888339162387,5
"['V4', 'V14', 'V17', 'V1', 'V21']",0.8979591836734694,0.04428787116255662,0.08441247002398082,0.64007700661026,5
"['V4', 'V14', 'V17', 'V5', 'V21']",0.8979591836734694,0.04194470924690181,0.08014571948998178,0.6554355501470512,5
"['V4', 'V14', 'V17', 'V5', 'V1']",0.8979591836734694,0.04417670682730924,0.08421052631578947,0.6136999469981267,5
"['V4', 'V12', 'V8', 'V11', 'V20']",0.8979591836734694,0.029490616621983913,0.05710577547047372,0.5895764931839554,5
"['V4', 'V12', 'V8', 'V11', 'V1']",0.8979591836734694,0.030747728860936407,0.05945945945945946,0.5682981458674207,5
"['V14', 'V8', 'V5', 'V1', 'V21']",0.8979591836734694,0.04315841098577734,0.08235844642021525,0.5904039859731489,5
"['V4', 'V12', 'V8', 'V11', 'V21']",0.8979591836734694,0.030428769017980636,0.0588628762541806,0.5914310969330564,5
"['V10', 'V14', 'V16', 'V17', 'V1']",0.8979591836734694,0.061754385964912284,0.11556139198949442,0.6910583232792865,5
"['V10', 'V14', 'V16', 'V12', 'V1']",0.8979591836734694,0.06800618238021638,0.12643678160919541,0.7099401620807144,5
"['V10', 'V14', 'V16', 'V12', 'V17']",0.8979591836734694,0.06533036377134373,0.12179930795847752,0.6963051461225909,5
"['V10', 'V14', 'V16', 'V12', 'V8']",0.8979591836734694,0.06656580937972768,0.12394366197183099,0.7348372551842559,5
"['V4', 'V8', 'V11', 'V1', 'V21']",0.8979591836734694,0.027160493827160494,0.052726183343319355,0.3655338315868842,5
"['V4', 'V8', 'V11', 'V5', 'V21']",0.8979591836734694,0.02616711269699673,0.05085235481074834,0.4287978054352115,5
"['V4', 'V8', 'V11', 'V20', 'V21']",0.8979591836734694,0.025814021707245526,0.05018534359851725,0.4316707115467804,5
"['V4', 'V8', 'V11', 'V20', 'V1']",0.8979591836734694,0.026602176541717048,0.051673517322372284,0.32550365988889457,5
"['V4', 'V8', 'V11', 'V20', 'V5']",0.8979591836734694,0.02528735632183908,0.049189491335941866,0.4115241770463072,5
"['V4', 'V12', 'V11', 'V20', 'V1']",0.8979591836734694,0.030855539971949508,0.059661016949152545,0.5508695650733704,5
"['V4', 'V12', 'V11', 'V20', 'V5']",0.8979591836734694,0.02890932982917214,0.056015276893698285,0.5756544291702251,5
"['V4', 'V12', 'V17', 'V11', 'V21']",0.8979591836734694,0.02900461437046803,0.0561941251596424,0.5955919615389778,5
"['V4', 'V12', 'V17', 'V11', 'V1']",0.8979591836734694,0.03002388263391334,0.05810498514361175,0.5471557999797888,5
"['V4', 'V12', 'V17', 'V11', 'V5']",0.8979591836734694,0.02852512155591572,0.05529374803644361,0.5841918708089023,5
"['V4', 'V12', 'V17', 'V11', 'V20']",0.8979591836734694,0.028286724525875925,0.054845746338423186,0.5706367439549362,5
"['V4', 'V14', 'V17', 'V20', 'V21']",0.8979591836734694,0.04296875,0.08201304753028892,0.650688810420162,5
"['V4', 'V14', 'V17', 'V20', 'V1']",0.8979591836734694,0.04524421593830334,0.08614782183064121,0.6044145889597383,5
"['V4', 'V14', 'V17', 'V20', 'V5']",0.8979591836734694,0.042801556420233464,0.08170844939647168,0.6257364122609831,5
"['V4', 'V14', 'V17', 'V11', 'V21']",0.8979591836734694,0.047644829453167295,0.09048843187660668,0.6650557535157707,5
"['V14', 'V8', 'V1', 'V21']",0.8979591836734694,0.04663487016428193,0.08866498740554156,0.5990989431506044,4
"['V14', 'V8', 'V5', 'V1']",0.8979591836734694,0.04339250493096647,0.08278457196613359,0.5812798483782239,4
"['V14', 'V8', 'V20', 'V21']",0.8979591836734694,0.04678362573099415,0.08893380495199596,0.6066316084838747,4
"['V14', 'V8', 'V20', 'V1']",0.8979591836734694,0.046585494970884066,0.08857574232511324,0.5978782016871556,4
"['V14', 'V12', 'V1', 'V21']",0.8979591836734694,0.06035665294924554,0.11311053984575835,0.6730839112463687,4
"['V14', 'V12', 'V5', 'V21']",0.8979591836734694,0.054455445544554455,0.10268378063010501,0.6699750498849767,4
"['V14', 'V12', 'V20', 'V21']",0.8979591836734694,0.062411347517730496,0.11671087533156499,0.6811621003916897,4
"['V14', 'V12', 'V20', 'V1']",0.8979591836734694,0.059379217273954114,0.11139240506329114,0.6700720194852823,4
"['V14', 'V12', 'V11', 'V21']",0.8979591836734694,0.06166783461807989,0.11540983606557377,0.677665240967093,4
"['V14', 'V12', 'V11', 'V5']",0.8979591836734694,0.05448916408668731,0.10274372446001168,0.6702038882940405,4
"['V14', 'V12', 'V11', 'V20']",0.8979591836734694,0.061452513966480445,0.11503267973856209,0.6766102916035643,4
"['V14', 'V12', 'V17', 'V21']",0.8979591836734694,0.05953991880920163,0.1116751269035533,0.6713733221754161,4
"['V14', 'V12', 'V17', 'V5']",0.8979591836734694,0.05506883604505632,0.10377358490566038,0.6730617782659836,4
"['V14', 'V12', 'V17', 'V20']",0.8979591836734694,0.058981233243967826,0.11069182389937107,0.6711320946175374,4
"['V14', 'V12', 'V17', 'V11']",0.8979591836734694,0.05851063829787234,0.10986267166042447,0.6681684516283276,4
"['V14', 'V17', 'V20', 'V5']",0.8979591836734694,0.06223479490806223,0.1164021164021164,0.6439543720501887,4
"['V4', 'V14', 'V16', 'V20', 'V1', 'V21']",0.8979591836734694,0.04638903531892462,0.08822055137844612,0.6675551881062852,6
"['V4', 'V10', 'V8', 'V20', 'V1']",0.8979591836734694,0.05037206639954207,0.0953929539295393,0.5016297294957391,5
"['V4', 'V10', 'V20', 'V1', 'V21']",0.8979591836734694,0.04769647696476965,0.0905815748841997,0.5755302411124024,5
"['V4', 'V14', 'V17', 'V11', 'V5']",0.8979591836734694,0.04713444027852169,0.08956743002544529,0.6410921272759096,5
"['V4', 'V14', 'V16', 'V5', 'V21']",0.8979591836734694,0.044132397191574725,0.0841300191204589,0.6819213155312683,5
"['V4', 'V14', 'V16', 'V20', 'V21']",0.8979591836734694,0.04540763673890609,0.08644400785854617,0.6804400497316596,5
"['V4', 'V14', 'V16', 'V11', 'V20']",0.8979591836734694,0.051222351571594875,0.09691629955947137,0.6649142001219869,5
"['V4', 'V14', 'V16', 'V17', 'V21']",0.8979591836734694,0.045081967213114756,0.08585365853658537,0.6901587703986299,5
"['V4', 'V10', 'V5', 'V1', 'V21']",0.8979591836734694,0.047261009667024706,0.08979591836734693,0.578234938115923,5
"['V4', 'V10', 'V20', 'V5', 'V21']",0.8979591836734694,0.052663076002393776,0.0994912379875636,0.5983237437396572,5
"['V4', 'V10', 'V17', 'V11', 'V20']",0.8979591836734694,0.057254391672088484,0.10764525993883792,0.5661540022000479,5
"['V4', 'V10', 'V11', 'V5', 'V1']",0.8979591836734694,0.05128205128205128,0.0970231532524807,0.5884647377922322,5
"['V4', 'V10', 'V11', 'V20', 'V5']",0.8979591836734694,0.05962059620596206,0.11181702668360864,0.57508410825718,5
"['V4', 'V10', 'V17', 'V5', 'V21']",0.8979591836734694,0.0505166475315729,0.09565217391304348,0.6055243706268653,5
"['V4', 'V10', 'V17', 'V5', 'V1']",0.8979591836734694,0.048298572996706916,0.09166666666666666,0.5782198216533676,5
"['V4', 'V10', 'V17', 'V20', 'V21']",0.8979591836734694,0.04861878453038674,0.09224318658280922,0.585493564174921,5
"['V4', 'V10', 'V17', 'V20', 'V1']",0.8979591836734694,0.04878048780487805,0.09253417455310199,0.5392787525254795,5
"['V10', 'V14', 'V16', 'V5', 'V1']",0.8979591836734694,0.05486284289276808,0.10340775558166862,0.6868557640310232,5
"['V10', 'V14', 'V16', 'V1', 'V21']",0.8979591836734694,0.06572068707991038,0.12247738343771747,0.699581072413575,5
"['V10', 'V14', 'V12', 'V8', 'V17']",0.8979591836734694,0.06232294617563739,0.11655629139072848,0.7216371808854902,5
"['V14', 'V16', 'V12', 'V20', 'V5']",0.8979591836734694,0.05615826419910657,0.1057057057057057,0.6884353892487931,5
"['V14', 'V12', 'V8', 'V11', 'V21']",0.8979591836734694,0.05576679340937896,0.10501193317422435,0.6900673706040235,5
"['V14', 'V12', 'V8', 'V11', 'V5']",0.8979591836734694,0.05307599517490953,0.10022779043280182,0.6782053765369987,5
"['V14', 'V12', 'V8', 'V11', 'V20']",0.8979591836734694,0.05583756345177665,0.10513739545997611,0.6823967612168321,5
"['V14', 'V12', 'V8', 'V17', 'V21']",0.8979591836734694,0.056957928802589,0.10712111990261716,0.6930676162698667,5
"['V14', 'V12', 'V8', 'V17', 'V1']",0.8979591836734694,0.05388854868340478,0.10167533217793183,0.6749782236659712,5
"['V14', 'V12', 'V8', 'V17', 'V5']",0.8979591836734694,0.05531112507856694,0.10420367081113084,0.6885270288974612,5
"['V14', 'V12', 'V8', 'V17', 'V20']",0.8979591836734694,0.05789473684210526,0.10877626699629171,0.6883470537441869,5
"['V14', 'V12', 'V8', 'V17', 'V11']",0.8979591836734694,0.05670103092783505,0.10666666666666667,0.6864398772689476,5
"['V14', 'V16', 'V5', 'V1', 'V21']",0.8979591836734694,0.05063291139240506,0.09586056644880174,0.631844366531228,5
"['V14', 'V16', 'V20', 'V1', 'V21']",0.8979591836734694,0.05659163987138264,0.10647307924984876,0.6403746876381348,5
"['V14', 'V16', 'V20', 'V5', 'V1']",0.8979591836734694,0.05037206639954207,0.0953929539295393,0.6297708751857871,5
"['V14', 'V16', 'V17', 'V1', 'V21']",0.8979591836734694,0.05576679340937896,0.10501193317422435,0.6385649802486018,5
"['V14', 'V16', 'V17', 'V5', 'V1']",0.8979591836734694,0.051643192488262914,0.097669256381798,0.6346067793803633,5
"['V14', 'V16', 'V8', 'V5', 'V1']",0.8979591836734694,0.04899777282850779,0.09292502639915523,0.6343194459432868,5
"['V14', 'V16', 'V12', 'V5', 'V21']",0.8979591836734694,0.05623003194888179,0.105832832230908,0.6892215753438221,5
"['V14', 'V12', 'V8', 'V20', 'V5']",0.8979591836734694,0.05442176870748299,0.10262390670553936,0.6779681720166978,5
"['V14', 'V12', 'V8', 'V20', 'V21']",0.8979591836734694,0.056265984654731455,0.10589651022864019,0.6923227673561634,5
"['V14', 'V12', 'V8', 'V5', 'V21']",0.8979591836734694,0.0539546290619252,0.10179294389820706,0.6856962937502743,5
"['V14', 'V12', 'V11', 'V5', 'V21']",0.8979591836734694,0.05432098765432099,0.10244470314318975,0.6694191936481471,5
"['V14', 'V8', 'V20', 'V5', 'V1']",0.8979591836734694,0.04334975369458128,0.08270676691729323,0.5818394713903837,5
"['V14', 'V8', 'V11', 'V5', 'V1']",0.8979591836734694,0.046511627906976744,0.08844221105527639,0.5830940532054694,5
"['V14', 'V8', 'V17', 'V1', 'V21']",0.8979591836734694,0.053172205438066465,0.10039931545921278,0.6272804624833721,5
"['V14', 'V8', 'V17', 'V5', 'V1']",0.8979591836734694,0.050662061024755324,0.09591280653950954,0.6205716135203314,5
"['V14', 'V8', 'V17', 'V20', 'V1']",0.8979591836734694,0.05382262996941896,0.10155799192152337,0.6320990998938081,5
"['V14', 'V12', 'V20', 'V1', 'V21']",0.8979591836734694,0.060398078242964996,0.11318327974276528,0.6734554000688466,5
"['V14', 'V12', 'V11', 'V20', 'V21']",0.8979591836734694,0.06188466947960619,0.11578947368421053,0.6777948008291443,5
"['V14', 'V12', 'V17', 'V11', 'V20']",0.8979591836734694,0.0583167660702452,0.10952084629744867,0.669401883155405,5
"['V14', 'V12', 'V11', 'V20', 'V5']",0.8979591836734694,0.05392156862745098,0.10173410404624278,0.6675879700145559,5
"['V14', 'V12', 'V17', 'V5', 'V21']",0.8979591836734694,0.05459057071960298,0.10292397660818714,0.6709580819160804,5
"['V14', 'V12', 'V17', 'V20', 'V21']",0.8979591836734694,0.05929919137466307,0.11125158027812895,0.6717087630214656,5
"['V14', 'V12', 'V17', 'V11', 'V21']",0.8979591836734694,0.058981233243967826,0.11069182389937107,0.6694915283988419,5
"['V14', 'V12', 'V17', 'V11', 'V1']",0.8979591836734694,0.056015276893698285,0.10545236668663871,0.6438440673505752,5
"['V14', 'V12', 'V17', 'V11', 'V5']",0.8979591836734694,0.05496564647095565,0.10359034726309593,0.6709239308055347,5
"['V14', 'V16', 'V12', 'V5', 'V1']",0.8979591836734694,0.05486284289276808,0.10340775558166862,0.6792661395784093,5
"['V14', 'V16', 'V12', 'V17', 'V21']",0.8979591836734694,0.060564349621472814,0.11347517730496454,0.6815988275898714,5
"['V10', 'V14', 'V12', 'V8', 'V11']",0.8979591836734694,0.06027397260273973,0.11296534017971759,0.7163728225560232,5
"['V14', 'V16', 'V12', 'V17', 'V1']",0.8979591836734694,0.05459057071960298,0.10292397660818714,0.6624097095644352,5
"['V10', 'V14', 'V8', 'V20', 'V1']",0.8979591836734694,0.05459057071960298,0.10292397660818714,0.6911872093762903,5
"['V10', 'V14', 'V8', 'V17', 'V1']",0.8979591836734694,0.059782608695652176,0.11210191082802548,0.7023690662620568,5
"['V10', 'V14', 'V12', 'V1', 'V21']",0.8979591836734694,0.0667172100075815,0.12420606916019761,0.7001845465653572,5
"['V10', 'V14', 'V12', 'V20', 'V21']",0.8979591836734694,0.06945540647198106,0.12893772893772895,0.6999927167514512,5
"['V10', 'V14', 'V12', 'V20', 'V1']",0.8979591836734694,0.0658682634730539,0.12273361227336123,0.695743751519207,5
"['V10', 'V14', 'V12', 'V11', 'V21']",0.8979591836734694,0.06821705426356589,0.12680115273775217,0.6949279737687108,5
"['V10', 'V14', 'V12', 'V11', 'V1']",0.8979591836734694,0.06722689075630252,0.12508884150675195,0.6913979453926465,5
"['V10', 'V14', 'V12', 'V11', 'V5']",0.8979591836734694,0.05902079141515761,0.11076148521082442,0.6893157918439887,5
"['V10', 'V14', 'V12', 'V11', 'V20']",0.8979591836734694,0.0669710806697108,0.12464589235127478,0.6937460106399579,5
"['V10', 'V14', 'V12', 'V17', 'V21']",0.8979591836734694,0.06446886446886448,0.12030075187969924,0.6872972213565927,5
"['V10', 'V14', 'V12', 'V17', 'V20']",0.8979591836734694,0.06317300789662599,0.11804158283031523,0.6888827904254434,5
"['V10', 'V14', 'V12', 'V17', 'V11']",0.8979591836734694,0.06267806267806268,0.11717709720372836,0.6859151408848878,5
"['V10', 'V14', 'V12', 'V8', 'V21']",0.8979591836734694,0.06153846153846154,0.11518324607329843,0.7222479336388871,5
"['V10', 'V14', 'V12', 'V8', 'V1']",0.8979591836734694,0.06060606060606061,0.1135483870967742,0.7181593023425435,5
"['V10', 'V14', 'V12', 'V8', 'V20']",0.8979591836734694,0.06236711552090716,0.1166335321404904,0.7218769221394304,5
"['V10', 'V14', 'V8', 'V5', 'V1']",0.8979591836734694,0.04905239687848383,0.09302325581395349,0.686465811967397,5
"['V10', 'V14', 'V8', 'V5', 'V21']",0.8979591836734694,0.055345911949685536,0.10426540284360189,0.6965181332736311,5
"['V10', 'V14', 'V8', 'V1', 'V21']",0.8979591836734694,0.05459057071960298,0.10292397660818714,0.6830153006835133,5
"['V10', 'V14', 'V20', 'V5', 'V21']",0.8979591836734694,0.05590851334180432,0.10526315789473684,0.6835799095533817,5
"['V14', 'V16', 'V12', 'V17', 'V5']",0.8979591836734694,0.05517241379310345,0.10395747194329592,0.6827485165105501,5
"['V14', 'V16', 'V12', 'V17', 'V20']",0.8979591836734694,0.06027397260273973,0.11296534017971759,0.681648959323646,5
"['V14', 'V16', 'V12', 'V17', 'V11']",0.8979591836734694,0.060564349621472814,0.11347517730496454,0.675459720615664,5
"['V14', 'V16', 'V12', 'V8', 'V5']",0.8979591836734694,0.05605095541401274,0.10551558752997602,0.7004461973747088,5
"['V14', 'V16', 'V12', 'V8', 'V17']",0.8979591836734694,0.058394160583941604,0.10965732087227414,0.7015121295087836,5
"['V10', 'V14', 'V20', 'V1', 'V21']",0.8979591836734694,0.058823529411764705,0.11041405269761606,0.6808496674889638,5
"['V10', 'V14', 'V20', 'V5', 'V1']",0.8979591836734694,0.05008537279453614,0.09487870619946091,0.6653333799000121,5
"['V10', 'V14', 'V17', 'V11', 'V1']",0.8979591836734694,0.06219081272084806,0.1163251817580965,0.6638689978262745,5
"['V10', 'V14', 'V11', 'V1', 'V21']",0.8979591836734694,0.06285714285714286,0.11748998664886515,0.6772544295819105,5
"['V10', 'V14', 'V11', 'V5', 'V1']",0.8979591836734694,0.053987730061349694,0.10185185185185185,0.6670488337029902,5
"['V10', 'V14', 'V17', 'V1', 'V21']",0.8979591836734694,0.06128133704735376,0.11473272490221642,0.684481058799464,5
"['V10', 'V14', 'V17', 'V5', 'V21']",0.8979591836734694,0.06162464985994398,0.11533420707732635,0.6987490285598713,5
"['V10', 'V14', 'V17', 'V5', 'V1']",0.8979591836734694,0.05343047965998786,0.1008595988538682,0.6754532685141035,5
"['V10', 'V14', 'V17', 'V20', 'V1']",0.8979591836734694,0.06089965397923876,0.11406351263771873,0.6707911379250406,5
"['V14', 'V12', 'V8', 'V21']",0.8979591836734694,0.0567741935483871,0.10679611650485436,0.6923925242478075,4
"['V14', 'V12', 'V8', 'V1']",0.8979591836734694,0.055450535601764335,0.10445103857566766,0.6821614106047216,4
"['V14', 'V12', 'V8', 'V5']",0.8979591836734694,0.05448916408668731,0.10274372446001168,0.679269441926312,4
"['V17', 'V14', 'V10', 'V8', 'V16', 'V2', 'Amount', 'V9', 'V12', 'V20']",0.8979591836734694,0.06470588235294118,0.12071330589849108,0.7430601106495958,10
"['V17', 'V14', 'V10', 'V8', 'V16', 'V2', 'Amount', 'V9', 'V12', 'V21', 'V7', 'V20']",0.8979591836734694,0.06267806267806268,0.11717709720372836,0.7453616566516588,12
"['V17', 'V14', 'V10', 'V8', 'V16', 'V2', 'Amount', 'V9', 'V12', 'V21', 'V7', 'V19']",0.8979591836734694,0.06344628695025234,0.11851851851851852,0.7414049164505591,12
"['V17', 'V14', 'V10', 'V8', 'V16', 'V2', 'Amount', 'V9', 'V12', 'V21', 'V7', 'V18']",0.8979591836734694,0.06219081272084806,0.1163251817580965,0.7435187058580801,12
"['V17', 'V14', 'V10', 'V8', 'V16', 'V2', 'Amount', 'V9', 'V12', 'V21', 'V7', 'V11']",0.8979591836734694,0.06073153899240856,0.11376858435681965,0.7417232703884594,12
"['V17', 'V14', 'V10', 'V8', 'V16', 'V2', 'Amount', 'V9', 'V12', 'V21', 'V7', 'V6']",0.8979591836734694,0.06344628695025234,0.11851851851851852,0.7425047010351058,12
"['V17', 'V14', 'V10', 'V8', 'V16', 'V2', 'Amount', 'V9', 'V12', 'V21', 'V7', 'V5']",0.8979591836734694,0.06162464985994398,0.11533420707732635,0.7413830036120681,12
"['V17', 'V14', 'V10', 'V8', 'V16', 'V2', 'Amount', 'V9', 'V12', 'V21', 'V7', 'V1']",0.8979591836734694,0.06035665294924554,0.11311053984575835,0.7334368368157292,12
"['V17', 'V14', 'V10', 'V8', 'V16', 'V2', 'Amount', 'V9', 'V12', 'V21', 'V20']",0.8979591836734694,0.06285714285714286,0.11748998664886515,0.7450982360229734,11
"['V17', 'V14', 'V10', 'V8', 'V16', 'V2', 'Amount', 'V9', 'V12', 'V21', 'V19']",0.8979591836734694,0.06330935251798561,0.11827956989247312,0.7414013000675265,11
"['V17', 'V14', 'V10', 'V8', 'V16', 'V2', 'Amount', 'V9', 'V12', 'V21', 'V18']",0.8979591836734694,0.06219081272084806,0.1163251817580965,0.7433202557155073,11
"['V17', 'V14', 'V10', 'V8', 'V16', 'V2', 'Amount', 'V9', 'V12', 'V21', 'V11']",0.8979591836734694,0.06073153899240856,0.11376858435681965,0.7417828842774019,11
"['V17', 'V14', 'V10', 'V8', 'V16', 'V2', 'Amount', 'V9', 'V12', 'V21', 'V7']",0.8979591836734694,0.06219081272084806,0.1163251817580965,0.7454816956554512,11
"['V17', 'V14', 'V10', 'V8', 'V16', 'V2', 'Amount', 'V9', 'V12', 'V21', 'V6']",0.8979591836734694,0.06367583212735166,0.11891891891891893,0.7436578919119474,11
"['V17', 'V14', 'V10', 'V8', 'V16', 'V2', 'Amount', 'V9', 'V12', 'V21', 'V5']",0.8979591836734694,0.061366806136680614,0.11488250652741515,0.739676435852123,11
"['V17', 'V14', 'V10', 'V8', 'V16', 'V2', 'Amount', 'V9', 'V12', 'V21', 'V1']",0.8979591836734694,0.060398078242964996,0.11318327974276528,0.7351529239702689,11
"['V17', 'V14', 'V10', 'V8', 'V16', 'V2', 'Amount', 'V9', 'V12', 'V21', 'V7', 'V20', 'V1']",0.8979591836734694,0.06035665294924554,0.11311053984575835,0.7330643791774588,13
"['V17', 'V14', 'V10', 'V8', 'V16', 'V2', 'Amount', 'V9', 'V12', 'V21', 'V7', 'V20', 'V5']",0.8979591836734694,0.06179775280898876,0.11563731931668857,0.7416206128925001,13
"['V17', 'V14', 'V10', 'V8', 'V16', 'V2', 'Amount', 'V9', 'V12', 'V21', 'V7', 'V20', 'V6']",0.8979591836734694,0.06344628695025234,0.11851851851851852,0.7425361609847709,13
"['V17', 'V14', 'V10', 'V8', 'V16', 'V2', 'Amount', 'V9', 'V12', 'V21', 'V7', 'V20', 'V18', 'V5', 'V1']",0.8979591836734694,0.0582010582010582,0.1093167701863354,0.7298515682070942,15
"['V17', 'V14', 'V10', 'V8', 'V16', 'V2', 'Amount', 'V9', 'V12', 'V21', 'V7', 'V20', 'V18', 'V5', 'V11', 'V3']",0.8979591836734694,0.05587301587301587,0.10520023909145249,0.7270381508789976,16
"['V17', 'V14', 'V10', 'V8', 'V16', 'V2', 'Amount', 'V9', 'V12', 'V21', 'V7', 'V20', 'V18', 'V5', 'V11', 'V1']",0.8979591836734694,0.05615826419910657,0.1057057057057057,0.7354926856715769,16
"['V17', 'V14', 'V10', 'V8', 'V16', 'V2', 'Amount', 'V9', 'V12', 'V21', 'V7', 'V20', 'V18', 'V5', 'V19']",0.8979591836734694,0.061452513966480445,0.11503267973856209,0.7357603251067938,15
"['V17', 'V14', 'V10', 'V8', 'V16', 'V2', 'Amount', 'V9', 'V12', 'V21', 'V7', 'V20', 'V18', 'V5', 'V11']",0.8979591836734694,0.05644644002565747,0.10621605310802655,0.7401462431893941,15
"['V17', 'V14', 'V10', 'V8', 'V16', 'V2', 'Amount', 'V9', 'V12', 'V21', 'V7', 'V20', 'V18', 'V5', 'V6']",0.8979591836734694,0.05994550408719346,0.1123882503192848,0.735470703583245,15
"['V17', 'V14', 'V10', 'V8', 'V16', 'V2', 'Amount', 'V9', 'V12', 'V21', 'V7', 'V20', 'V18', 'V5', 'V3']",0.8979591836734694,0.056555269922879174,0.10640870616686819,0.7275108186643571,15
"['V17', 'V14', 'V10', 'V8', 'V16', 'V2', 'Amount', 'V9', 'V12', 'V21', 'V7', 'V20', 'V18', 'V19']",0.8979591836734694,0.06308243727598567,0.11788345612860013,0.7390879762818889,14
"['V17', 'V14', 'V10', 'V8', 'V16', 'V2', 'Amount', 'V9', 'V12', 'V21', 'V7', 'V20', 'V11']",0.8979591836734694,0.0608154803040774,0.113915857605178,0.7417286835009866,13
"['V17', 'V14', 'V10', 'V8', 'V16', 'V2', 'Amount', 'V9', 'V12', 'V21', 'V7', 'V20', 'V18', 'V11']",0.8979591836734694,0.060984060984060985,0.11421155094094744,0.7398844184084014,14
"['V17', 'V14', 'V10', 'V8', 'V16', 'V2', 'Amount', 'V9', 'V12', 'V21', 'V7', 'V20', 'V18', 'V6']",0.8979591836734694,0.06330935251798561,0.11827956989247312,0.7390075078480773,14
"['V17', 'V14', 'V10', 'V8', 'V16', 'V2', 'Amount', 'V9', 'V12', 'V21', 'V7', 'V20', 'V18', 'V5']",0.8979591836734694,0.061495457721872815,0.11510791366906475,0.7400406866722196,14
"['V17', 'V14', 'V10', 'V8', 'V16', 'V2', 'Amount', 'V9', 'V12', 'V21', 'V7', 'V20', 'V18', 'V1']",0.8979591836734694,0.05925925925925926,0.11118130132659507,0.7283633658172652,14
"['V17', 'V14', 'V10', 'V8', 'V16', 'V2', 'Amount', 'V9', 'V12', 'V21', 'V7', 'V20', 'V19']",0.8979591836734694,0.06344628695025234,0.11851851851851852,0.741433429670748,13
"['V17', 'V14', 'V10', 'V8', 'V16', 'V2', 'Amount', 'V9', 'V12', 'V21', 'V7', 'V20', 'V18']",0.8979591836734694,0.06258890469416785,0.11702127659574468,0.7435264459666998,13
"['V17', 'V14', 'V10', 'V8', 'V16', 'V2', 'Amount', 'V9', 'V12', 'V21']",0.8979591836734694,0.06294706723891273,0.11764705882352941,0.7450999644230681,10
"['V17', 'V14', 'V10', 'V8', 'V16', 'V2', 'Amount', 'V9', 'V12', 'V18']",0.8979591836734694,0.0641399416909621,0.11972789115646258,0.739915141835591,10
"['V17', 'V14', 'V10', 'V8', 'V16', 'V2', 'Amount', 'V9', 'V12', 'V21', 'V7', 'V20', 'V18', 'V5', 'V11', 'V19']",0.8979591836734694,0.057704918032786885,0.10844115834873691,0.7396664700946243,16
"['V17', 'V14', 'V10', 'V8', 'V16', 'V2', 'Amount', 'V9', 'V12', 'V11']",0.8979591836734694,0.06205923836389281,0.11609498680738786,0.7405526706066539,10
"['V17', 'V14', 'V10', 'V1']",0.8979591836734694,0.061452513966480445,0.11503267973856209,0.6731266070941719,4
"['V17', 'V14', 'V12']",0.8979591836734694,0.05902079141515761,0.11076148521082442,0.6701327924682693,3
"['V17', 'V14', 'V4']",0.8979591836734694,0.04337111877772302,0.08274565115185707,0.6496565549733938,3
"['V12', 'V14', 'Amount']",0.8979591836734694,0.06395348837209303,0.11940298507462686,0.6794027430240331,3
"['V12', 'V14', 'V21']",0.8979591836734694,0.0625,0.11686586985391766,0.6805467200275256,3
"['V12', 'V14', 'V20']",0.8979591836734694,0.061971830985915494,0.11594202898550725,0.6803556378443282,3
"['V12', 'V14', 'V19']",0.8979591836734694,0.06267806267806268,0.11717709720372836,0.6742272857754014,3
"['V12', 'V14', 'V18']",0.8979591836734694,0.060068259385665526,0.1126039667306462,0.6706352692966213,3
"['V12', 'V14', 'V17']",0.8979591836734694,0.05902079141515761,0.11076148521082442,0.6701327924682693,3
"['V12', 'V14', 'V11']",0.8979591836734694,0.06184118060435699,0.11571334648257725,0.6760332901124049,3
"['V12', 'V14', 'V10']",0.8979591836734694,0.0682699767261443,0.12689257390050468,0.6990386625028859,3
"['V12', 'V14', 'V8']",0.8979591836734694,0.057291666666666664,0.10771113831089352,0.688692653271498,3
"['V12', 'V14', 'V7']",0.8979591836734694,0.06281227694503926,0.11741160773849232,0.6805361085803328,3
"['V12', 'V14', 'V6']",0.8979591836734694,0.06245564229950319,0.11678832116788321,0.6793677775080581,3
"['V12', 'V14', 'V5']",0.8979591836734694,0.05482866043613707,0.10334703464474457,0.6727187123415429,3
"['V17', 'V14', 'V10', 'V2']",0.8979591836734694,0.06576980568011959,0.12256267409470752,0.6968586712010644,4
"['V17', 'V14', 'V10', 'V5']",0.8979591836734694,0.060191518467852256,0.11282051282051282,0.6920305753851517,4
"['V17', 'V14', 'V10', 'V12']",0.8979591836734694,0.06330935251798561,0.11827956989247312,0.6863787960313567,4
"['V17', 'V14', 'V10', 'V8', 'V16', 'V2', 'Amount', 'V9', 'V6']",0.8979591836734694,0.07230895645028759,0.1338403041825095,0.7362926668883423,9
"['V17', 'V14', 'V10', 'V8', 'V16', 'V2', 'Amount', 'V9', 'V12', 'V7']",0.8979591836734694,0.06390704429920116,0.11932203389830509,0.7442797660970644,10
"['V17', 'V14', 'V10', 'V8', 'V16', 'V2', 'Amount', 'V9', 'V12', 'V6']",0.8979591836734694,0.06340057636887608,0.11843876177658143,0.7419702245858586,10
"['V17', 'V14', 'V10', 'V8', 'V16', 'V2', 'Amount', 'V9', 'V12', 'V5']",0.8979591836734694,0.0608154803040774,0.113915857605178,0.7395460664265776,10
"['V17', 'V14', 'V10', 'V8', 'V16', 'V2', 'Amount', 'V9', 'V12', 'V1']",0.8979591836734694,0.06073153899240856,0.11376858435681965,0.7325024339894207,10
"['V17', 'V14', 'V10', 'V8', 'V16', 'V2', 'Amount', 'V9', 'V21']",0.8979591836734694,0.07119741100323625,0.13193403298350825,0.7399151359873665,9
"['V17', 'V14', 'V10', 'V8', 'V16', 'V2', 'Amount', 'V9', 'V12']",0.8979591836734694,0.06432748538011696,0.12005457025920874,0.7435874405406497,9
"['V17', 'V14', 'V10', 'V8', 'V16', 'V2', 'Amount', 'V9', 'V5']",0.8979591836734694,0.06967537608867776,0.1293166789125643,0.737356812219409,9
"['V17', 'V14', 'V10', 'V8', 'V1']",0.8979591836734694,0.059782608695652176,0.11210191082802548,0.7023690662620568,5
"['V17', 'V14', 'V10', 'V8', 'V16', 'V2', 'Amount', 'V9', 'V1']",0.8979591836734694,0.06340057636887608,0.11843876177658143,0.7183931842879417,9
"['V17', 'V14', 'V10', 'V8', 'V16', 'V2', 'Amount', 'V6']",0.8979591836734694,0.06562266964951528,0.12230715774843641,0.7316193405971657,8
"['V17', 'V14', 'V10', 'V8', 'V16', 'V2', 'Amount', 'V1']",0.8979591836734694,0.06073153899240856,0.11376858435681965,0.7125338856402809,8
"['V17', 'V14', 'V10', 'V8', 'V16', 'V2', 'V1']",0.8979591836734694,0.0608154803040774,0.113915857605178,0.7131304022061248,7
"['V17', 'V14', 'V10', 'V8', 'V16', 'V12']",0.8979591836734694,0.06409322651128915,0.11964649898028552,0.7277264610976893,6
"['V17', 'V14', 'V10', 'V8', 'V12']",0.8979591836734694,0.06232294617563739,0.11655629139072848,0.7216371808854902,5
"['V17', 'V14', 'V10', 'V8', 'V16', 'V2', 'Amount', 'V9', 'V12', 'V21', 'V7', 'V20', 'V18', 'V5', 'V11', 'V6']",0.8979591836734694,0.05659163987138264,0.10647307924984876,0.7371585815197496,16
"['V17', 'V14', 'V10', 'V8', 'V16', 'V2', 'Amount', 'V9', 'V12', 'V21', 'V7', 'V20', 'V18', 'V5', 'V11', 'V19', 'V1']",0.8979591836734694,0.056518946692357096,0.10634441087613293,0.7301604812910629,17
"['V14', 'V12', 'V8', 'V20']",0.8979591836734694,0.057254391672088484,0.10764525993883792,0.6864848301199996,4
"['V4', 'V14', 'V20', 'V1']",0.8979591836734694,0.04442200908632004,0.08465608465608465,0.585116535129358,4
"['V10', 'V14', 'V12', 'V17']",0.8979591836734694,0.06330935251798561,0.11827956989247312,0.6863787960313567,4
"['V10', 'V14', 'V12', 'V8']",0.8979591836734694,0.06232294617563739,0.11655629139072848,0.7217331350512018,4
"['V10', 'V14', 'V16', 'V1']",0.8979591836734694,0.06499261447562776,0.12121212121212122,0.6932590985365783,4
"['V4', 'V11', 'V20', 'V5']",0.8979591836734694,0.02491506228765572,0.048484848484848485,0.40757359591687786,4
"['V4', 'V8', 'V11', 'V21']",0.8979591836734694,0.02579132473622509,0.05014245014245014,0.43425150308010907,4
"['V4', 'V8', 'V11', 'V1']",0.8979591836734694,0.02652200120554551,0.05152224824355972,0.3317380297321293,4
"['V4', 'V8', 'V11', 'V5']",0.8979591836734694,0.025418833044482957,0.04943820224719101,0.44995967044304114,4
"['V4', 'V8', 'V11', 'V20']",0.8979591836734694,0.02476780185758514,0.04820597096685839,0.42269312680389914,4
"['V4', 'V12', 'V11', 'V1']",0.8979591836734694,0.031018681706027493,0.059965928449744466,0.5585333643741871,4
"['V4', 'V12', 'V11', 'V5']",0.8979591836734694,0.028928336620644313,0.05605095541401274,0.5872935432714946,4
"['V4', 'V12', 'V11', 'V20']",0.8979591836734694,0.028861921941620204,0.055926278995869085,0.5786065870940931,4
"['V4', 'V12', 'V17', 'V11']",0.8979591836734694,0.028304921196526216,0.054879950109136266,0.5836714515926573,4
"['V4', 'V12', 'V8', 'V11']",0.8979591836734694,0.0294314381270903,0.05699481865284974,0.5905851792543388,4
"['V4', 'V16', 'V12', 'V11']",0.8979591836734694,0.03310759969902182,0.06386066763425254,0.6310186436257381,4
"['V4', 'V14', 'V1', 'V21']",0.8979591836734694,0.04317958783120707,0.08239700374531835,0.6263287674331891,4
"['V10', 'V14', 'V12', 'V11']",0.8979591836734694,0.06717557251908397,0.125,0.694167097456321,4
"['V10', 'V14', 'V12', 'V20']",0.8979591836734694,0.06842923794712286,0.12716763005780346,0.6995490626953075,4
"['V10', 'V14', 'V12', 'V1']",0.8979591836734694,0.06581899775617053,0.12264808362369338,0.6961872991663424,4
"['V10', 'V14', 'V1', 'V21']",0.8979591836734694,0.05874499332443257,0.11027568922305764,0.6809196316541499,4
"['V14', 'V12', 'V8', 'V11']",0.8979591836734694,0.05590851334180432,0.10526315789473684,0.6852910499081399,4
"['V14', 'V12', 'V8', 'V17']",0.8979591836734694,0.05789473684210526,0.10877626699629171,0.690077468025712,4
"['V14', 'V16', 'V1', 'V21']",0.8979591836734694,0.05641025641025641,0.10615199034981906,0.639606911582088,4
"['V14', 'V16', 'V5', 'V1']",0.8979591836734694,0.050720461095100866,0.09601745771958538,0.6314541715292874,4
"['V14', 'V16', 'V12', 'V5']",0.8979591836734694,0.05641025641025641,0.10615199034981906,0.6890251943948251,4
"['V14', 'V16', 'V12', 'V17']",0.8979591836734694,0.059782608695652176,0.11210191082802548,0.6782208459094694,4
"['V10', 'V14', 'V5', 'V21']",0.8979591836734694,0.05597964376590331,0.10538922155688622,0.6827772836115455,4
"['V10', 'V14', 'V12', 'V21']",0.8979591836734694,0.06929133858267716,0.1286549707602339,0.6999371596524417,4
"['V10', 'V14', 'V5', 'V1']",0.8979591836734694,0.05008537279453614,0.09487870619946091,0.6653532787110347,4
"['V10', 'V14', 'V20', 'V1']",0.8979591836734694,0.05778069599474721,0.10857495373226403,0.6654794327950649,4
"['V10', 'V14', 'V11', 'V1']",0.8979591836734694,0.06219081272084806,0.1163251817580965,0.6642396683661654,4
"['V10', 'V14', 'V17', 'V1']",0.8979591836734694,0.061452513966480445,0.11503267973856209,0.6731266070941719,4
"['V10', 'V14', 'V17', 'V5']",0.8979591836734694,0.060191518467852256,0.11282051282051282,0.6920305753851517,4
"['V10', 'V14', 'V8', 'V1']",0.8979591836734694,0.054455445544554455,0.10268378063010501,0.6907362047939781,4
"['V4', 'V14', 'V5', 'V1']",0.8979591836734694,0.043137254901960784,0.0823199251637044,0.5914377130603167,4
"['V4', 'V14', 'V17', 'V21']",0.8979591836734694,0.04286410131514856,0.08182240818224082,0.6607096079872574,4
"['V17', 'V14', 'V10', 'V8', 'V16', 'V2', 'Amount', 'V9', 'V12', 'V21', 'V7', 'V20', 'V18', 'V5', 'V11', 'V19', 'V3']",0.8979591836734694,0.05573147561747942,0.10494931425163984,0.7229288025587325,17
"['V4', 'V14', 'V17', 'V5']",0.8979591836734694,0.04253262445625906,0.08121827411167512,0.6408900303736524,4
"['V14', 'V12', 'V17']",0.8979591836734694,0.05902079141515761,0.11076148521082442,0.6701327924682693,3
"['V14', 'V12', 'V8']",0.8979591836734694,0.057291666666666664,0.10771113831089352,0.688692653271498,3
"['V10', 'V14', 'V1']",0.8979591836734694,0.05827814569536424,0.10945273631840796,0.6687556695999164,3
"['V10', 'V14', 'V5']",0.8979591836734694,0.05524168236032643,0.10408042578356003,0.6743547213587835,3
"['V10', 'V14', 'V12']",0.8979591836734694,0.0682699767261443,0.12689257390050468,0.6990386625028859,3
"['V4', 'V11', 'V1']",0.8979591836734694,0.026586102719033233,0.051643192488262914,0.33864973755270855,3
"['V4', 'V11', 'V5']",0.8979591836734694,0.025142857142857144,0.048916064480266815,0.4831639530460047,3
"['V4', 'V11', 'V20']",0.8979591836734694,0.02479571710340941,0.048258842884562655,0.41367500223088177,3
"['V4', 'V8', 'V11']",0.8979591836734694,0.02495038276155373,0.04855172413793103,0.4602113529506246,3
"['V4', 'V14', 'V1']",0.8979591836734694,0.04435483870967742,0.0845341018251681,0.6044197818962586,3
"['V4', 'V14', 'V17']",0.8979591836734694,0.04337111877772302,0.08274565115185707,0.6496565549733938,3
"['V4', 'V10', 'V1']",0.8979591836734694,0.044602128737962494,0.08498309995171414,0.559623425845419,3
"['V4', 'V10', 'V5']",0.8979591836734694,0.04777415852334419,0.09072164948453608,0.5842397586209949,3
"['V4', 'V10', 'V17']",0.8979591836734694,0.04703367183324426,0.0893854748603352,0.5958358176417751,3
"['V17', 'V14', 'V10', 'V8', 'V16', 'V2', 'Amount', 'V9', 'V12', 'V21', 'V7', 'V20', 'V18', 'V5', 'V11', 'V19', 'V6']",0.8979591836734694,0.05755395683453238,0.10817455439459127,0.7341788913186962,17
"['V14', 'V12', 'V11']",0.8979591836734694,0.06184118060435699,0.11571334648257725,0.6760332901124049,3
"['V14', 'V12', 'V20']",0.8979591836734694,0.061971830985915494,0.11594202898550725,0.6803556378443282,3
"['V14', 'V12', 'V5']",0.8979591836734694,0.05482866043613707,0.10334703464474457,0.6727187123415429,3
"['V4', 'V10', 'V11', 'V20']",0.8979591836734694,0.056957928802589,0.10712111990261716,0.5650318382573715,4
"['V4', 'V14', 'V17', 'V20']",0.8979591836734694,0.04369414101290963,0.08333333333333333,0.6264793962619862,4
"['V4', 'V10', 'V5', 'V21']",0.8979591836734694,0.04899777282850779,0.09292502639915523,0.5920260853079278,4
"['V4', 'V10', 'V5', 'V1']",0.8979591836734694,0.045881126173096975,0.0873015873015873,0.5571791154973604,4
"['V4', 'V10', 'V20', 'V21']",0.8979591836734694,0.04856512141280353,0.09214659685863874,0.5828760202499706,4
"['V4', 'V10', 'V20', 'V1']",0.8979591836734694,0.04835164835164835,0.09176225234619395,0.5322826900221719,4
"['V4', 'V10', 'V11', 'V5']",0.8979591836734694,0.054187192118226604,0.10220673635307782,0.6120606098549057,4
"['V4', 'V10', 'V17', 'V5']",0.8979591836734694,0.05089647194910353,0.0963327859879584,0.5973032222057378,4
"['V14', 'V12', 'V1']",0.8979591836734694,0.05913978494623656,0.11097099621689786,0.6700811009191541,3
"['V4', 'V10', 'V17', 'V20']",0.8979591836734694,0.04966139954853273,0.09411764705882353,0.552486346243067,4
"['V4', 'V10', 'V8', 'V5']",0.8979591836734694,0.04886174347584675,0.09268035808320169,0.5072188873215379,4
"['V4', 'V10', 'V8', 'V20']",0.8979591836734694,0.049914917753828704,0.09457281031703385,0.500321012431763,4
"['V14', 'V8', 'V1']",0.8979591836734694,0.04638903531892462,0.08822055137844612,0.5926514605748614,3
"['V14', 'V8', 'V20']",0.8979591836734694,0.04749055585536967,0.0902101486417222,0.6073045786708312,3
"['V14', 'V12', 'V21']",0.8979591836734694,0.0625,0.11686586985391766,0.6805467200275256,3
"['V14', 'V8', 'V20', 'V1', 'V21']",0.8979591836734694,0.047084002140181914,0.08947635993899339,0.6021792005228979,5
"['V4', 'V14', 'V17', 'V5', 'V1', 'V21']",0.8979591836734694,0.043521266073194856,0.0830188679245283,0.6314060084814647,6
"['V4', 'V10', 'V17', 'V20', 'V1', 'V21']",0.8979591836734694,0.048087431693989074,0.0912863070539419,0.5793112810711337,6
"['V4', 'V14', 'V16', 'V17', 'V11', 'V20']",0.8979591836734694,0.0502283105022831,0.09513513513513513,0.6604911969269687,6
"['V4', 'V10', 'V17', 'V20', 'V5', 'V21']",0.8979591836734694,0.05517241379310345,0.10395747194329592,0.6063587485072018,6
"['V4', 'V10', 'V17', 'V5', 'V1', 'V21']",0.8979591836734694,0.049355019629837356,0.0935672514619883,0.5928409753835436,6
"['V4', 'V10', 'V11', 'V20', 'V5', 'V1']",0.8979591836734694,0.05870580386924616,0.11020663744520977,0.5706253187874946,6
"['V4', 'V10', 'V20', 'V5', 'V1', 'V21']",0.8979591836734694,0.052916416115454,0.09994321408290743,0.5989723588633549,6
"['V4', 'V10', 'V17', 'V11', 'V20', 'V5']",0.8979591836734694,0.061409630146545706,0.11495754408883083,0.5841737606187556,6
"['V4', 'V14', 'V16', 'V8', 'V11', 'V20']",0.8979591836734694,0.05282112845138055,0.09977324263038549,0.6854209571509006,6
"['V4', 'V14', 'V16', 'V17', 'V20', 'V21']",0.8979591836734694,0.04501278772378517,0.08572820263029712,0.6801345826145915,6
"['V4', 'V14', 'V16', 'V17', 'V5', 'V21']",0.8979591836734694,0.04428787116255662,0.08441247002398082,0.683208612024756,6
"['V4', 'V14', 'V16', 'V17', 'V1', 'V21']",0.8979591836734694,0.045174537987679675,0.08602150537634409,0.6746704336462455,6
"['V4', 'V14', 'V16', 'V20', 'V5', 'V21']",0.8979591836734694,0.04395604395604396,0.0838095238095238,0.6764582353630572,6
"['V14', 'V16', 'V12', 'V11', 'V20', 'V5', 'V21']",0.8877551020408163,0.054070851460534496,0.10193321616871705,0.6854045108185622,7
"['V14', 'V16', 'V12', 'V11', 'V20', 'V5', 'V1']",0.8877551020408163,0.053604436229205174,0.1011040092969204,0.6778168423902542,7
"['V14', 'V16', 'V12', 'V17', 'V20', 'V1', 'V21']",0.8877551020408163,0.05423940149625935,0.10223266745005875,0.6661112046938398,7
"['V14', 'V16', 'V12', 'V17', 'V11', 'V1', 'V21']",0.8877551020408163,0.057049180327868855,0.10720887245841035,0.6655878236094415,7
"['V14', 'V16', 'V12', 'V11', 'V20', 'V1', 'V21']",0.8877551020408163,0.06526631657914479,0.12159329140461216,0.6872008695432064,7
"['V14', 'V16', 'V12', 'V17', 'V11', 'V20', 'V1']",0.8877551020408163,0.05649350649350649,0.10622710622710622,0.6620694236237495,7
"['V14', 'V16', 'V12', 'V8', 'V20', 'V1', 'V21']",0.8877551020408163,0.05649350649350649,0.10622710622710622,0.7023789516605354,7
"['V14', 'V17', 'V11', 'V5', 'V21']",0.8877551020408163,0.061397318278052226,0.11485148514851486,0.644949952208253,5
"['V14', 'V16', 'V12', 'V8', 'V11', 'V1', 'V21']",0.8877551020408163,0.05742574257425743,0.1078735275883447,0.7033734297399274,7
"['V14', 'V16', 'V12', 'V8', 'V11', 'V5', 'V21']",0.8877551020408163,0.052315093205051115,0.09880749574105621,0.7023911521529945,7
"['V14', 'V16', 'V12', 'V8', 'V11', 'V5', 'V1']",0.8877551020408163,0.05154028436018957,0.09742441209406495,0.6863203966364826,7
"['V14', 'V16', 'V12', 'V8', 'V11', 'V20', 'V21']",0.8877551020408163,0.05727452271231073,0.10760667903525047,0.7075828053893255,7
"['V14', 'V16', 'V8', 'V17', 'V11', 'V20', 'V5']",0.8877551020408163,0.057350032959789056,0.10773993808049535,0.6627132228649812,7
"['V14', 'V16', 'V12', 'V8', 'V11', 'V20', 'V1']",0.8877551020408163,0.05819397993311037,0.10922787193973635,0.6977295367537356,7
"['V14', 'V16', 'V12', 'V8', 'V11', 'V20', 'V5']",0.8877551020408163,0.0526634382566586,0.09942857142857142,0.6960810458193041,7
"['V14', 'V16', 'V12', 'V8', 'V17', 'V1', 'V21']",0.8877551020408163,0.054375,0.10247349823321555,0.6866600805785203,7
"['V14', 'V16', 'V12', 'V11', 'V5', 'V1', 'V21']",0.8877551020408163,0.054104477611940295,0.10199296600234467,0.6797018992768343,7
"['V14', 'V16', 'V8', 'V17', 'V20', 'V1', 'V21']",0.8877551020408163,0.05386996904024768,0.10157618213660245,0.6462836180680008,7
"['V14', 'V16', 'V8', 'V17', 'V11', 'V20', 'V1']",0.8877551020408163,0.055133079847908745,0.10381861575178998,0.6439285370003279,7
"['V14', 'V16', 'V8', 'V11', 'V20', 'V1', 'V21']",0.8877551020408163,0.05523809523809524,0.10400478182904961,0.6423347874434696,7
"['V14', 'V5', 'V1', 'V21']",0.8877551020408163,0.04434250764525994,0.08446601941747572,0.5821685823301797,4
"['V14', 'V16', 'V17', 'V11', 'V5', 'V1', 'V21']",0.8877551020408163,0.05163204747774481,0.0975883342680875,0.6331862316375384,7
"['V14', 'V16', 'V17', 'V11', 'V20', 'V1', 'V21']",0.8877551020408163,0.05649350649350649,0.10622710622710622,0.6344740112682791,7
"['V14', 'V16', 'V17', 'V11', 'V20', 'V5', 'V21']",0.8877551020408163,0.057236842105263155,0.10754017305315204,0.6515448679885426,7
"['V14', 'V16', 'V17', 'V11', 'V20', 'V5', 'V1']",0.8877551020408163,0.050936768149882905,0.09634551495016612,0.630858199690748,7
"['V14', 'V16', 'V8', 'V11', 'V5', 'V1', 'V21']",0.8877551020408163,0.04915254237288136,0.09314775160599571,0.6412944825657997,7
"['V14', 'V16', 'V8', 'V11', 'V20', 'V5', 'V21']",0.8877551020408163,0.054307116104868915,0.10235294117647059,0.6579799402271095,7
"['V14', 'V16', 'V8', 'V17', 'V11', 'V20', 'V21']",0.8877551020408163,0.05827193569993302,0.10936517913262099,0.6649606087406684,7
"['V14', 'V16', 'V8', 'V11', 'V20', 'V5', 'V1']",0.8877551020408163,0.04945992040932348,0.09369951534733441,0.6341873726804181,7
"['V14', 'V16', 'V12', 'V8', 'V17', 'V11', 'V21']",0.8877551020408163,0.05523809523809524,0.10400478182904961,0.700961738154698,7
"['V14', 'V16', 'V8', 'V17', 'V20', 'V5', 'V21']",0.8877551020408163,0.056862745098039215,0.10687960687960688,0.6749081358214569,7
"['V14', 'V16', 'V8', 'V17', 'V11', 'V1', 'V21']",0.8877551020408163,0.054993678887484194,0.10357142857142858,0.6417567003197149,7
"['V14', 'V16', 'V8', 'V17', 'V11', 'V5', 'V21']",0.8877551020408163,0.05645684620376379,0.10616229408175717,0.6687267114414097,7
"['V14', 'V16', 'V8', 'V17', 'V11', 'V5', 'V1']",0.8877551020408163,0.050699300699300696,0.09592061742006615,0.6376006422817803,7
"['V14', 'V16', 'V12', 'V8', 'V17', 'V5', 'V21']",0.8877551020408163,0.054820415879017016,0.10326409495548962,0.7043714517887116,7
"['V10', 'V12', 'V17', 'V11', 'V20', 'V1', 'V21']",0.8877551020408163,0.027238572323105822,0.05285540704738761,0.6468223727015505,7
"['V14', 'V16', 'V12', 'V8', 'V17', 'V11', 'V1']",0.8877551020408163,0.055098163394553513,0.1037567084078712,0.6883110614160708,7
"['V10', 'V16', 'V12', 'V17', 'V20', 'V1', 'V21']",0.8877551020408163,0.029531568228105907,0.05716162943495401,0.6657868939924989,7
"['V10', 'V12', 'V8', 'V17', 'V11', 'V20', 'V1']",0.8877551020408163,0.025460930640913083,0.049502133712660025,0.6103272787340663,7
"['V10', 'V12', 'V8', 'V17', 'V11', 'V20', 'V5']",0.8877551020408163,0.026032315978456014,0.05058139534883721,0.6789413597152609,7
"['V14', 'V17', 'V11', 'V5', 'V1']",0.8877551020408163,0.051601423487544484,0.09753363228699552,0.6097686992543908,5
"['V10', 'V16', 'V12', 'V11', 'V20', 'V5', 'V21']",0.8877551020408163,0.03221029248426509,0.06216505894962487,0.6919336928371291,7
"['V10', 'V16', 'V12', 'V11', 'V20', 'V5', 'V1']",0.8877551020408163,0.03187980945401246,0.0615493455960382,0.6856282015319255,7
"['V10', 'V16', 'V12', 'V17', 'V5', 'V1', 'V21']",0.8877551020408163,0.02971311475409836,0.05750165234633179,0.6651838064888782,7
"['V10', 'V16', 'V12', 'V17', 'V20', 'V5', 'V21']",0.8877551020408163,0.029855868222374744,0.05776892430278884,0.6817799141684753,7
"['V10', 'V12', 'V8', 'V17', 'V11', 'V5', 'V1']",0.8877551020408163,0.02676923076923077,0.05197132616487455,0.6381749297854,7
"['V10', 'V16', 'V12', 'V17', 'V20', 'V5', 'V1']",0.8877551020408163,0.02889405513118565,0.05596654872949502,0.664617544061965,7
"['V10', 'V16', 'V12', 'V17', 'V11', 'V1', 'V21']",0.8877551020408163,0.027698185291308502,0.05372028403828342,0.6570224399358704,7
"['V10', 'V16', 'V12', 'V17', 'V11', 'V5', 'V21']",0.8877551020408163,0.02774234693877551,0.05380333951762523,0.6815911437038308,7
"['V10', 'V16', 'V12', 'V17', 'V11', 'V5', 'V1']",0.8877551020408163,0.027111249610470553,0.05261566374357424,0.6683689264868782,7
"['V10', 'V16', 'V12', 'V17', 'V11', 'V20', 'V21']",0.8877551020408163,0.02686014201914171,0.05214264309259814,0.6789169563477069,7
"['V10', 'V16', 'V12', 'V17', 'V11', 'V20', 'V1']",0.8877551020408163,0.027195998749609252,0.052775250227479524,0.6571889686457063,7
"['V10', 'V12', 'V8', 'V17', 'V11', 'V20', 'V21']",0.8877551020408163,0.025686448184233834,0.04992826398852224,0.6566663508409536,7
"['V10', 'V12', 'V8', 'V17', 'V11', 'V5', 'V21']",0.8877551020408163,0.026868437306979617,0.052158273381294966,0.6929287009163915,7
"['V14', 'V16', 'V12', 'V8', 'V17', 'V11', 'V5']",0.8877551020408163,0.05301645338208409,0.10005750431282347,0.7001959139512512,7
"['V10', 'V12', 'V17', 'V11', 'V20', 'V5', 'V1']",0.8877551020408163,0.027060653188180406,0.05252037428312707,0.6563581391942253,7
"['V14', 'V16', 'V12', 'V8', 'V17', 'V11', 'V20']",0.8877551020408163,0.056566970091027305,0.10635696821515893,0.6976466971182096,7
"['V10', 'V12', 'V11', 'V20', 'V5', 'V1', 'V21']",0.8877551020408163,0.032743695897628905,0.06315789473684211,0.6816875098819556,7
"['V10', 'V12', 'V17', 'V20', 'V5', 'V1', 'V21']",0.8877551020408163,0.029491525423728814,0.05708661417322835,0.656707863805647,7
"['V10', 'V12', 'V17', 'V11', 'V5', 'V1', 'V21']",0.8877551020408163,0.02784,0.053986968662736584,0.657654388516339,7
"['V14', 'V20', 'V5', 'V21']",0.8877551020408163,0.049069373942470386,0.09299839657936933,0.5954511020456603,4
"['V10', 'V12', 'V17', 'V11', 'V20', 'V5', 'V21']",0.8877551020408163,0.027610282450015868,0.05355493998153278,0.673497548836732,7
"['V10', 'V12', 'V8', 'V11', 'V5', 'V1', 'V21']",0.8877551020408163,0.03063380281690141,0.05922396187882913,0.6783937949188151,7
"['V10', 'V12', 'V8', 'V17', 'V11', 'V1', 'V21']",0.8877551020408163,0.025962399283795883,0.05044940562481879,0.6265784628885359,7
"['V10', 'V12', 'V8', 'V11', 'V20', 'V5', 'V21']",0.8877551020408163,0.028788881535407016,0.05576923076923077,0.6987928774277488,7
"['V10', 'V12', 'V8', 'V11', 'V20', 'V5', 'V1']",0.8877551020408163,0.029224051058112193,0.05658536585365854,0.6547247818849747,7
"['V10', 'V12', 'V8', 'V17', 'V5', 'V1', 'V21']",0.8877551020408163,0.028846153846153848,0.055876685934489405,0.6539277287927151,7
"['V10', 'V12', 'V8', 'V17', 'V20', 'V1', 'V21']",0.8877551020408163,0.02742749054224464,0.05321100917431193,0.6116450471869591,7
"['V10', 'V12', 'V8', 'V17', 'V20', 'V5', 'V21']",0.8877551020408163,0.02880794701986755,0.055805003207184095,0.6835662955376408,7
"['V10', 'V12', 'V8', 'V17', 'V20', 'V5', 'V1']",0.8877551020408163,0.02820097244732577,0.05466540999057493,0.6277535554485221,7
"['V14', 'V20', 'V1', 'V21']",0.8877551020408163,0.04715447154471545,0.08955223880597014,0.6030979049684062,4
"['V14', 'V11', 'V20', 'V5']",0.8877551020408163,0.05451127819548872,0.10271546635182999,0.6065550790167584,4
"['V14', 'V12', 'V8', 'V11', 'V20', 'V1', 'V21']",0.8877551020408163,0.055273189326556546,0.10406698564593302,0.6792324546493421,7
"['V14', 'V16', 'V20', 'V1']",0.8877551020408163,0.05623787976729153,0.10577507598784194,0.6363808323827053,4
"['V14', 'V16', 'V17', 'V21']",0.8877551020408163,0.061052631578947365,0.11424819435325016,0.6614604104202856,4
"['V14', 'V16', 'V11', 'V20']",0.8877551020408163,0.06165839829907867,0.11530815109343936,0.6545773362980444,4
"['V14', 'V16', 'V11', 'V5']",0.8877551020408163,0.05827193569993302,0.10936517913262099,0.657597050324244,4
"['V14', 'V16', 'V11', 'V1']",0.8877551020408163,0.05886332882273342,0.11040609137055837,0.6356732946269511,4
"['V14', 'V16', 'V11', 'V21']",0.8877551020408163,0.0613540197461213,0.11477572559366754,0.6555533714010991,4
"['V14', 'V16', 'V20', 'V5']",0.8877551020408163,0.05488958990536277,0.10338680926916222,0.6438614581221916,4
"['V14', 'V16', 'V20', 'V21']",0.8877551020408163,0.057350032959789056,0.10773993808049535,0.6541851233877919,4
"['V14', 'V16', 'V17', 'V5']",0.8877551020408163,0.0614406779661017,0.11492734478203434,0.6691851588723414,4
"['V4', 'V12', 'V8', 'V5', 'V1', 'V21']",0.8877551020408163,0.02543859649122807,0.04945992040932348,0.5423405626724782,6
"['V14', 'V16', 'V5', 'V21']",0.8877551020408163,0.05308114704087859,0.1001727115716753,0.6496874927153531,4
"['V4', 'V12', 'V17', 'V20', 'V5', 'V1']",0.8877551020408163,0.02482876712328767,0.04830649639089395,0.5067199377242952,6
"['V4', 'V12', 'V17', 'V20', 'V5', 'V21']",0.8877551020408163,0.0247229326513214,0.048106165330384296,0.548867048491352,6
"['V4', 'V12', 'V17', 'V20', 'V1', 'V21']",0.8877551020408163,0.025290697674418605,0.04918032786885246,0.5198701866724142,6
"['V4', 'V12', 'V17', 'V5', 'V1', 'V21']",0.8877551020408163,0.02530541012216405,0.04920814479638009,0.5210571868407237,6
"['V14', 'V16', 'V17', 'V1']",0.8877551020408163,0.055414012738853505,0.10431654676258993,0.6352122826757628,4
"['V14', 'V16', 'V17', 'V20']",0.8877551020408163,0.06196581196581197,0.11584553928095873,0.6604841075720074,4
"['V14', 'V20', 'V5', 'V1']",0.8877551020408163,0.043674698795180725,0.08325358851674641,0.586953151340214,4
"['V14', 'V16', 'V12', 'V1']",0.8877551020408163,0.06165839829907867,0.11530815109343936,0.6867495115414483,4
"['V10', 'V12', 'V20', 'V5']",0.8877551020408163,0.03131749460043196,0.06050069541029207,0.6839561214581,4
"['V14', 'V16', 'V12', 'V8']",0.8877551020408163,0.059063136456211814,0.11075747931253978,0.7099568569885721,4
"['V4', 'V12', 'V8', 'V20', 'V5', 'V21']",0.8877551020408163,0.025043177892918825,0.048712206047032476,0.5548861209132686,6
"['V14', 'V16', 'V12', 'V11']",0.8877551020408163,0.06430155210643015,0.11991729841488628,0.6934980466560398,4
"['V14', 'V16', 'V12', 'V20']",0.8877551020408163,0.06521739130434782,0.12150837988826815,0.6960401360385118,4
"['V4', 'V12', 'V8', 'V20', 'V1', 'V21']",0.8877551020408163,0.025535661872615203,0.04964336661911555,0.5438422741330416,6
"['V14', 'V16', 'V12', 'V21']",0.8877551020408163,0.06487695749440715,0.12091730368311328,0.6949097386027954,4
"['V14', 'V16', 'V17', 'V11']",0.8877551020408163,0.06327272727272727,0.11812627291242363,0.659995024949681,4
"['V14', 'V16', 'V8', 'V17']",0.8877551020408163,0.05958904109589041,0.1116816431322208,0.670398535672319,4
"['V14', 'V16', 'V8', 'V11']",0.8877551020408163,0.057236842105263155,0.10754017305315204,0.658105426722687,4
"['V14', 'V16', 'V8', 'V20']",0.8877551020408163,0.054613935969868174,0.1028976936723832,0.6677146162612192,4
"['V14', 'V16', 'V8', 'V5']",0.8877551020408163,0.053178484107579464,0.10034602076124567,0.6602672261823734,4
"['V14', 'V16', 'V8', 'V1']",0.8877551020408163,0.053406998158379376,0.1007527504342791,0.6454462083266523,4
"['V14', 'V16', 'V8', 'V21']",0.8877551020408163,0.053736874613959235,0.10133954571927781,0.6657510180531309,4
"['V4', 'V12', 'V11', 'V20', 'V5', 'V1']",0.8877551020408163,0.030408947920307586,0.058803649881716796,0.5499307654615901,6
"['V4', 'V12', 'V11', 'V20', 'V5', 'V21']",0.8877551020408163,0.029672578444747612,0.05742574257425743,0.5980325371337826,6
"['V4', 'V12', 'V11', 'V20', 'V1', 'V21']",0.8877551020408163,0.03091684434968017,0.059752747252747256,0.5715580470271362,6
"['V14', 'V8', 'V17', 'V11', 'V20', 'V1', 'V21']",0.8877551020408163,0.05478589420654912,0.10320284697508897,0.6291971580380203,7
"['V14', 'V17', 'V11', 'V1']",0.8877551020408163,0.05530832803560076,0.10412926391382406,0.6071830767959951,4
"['V14', 'V17', 'V11', 'V21']",0.8877551020408163,0.06397058823529411,0.11934156378600823,0.6493204653841161,4
"['V14', 'V17', 'V11', 'V20', 'V5', 'V1', 'V21']",0.8877551020408163,0.05111633372502938,0.09666666666666666,0.6149428302965844,7
"['V14', 'V17', 'V20', 'V1']",0.8877551020408163,0.05397022332506204,0.10175438596491228,0.6169048944849986,4
"['V14', 'V17', 'V20', 'V21']",0.8877551020408163,0.06268011527377522,0.11709286675639301,0.6507885763019995,4
"['V14', 'V17', 'V5', 'V1']",0.8877551020408163,0.04968589377498572,0.09410492157923202,0.6149596148243781,4
"['V14', 'V8', 'V17', 'V11', 'V20', 'V5', 'V21']",0.8877551020408163,0.05835010060362173,0.10950283196979232,0.655054192811963,7
"['V14', 'V12', 'V11', 'V1']",0.8877551020408163,0.06236559139784946,0.11654387139986604,0.6671864811757486,4
"['V14', 'V17', 'V5', 'V21']",0.8877551020408163,0.06024930747922438,0.11284046692607004,0.6493949584915204,4
"['V14', 'V17', 'V1', 'V21']",0.8877551020408163,0.053406998158379376,0.1007527504342791,0.620493966204366,4
"['V10', 'V16', 'V12', 'V8', 'V11', 'V5', 'V21']",0.8877551020408163,0.02976394115634622,0.05759682224428997,0.7017310942787638,7
"['V14', 'V11', 'V20', 'V21']",0.8877551020408163,0.054409005628517824,0.10253388332351208,0.6081759742784042,4
"['V14', 'V11', 'V5', 'V1']",0.8877551020408163,0.047775947281713346,0.09067222511724857,0.5850752400102497,4
"['V14', 'V11', 'V1', 'V21']",0.8877551020408163,0.05175490779298037,0.09780775716694773,0.5995732346062986,4
"['V14', 'V17', 'V11', 'V5']",0.8877551020408163,0.06482861400894188,0.12083333333333333,0.6554206908099424,4
"['V14', 'V17', 'V11', 'V20']",0.8877551020408163,0.06406480117820323,0.11950549450549451,0.6482827284942513,4
"['V14', 'V8', 'V5', 'V21']",0.8877551020408163,0.047697368421052634,0.09053069719042664,0.6231537071612443,4
"['V14', 'V8', 'V20', 'V5']",0.8877551020408163,0.0481994459833795,0.09143457698370994,0.615081136427685,4
"['V14', 'V8', 'V11', 'V21']",0.8877551020408163,0.05108631826189078,0.0966129927817879,0.6226530486749341,4
"['V14', 'V8', 'V11', 'V1']",0.8877551020408163,0.04937570942111237,0.0935483870967742,0.6011307184845885,4
"['V14', 'V8', 'V11', 'V5']",0.8877551020408163,0.05225225225225225,0.09869540555870675,0.6163503788090031,4
"['V14', 'V8', 'V11', 'V20']",0.8877551020408163,0.05240963855421687,0.09897610921501707,0.6163171517427904,4
"['V14', 'V8', 'V17', 'V21']",0.8877551020408163,0.05850706119704102,0.10977917981072555,0.6624205948686911,4
"['V14', 'V8', 'V17', 'V1']",0.8877551020408163,0.05308114704087859,0.1001727115716753,0.6310638827266594,4
"['V14', 'V8', 'V17', 'V5']",0.8877551020408163,0.05886332882273342,0.11040609137055837,0.659122615994092,4
"['V14', 'V8', 'V17', 'V20']",0.8877551020408163,0.060041407867494824,0.11247575953458307,0.6618556628160412,4
"['V14', 'V8', 'V17', 'V11']",0.8877551020408163,0.06037473976405274,0.11306042884990253,0.6538663130713737,4
"['V4', 'V8', 'V17', 'V11', 'V20', 'V1']",0.8877551020408163,0.029263370332996974,0.05665906870726148,0.42399098135107927,6
"['V4', 'V8', 'V17', 'V11', 'V20', 'V5']",0.8877551020408163,0.02943166441136671,0.05697445972495088,0.5019628811613198,6
"['V4', 'V12', 'V20', 'V5', 'V1', 'V21']",0.8877551020408163,0.02561083308801884,0.04978540772532189,0.5250211203399676,6
"['V4', 'V12', 'V11', 'V5', 'V1', 'V21']",0.8877551020408163,0.03097187611249555,0.05985552115583075,0.5733559615411932,6
"['V10', 'V16', 'V12', 'V17', 'V11', 'V20', 'V5']",0.8877551020408163,0.026736324523663185,0.05190930787589499,0.6822699913711768,7
"['V10', 'V16', 'V12', 'V8', 'V17', 'V20', 'V5']",0.8877551020408163,0.028590207032533684,0.055396370582617004,0.6786919409915668,7
"['V10', 'V16', 'V12', 'V8', 'V11', 'V5', 'V1']",0.8877551020408163,0.030166435506241332,0.05835010060362173,0.663955786550846,7
"['V10', 'V14', 'V16', 'V8', 'V17', 'V20']",0.8877551020408163,0.06531531531531531,0.12167832167832168,0.7347680718930482,6
"['V4', 'V16', 'V12', 'V17', 'V5']",0.8877551020408163,0.02745345534869044,0.05325987144168962,0.5737251651532714,5
"['V4', 'V16', 'V12', 'V17', 'V1']",0.8877551020408163,0.02759276879162702,0.05352199323285143,0.5559103796444066,5
"['V4', 'V16', 'V12', 'V17', 'V21']",0.8877551020408163,0.027636594663278273,0.053604436229205174,0.5761124021503322,5
"['V10', 'V14', 'V16', 'V8', 'V17', 'V11']",0.8877551020408163,0.0661596958174905,0.12314225053078556,0.7278891924059987,6
"['V4', 'V16', 'V12', 'V5', 'V1']",0.8877551020408163,0.02776891158633897,0.05385329619312906,0.5619073348581198,5
"['V4', 'V16', 'V12', 'V1', 'V21']",0.8877551020408163,0.028182701652089408,0.054631083202511775,0.5692027815778337,5
"['V4', 'V12', 'V8', 'V17', 'V1']",0.8877551020408163,0.02497129735935706,0.048576214405360134,0.5324338568056755,5
"['V4', 'V16', 'V12', 'V8', 'V1']",0.8877551020408163,0.028422084286180985,0.055080721747388414,0.5878922620758172,5
"['V4', 'V12', 'V8', 'V17', 'V21']",0.8877551020408163,0.025246662797446313,0.04909706546275395,0.5552383073536579,5
"['V10', 'V14', 'V16', 'V8', 'V17', 'V5']",0.8877551020408163,0.06295224312590449,0.11756756756756757,0.7349487173313626,6
"['V10', 'V14', 'V16', 'V8', 'V17', 'V1']",0.8877551020408163,0.061009817671809255,0.1141732283464567,0.7155591466288124,6
"['V10', 'V14', 'V16', 'V8', 'V17', 'V21']",0.8877551020408163,0.06497386109036594,0.12108559498956159,0.7256301243482142,6
"['V10', 'V14', 'V16', 'V8', 'V11', 'V20']",0.8877551020408163,0.06463595839524518,0.12049861495844875,0.7245432371097639,6
"['V4', 'V12', 'V8', 'V20', 'V1']",0.8877551020408163,0.024871355060034305,0.04838709677419355,0.5341237354554486,5
"['V4', 'V16', 'V12', 'V17', 'V20']",0.8877551020408163,0.027306967984934087,0.052984165651644335,0.5672818225632223,5
"['V4', 'V16', 'V12', 'V8', 'V5']",0.8877551020408163,0.028477905073649754,0.05518553758325404,0.5966040834127063,5
"['V4', 'V16', 'V12', 'V17', 'V20', 'V5', 'V21']",0.8877551020408163,0.02779552715654952,0.05390334572490706,0.5754471690866078,7
"['V10', 'V14', 'V16', 'V12', 'V8', 'V11']",0.8877551020408163,0.060542797494780795,0.11335504885993486,0.7297236941033404,6
"['V4', 'V8', 'V11', 'V20', 'V5', 'V1']",0.8877551020408163,0.02664624808575804,0.05173951828724353,0.3290061230707148,6
"['V4', 'V10', 'V17', 'V20', 'V5']",0.8877551020408163,0.05506329113924051,0.10369487485101311,0.569676412678934,5
"['V4', 'V8', 'V11', 'V5', 'V1', 'V21']",0.8877551020408163,0.02682701202590194,0.05208021550434002,0.37522620074567326,6
"['V4', 'V16', 'V12', 'V8', 'V20', 'V5', 'V1']",0.8877551020408163,0.028515240904621434,0.05525563671006669,0.5887481868839046,7
"['V4', 'V10', 'V20', 'V5', 'V1']",0.8877551020408163,0.05244122965641953,0.09903244166192374,0.554547398430609,5
"['V4', 'V11', 'V20', 'V5', 'V1', 'V21']",0.8877551020408163,0.026484018264840183,0.051433638782146025,0.40886968520903616,6
"['V10', 'V14', 'V16', 'V12', 'V8', 'V1']",0.8877551020408163,0.06420664206642067,0.11975223675154852,0.7333558851311113,6
"['V4', 'V16', 'V12', 'V8', 'V20']",0.8877551020408163,0.02838499184339315,0.055011065444198544,0.5908197690365848,5
"['V10', 'V14', 'V16', 'V12', 'V8', 'V21']",0.8877551020408163,0.06463595839524518,0.12049861495844875,0.7364982574286684,6
"['V10', 'V14', 'V16', 'V12', 'V11', 'V20']",0.8877551020408163,0.06882911392405064,0.1277533039647577,0.7129359476230056,6
"['V10', 'V14', 'V16', 'V12', 'V11', 'V1']",0.8877551020408163,0.06828885400313972,0.12682215743440234,0.7087466937025497,6
"['V10', 'V14', 'V16', 'V12', 'V11', 'V21']",0.8877551020408163,0.07073170731707316,0.13102409638554216,0.711440905283743,6
"['V10', 'V14', 'V16', 'V12', 'V20', 'V1']",0.8877551020408163,0.06786271450858035,0.12608695652173912,0.7103168520127193,6
"['V10', 'V14', 'V16', 'V12', 'V20', 'V21']",0.8877551020408163,0.0737913486005089,0.13625685199686766,0.7162038632883859,6
"['V4', 'V12', 'V8', 'V20', 'V21']",0.8877551020408163,0.025035971223021584,0.04869857262804366,0.5546888063030804,5
"['V4', 'V12', 'V8', 'V5', 'V1']",0.8877551020408163,0.024779265166619196,0.04821280133000831,0.5305824113183912,5
"['V4', 'V12', 'V8', 'V5', 'V21']",0.8877551020408163,0.025007185972980742,0.048644115180318706,0.5531341484057031,5
"['V4', 'V8', 'V11', 'V5', 'V1']",0.8877551020408163,0.026581118240146653,0.05161673094037378,0.34530095424400786,5
"['V4', 'V12', 'V20', 'V1', 'V21']",0.8877551020408163,0.025732031943212066,0.050014371945961485,0.526775764870722,5
"['V4', 'V12', 'V5', 'V1', 'V21']",0.8877551020408163,0.025535661872615203,0.04964336661911555,0.5246669134528098,5
"['V4', 'V8', 'V17', 'V11', 'V20']",0.8877551020408163,0.029441624365482234,0.05699312151981657,0.49747268375607884,5
"['V4', 'V8', 'V17', 'V11', 'V5']",0.8877551020408163,0.02905811623246493,0.05627425614489004,0.519019713916248,5
"['V10', 'V14', 'V16', 'V8', 'V5', 'V21']",0.8877551020408163,0.05811623246492986,0.10909090909090909,0.724464275621698,6
"['V10', 'V14', 'V16', 'V8', 'V1', 'V21']",0.8877551020408163,0.06016597510373444,0.11269430051813471,0.7079977335721735,6
"['V10', 'V14', 'V16', 'V17', 'V11', 'V20']",0.8877551020408163,0.06823529411764706,0.12672978878368535,0.6949922303485976,6
"['V4', 'V12', 'V8', 'V1', 'V21']",0.8877551020408163,0.02544603685288096,0.049473983508672166,0.5425901978643909,5
"['V10', 'V14', 'V16', 'V17', 'V11', 'V5']",0.8877551020408163,0.06,0.1124031007751938,0.6990871548028259,6
"['V4', 'V17', 'V11', 'V5', 'V1']",0.8877551020408163,0.029233870967741934,0.05660377358490566,0.4239919871645106,5
"['V4', 'V11', 'V20', 'V5', 'V1']",0.8877551020408163,0.02664624808575804,0.05173951828724353,0.3251639424239131,5
"['V4', 'V11', 'V20', 'V5', 'V21']",0.8877551020408163,0.025261324041811847,0.04912478825522304,0.5022350827798382,5
"['V4', 'V11', 'V20', 'V1', 'V21']",0.8877551020408163,0.026411657559198543,0.05129716981132076,0.40793603748221374,5
"['V4', 'V11', 'V5', 'V1', 'V21']",0.8877551020408163,0.026492082825822168,0.0514488468361916,0.41247790420466574,5
"['V4', 'V12', 'V20', 'V5', 'V21']",0.8877551020408163,0.024857142857142855,0.048360200111172875,0.5496808976255032,5
"['V4', 'V12', 'V20', 'V5', 'V1']",0.8877551020408163,0.025072046109510086,0.04876681614349776,0.5105963238430676,5
"['V4', 'V12', 'V11', 'V1', 'V21']",0.8877551020408163,0.031027104136947217,0.05995864920744314,0.572972726858855,5
"['V4', 'V12', 'V11', 'V5', 'V21']",0.8877551020408163,0.02968270214943705,0.05744470122152526,0.6005262626060115,5
"['V4', 'V12', 'V11', 'V5', 'V1']",0.8877551020408163,0.030472854640980734,0.05892312902133424,0.5571202011860845,5
"['V4', 'V12', 'V11', 'V20', 'V21']",0.8877551020408163,0.029774127310061602,0.0576158940397351,0.6005101689590774,5
"['V10', 'V14', 'V16', 'V8', 'V20', 'V21']",0.8877551020408163,0.062054208273894434,0.116,0.7207764536726259,6
"['V10', 'V14', 'V16', 'V8', 'V20', 'V1']",0.8877551020408163,0.06062717770034843,0.11350293542074363,0.7143876025086596,6
"['V4', 'V12', 'V17', 'V1', 'V21']",0.8877551020408163,0.02532013969732247,0.04923599320882852,0.5192111022781055,5
"['V4', 'V12', 'V17', 'V5', 'V21']",0.8877551020408163,0.024744027303754267,0.04814609850581074,0.5492150761251543,5
"['V4', 'V12', 'V17', 'V5', 'V1']",0.8877551020408163,0.024850042844901457,0.048346762989719363,0.5076433692734006,5
"['V4', 'V12', 'V17', 'V20', 'V21']",0.8877551020408163,0.024673851389676687,0.048013245033112585,0.5479419419324617,5
"['V4', 'V12', 'V17', 'V20', 'V1']",0.8877551020408163,0.024857142857142855,0.048360200111172875,0.5052554569962341,5
"['V10', 'V14', 'V16', 'V8', 'V20', 'V5']",0.8877551020408163,0.059548254620123205,0.11161000641436819,0.725954606931257,6
"['V10', 'V14', 'V16', 'V8', 'V11', 'V21']",0.8877551020408163,0.06425406203840472,0.11983471074380166,0.718994741141186,6
"['V10', 'V14', 'V16', 'V8', 'V11', 'V1']",0.8877551020408163,0.06196581196581197,0.11584553928095873,0.7105783365485987,6
"['V10', 'V14', 'V16', 'V8', 'V11', 'V5']",0.8877551020408163,0.061397318278052226,0.11485148514851486,0.720162943856167,6
"['V4', 'V16', 'V12', 'V17', 'V20', 'V5', 'V1']",0.8877551020408163,0.027751196172248804,0.05381998144138571,0.5515906385813029,7
"['V4', 'V16', 'V12', 'V17', 'V20', 'V1', 'V21']",0.8877551020408163,0.02784,0.053986968662736584,0.5567461077843617,7
"['V10', 'V16', 'V12', 'V8', 'V11', 'V20', 'V5']",0.8877551020408163,0.0287603305785124,0.05571565802113353,0.6897159100535781,7
"['V10', 'V14', 'V16', 'V17', 'V20', 'V5', 'V21']",0.8877551020408163,0.060291060291060294,0.11291369240752758,0.7089293006002733,7
"['V12', 'V17', 'V11', 'V20']",0.8877551020408163,0.02255054432348367,0.04398382204246714,0.5919901037929185,4
"['V12', 'V17', 'V11', 'V5']",0.8877551020408163,0.022906793048973143,0.044661190965092405,0.6019833217670577,4
"['V12', 'V17', 'V11', 'V21']",0.8877551020408163,0.023058574078982243,0.04494962541978817,0.5953369546641343,4
"['V10', 'V14', 'V16', 'V11', 'V20', 'V1', 'V21']",0.8877551020408163,0.06749418153607448,0.1254506128334535,0.6918943997058115,7
"['V10', 'V14', 'V16', 'V11', 'V20', 'V5', 'V21']",0.8877551020408163,0.060584958217270196,0.11342894393741851,0.7037511912190293,7
"['V10', 'V14', 'V16', 'V11', 'V20', 'V5', 'V1']",0.8877551020408163,0.056129032258064517,0.10558252427184465,0.6903854702628286,7
"['V10', 'V14', 'V16', 'V17', 'V11', 'V1', 'V21']",0.8877551020408163,0.06236559139784946,0.11654387139986604,0.6894400177325158,7
"['V12', 'V8', 'V17', 'V11']",0.8877551020408163,0.022503879979306775,0.04389505549949546,0.6161958911876276,4
"['V10', 'V14', 'V16', 'V17', 'V11', 'V5', 'V21']",0.8877551020408163,0.06113843991567112,0.11439842209072978,0.7035770603122974,7
"['V12', 'V11', 'V20', 'V5']",0.8877551020408163,0.023622047244094488,0.04601957154192013,0.6144952846323686,4
"['V10', 'V14', 'V16', 'V17', 'V11', 'V20', 'V21']",0.8877551020408163,0.07107843137254902,0.13161875945537066,0.7012219518916116,7
"['V10', 'V14', 'V16', 'V17', 'V11', 'V20', 'V1']",0.8877551020408163,0.062410329985652796,0.11662198391420911,0.6783593342881674,7
"['V10', 'V14', 'V16', 'V17', 'V11', 'V20', 'V5']",0.8877551020408163,0.06041666666666667,0.11313394018205461,0.7004519086101139,7
"['V10', 'V14', 'V16', 'V8', 'V20', 'V1', 'V21']",0.8877551020408163,0.06,0.1124031007751938,0.7068414079638713,7
"['V10', 'V14', 'V12', 'V8', 'V11', 'V1', 'V21']",0.8877551020408163,0.05962988348183688,0.11175337186897881,0.7135054538620432,7
"['V10', 'V14', 'V8', 'V17', 'V11', 'V20', 'V5']",0.8877551020408163,0.06507105459985041,0.12125435540069686,0.7213250028563046,7
"['V4', 'V16', 'V12', 'V11', 'V20', 'V5', 'V21']",0.8877551020408163,0.0331934376192293,0.06399411548363369,0.6279676499877015,7
"['V10', 'V16', 'V12', 'V8', 'V17', 'V11', 'V5']",0.8877551020408163,0.026597370834607153,0.051647373107747106,0.68525929527581,7
"['V10', 'V16', 'V12', 'V8', 'V17', 'V5', 'V21']",0.8877551020408163,0.02931266846361186,0.05675146771037182,0.6891778743051492,7
"['V10', 'V16', 'V12', 'V8', 'V17', 'V20', 'V21']",0.8877551020408163,0.02829268292682927,0.05483769303498267,0.6574779680058215,7
"['V10', 'V16', 'V12', 'V8', 'V17', 'V20', 'V1']",0.8877551020408163,0.02779552715654952,0.05390334572490706,0.62128907826113,7
"['V10', 'V12', 'V17', 'V21']",0.8877551020408163,0.028164454516024603,0.054596799497960466,0.6627549004456937,4
"['V10', 'V16', 'V12', 'V8', 'V17', 'V11', 'V21']",0.8877551020408163,0.026181161600962986,0.05086232095878398,0.6671860842392632,7
"['V10', 'V16', 'V12', 'V8', 'V17', 'V11', 'V1']",0.8877551020408163,0.026189042745334137,0.05087719298245614,0.6271875148764502,7
"['V10', 'V16', 'V12', 'V8', 'V17', 'V11', 'V20']",0.8877551020408163,0.025908278737343658,0.050347222222222224,0.6662292020281355,7
"['V10', 'V14', 'V8', 'V17', 'V11', 'V20', 'V1']",0.8877551020408163,0.06024930747922438,0.11284046692607004,0.6944985874527385,7
"['V10', 'V14', 'V17', 'V11', 'V20', 'V5', 'V21']",0.8877551020408163,0.06295224312590449,0.11756756756756757,0.695644086958777,7
"['V10', 'V14', 'V8', 'V11', 'V20', 'V1', 'V21']",0.8877551020408163,0.05742574257425743,0.1078735275883447,0.6870632482676282,7
"['V10', 'V14', 'V8', 'V11', 'V20', 'V5', 'V21']",0.8877551020408163,0.05898305084745763,0.11061665607120152,0.6997290985514817,7
"['V10', 'V14', 'V8', 'V17', 'V11', 'V1', 'V21']",0.8877551020408163,0.060082872928176795,0.11254851228978008,0.6925458241473529,7
"['V10', 'V14', 'V8', 'V17', 'V11', 'V5', 'V21']",0.8877551020408163,0.0639235855988244,0.11925976696367376,0.7200545485752888,7
"['V10', 'V14', 'V8', 'V17', 'V11', 'V20', 'V21']",0.8877551020408163,0.06526631657914479,0.12159329140461216,0.7112558306009651,7
"['V10', 'V14', 'V16', 'V8', 'V20', 'V5', 'V21']",0.8877551020408163,0.05862533692722372,0.10998735777496839,0.7239544609892565,7
"['V10', 'V14', 'V16', 'V8', 'V11', 'V1', 'V21']",0.8877551020408163,0.06148409893992933,0.11500330469266358,0.7088279153633469,7
"['V10', 'V14', 'V16', 'V8', 'V11', 'V5', 'V21']",0.8877551020408163,0.060332871012482664,0.11298701298701298,0.7203141483562999,7
"['V4', 'V12', 'V17', 'V20', 'V5', 'V1', 'V21']",0.8877551020408163,0.025334886429819452,0.0492638731596829,0.5218570268334982,7
"['V10', 'V14', 'V16', 'V12', 'V8', 'V20', 'V21']",0.8877551020408163,0.06492537313432836,0.12100139082058414,0.7365738570289422,7
"['V10', 'V14', 'V16', 'V12', 'V8', 'V11', 'V21']",0.8877551020408163,0.059670781893004114,0.11182519280205655,0.7313337492694144,7
"['V10', 'V14', 'V16', 'V12', 'V8', 'V11', 'V1']",0.8877551020408163,0.061009817671809255,0.1141732283464567,0.7276074214898491,7
"['V10', 'V14', 'V16', 'V12', 'V8', 'V11', 'V20']",0.8877551020408163,0.06062717770034843,0.11350293542074363,0.7298767138944712,7
"['V4', 'V8', 'V11', 'V20', 'V5', 'V1', 'V21']",0.8877551020408163,0.026810477657935285,0.05204905773257553,0.3724981653945925,7
"['V4', 'V12', 'V11', 'V20', 'V5', 'V1', 'V21']",0.8877551020408163,0.03091684434968017,0.059752747252747256,0.5723690974327563,7
"['V4', 'V12', 'V17', 'V11', 'V5', 'V1', 'V21']",0.8877551020408163,0.03008298755186722,0.05819397993311037,0.5621256022466019,7
"['V10', 'V14', 'V16', 'V8', 'V11', 'V5', 'V1']",0.8877551020408163,0.054104477611940295,0.10199296600234467,0.7128887072798056,7
"['V4', 'V12', 'V8', 'V20', 'V5', 'V1', 'V21']",0.8877551020408163,0.025490770583064752,0.04955853033323839,0.5454366984906363,7
"['V4', 'V12', 'V8', 'V17', 'V5', 'V1', 'V21']",0.8877551020408163,0.02554315913094539,0.04965753424657534,0.5432756699941588,7
"['V4', 'V12', 'V8', 'V17', 'V20', 'V1', 'V21']",0.8877551020408163,0.02543859649122807,0.04945992040932348,0.5435228310385782,7
"['V4', 'V12', 'V8', 'V17', 'V20', 'V5', 'V21']",0.8877551020408163,0.025342266239440723,0.04927782497875956,0.5577868961338194,7
"['V4', 'V12', 'V8', 'V17', 'V20', 'V5', 'V1']",0.8877551020408163,0.025188187608569775,0.048986486486486486,0.5391099261294547,7
"['V4', 'V16', 'V12', 'V20', 'V5', 'V1', 'V21']",0.8877551020408163,0.028118939883645767,0.05451127819548872,0.5677743849264502,7
"['V10', 'V14', 'V16', 'V12', 'V8', 'V1', 'V21']",0.8877551020408163,0.06397058823529411,0.11934156378600823,0.7325841509757731,7
"['V10', 'V14', 'V16', 'V12', 'V11', 'V20', 'V1']",0.8877551020408163,0.0688836104513064,0.1278471711976488,0.7086533113590693,7
"['V10', 'V14', 'V16', 'V12', 'V11', 'V20', 'V21']",0.8877551020408163,0.06993569131832797,0.12965722801788376,0.7124001308708426,7
"['V10', 'V14', 'V16', 'V12', 'V11', 'V5', 'V21']",0.8877551020408163,0.05838926174496644,0.10957178841309824,0.7040739310002577,7
"['V10', 'V14', 'V16', 'V12', 'V11', 'V1', 'V21']",0.8877551020408163,0.06937799043062201,0.128698224852071,0.7098426355827037,7
"['V10', 'V14', 'V16', 'V8', 'V17', 'V11', 'V20']",0.8877551020408163,0.06600910470409711,0.1228813559322034,0.7294722908894312,7
"['V10', 'V14', 'V16', 'V8', 'V17', 'V11', 'V5']",0.8877551020408163,0.06327272727272727,0.11812627291242363,0.7297649883200608,7
"['V10', 'V14', 'V16', 'V8', 'V17', 'V11', 'V1']",0.8877551020408163,0.06,0.1124031007751938,0.7092470069122138,7
"['V10', 'V14', 'V16', 'V8', 'V17', 'V11', 'V21']",0.8877551020408163,0.06463595839524518,0.12049861495844875,0.7224256779837135,7
"['V10', 'V14', 'V16', 'V8', 'V17', 'V20', 'V5']",0.8877551020408163,0.06277056277056277,0.11725067385444744,0.7354199664924858,7
"['V10', 'V14', 'V16', 'V8', 'V17', 'V20', 'V1']",0.8877551020408163,0.061009817671809255,0.1141732283464567,0.7151538663269439,7
"['V10', 'V14', 'V16', 'V8', 'V17', 'V20', 'V21']",0.8877551020408163,0.06482861400894188,0.12083333333333333,0.725271643156286,7
"['V10', 'V14', 'V16', 'V8', 'V17', 'V5', 'V21']",0.8877551020408163,0.061397318278052226,0.11485148514851486,0.7336079344185045,7
"['V10', 'V14', 'V16', 'V8', 'V17', 'V1', 'V21']",0.8877551020408163,0.06016597510373444,0.11269430051813471,0.7074649414396363,7
"['V10', 'V14', 'V16', 'V8', 'V11', 'V20', 'V5']",0.8877551020408163,0.061009817671809255,0.1141732283464567,0.7211121210454213,7
"['V10', 'V14', 'V16', 'V8', 'V11', 'V20', 'V1']",0.8877551020408163,0.06223175965665236,0.1163101604278075,0.7100250830689843,7
"['V10', 'V14', 'V16', 'V8', 'V11', 'V20', 'V21']",0.8877551020408163,0.06378299120234604,0.11901504787961696,0.7199344592348362,7
"['V10', 'V12', 'V11', 'V5']",0.8877551020408163,0.02914572864321608,0.056438533895556274,0.6891267863972097,4
"['V4', 'V12', 'V8', 'V20', 'V5', 'V1']",0.8877551020408163,0.024864246927693626,0.04837364470391994,0.537227728850057,6
"['V10', 'V12', 'V17', 'V1']",0.8877551020408163,0.027298399748980233,0.052968036529680365,0.6342197017025477,4
"['V17', 'V14', 'V10', 'V8', 'V16', 'V2', 'Amount', 'V9', 'V18']",0.8877551020408163,0.07225913621262459,0.1336405529953917,0.7375252778661306,9
"['V17', 'V14', 'V10', 'V8', 'V16', 'V2', 'Amount', 'V9', 'V3']",0.8877551020408163,0.0635500365230095,0.11860940695296524,0.7094309873149278,9
"['V10', 'V14', 'V16', 'V12', 'V8', 'V17', 'V11', 'V1', 'V21']",0.8877551020408163,0.05827193569993302,0.10936517913262099,0.7190912437692691,9
"['V10', 'V14', 'V16', 'V12', 'V8', 'V17', 'V11', 'V5', 'V21']",0.8877551020408163,0.055133079847908745,0.10381861575178998,0.7314232794642289,9
"['V10', 'V14', 'V16', 'V12', 'V8', 'V17', 'V11', 'V5', 'V1']",0.8877551020408163,0.054477144646211645,0.10265486725663717,0.7229626216291797,9
"['V17', 'V14', 'V10', 'V8', 'V16', 'V2', 'Amount', 'V9', 'V7']",0.8877551020408163,0.0725604670558799,0.1341557440246723,0.7376949193283919,9
"['V17', 'V14', 'V10', 'V8', 'V16', 'V2', 'Amount', 'V9', 'V11']",0.8877551020408163,0.07021791767554479,0.13014210919970082,0.7396547598500208,9
"['V17', 'V14', 'V10', 'V8', 'V16', 'V2', 'Amount', 'V9', 'V19']",0.8877551020408163,0.06765163297045101,0.12572254335260116,0.7327053170970712,9
"['V17', 'V14', 'V10', 'V8', 'V16', 'V2', 'Amount', 'V20']",0.8877551020408163,0.06600910470409711,0.1228813559322034,0.7366993769801096,8
"['V17', 'V14', 'V10', 'V8', 'V16', 'V2', 'Amount', 'V9', 'V20']",0.8877551020408163,0.07184145334434351,0.13292589763177998,0.7367056764860552,9
"['V17', 'V14', 'V10', 'V8', 'V16', 'V2', 'Amount', 'V9', 'V12', 'V3']",0.8877551020408163,0.059063136456211814,0.11075747931253978,0.7200867826453056,10
"['V17', 'V14', 'V10', 'V8', 'V16', 'V2', 'Amount', 'V9', 'V12', 'V19']",0.8877551020408163,0.06373626373626373,0.11893369788106631,0.7380321685269553,10
"['V17', 'V14', 'V10', 'V8', 'V16', 'V2', 'Amount', 'V9', 'V12', 'V21', 'V3']",0.8877551020408163,0.05815508021390375,0.10915934755332497,0.7223891090507697,11
"['V12', 'V17', 'V11', 'V5', 'V21']",0.8877551020408163,0.02326825354372827,0.04534792806880375,0.6042180979319195,5
"['V17', 'V14', 'V10', 'V8', 'V16', 'V2', 'Amount', 'V9', 'V12', 'V21', 'V7', 'V3']",0.8877551020408163,0.05811623246492986,0.10909090909090909,0.7190793411305306,12
"['V17', 'V14', 'V10', 'V8', 'V16', 'V2', 'Amount', 'V21']",0.8877551020408163,0.06507105459985041,0.12125435540069686,0.7348663700945945,8
"['V17', 'V14', 'V10', 'V8', 'V16', 'V2', 'Amount', 'V19']",0.8877551020408163,0.0628158844765343,0.11732973701955496,0.7341254266286493,8
"['V12', 'V17', 'V11', 'V20', 'V5']",0.8877551020408163,0.022906793048973143,0.044661190965092405,0.6025772438212353,5
"['V10', 'V14', 'V16', 'V8', 'V17', 'V11', 'V20', 'V5', 'V1']",0.8877551020408163,0.05464824120603015,0.10295857988165681,0.7150851588131988,9
"['V17', 'V14', 'V10', 'V8', 'V16', 'V2', 'V20']",0.8877551020408163,0.06585919757759273,0.1226215644820296,0.7366946743700287,7
"['V17', 'V14', 'V10', 'V8', 'V16', 'V2', 'V21']",0.8877551020408163,0.06502242152466367,0.12116991643454039,0.7342165418739026,7
"['V17', 'V14', 'V10', 'V8', 'V16', 'V2', 'Amount']",0.8877551020408163,0.0665646518745218,0.12384341637010676,0.7390319275251229,7
"['V10', 'V14', 'V16', 'V8', 'V17', 'V11', 'V5', 'V1', 'V21']",0.8877551020408163,0.055273189326556546,0.10406698564593302,0.7146474870966611,9
"['V10', 'V14', 'V16', 'V8', 'V17', 'V11', 'V20', 'V1', 'V21']",0.8877551020408163,0.06,0.1124031007751938,0.704772132343997,9
"['V10', 'V14', 'V16', 'V8', 'V17', 'V11', 'V20', 'V5', 'V21']",0.8877551020408163,0.06200997861724875,0.11592271818787475,0.7306580308880288,9
"['V17', 'V14', 'V10', 'V8', 'V16', 'V2', 'Amount', 'V3']",0.8877551020408163,0.05918367346938776,0.11096938775510204,0.7003181387110391,8
"['V10', 'V14', 'V16', 'V12', 'V8', 'V11', 'V20', 'V1', 'V21']",0.8877551020408163,0.06016597510373444,0.11269430051813471,0.7292331992972921,9
"['V17', 'V14', 'V10', 'V8', 'V16', 'V2', 'Amount', 'V5']",0.8877551020408163,0.06322674418604651,0.11804613297150611,0.7331080380703602,8
"['V10', 'V14', 'V16', 'V12', 'V17', 'V11', 'V20', 'V1', 'V21']",0.8877551020408163,0.06263498920086392,0.11701412239408204,0.6875429869404022,9
"['V17', 'V14', 'V10', 'V8', 'V16', 'V2', 'Amount', 'V7']",0.8877551020408163,0.06621004566210045,0.12322946175637393,0.7384004175291251,8
"['V17', 'V14', 'V10', 'V8', 'V16', 'V2', 'Amount', 'V9']",0.8877551020408163,0.07219917012448132,0.1335379892555641,0.7389665291323606,8
"['V17', 'V14', 'V10', 'V8', 'V16', 'V2', 'Amount', 'V11']",0.8877551020408163,0.06595905989385899,0.12279463655610445,0.7289180391651623,8
"['V17', 'V14', 'V10', 'V8', 'V16', 'V2', 'Amount', 'V18']",0.8877551020408163,0.0659090909090909,0.1227080394922426,0.7388379596594216,8
"['V12', 'V17', 'V11', 'V20', 'V21']",0.8877551020408163,0.023101433882103027,0.04503105590062112,0.5949128756274321,5
"['V17', 'V14', 'V10', 'V8', 'V16', 'V2', 'Amount', 'V9', 'V12', 'V21', 'V7', 'V20', 'V3']",0.8877551020408163,0.05838926174496644,0.10957178841309824,0.7176776266079362,13
"['V10', 'V12', 'V17', 'V5']",0.8877551020408163,0.027707006369426752,0.053736874613959235,0.6609046178232139,4
"['V10', 'V12', 'V17']",0.8877551020408163,0.02664624808575804,0.05173951828724353,0.6559643418208587,3
"['V10', 'V14', 'V8']",0.8877551020408163,0.05757776307081403,0.10814170292106899,0.7086590006263123,3
"['V10', 'V14', 'V17']",0.8877551020408163,0.06682027649769585,0.12428571428571429,0.6942854615476955,3
"['V10', 'V14', 'V11']",0.8877551020408163,0.0668716372021522,0.12437455325232309,0.6839561795893496,3
"['V10', 'V14', 'V20']",0.8877551020408163,0.06016597510373444,0.11269430051813471,0.6871443895919558,3
"['V4', 'V16', 'V12', 'V5', 'V1', 'V21']",0.8877551020408163,0.028091701646754924,0.054460093896713614,0.5673761413364888,6
"['V10', 'V14', 'V21']",0.8877551020408163,0.062142857142857146,0.11615487316421896,0.6892509110214822,3
"['V14', 'V16', 'V12']",0.8877551020408163,0.06473214285714286,0.12066574202496533,0.6933676495208693,3
"['V4', 'V11', 'V21']",0.8877551020408163,0.025283347863993024,0.049166431195252894,0.5099616317961058,3
"['V14', 'V16', 'V8']",0.8877551020408163,0.055098163394553513,0.1037567084078712,0.6655256239553037,3
"['V14', 'V16', 'V17']",0.8877551020408163,0.06227630637079456,0.11638795986622073,0.6660836379791115,3
"['V14', 'V16', 'V11']",0.8877551020408163,0.061397318278052226,0.11485148514851486,0.6575278392684164,3
"['V14', 'V16', 'V20']",0.8877551020408163,0.05780730897009967,0.10854647535870243,0.6508269113702215,3
"['V14', 'V16', 'V5']",0.8877551020408163,0.05523809523809524,0.10400478182904961,0.6624100647981721,3
"['V14', 'V16', 'V1']",0.8877551020408163,0.05631067961165048,0.10590383444917834,0.6368674181392303,3
"['V10', 'V14', 'V16']",0.8877551020408163,0.06738962044926414,0.12526997840172785,0.7012340447018293,3
"['V12', 'V8', 'V17', 'V11', 'V21']",0.8877551020408163,0.022644456012493493,0.04416243654822335,0.6035731339203094,5
"['V17', 'V14', 'V10', 'V8', 'V16', 'V2', 'Amount', 'V9', 'V12', 'V21', 'V7', 'V20', 'V18', 'V3']",0.8877551020408163,0.0576158940397351,0.10820895522388059,0.7147019092972192,14
"['V4', 'V16', 'V12', 'V17', 'V5', 'V1']",0.8877551020408163,0.027777777777777776,0.05386996904024768,0.5561729986998866,6
"['V4', 'V16', 'V12', 'V8', 'V20', 'V5']",0.8877551020408163,0.02857142857142857,0.05536111994909322,0.5948953367759092,6
"['V4', 'V16', 'V12', 'V8', 'V20', 'V1']",0.8877551020408163,0.02838499184339315,0.055011065444198544,0.5860353812552201,6
"['V4', 'V16', 'V12', 'V8', 'V5', 'V1']",0.8877551020408163,0.028524590163934428,0.055273189326556546,0.5885795687512888,6
"['V4', 'V16', 'V12', 'V17', 'V20', 'V5']",0.8877551020408163,0.02734988997170701,0.053064958828911254,0.5694623290961042,6
"['V4', 'V16', 'V12', 'V17', 'V20', 'V1']",0.8877551020408163,0.027715833067856004,0.05375347544022243,0.5519329475079989,6
"['V4', 'V16', 'V12', 'V17', 'V20', 'V21']",0.8877551020408163,0.02784,0.053986968662736584,0.5745160159225872,6
"['V4', 'V16', 'V12', 'V17', 'V5', 'V21']",0.8877551020408163,0.027715833067856004,0.05375347544022243,0.5757048668786433,6
"['V4', 'V17', 'V11']",0.8877551020408163,0.029224051058112193,0.05658536585365854,0.5354044245349061,3
"['V4', 'V10', 'V20']",0.8877551020408163,0.04844097995545657,0.09186906019007392,0.5467166370660519,3
"['V12', 'V8', 'V17', 'V20', 'V1']",0.8877551020408163,0.02067981934870454,0.04041811846689895,0.537501353388147,5
"['V4', 'V12', 'V11']",0.8877551020408163,0.028590207032533684,0.055396370582617004,0.5911853547766494,3
"['V4', 'V12', 'V5']",0.8877551020408163,0.02404643449419569,0.04682454251883746,0.5383847307247787,3
"['V4', 'V12', 'V1']",0.8877551020408163,0.025210084033613446,0.04902789518174133,0.5130889862465765,3
"['V4', 'V12', 'V21']",0.8877551020408163,0.025035971223021584,0.04869857262804366,0.5514728260661428,3
"['V17', 'V14', 'V10', 'V8', 'V16', 'V2', 'V19']",0.8877551020408163,0.06263498920086392,0.11701412239408204,0.7336559519748529,7
"['V17', 'V14', 'V10', 'V8', 'V16', 'V2', 'V18']",0.8877551020408163,0.06595905989385899,0.12279463655610445,0.738751852902717,7
"['V17', 'V14', 'V10', 'V8', 'V16', 'V2', 'V11']",0.8877551020408163,0.06580937972768533,0.12253521126760564,0.7308573745434689,7
"['V17', 'V14', 'V10', 'V21']",0.8877551020408163,0.06855791962174941,0.12728602779809803,0.7007075762393843,4
"['V17', 'V14', 'V10', 'V9']",0.8877551020408163,0.0694888178913738,0.1288888888888889,0.6918143557716467,4
"['V17', 'V14', 'V10', 'V11']",0.8877551020408163,0.06982343499197431,0.12946428571428573,0.6893204683082355,4
"['V17', 'V14', 'V10', 'V16']",0.8877551020408163,0.06646294881588999,0.12366737739872068,0.7007923082210695,4
"['V17', 'V14', 'V10', 'V18']",0.8877551020408163,0.0666156202143951,0.12393162393162394,0.6926377577681356,4
"['V17', 'V14', 'V10', 'V19']",0.8877551020408163,0.0659090909090909,0.1227080394922426,0.6899935231299729,4
"['V17', 'V14', 'V10', 'V20']",0.8877551020408163,0.06651376146788991,0.12375533428165007,0.6933362645892419,4
"['V17', 'V14', 'V10', 'Amount']",0.8877551020408163,0.06595905989385899,0.12279463655610445,0.6946015299645237,4
"['V17', 'V14', 'V10', 'V7']",0.8877551020408163,0.06775700934579439,0.12590448625180897,0.6970235846216191,4
"['V17', 'V14', 'V10', 'V8', 'V2']",0.8877551020408163,0.06626047220106626,0.12331679659815734,0.7275120361106946,5
"['V17', 'V14', 'V10', 'V8', 'V3']",0.8877551020408163,0.060291060291060294,0.11291369240752758,0.6893782376415696,5
"['V17', 'V14', 'V10', 'V8', 'V5']",0.8877551020408163,0.06350364963503649,0.11852861035422343,0.7284148392846941,5
"['V17', 'V14', 'V10', 'V8', 'V6']",0.8877551020408163,0.06425406203840472,0.11983471074380166,0.7271089960679084,5
"['V17', 'V14', 'V10', 'V8', 'V7']",0.8877551020408163,0.06605922551252848,0.12296819787985866,0.7289162038201166,5
"['V17', 'V14', 'V10', 'V8', 'V9']",0.8877551020408163,0.07021791767554479,0.13014210919970082,0.7228866397596012,5
"['V17', 'V14', 'V10', 'V8']",0.8877551020408163,0.06570996978851963,0.12236286919831224,0.7295490707078393,4
"['V17', 'V14', 'V10', 'V6']",0.8877551020408163,0.06636155606407322,0.12349183818310859,0.6926219528731951,4
"['V17', 'V14', 'V10', 'V8', 'V16', 'V2', 'V9']",0.8877551020408163,0.07219917012448132,0.1335379892555641,0.7380139400945218,7
"['V17', 'V14', 'V3']",0.8877551020408163,0.05827193569993302,0.10936517913262099,0.6376113583900939,3
"['V12', 'V14', 'V3']",0.8877551020408163,0.05894308943089431,0.11054637865311309,0.667918062809571,3
"['V12', 'V14', 'V9']",0.8877551020408163,0.0663109756097561,0.12340425531914893,0.6873687802728133,3
"['V12', 'V14', 'V16']",0.8877551020408163,0.06473214285714286,0.12066574202496533,0.6933676495208693,3
"['V10', 'V16', 'V12', 'V8', 'V17', 'V11', 'V20', 'V5', 'V1', 'V21']",0.8877551020408163,0.027786649632705204,0.053886652214307836,0.6745414046041858,10
"['V4', 'V10', 'V17', 'V20', 'V5', 'V1']",0.8877551020408163,0.055273189326556546,0.10406698564593302,0.5716770691001697,6
"['V17', 'V14', 'V1']",0.8877551020408163,0.053836633663366336,0.10151691948658109,0.6155679284198873,3
"['V10', 'V14', 'V16', 'V12', 'V8', 'V17', 'V11', 'V20', 'V1', 'V21']",0.8877551020408163,0.05815508021390375,0.10915934755332497,0.7191582159346214,10
"['V17', 'V14', 'V10', 'V3']",0.8877551020408163,0.06304347826086956,0.11772665764546685,0.6693551184747616,4
"['V17', 'V14', 'V7']",0.8877551020408163,0.062187276626161546,0.11623246492985972,0.665093309934324,3
"['V17', 'V14', 'V8']",0.8877551020408163,0.06,0.1124031007751938,0.6616520139375032,3
"['V17', 'V14', 'V10']",0.8877551020408163,0.06682027649769585,0.12428571428571429,0.6942854615476955,3
"['V17', 'V14', 'V11']",0.8877551020408163,0.06531531531531531,0.12167832167832168,0.6519461972231309,3
"['V4', 'V10', 'V8', 'V20', 'V5', 'V1']",0.8877551020408163,0.05301645338208409,0.10005750431282347,0.533398576731152,6
"['V17', 'V14', 'V16']",0.8877551020408163,0.06227630637079456,0.11638795986622073,0.6660836379791115,3
"['V17', 'V14', 'V10', 'V8', 'V11']",0.8877551020408163,0.0663109756097561,0.12340425531914893,0.7185621400319776,5
"['V17', 'V14', 'V10', 'V8', 'V16']",0.8877551020408163,0.06585919757759273,0.1226215644820296,0.7342440937648179,5
"['V17', 'V14', 'V10', 'V8', 'V18']",0.8877551020408163,0.06556141672946496,0.12210526315789473,0.7294586489784461,5
"['V10', 'V16', 'V12', 'V17', 'V11', 'V20', 'V5', 'V1', 'V21']",0.8877551020408163,0.02797427652733119,0.05423940149625935,0.6733412398628159,9
"['V17', 'V14', 'V10', 'V8', 'V16', 'V2', 'V3']",0.8877551020408163,0.058546433378196504,0.10984848484848485,0.6990545263913529,7
"['V14', 'V16', 'V12', 'V8', 'V17', 'V11', 'V5', 'V1', 'V21']",0.8877551020408163,0.0505520046484602,0.09565695437053326,0.6883571288154534,9
"['V14', 'V16', 'V12', 'V8', 'V17', 'V11', 'V20', 'V1', 'V21']",0.8877551020408163,0.05434103685196752,0.10241318422601531,0.6861755658857773,9
"['V14', 'V16', 'V12', 'V8', 'V17', 'V11', 'V20', 'V5', 'V21']",0.8877551020408163,0.05169340463458111,0.09769792251544077,0.700036541216581,9
"['V14', 'V16', 'V12', 'V8', 'V17', 'V11', 'V20', 'V5', 'V1']",0.8877551020408163,0.050966608084358524,0.096398891966759,0.680785439297,9
"['V10', 'V12', 'V8', 'V17', 'V11', 'V20', 'V5', 'V1', 'V21']",0.8877551020408163,0.027488151658767772,0.05332516089488201,0.6626768489613521,9
"['V10', 'V16', 'V12', 'V8', 'V17', 'V11', 'V5', 'V1', 'V21']",0.8877551020408163,0.02779552715654952,0.05390334572490706,0.6736603542338395,9
"['V17', 'V14', 'V10', 'V8', 'V19']",0.8877551020408163,0.06430155210643015,0.11991729841488628,0.7204162267639023,5
"['V10', 'V16', 'V12', 'V8', 'V17', 'V11', 'V20', 'V1', 'V21']",0.8877551020408163,0.026810477657935285,0.05204905773257553,0.6450792303458804,9
"['V10', 'V16', 'V12', 'V8', 'V17', 'V11', 'V20', 'V5', 'V21']",0.8877551020408163,0.027410207939508508,0.053178484107579464,0.7002290330262354,9
"['V10', 'V16', 'V12', 'V8', 'V17', 'V11', 'V20', 'V5', 'V1']",0.8877551020408163,0.027324120603015076,0.05301645338208409,0.6603857155231146,9
"['V17', 'V14', 'V10', 'V8', 'V16', 'V2', 'V5']",0.8877551020408163,0.0635500365230095,0.11860940695296524,0.7365418751893871,7
"['V17', 'V14', 'V10', 'V8', 'V16', 'V2', 'V6']",0.8877551020408163,0.0651685393258427,0.12142358688066993,0.7322632269920569,7
"['V17', 'V14', 'V10', 'V8', 'V16', 'V2', 'V7']",0.8877551020408163,0.06610942249240122,0.12305516265912306,0.7384860312711922,7
"['V17', 'V14', 'V10', 'V8', 'V16', 'Amount']",0.8877551020408163,0.06702619414483821,0.12464183381088825,0.7339344491177622,6
"['V14', 'V16', 'V8', 'V17', 'V11', 'V20', 'V5', 'V1', 'V21']",0.8877551020408163,0.049971280873061456,0.09461663947797716,0.642667737442414,9
"['V17', 'V14', 'V10', 'V8', 'V16', 'V21']",0.8877551020408163,0.06497386109036594,0.12108559498956159,0.7256301243482142,6
"['V17', 'V14', 'V10', 'V8', 'V16', 'V20']",0.8877551020408163,0.06531531531531531,0.12167832167832168,0.7347680718930482,6
"['V17', 'V14', 'V10', 'V8', 'V16', 'V19']",0.8877551020408163,0.062410329985652796,0.11662198391420911,0.7247859404880596,6
"['V17', 'V14', 'V10', 'V8', 'V16', 'V18']",0.8877551020408163,0.06641221374045801,0.12357954545454546,0.7325837516387679,6
"['V17', 'V14', 'V10', 'V8', 'V16', 'V11']",0.8877551020408163,0.0661596958174905,0.12314225053078556,0.7278891924059987,6
"['V17', 'V14', 'V10', 'V8', 'V16', 'V9']",0.8877551020408163,0.07033144704931285,0.1303370786516854,0.7328103439690853,6
"['V17', 'V14', 'V10', 'V8', 'V16', 'V7']",0.8877551020408163,0.06595905989385899,0.12279463655610445,0.7334882811482519,6
"['V17', 'V14', 'V10', 'V8', 'V16', 'V6']",0.8877551020408163,0.06492537313432836,0.12100139082058414,0.7308284580205023,6
"['V17', 'V14', 'V10', 'V8', 'V16', 'V5']",0.8877551020408163,0.06295224312590449,0.11756756756756757,0.7349487173313626,6
"['V17', 'V14', 'V10', 'V8', 'V16', 'V3']",0.8877551020408163,0.05926430517711172,0.1111111111111111,0.7093531826682892,6
"['V17', 'V14', 'V10', 'V8', 'V16', 'V2']",0.8877551020408163,0.06636155606407322,0.12349183818310859,0.7388301654704664,6
"['V17', 'V14', 'V10', 'V8', 'V16', 'V1']",0.8877551020408163,0.061009817671809255,0.1141732283464567,0.7155591466288124,6
"['V17', 'V14', 'V10', 'V8', 'Amount']",0.8877551020408163,0.06561085972850679,0.12219101123595505,0.7272349960383544,5
"['V17', 'V14', 'V10', 'V8', 'V21']",0.8877551020408163,0.06449221645663454,0.12024879060124395,0.7196038921758943,5
"['V17', 'V14', 'V10', 'V8', 'V20']",0.8877551020408163,0.06497386109036594,0.12108559498956159,0.7283195527152371,5
"['V14', 'V16', 'V21']",0.8877551020408163,0.05712409717662508,0.10734114743985194,0.6559597070290295,3
"['V14', 'V8', 'V17']",0.8877551020408163,0.06,0.1124031007751938,0.6616520139375032,3
"['V14', 'V8', 'V11']",0.8877551020408163,0.052189562087582485,0.09858356940509914,0.616209219117651,3
"['V4', 'V12', 'V5', 'V1']",0.8877551020408163,0.025108225108225107,0.048835251192815045,0.511304900109804,4
"['V4', 'V12', 'V17', 'V5']",0.8877551020408163,0.02411976711948988,0.04696356275303644,0.5386412312594566,4
"['V4', 'V12', 'V17', 'V1']",0.8877551020408163,0.024871355060034305,0.04838709677419355,0.5073148103002223,4
"['V4', 'V12', 'V17', 'V21']",0.8877551020408163,0.02465287616888637,0.04797353184449959,0.5488179344749442,4
"['V4', 'V12', 'V11', 'V21']",0.8877551020408163,0.029672578444747612,0.05742574257425743,0.6049374868301008,4
"['V4', 'V12', 'V20', 'V1']",0.8877551020408163,0.025144508670520233,0.048903878583473864,0.5108686286518694,4
"['V4', 'V12', 'V20', 'V21']",0.8877551020408163,0.024992818155702385,0.04861693210393965,0.5512325578543409,4
"['V4', 'V12', 'V5', 'V21']",0.8877551020408163,0.02488558352402746,0.048414023372287146,0.5497492229075385,4
"['V4', 'V12', 'V8', 'V1']",0.8877551020408163,0.02481460353679407,0.04827968923418424,0.5304657371233533,4
"['V4', 'V12', 'V1', 'V21']",0.8877551020408163,0.02574726250369932,0.05004314063848145,0.5265506633811434,4
"['V4', 'V8', 'V17', 'V11']",0.8877551020408163,0.02900966988996332,0.05618340329350985,0.5168106302882387,4
"['V12', 'V8', 'V17', 'V11', 'V1']",0.8877551020408163,0.02218821729150727,0.04329435182881314,0.5806575728639286,5
"['V4', 'V17', 'V11', 'V1']",0.8877551020408163,0.029292929292929294,0.056714471968709254,0.43311937931221733,4
"['V12', 'V8', 'V17', 'V11', 'V5']",0.8877551020408163,0.022727272727272728,0.04431991849210392,0.6202843921508683,5
"['V4', 'V11', 'V20', 'V1']",0.8877551020408163,0.02654867256637168,0.051555555555555556,0.3246530569310769,4
"['V4', 'V12', 'V8', 'V21']",0.8877551020408163,0.025007185972980742,0.048644115180318706,0.5531325276809536,4
"['V4', 'V16', 'V12', 'V17']",0.8877551020408163,0.027162035591632844,0.05271129960617994,0.5749940074349389,4
"['V10', 'V14', 'V16', 'V8', 'V17', 'V11', 'V20', 'V5']",0.8877551020408163,0.06345733041575492,0.11844792375765827,0.7305672585767542,8
"['V10', 'V14', 'V16', 'V12', 'V8', 'V11', 'V5', 'V1']",0.8877551020408163,0.054477144646211645,0.10265486725663717,0.7245041114606849,8
"['V10', 'V14', 'V16', 'V12', 'V11', 'V20', 'V5', 'V21']",0.8877551020408163,0.05838926174496644,0.10957178841309824,0.7048162890868248,8
"['V12', 'V17', 'V11']",0.8877551020408163,0.022544700699663123,0.04397270659590599,0.5940510302203336,3
"['V10', 'V14', 'V16', 'V12', 'V17', 'V11', 'V1', 'V21']",0.8877551020408163,0.06268011527377522,0.11709286675639301,0.6872533244673962,8
"['V12', 'V11', 'V5']",0.8877551020408163,0.02359002169197397,0.04595879556259905,0.6136894108627129,3
"['V10', 'V14', 'V16', 'V12', 'V8', 'V20', 'V1', 'V21']",0.8877551020408163,0.06378299120234604,0.11901504787961696,0.7323518728295312,8
"['V10', 'V14', 'V16', 'V12', 'V8', 'V11', 'V1', 'V21']",0.8877551020408163,0.060124395300621976,0.11262135922330097,0.7291595701881569,8
"['V10', 'V14', 'V16', 'V12', 'V8', 'V11', 'V20', 'V21']",0.8877551020408163,0.059670781893004114,0.11182519280205655,0.7312061752505358,8
"['V4', 'V16', 'V12', 'V8']",0.8877551020408163,0.02840352595494613,0.05504587155963303,0.5925682491958886,4
"['V10', 'V14', 'V16', 'V12', 'V8', 'V11', 'V20', 'V1']",0.8877551020408163,0.06096706377014716,0.11409836065573771,0.7276072926527128,8
"['V10', 'V14', 'V16', 'V12', 'V8', 'V17', 'V11', 'V21']",0.8877551020408163,0.05862533692722372,0.10998735777496839,0.7261543015487077,8
"['V4', 'V12', 'V17', 'V11', 'V20', 'V5', 'V1', 'V21']",0.8877551020408163,0.030062197650310988,0.05815508021390375,0.5615628344460983,8
"['V4', 'V12', 'V8', 'V17', 'V20', 'V5', 'V1', 'V21']",0.8877551020408163,0.025573192239858905,0.04971428571428571,0.5463089793663454,8
"['V4', 'V16', 'V12', 'V17', 'V20', 'V5', 'V1', 'V21']",0.8877551020408163,0.027902501603592048,0.054104477611940295,0.5588391164266301,8
"['V4', 'V10', 'V20', 'V5']",0.8877551020408163,0.05272727272727273,0.09954233409610984,0.556513408516608,4
"['V4', 'V11', 'V20', 'V21']",0.8877551020408163,0.025253991291727142,0.04911092294665537,0.499183191669096,4
"['V4', 'V11', 'V5', 'V1']",0.8877551020408163,0.026379624014554275,0.05123674911660778,0.34262719745451115,4
"['V4', 'V11', 'V5', 'V21']",0.8877551020408163,0.025261324041811847,0.04912478825522304,0.5142850196155694,4
"['V10', 'V14', 'V11', 'V21']",0.8877551020408163,0.06823529411764706,0.12672978878368535,0.6880885289545426,4
"['V10', 'V14', 'V8', 'V21']",0.8877551020408163,0.05623787976729153,0.10577507598784194,0.7007155746427001,4
"['V10', 'V14', 'V17', 'V11']",0.8877551020408163,0.06982343499197431,0.12946428571428573,0.6893204683082355,4
"['V10', 'V14', 'V17', 'V20']",0.8877551020408163,0.06651376146788991,0.12375533428165007,0.6933362645892419,4
"['V10', 'V14', 'V17', 'V21']",0.8877551020408163,0.06855791962174941,0.12728602779809803,0.7007075762393843,4
"['V10', 'V14', 'V11', 'V20']",0.8877551020408163,0.06641221374045801,0.12357954545454546,0.682576831410793,4
"['V10', 'V14', 'V11', 'V5']",0.8877551020408163,0.05835010060362173,0.10950283196979232,0.6735240573595864,4
"['V10', 'V14', 'V20', 'V5']",0.8877551020408163,0.054993678887484194,0.10357142857142858,0.6758030075190022,4
"['V4', 'V11', 'V1', 'V21']",0.8877551020408163,0.026411657559198543,0.05129716981132076,0.4080875050254405,4
"['V10', 'V14', 'V20', 'V21']",0.8877551020408163,0.062187276626161546,0.11623246492985972,0.6912439043557427,4
"['V10', 'V14', 'V16', 'V17', 'V11', 'V21']",0.8877551020408163,0.07196029776674938,0.1331293037490436,0.6995193440689611,6
"['V10', 'V16', 'V12', 'V17']",0.8877551020408163,0.027401574803149607,0.05316223648029331,0.6701419762241331,4
"['V10', 'V12', 'V8', 'V17']",0.8877551020408163,0.026605504587155965,0.05166270783847981,0.6140791032070977,4
"['V10', 'V12', 'V17', 'V11']",0.8877551020408163,0.025166329187156493,0.048945147679324896,0.6678640276565585,4
"['V10', 'V12', 'V17', 'V20']",0.8877551020408163,0.026810477657935285,0.05204905773257553,0.6559899278403544,4
"['V4', 'V12', 'V8', 'V17', 'V1', 'V21']",0.8877551020408163,0.025408878504672897,0.049403747870528106,0.5425567755317503,6
"['V10', 'V14', 'V8', 'V5']",0.8877551020408163,0.05616526791478373,0.10564663023679417,0.7003643109859123,4
"['V10', 'V14', 'V8', 'V20']",0.8877551020408163,0.05738786279683377,0.10780669144981413,0.7068546067967999,4
"['V10', 'V14', 'V8', 'V11']",0.8877551020408163,0.062187276626161546,0.11623246492985972,0.7059340363586488,4
"['V10', 'V14', 'V8', 'V17']",0.8877551020408163,0.06570996978851963,0.12236286919831224,0.7295490707078393,4
"['V4', 'V12', 'V8', 'V17', 'V5', 'V21']",0.8877551020408163,0.025261324041811847,0.04912478825522304,0.5561797565464888,6
"['V4', 'V12', 'V8', 'V17', 'V5', 'V1']",0.8877551020408163,0.025115473441108545,0.04884896125772038,0.5331645159712856,6
"['V4', 'V12', 'V8', 'V17', 'V20', 'V21']",0.8877551020408163,0.025253991291727142,0.04911092294665537,0.5565278481491962,6
"['V4', 'V12', 'V8', 'V17', 'V20', 'V1']",0.8877551020408163,0.02497129735935706,0.048576214405360134,0.535742555373126,6
"['V10', 'V14', 'V16', 'V21']",0.8877551020408163,0.06915739268680444,0.12831858407079647,0.7054457900214662,4
"['V12', 'V8', 'V17', 'V11', 'V20']",0.8877551020408163,0.02244003095176683,0.04377358490566038,0.6143340668323565,5
"['V10', 'V14', 'V16', 'V5']",0.8877551020408163,0.05765407554671968,0.10827629122588675,0.697740670434597,4
"['V10', 'V14', 'V16', 'V20']",0.8877551020408163,0.0665646518745218,0.12384341637010676,0.7046786247439426,4
"['V10', 'V14', 'V16', 'V11']",0.8877551020408163,0.07196029776674938,0.1331293037490436,0.6971591613259938,4
"['V10', 'V14', 'V16', 'V17']",0.8877551020408163,0.06646294881588999,0.12366737739872068,0.7007923082210695,4
"['V10', 'V14', 'V16', 'V8']",0.8877551020408163,0.0625,0.11677852348993288,0.7294236105851067,4
"['V10', 'V14', 'V16', 'V12']",0.8877551020408163,0.07243963363863447,0.13394919168591224,0.7140345755258587,4
"['V10', 'V14', 'V16', 'V12', 'V11', 'V20', 'V1', 'V21']",0.8877551020408163,0.0694888178913738,0.1288888888888889,0.7102586030516803,8
"['V10', 'V14', 'V16', 'V8', 'V17', 'V11', 'V20', 'V1']",0.8877551020408163,0.06045865184155664,0.11320754716981132,0.7075207398550968,8
"['V14', 'V8', 'V5']",0.8877551020408163,0.04827968923418424,0.09157894736842105,0.6167187207886933,3
"['V14', 'V16', 'V12', 'V8', 'V17', 'V11', 'V5', 'V1']",0.8877551020408163,0.050966608084358524,0.096398891966759,0.6810501697541632,8
"['V14', 'V16', 'V12', 'V8', 'V11', 'V20', 'V5', 'V1']",0.8877551020408163,0.051601423487544484,0.09753363228699552,0.6839949626509739,8
"['V14', 'V20', 'V21']",0.8877551020408163,0.04868494683827644,0.09230769230769231,0.5899446629567758,3
"['V14', 'V16', 'V12', 'V8', 'V17', 'V20', 'V1', 'V21']",0.8877551020408163,0.05444305381727159,0.10259433962264151,0.6856472258947108,8
"['V14', 'V5', 'V1']",0.8877551020408163,0.0441400304414003,0.08409859835669406,0.5817947415634039,3
"['V14', 'V16', 'V12', 'V8', 'V17', 'V11', 'V1', 'V21']",0.8877551020408163,0.054138145612943375,0.10205278592375366,0.6874413963828311,8
"['V14', 'V16', 'V12', 'V8', 'V17', 'V11', 'V5', 'V21']",0.8877551020408163,0.05225225225225225,0.09869540555870675,0.7028243681363885,8
"['V14', 'V16', 'V12', 'V8', 'V17', 'V11', 'V20', 'V21']",0.8877551020408163,0.05534351145038168,0.10419161676646707,0.7002433878875554,8
"['V14', 'V16', 'V12', 'V8', 'V11', 'V20', 'V1', 'V21']",0.8877551020408163,0.05750165234633179,0.10800744878957169,0.7009133364908018,8
"['V14', 'V16', 'V12', 'V8', 'V17', 'V11', 'V20', 'V1']",0.8877551020408163,0.05520304568527919,0.1039426523297491,0.6886654261935459,8
"['V14', 'V16', 'V12', 'V8', 'V17', 'V11', 'V20', 'V5']",0.8877551020408163,0.05285540704738761,0.09977064220183486,0.6964583205939013,8
"['V10', 'V12', 'V17', 'V11', 'V20', 'V5', 'V1', 'V21']",0.8877551020408163,0.027857829010566763,0.05402049053089103,0.6615731629873894,8
"['V10', 'V12', 'V8', 'V11', 'V20', 'V5', 'V1', 'V21']",0.8877551020408163,0.030623020063357972,0.05920381082000681,0.6784581528911788,8
"['V10', 'V12', 'V8', 'V17', 'V20', 'V5', 'V1', 'V21']",0.8877551020408163,0.028874875539329572,0.055930568948891035,0.65664571558446,8
"['V10', 'V12', 'V8', 'V17', 'V11', 'V5', 'V1', 'V21']",0.8877551020408163,0.027514231499051234,0.05337423312883435,0.6626536359765887,8
"['V14', 'V16', 'V12', 'V8', 'V11', 'V20', 'V5', 'V21']",0.8877551020408163,0.05166270783847981,0.09764309764309764,0.6999325458904663,8
"['V14', 'V16', 'V12', 'V8', 'V11', 'V5', 'V1', 'V21']",0.8877551020408163,0.05114638447971781,0.09672040022234575,0.6942738767526172,8
"['V10', 'V14', 'V16', 'V8', 'V17', 'V11', 'V20', 'V21']",0.8877551020408163,0.06468401486988848,0.12058212058212059,0.7218224362150802,8
"['V14', 'V16', 'V8', 'V17', 'V11', 'V5', 'V1', 'V21']",0.8877551020408163,0.050289017341040465,0.09518599562363239,0.6446322467439772,8
"['V14', 'V8', 'V21']",0.8877551020408163,0.04576538663861126,0.08704352176088044,0.6116808738866344,3
"['V14', 'V17', 'V11']",0.8877551020408163,0.06531531531531531,0.12167832167832168,0.6519461972231309,3
"['V14', 'V12', 'V8', 'V17', 'V11', 'V20', 'V1', 'V21']",0.8877551020408163,0.05324357405140759,0.10046189376443418,0.6723563041072345,8
"['V14', 'V17', 'V1']",0.8877551020408163,0.053836633663366336,0.10151691948658109,0.6155679284198873,3
"['V14', 'V11', 'V20']",0.8877551020408163,0.054682589566310495,0.10301953818827708,0.6060726283416924,3
"['V14', 'V16', 'V8', 'V11', 'V20', 'V5', 'V1', 'V21']",0.8877551020408163,0.04929178470254957,0.09339774557165861,0.6383194388744924,8
"['V14', 'V16', 'V8', 'V17', 'V11', 'V20', 'V1', 'V21']",0.8877551020408163,0.05523809523809524,0.10400478182904961,0.6424758266041535,8
"['V14', 'V20', 'V1']",0.8877551020408163,0.0478021978021978,0.09071949947862357,0.5949062827235171,3
"['V14', 'V16', 'V8', 'V17', 'V11', 'V20', 'V5', 'V21']",0.8877551020408163,0.05642023346303502,0.10609756097560975,0.668353407321775,8
"['V14', 'V16', 'V8', 'V17', 'V11', 'V20', 'V5', 'V1']",0.8877551020408163,0.050699300699300696,0.09592061742006615,0.6376660789218693,8
"['V14', 'V16', 'V12', 'V11', 'V20', 'V5', 'V1', 'V21']",0.8877551020408163,0.05386996904024768,0.10157618213660245,0.6781456399646992,8
"['V14', 'V16', 'V12', 'V17', 'V11', 'V5', 'V1', 'V21']",0.8877551020408163,0.05184743742550656,0.09797297297297297,0.6665750864451008,8
"['V14', 'V16', 'V12', 'V17', 'V11', 'V20', 'V1', 'V21']",0.8877551020408163,0.05727452271231073,0.10760667903525047,0.6654471457457191,8
"['V14', 'V20', 'V5']",0.8877551020408163,0.050289017341040465,0.09518599562363239,0.6077369843993969,3
"['V10', 'V12', 'V8', 'V17', 'V11', 'V20', 'V1', 'V21']",0.8877551020408163,0.026094781043791242,0.050699300699300696,0.6297922574832171,8
"['V10', 'V12', 'V8', 'V17', 'V11', 'V20', 'V5', 'V21']",0.8877551020408163,0.026960024790827392,0.05233082706766917,0.693280012315354,8
"['V10', 'V12', 'V8', 'V17', 'V11', 'V20', 'V5', 'V1']",0.8877551020408163,0.026802218114602587,0.05203349282296651,0.6383743298936443,8
"['V10', 'V14', 'V16', 'V8', 'V11', 'V20', 'V1', 'V21']",0.8877551020408163,0.061397318278052226,0.11485148514851486,0.7081278627431087,8
"['V10', 'V14', 'V8', 'V17', 'V11', 'V20', 'V5', 'V21']",0.8877551020408163,0.0636896046852123,0.11885245901639344,0.7208675345679882,8
"['V10', 'V14', 'V12', 'V8', 'V11', 'V20', 'V1', 'V21']",0.8877551020408163,0.05942622950819672,0.11139564660691421,0.7132046171873119,8
"['V10', 'V14', 'V16', 'V17', 'V11', 'V20', 'V1', 'V21']",0.8877551020408163,0.06227630637079456,0.11638795986622073,0.6882947030959725,8
"['V10', 'V14', 'V16', 'V17', 'V11', 'V20', 'V5', 'V21']",0.8877551020408163,0.06079664570230608,0.11379986919555266,0.7051229357020744,8
"['V10', 'V14', 'V16', 'V17', 'V11', 'V20', 'V5', 'V1']",0.8877551020408163,0.054958938723941884,0.10350981558596074,0.687959261192328,8
"['V10', 'V14', 'V16', 'V8', 'V11', 'V5', 'V1', 'V21']",0.8877551020408163,0.054273237679351216,0.10229276895943562,0.7131955689508851,8
"['V10', 'V14', 'V16', 'V8', 'V11', 'V20', 'V5', 'V21']",0.8877551020408163,0.06016597510373444,0.11269430051813471,0.7206312251935422,8
"['V10', 'V16', 'V12', 'V11', 'V20', 'V5', 'V1', 'V21']",0.8877551020408163,0.03334610962054427,0.06427779830070188,0.6847264092978691,8
"['V10', 'V14', 'V16', 'V8', 'V11', 'V20', 'V5', 'V1']",0.8877551020408163,0.05397022332506204,0.10175438596491228,0.7131748179718421,8
"['V10', 'V14', 'V16', 'V8', 'V17', 'V20', 'V1', 'V21']",0.8877551020408163,0.060124395300621976,0.11262135922330097,0.7073808121966418,8
"['V10', 'V14', 'V16', 'V8', 'V17', 'V20', 'V5', 'V21']",0.8877551020408163,0.0613107822410148,0.11470006591957811,0.7342600502446299,8
"['V10', 'V14', 'V16', 'V8', 'V17', 'V11', 'V1', 'V21']",0.8877551020408163,0.060291060291060294,0.11291369240752758,0.7053745353291084,8
"['V10', 'V14', 'V16', 'V8', 'V17', 'V11', 'V5', 'V21']",0.8877551020408163,0.062142857142857146,0.11615487316421896,0.7305723908208202,8
"['V10', 'V14', 'V16', 'V8', 'V17', 'V11', 'V5', 'V1']",0.8877551020408163,0.05485498108448928,0.10332541567695962,0.7145659453352796,8
"['V10', 'V14', 'V8', 'V17', 'V11', 'V20', 'V1', 'V21']",0.8877551020408163,0.06024930747922438,0.11284046692607004,0.6935118381641104,8
"['V14', 'V1', 'V21']",0.8877551020408163,0.04707792207792208,0.08941418293936279,0.5943544822815607,3
"['V10', 'V16', 'V12', 'V8', 'V17', 'V11', 'V20', 'V5']",0.8877551020408163,0.02676923076923077,0.05197132616487455,0.6885372016798956,8
"['V10', 'V16', 'V12', 'V8', 'V17', 'V11', 'V20', 'V1']",0.8877551020408163,0.02629193109700816,0.05107132374523041,0.6334626292832278,8
"['V10', 'V16', 'V12', 'V8', 'V17', 'V11', 'V20', 'V21']",0.8877551020408163,0.026443768996960486,0.051357733175914994,0.6689520485645085,8
"['V10', 'V16', 'V12', 'V8', 'V17', 'V11', 'V5', 'V1']",0.8877551020408163,0.027204502814258912,0.05279126213592233,0.6569721257027455,8
"['V10', 'V16', 'V12', 'V8', 'V17', 'V11', 'V5', 'V21']",0.8877551020408163,0.027401574803149607,0.05316223648029331,0.6993643440954698,8
"['V10', 'V16', 'V12', 'V8', 'V17', 'V11', 'V1', 'V21']",0.8877551020408163,0.02676923076923077,0.05197132616487455,0.6424985213973216,8
"['V10', 'V16', 'V12', 'V8', 'V17', 'V20', 'V5', 'V21']",0.8877551020408163,0.029531568228105907,0.05716162943495401,0.6902263984610596,8
"['V10', 'V16', 'V12', 'V8', 'V17', 'V20', 'V1', 'V21']",0.8877551020408163,0.028219266947778137,0.05469977994341402,0.6333888504880996,8
"['V10', 'V16', 'V12', 'V8', 'V11', 'V20', 'V5', 'V1']",0.8877551020408163,0.030155979202772965,0.05833053972510895,0.6655892698425602,8
"['V10', 'V16', 'V12', 'V8', 'V11', 'V20', 'V5', 'V21']",0.8877551020408163,0.029845626072041165,0.057749751078659144,0.7021052178943725,8
"['V10', 'V16', 'V12', 'V17', 'V11', 'V20', 'V5', 'V1']",0.8877551020408163,0.027195998749609252,0.052775250227479524,0.6714791830965435,8
"['V10', 'V16', 'V12', 'V17', 'V11', 'V20', 'V5', 'V21']",0.8877551020408163,0.027698185291308502,0.05372028403828342,0.681839225215139,8
"['V10', 'V16', 'V12', 'V17', 'V11', 'V20', 'V1', 'V21']",0.8877551020408163,0.027804410354745925,0.053920049581654785,0.6605274805542914,8
"['V10', 'V16', 'V12', 'V17', 'V11', 'V5', 'V1', 'V21']",0.8877551020408163,0.027804410354745925,0.053920049581654785,0.6696043199843061,8
"['V10', 'V16', 'V12', 'V17', 'V20', 'V5', 'V1', 'V21']",0.8877551020408163,0.029948364888123923,0.057942057942057944,0.6699173181978706,8
"['V10', 'V14', 'V16', 'V17', 'V11', 'V1']",0.8877551020408163,0.0625449317038102,0.11685695097380792,0.6813773395236434,6
"['V10', 'V16', 'V12', 'V11', 'V5', 'V1', 'V21']",0.8877551020408163,0.033231474407944994,0.06406480117820323,0.6815822040067102,7
"['V10', 'V14', 'V16', 'V12', 'V11']",0.8877551020408163,0.06877470355731226,0.1276595744680851,0.7105833982022165,5
"['V10', 'V16', 'V12', 'V17', 'V20']",0.8877551020408163,0.027751196172248804,0.05381998144138571,0.6717708011983751,5
"['V14', 'V16', 'V11', 'V1', 'V21']",0.8877551020408163,0.05846774193548387,0.10970996216897856,0.6394094705085965,5
"['V14', 'V16', 'V11', 'V5', 'V21']",0.8877551020408163,0.055414012738853505,0.10431654676258993,0.64726739048237,5
"['V14', 'V16', 'V11', 'V5', 'V1']",0.8877551020408163,0.051176470588235295,0.0967741935483871,0.6321297549797561,5
"['V14', 'V16', 'V11', 'V20', 'V21']",0.8877551020408163,0.06126760563380282,0.11462450592885376,0.6554642831938751,5
"['V14', 'V16', 'V11', 'V20', 'V1']",0.8877551020408163,0.059063136456211814,0.11075747931253978,0.6353562903498668,5
"['V14', 'V16', 'V11', 'V20', 'V5']",0.8877551020408163,0.057236842105263155,0.10754017305315204,0.6446273312942439,5
"['V14', 'V12', 'V11', 'V20', 'V1', 'V21']",0.8877551020408163,0.06378299120234604,0.11901504787961696,0.6694970884933996,6
"['V14', 'V16', 'V17', 'V5', 'V21']",0.8877551020408163,0.05788423153692615,0.10868207370393504,0.6596117097876613,5
"['V14', 'V8', 'V17', 'V11', 'V20', 'V5']",0.8877551020408163,0.05914343983684568,0.11089866156787763,0.6518240691410913,6
"['V14', 'V8', 'V17', 'V11', 'V20', 'V1']",0.8877551020408163,0.05464824120603015,0.10295857988165681,0.6279685196297841,6
"['V14', 'V8', 'V17', 'V11', 'V20', 'V21']",0.8877551020408163,0.05962988348183688,0.11175337186897881,0.6542532310203582,6
"['V14', 'V8', 'V17', 'V11', 'V5', 'V1']",0.8877551020408163,0.05011520737327189,0.09487459105779716,0.618819801797066,6
"['V14', 'V8', 'V17', 'V11', 'V5', 'V21']",0.8877551020408163,0.05835010060362173,0.10950283196979232,0.6577416037858984,6
"['V14', 'V8', 'V17', 'V11', 'V1', 'V21']",0.8877551020408163,0.05488958990536277,0.10338680926916222,0.6277955399308529,6
"['V14', 'V8', 'V17', 'V20', 'V5', 'V21']",0.8877551020408163,0.057961359093937376,0.10881801125703565,0.6604668140472608,6
"['V14', 'V16', 'V17', 'V20', 'V21']",0.8877551020408163,0.06096706377014716,0.11409836065573771,0.6603571357203586,5
"['V14', 'V16', 'V17', 'V20', 'V1']",0.8877551020408163,0.055414012738853505,0.10431654676258993,0.6354919189981189,5
"['V14', 'V16', 'V17', 'V20', 'V5']",0.8877551020408163,0.059345156889495224,0.11125319693094629,0.6527348677825512,5
"['V14', 'V8', 'V11', 'V20', 'V5', 'V21']",0.8877551020408163,0.0518783542039356,0.09802816901408451,0.6225407214287723,6
"['V14', 'V16', 'V17', 'V11', 'V21']",0.8877551020408163,0.06263498920086392,0.11701412239408204,0.6582626764819592,5
"['V14', 'V16', 'V17', 'V11', 'V1']",0.8877551020408163,0.056020605280103025,0.10539067231980617,0.63044093800063,5
"['V14', 'V16', 'V17', 'V11', 'V5']",0.8877551020408163,0.060584958217270196,0.11342894393741851,0.6637778391288555,5
"['V14', 'V16', 'V17', 'V11', 'V20']",0.8877551020408163,0.06341107871720117,0.11836734693877551,0.6584396985718955,5
"['V14', 'V17', 'V11', 'V20', 'V5', 'V21']",0.8877551020408163,0.06118143459915612,0.11447368421052631,0.6393093405456096,6
"['V14', 'V17', 'V11', 'V20', 'V1', 'V21']",0.8877551020408163,0.055414012738853505,0.10431654676258993,0.6194542468248938,6
"['V14', 'V16', 'V20', 'V5', 'V21']",0.8877551020408163,0.05350553505535055,0.10092807424593968,0.6433441360675664,5
"['V10', 'V14', 'V8', 'V17', 'V11', 'V20']",0.8877551020408163,0.06682027649769585,0.12428571428571429,0.7173778446115749,6
"['V10', 'V14', 'V8', 'V17', 'V11', 'V5']",0.8877551020408163,0.06521739130434782,0.12150837988826815,0.7212996090078692,6
"['V14', 'V11', 'V20', 'V1', 'V21']",0.8877551020408163,0.0518783542039356,0.09802816901408451,0.6068108002639687,5
"['V14', 'V16', 'V17', 'V20', 'V5', 'V21']",0.8877551020408163,0.05819397993311037,0.10922787193973635,0.6533936302087119,6
"['V14', 'V17', 'V5', 'V1', 'V21']",0.8877551020408163,0.050347222222222224,0.09529025191675794,0.6136713969864358,5
"['V14', 'V11', 'V20', 'V5', 'V1']",0.8877551020408163,0.04738562091503268,0.08996897621509824,0.5919613245278045,5
"['V14', 'V16', 'V11', 'V20', 'V5', 'V1']",0.8877551020408163,0.05087719298245614,0.09623893805309734,0.6311810867997228,6
"['V14', 'V16', 'V11', 'V20', 'V5', 'V21']",0.8877551020408163,0.05552010210593491,0.1045045045045045,0.6433529957790414,6
"['V14', 'V16', 'V11', 'V20', 'V1', 'V21']",0.8877551020408163,0.058704453441295545,0.11012658227848102,0.6394747666205636,6
"['V14', 'V16', 'V11', 'V5', 'V1', 'V21']",0.8877551020408163,0.051601423487544484,0.09753363228699552,0.6329495923879398,6
"['V14', 'V12', 'V11', 'V20', 'V1']",0.8877551020408163,0.06236559139784946,0.11654387139986604,0.6672516945748287,5
"['V14', 'V11', 'V20', 'V5', 'V21']",0.8877551020408163,0.05357142857142857,0.10104529616724739,0.600505526741164,5
"['V10', 'V14', 'V8', 'V11', 'V1', 'V21']",0.8877551020408163,0.05727452271231073,0.10760667903525047,0.6862567087192918,6
"['V10', 'V14', 'V8', 'V11', 'V5', 'V21']",0.8877551020408163,0.05894308943089431,0.11054637865311309,0.6999229257054581,6
"['V10', 'V14', 'V8', 'V11', 'V20', 'V21']",0.8877551020408163,0.06088173547935619,0.11394891944990176,0.7024852472446228,6
"['V10', 'V14', 'V8', 'V17', 'V11', 'V1']",0.8877551020408163,0.060207612456747404,0.11276733635774465,0.694857588620559,6
"['V10', 'V14', 'V8', 'V11', 'V20', 'V1']",0.8877551020408163,0.05689993459777633,0.10694529809465274,0.6860819815983769,6
"['V10', 'V14', 'V8', 'V11', 'V20', 'V5']",0.8877551020408163,0.060332871012482664,0.11298701298701298,0.6990870387947848,6
"['V14', 'V12', 'V8', 'V1', 'V21']",0.8877551020408163,0.054613935969868174,0.1028976936723832,0.6832581745596216,5
"['V14', 'V11', 'V5', 'V1', 'V21']",0.8877551020408163,0.047960308710033074,0.09100418410041841,0.5875332743132592,5
"['V14', 'V20', 'V5', 'V1', 'V21']",0.8877551020408163,0.043740573152337855,0.08337326305701964,0.5900035570925315,5
"['V14', 'V12', 'V8', 'V11', 'V20', 'V1']",0.8877551020408163,0.05623787976729153,0.10577507598784194,0.679437610541465,6
"['V10', 'V14', 'V8', 'V17', 'V20', 'V21']",0.8877551020408163,0.0645879732739421,0.12041522491349481,0.7190540339031444,6
"['V14', 'V12', 'V8', 'V11', 'V1']",0.8877551020408163,0.056347150259067356,0.10596833130328867,0.6781514645223361,5
"['V14', 'V12', 'V8', 'V11', 'V1', 'V21']",0.8877551020408163,0.055414012738853505,0.10431654676258993,0.6806677299892179,6
"['V10', 'V14', 'V8', 'V17', 'V20', 'V5']",0.8877551020408163,0.06341107871720117,0.11836734693877551,0.7280425693035638,6
"['V10', 'V14', 'V8', 'V17', 'V11', 'V21']",0.8877551020408163,0.06541353383458647,0.12184873949579832,0.7122388813411983,6
"['V14', 'V17', 'V11', 'V5', 'V1', 'V21']",0.8877551020408163,0.05175490779298037,0.09780775716694773,0.6118243048662017,6
"['V14', 'V17', 'V20', 'V5', 'V1', 'V21']",0.8877551020408163,0.049347702779353374,0.09349811929070392,0.6204749758143275,6
"['V14', 'V11', 'V20', 'V5', 'V1', 'V21']",0.8877551020408163,0.047515019115237575,0.09020217729393468,0.5952010038086087,6
"['V10', 'V12', 'V17', 'V11', 'V21']",0.8877551020408163,0.0263317191283293,0.05114638447971781,0.6697756833322303,5
"['V14', 'V16', 'V12', 'V8', 'V20']",0.8877551020408163,0.0587440918298447,0.11019632678910703,0.7070402315324873,5
"['V14', 'V16', 'V12', 'V8', 'V11']",0.8877551020408163,0.058,0.10888610763454318,0.7050422298152662,5
"['V10', 'V12', 'V11', 'V5', 'V21']",0.8877551020408163,0.031049250535331904,0.06,0.6874486376043778,5
"['V10', 'V12', 'V11', 'V5', 'V1']",0.8877551020408163,0.031127012522361358,0.06014517801590045,0.6805918564063306,5
"['V10', 'V12', 'V11', 'V20', 'V5']",0.8877551020408163,0.029391891891891894,0.05689993459777633,0.6876335511649334,5
"['V10', 'V12', 'V17', 'V1', 'V21']",0.8877551020408163,0.028505897771952816,0.05523809523809524,0.63898043294428,5
"['V10', 'V12', 'V17', 'V5', 'V21']",0.8877551020408163,0.029561671763506627,0.057218020388030255,0.6693906844697254,5
"['V10', 'V12', 'V17', 'V5', 'V1']",0.8877551020408163,0.028037383177570093,0.05435801312089972,0.6440001015509561,5
"['V10', 'V12', 'V17', 'V20', 'V21']",0.8877551020408163,0.02820097244732577,0.05466540999057493,0.6661847387286011,5
"['V10', 'V12', 'V17', 'V20', 'V1']",0.8877551020408163,0.02761904761904762,0.05357142857142857,0.639333426260943,5
"['V10', 'V12', 'V17', 'V20', 'V5']",0.8877551020408163,0.02776891158633897,0.05385329619312906,0.660991113324428,5
"['V10', 'V12', 'V17', 'V11', 'V1']",0.8877551020408163,0.026467903863705507,0.051403249630723784,0.6410322572587178,5
"['V14', 'V16', 'V12', 'V8', 'V21']",0.8877551020408163,0.05827193569993302,0.10936517913262099,0.7105893749506345,5
"['V10', 'V12', 'V17', 'V11', 'V5']",0.8877551020408163,0.026063511084481725,0.05064027939464494,0.6722877299227432,5
"['V10', 'V12', 'V17', 'V11', 'V20']",0.8877551020408163,0.025298051759232335,0.04919423240033927,0.6693538203156256,5
"['V10', 'V12', 'V8', 'V11', 'V5']",0.8877551020408163,0.027584020291693087,0.05350553505535055,0.6792196607279211,5
"['V10', 'V12', 'V8', 'V17', 'V21']",0.8877551020408163,0.027358490566037737,0.05308114704087859,0.6356908429088163,5
"['V10', 'V12', 'V8', 'V17', 'V1']",0.8877551020408163,0.026670754138565296,0.05178571428571429,0.5816844575009973,5
"['V10', 'V12', 'V8', 'V17', 'V5']",0.8877551020408163,0.027777777777777776,0.05386996904024768,0.6566675646115505,5
"['V10', 'V12', 'V8', 'V17', 'V20']",0.8877551020408163,0.026876737720111215,0.05217391304347826,0.623004611432574,5
"['V10', 'V12', 'V8', 'V17', 'V11']",0.8877551020408163,0.024978466838931956,0.0485897793912315,0.6395486772284911,5
"['V10', 'V16', 'V12', 'V11', 'V5']",0.8877551020408163,0.030250347705146036,0.05850706119704102,0.6908457800488969,5
"['V10', 'V16', 'V12', 'V17', 'V21']",0.8877551020408163,0.028846153846153848,0.055876685934489405,0.6759037965195573,5
"['V10', 'V16', 'V12', 'V17', 'V1']",0.8877551020408163,0.027956298200514137,0.05420560747663551,0.6512290393498349,5
"['V14', 'V16', 'V12', 'V8', 'V1']",0.8877551020408163,0.0577305905773059,0.10841121495327102,0.7013641494674254,5
"['V14', 'V16', 'V12', 'V11', 'V20']",0.8877551020408163,0.06439674315321983,0.12008281573498965,0.695066230675403,5
"['V12', 'V8', 'V17', 'V11', 'V20', 'V5']",0.8877551020408163,0.02267987486965589,0.044229791560752414,0.6204722929417853,6
"['V14', 'V16', 'V8', 'V11', 'V5']",0.8877551020408163,0.054682589566310495,0.10301953818827708,0.651747272325477,5
"['V12', 'V8', 'V17', 'V11', 'V20', 'V1']",0.8877551020408163,0.022092432706957845,0.04311199207135778,0.5827859419988706,6
"['V12', 'V8', 'V17', 'V11', 'V20', 'V21']",0.8877551020408163,0.022644456012493493,0.04416243654822335,0.6055074743916987,6
"['V12', 'V8', 'V17', 'V11', 'V5', 'V21']",0.8877551020408163,0.02282865389661506,0.044512663085188024,0.6132176336821277,6
"['V12', 'V17', 'V11', 'V20', 'V5', 'V21']",0.8877551020408163,0.02338709677419355,0.045573598742797275,0.6046021480399748,6
"['V14', 'V16', 'V8', 'V1', 'V21']",0.8877551020408163,0.05311355311355311,0.10023041474654378,0.6431610513576911,5
"['V14', 'V16', 'V8', 'V5', 'V21']",0.8877551020408163,0.05295191722458917,0.09994256174612291,0.6662300234835693,5
"['V14', 'V16', 'V8', 'V20', 'V21']",0.8877551020408163,0.05367057371992597,0.1012216404886562,0.6664089827819526,5
"['V14', 'V16', 'V8', 'V20', 'V1']",0.8877551020408163,0.05337423312883435,0.10069444444444445,0.6452098395241489,5
"['V14', 'V16', 'V8', 'V20', 'V5']",0.8877551020408163,0.05295191722458917,0.09994256174612291,0.6628269564548386,5
"['V14', 'V16', 'V8', 'V11', 'V21']",0.8877551020408163,0.056530214424951264,0.1062919975565058,0.6587608454314947,5
"['V14', 'V16', 'V8', 'V11', 'V1']",0.8877551020408163,0.05502846299810247,0.10363311494937463,0.642775833805243,5
"['V14', 'V16', 'V8', 'V11', 'V20']",0.8877551020408163,0.05701179554390563,0.10714285714285714,0.6605802538886565,5
"['V14', 'V16', 'V12', 'V11', 'V5']",0.8877551020408163,0.05393676379417235,0.1016949152542373,0.685869436388689,5
"['V14', 'V16', 'V8', 'V17', 'V21']",0.8877551020408163,0.05878378378378379,0.11026615969581749,0.6719543167762965,5
"['V14', 'V16', 'V8', 'V17', 'V1']",0.8877551020408163,0.054613935969868174,0.1028976936723832,0.6483842329986118,5
"['V14', 'V16', 'V8', 'V17', 'V5']",0.8877551020408163,0.05708661417322835,0.10727496917385944,0.6702934314098175,5
"['V14', 'V16', 'V8', 'V17', 'V20']",0.8877551020408163,0.05894308943089431,0.11054637865311309,0.6729952833278418,5
"['V14', 'V16', 'V8', 'V17', 'V11']",0.8877551020408163,0.05894308943089431,0.11054637865311309,0.663505808652031,5
"['V14', 'V16', 'V12', 'V1', 'V21']",0.8877551020408163,0.0625,0.11677852348993288,0.6896602664268322,5
"['V10', 'V14', 'V12', 'V11', 'V20', 'V1']",0.8877551020408163,0.0666156202143951,0.12393162393162394,0.690054388089417,6
"['V14', 'V16', 'V12', 'V20', 'V21']",0.8877551020408163,0.0651685393258427,0.12142358688066993,0.6971396153778024,5
"['V14', 'V16', 'V12', 'V20', 'V1']",0.8877551020408163,0.06227630637079456,0.11638795986622073,0.6879187258704497,5
"['V14', 'V16', 'V12', 'V11', 'V21']",0.8877551020408163,0.06526631657914479,0.12159329140461216,0.6966058033936994,5
"['V14', 'V16', 'V12', 'V11', 'V1']",0.8877551020408163,0.06336489439184267,0.11828687967369136,0.6853764509601025,5
"['V14', 'V12', 'V11', 'V1', 'V21']",0.8877551020408163,0.06373626373626373,0.11893369788106631,0.6694560607419199,5
"['V14', 'V16', 'V17', 'V11', 'V1', 'V21']",0.8877551020408163,0.056347150259067356,0.10596833130328867,0.6351968894830854,6
"['V14', 'V16', 'V17', 'V11', 'V5', 'V21']",0.8877551020408163,0.05792276964047936,0.10875,0.6545506394667575,6
"['V10', 'V12', 'V17', 'V11', 'V20', 'V21']",0.8877551020408163,0.026379624014554275,0.05123674911660778,0.6744530575517705,6
"['V10', 'V12', 'V8', 'V17', 'V20', 'V5']",0.8877551020408163,0.028055465978716543,0.054391997499218504,0.6629835435158197,6
"['V10', 'V12', 'V8', 'V17', 'V20', 'V1']",0.8877551020408163,0.02693498452012384,0.05228365384615385,0.597497029764779,6
"['V10', 'V12', 'V8', 'V17', 'V20', 'V21']",0.8877551020408163,0.027401574803149607,0.05316223648029331,0.6424097098937774,6
"['V10', 'V12', 'V8', 'V17', 'V5', 'V1']",0.8877551020408163,0.02804642166344294,0.054375,0.623304474343603,6
"['V10', 'V12', 'V8', 'V17', 'V5', 'V21']",0.8877551020408163,0.02877935825339067,0.05575136174303108,0.679947405152509,6
"['V10', 'V12', 'V8', 'V17', 'V1', 'V21']",0.8877551020408163,0.027238572323105822,0.05285540704738761,0.6063470416058547,6
"['V10', 'V12', 'V8', 'V11', 'V20', 'V5']",0.8877551020408163,0.027636594663278273,0.053604436229205174,0.6834742964240613,6
"['V10', 'V12', 'V8', 'V11', 'V5', 'V1']",0.8877551020408163,0.029175050301810865,0.05649350649350649,0.6533331397850651,6
"['V10', 'V12', 'V8', 'V11', 'V5', 'V21']",0.8877551020408163,0.0287603305785124,0.05571565802113353,0.6985192620450651,6
"['V10', 'V12', 'V17', 'V11', 'V20', 'V5']",0.8877551020408163,0.026102610261026102,0.05071407752841737,0.6739396459176878,6
"['V10', 'V12', 'V17', 'V11', 'V20', 'V1']",0.8877551020408163,0.026484018264840183,0.051433638782146025,0.6396062354732841,6
"['V10', 'V12', 'V17', 'V11', 'V5', 'V1']",0.8877551020408163,0.02707749766573296,0.05255209906372697,0.6545870781503395,6
"['V10', 'V12', 'V8', 'V17', 'V11', 'V1']",0.8877551020408163,0.025364431486880466,0.04931972789115646,0.6078333831644208,6
"['V10', 'V12', 'V17', 'V11', 'V5', 'V21']",0.8877551020408163,0.027584020291693087,0.05350553505535055,0.6733248613029837,6
"['V10', 'V12', 'V17', 'V11', 'V1', 'V21']",0.8877551020408163,0.027136618839675608,0.0526634382566586,0.6451406332625838,6
"['V10', 'V12', 'V17', 'V20', 'V5', 'V1']",0.8877551020408163,0.02837573385518591,0.054993678887484194,0.647926889425079,6
"['V10', 'V12', 'V17', 'V20', 'V5', 'V21']",0.8877551020408163,0.02963215258855586,0.057350032959789056,0.6693630978477565,6
"['V10', 'V12', 'V17', 'V20', 'V1', 'V21']",0.8877551020408163,0.028618421052631578,0.055449330783938815,0.6483885768409308,6
"['V10', 'V12', 'V17', 'V5', 'V1', 'V21']",0.8877551020408163,0.029322548028311426,0.0567699836867863,0.6533179194482682,6
"['V10', 'V12', 'V11', 'V20', 'V5', 'V1']",0.8877551020408163,0.0312275664034458,0.060332871012482664,0.6812992527655449,6
"['V10', 'V12', 'V11', 'V20', 'V5', 'V21']",0.8877551020408163,0.031149301825993556,0.06018678657903839,0.6876202478515165,6
"['V10', 'V12', 'V11', 'V5', 'V1', 'V21']",0.8877551020408163,0.0327683615819209,0.06320377769705776,0.6773153341482304,6
"['V14', 'V16', 'V12', 'V8', 'V17', 'V11']",0.8877551020408163,0.056530214424951264,0.1062919975565058,0.697909145954995,6
"['V14', 'V17', 'V20', 'V5', 'V1']",0.8877551020408163,0.04920814479638009,0.0932475884244373,0.6176171389809085,5
"['V10', 'V12', 'V8', 'V17', 'V11', 'V21']",0.8877551020408163,0.02555066079295154,0.04967170996288895,0.6549696898026901,6
"['V10', 'V12', 'V8', 'V17', 'V11', 'V5']",0.8877551020408163,0.026001195457262403,0.050522648083623695,0.6749030068159685,6
"['V10', 'V14', 'V17', 'V11', 'V5', 'V21']",0.8877551020408163,0.06290672451193059,0.1174881836596894,0.6955674227230794,6
"['V10', 'V16', 'V12', 'V17', 'V11', 'V20']",0.8877551020408163,0.02599342694950702,0.050507982583454285,0.6798570870472415,6
"['V14', 'V17', 'V11', 'V20', 'V21']",0.8877551020408163,0.06378299120234604,0.11901504787961696,0.6487273477158267,5
"['V14', 'V17', 'V11', 'V20', 'V1']",0.8877551020408163,0.05537873965626989,0.1042540443379269,0.6076814047861775,5
"['V10', 'V14', 'V11', 'V20', 'V5', 'V21']",0.8877551020408163,0.060082872928176795,0.11254851228978008,0.681320201018302,6
"['V14', 'V17', 'V11', 'V20', 'V5']",0.8877551020408163,0.062187276626161546,0.11623246492985972,0.6410234306799578,5
"['V10', 'V14', 'V20', 'V5', 'V1', 'V21']",0.8877551020408163,0.04994259471871412,0.09456521739130434,0.673071507020405,6
"['V10', 'V16', 'V12', 'V8', 'V17', 'V11']",0.8877551020408163,0.02575488454706927,0.05005753739930955,0.6571309062483311,6
"['V10', 'V16', 'V12', 'V8', 'V17', 'V20']",0.8877551020408163,0.027751196172248804,0.05381998144138571,0.6450774003829014,6
"['V10', 'V16', 'V12', 'V8', 'V17', 'V5']",0.8877551020408163,0.02848722986247544,0.05520304568527919,0.6728171570970485,6
"['V10', 'V16', 'V12', 'V8', 'V17', 'V1']",0.8877551020408163,0.02737570799244808,0.05311355311355311,0.6098111517616831,6
"['V10', 'V16', 'V12', 'V8', 'V17', 'V21']",0.8877551020408163,0.028128031037827354,0.054528361015355686,0.653592102621124,6
"['V10', 'V16', 'V12', 'V8', 'V11', 'V5']",0.8877551020408163,0.028637261356155366,0.05548469387755102,0.6848857670520306,6
"['V10', 'V16', 'V12', 'V17', 'V11', 'V5']",0.8877551020408163,0.02665441176470588,0.05175490779298037,0.6822480352057029,6
"['V10', 'V12', 'V8', 'V17', 'V11', 'V20']",0.8877551020408163,0.025079273565869125,0.04878048780487805,0.645037793831852,6
"['V10', 'V16', 'V12', 'V17', 'V11', 'V1']",0.8877551020408163,0.026993484331368292,0.052393857271906055,0.6554201829945996,6
"['V10', 'V16', 'V12', 'V17', 'V11', 'V21']",0.8877551020408163,0.026968381897086176,0.052346570397111915,0.6773450242192762,6
"['V10', 'V16', 'V12', 'V17', 'V20', 'V5']",0.8877551020408163,0.028468586387434554,0.055168040583386174,0.6762821200815027,6
"['V10', 'V16', 'V12', 'V17', 'V20', 'V1']",0.8877551020408163,0.028477905073649754,0.05518553758325404,0.6586104610688359,6
"['V10', 'V16', 'V12', 'V17', 'V20', 'V21']",0.8877551020408163,0.02900966988996332,0.05618340329350985,0.6783565155340352,6
"['V10', 'V16', 'V12', 'V17', 'V5', 'V1']",0.8877551020408163,0.028468586387434554,0.055168040583386174,0.658561880998538,6
"['V10', 'V16', 'V12', 'V17', 'V5', 'V21']",0.8877551020408163,0.029733424470266577,0.057539682539682536,0.6807917717318962,6
"['V10', 'V16', 'V12', 'V17', 'V1', 'V21']",0.8877551020408163,0.029165269862554476,0.05647517039922103,0.6561515293856788,6
"['V10', 'V16', 'V12', 'V11', 'V20', 'V5']",0.8877551020408163,0.030408947920307586,0.058803649881716796,0.692525821000888,6
"['V10', 'V16', 'V12', 'V11', 'V5', 'V1']",0.8877551020408163,0.03185646283412669,0.061505832449628844,0.6842542107966911,6
"['V10', 'V16', 'V12', 'V11', 'V5', 'V21']",0.8877551020408163,0.03215077605321508,0.062054208273894434,0.6899571941058156,6
"['V14', 'V8', 'V20', 'V5', 'V21']",0.8877551020408163,0.047697368421052634,0.09053069719042664,0.6198848751285108,5
"['V14', 'V8', 'V11', 'V1', 'V21']",0.8877551020408163,0.04929178470254957,0.09339774557165861,0.6090919200451981,5
"['V14', 'V16', 'V17', 'V11', 'V5', 'V1']",0.8877551020408163,0.05108631826189078,0.0966129927817879,0.6319737648768559,6
"['V14', 'V16', 'V8', 'V11', 'V20', 'V5']",0.8877551020408163,0.05464824120603015,0.10295857988165681,0.6554736025330142,6
"['V14', 'V8', 'V17', 'V11', 'V5']",0.8877551020408163,0.05886332882273342,0.11040609137055837,0.6517740202207921,5
"['V14', 'V16', 'V8', 'V17', 'V11', 'V20']",0.8877551020408163,0.059063136456211814,0.11075747931253978,0.6654811980199894,6
"['V14', 'V16', 'V8', 'V17', 'V11', 'V5']",0.8877551020408163,0.05742574257425743,0.1078735275883447,0.6620631013252491,6
"['V14', 'V16', 'V8', 'V17', 'V11', 'V1']",0.8877551020408163,0.055133079847908745,0.10381861575178998,0.6440132084153145,6
"['V14', 'V16', 'V8', 'V17', 'V11', 'V21']",0.8877551020408163,0.05842847548690396,0.10964083175803403,0.6641378417279161,6
"['V14', 'V16', 'V8', 'V17', 'V20', 'V5']",0.8877551020408163,0.057236842105263155,0.10754017305315204,0.6709212966352054,6
"['V14', 'V16', 'V8', 'V17', 'V20', 'V1']",0.8877551020408163,0.05451127819548872,0.10271546635182999,0.6485315741589845,6
"['V14', 'V16', 'V8', 'V17', 'V20', 'V21']",0.8877551020408163,0.05846774193548387,0.10970996216897856,0.6727714361242888,6
"['V14', 'V16', 'V8', 'V17', 'V5', 'V1']",0.8877551020408163,0.05020196191575303,0.09503003823047515,0.6411618756517135,6
"['V14', 'V16', 'V8', 'V17', 'V5', 'V21']",0.8877551020408163,0.05689993459777633,0.10694529809465274,0.6760857943118987,6
"['V14', 'V16', 'V8', 'V17', 'V1', 'V21']",0.8877551020408163,0.05420560747663551,0.10217263652378156,0.6460148521809285,6
"['V14', 'V16', 'V8', 'V11', 'V20', 'V1']",0.8877551020408163,0.054993678887484194,0.10357142857142858,0.6426848628635915,6
"['V14', 'V8', 'V17', 'V11', 'V1']",0.8877551020408163,0.05444305381727159,0.10259433962264151,0.625268609426936,5
"['V14', 'V16', 'V8', 'V11', 'V20', 'V21']",0.8877551020408163,0.05645684620376379,0.10616229408175717,0.6596034404303278,6
"['V14', 'V16', 'V8', 'V11', 'V5', 'V1']",0.8877551020408163,0.049544419134396354,0.09385113268608414,0.6347993974220261,6
"['V14', 'V16', 'V8', 'V11', 'V5', 'V21']",0.8877551020408163,0.05444305381727159,0.10259433962264151,0.6584245046918309,6
"['V14', 'V16', 'V8', 'V11', 'V1', 'V21']",0.8877551020408163,0.054958938723941884,0.10350981558596074,0.6418918322790684,6
"['V14', 'V8', 'V17', 'V11', 'V20']",0.8877551020408163,0.06050069541029207,0.11328125,0.6541075377258686,5
"['V14', 'V16', 'V8', 'V20', 'V5', 'V21']",0.8877551020408163,0.05279126213592233,0.09965635738831616,0.6651539464504495,6
"['V14', 'V16', 'V8', 'V20', 'V1', 'V21']",0.8877551020408163,0.05288753799392097,0.09982788296041308,0.6430434632355347,6
"['V14', 'V17', 'V20', 'V1', 'V21']",0.8877551020408163,0.05321100917431193,0.10040392383150606,0.624620965729156,5
"['V14', 'V16', 'V17', 'V11', 'V20', 'V5']",0.8877551020408163,0.05890318212593094,0.11047619047619048,0.652711040112612,6
"['V14', 'V16', 'V17', 'V11', 'V20', 'V1']",0.8877551020408163,0.056020605280103025,0.10539067231980617,0.6311297629282726,6
"['V14', 'V16', 'V17', 'V11', 'V20', 'V21']",0.8877551020408163,0.06286127167630058,0.11740890688259109,0.6580310712683136,6
"['V14', 'V16', 'V12', 'V20', 'V1', 'V21']",0.8877551020408163,0.06286127167630058,0.11740890688259109,0.6906045235408765,6
"['V14', 'V8', 'V17', 'V11', 'V21']",0.8877551020408163,0.059385665529010236,0.11132437619961612,0.6545461788645416,5
"['V14', 'V16', 'V12', 'V8', 'V11', 'V20']",0.8877551020408163,0.058310991957104555,0.10943396226415095,0.7024395094634487,6
"['V14', 'V16', 'V12', 'V17', 'V11', 'V1']",0.8877551020408163,0.056347150259067356,0.10596833130328867,0.6607782732548623,6
"['V14', 'V16', 'V12', 'V8', 'V11', 'V5']",0.8877551020408163,0.05321100917431193,0.10040392383150606,0.6985908051130444,6
"['V14', 'V16', 'V12', 'V8', 'V11', 'V1']",0.8877551020408163,0.05807743658210948,0.10902255639097744,0.6987997202698741,6
"['V14', 'V16', 'V12', 'V8', 'V11', 'V21']",0.8877551020408163,0.05712409717662508,0.10734114743985194,0.7102888150441312,6
"['V14', 'V8', 'V11', 'V5', 'V21']",0.8877551020408163,0.05184743742550656,0.09797297297297297,0.6257140289458144,5
"['V14', 'V16', 'V12', 'V8', 'V20', 'V1']",0.8877551020408163,0.05712409717662508,0.10734114743985194,0.7004762704435911,6
"['V14', 'V16', 'V12', 'V8', 'V20', 'V21']",0.8877551020408163,0.05819397993311037,0.10922787193973635,0.7096704231297571,6
"['V14', 'V17', 'V20', 'V5', 'V21']",0.8877551020408163,0.059548254620123205,0.11161000641436819,0.6414934709883215,5
"['V14', 'V16', 'V12', 'V8', 'V5', 'V21']",0.8877551020408163,0.054820415879017016,0.10326409495548962,0.7047741624242212,6
"['V14', 'V16', 'V12', 'V8', 'V1', 'V21']",0.8877551020408163,0.05697445972495088,0.10707692307692308,0.7040051241986637,6
"['V14', 'V8', 'V11', 'V20', 'V21']",0.8877551020408163,0.051479289940828406,0.09731543624161074,0.6201135385769093,5
"['V14', 'V8', 'V11', 'V20', 'V1']",0.8877551020408163,0.04968589377498572,0.09410492157923202,0.6038957565222105,5
"['V14', 'V8', 'V11', 'V20', 'V5']",0.8877551020408163,0.05250452625226312,0.09914529914529914,0.6162588949003498,5
"['V14', 'V16', 'V12', 'V11', 'V1', 'V21']",0.8877551020408163,0.06511976047904192,0.12133891213389121,0.6870092488784848,6
"['V10', 'V14', 'V17', 'V11', 'V20', 'V21']",0.8877551020408163,0.07131147540983607,0.13201820940819423,0.695360579306173,6
"['V14', 'V8', 'V17', 'V5', 'V21']",0.8877551020408163,0.05819397993311037,0.10922787193973635,0.6636366227719809,5
"['V10', 'V14', 'V17', 'V11', 'V20', 'V1']",0.8877551020408163,0.06161473087818697,0.1152317880794702,0.6594666271722387,6
"['V14', 'V8', 'V17', 'V20', 'V21']",0.8877551020408163,0.05850706119704102,0.10977917981072555,0.6616560368308892,5
"['V10', 'V14', 'V17', 'V11', 'V20', 'V5']",0.8877551020408163,0.06161473087818697,0.1152317880794702,0.6891681277873914,6
"['V14', 'V8', 'V17', 'V20', 'V5']",0.8877551020408163,0.05890318212593094,0.11047619047619048,0.6583228188537513,5
"['V14', 'V16', 'V12', 'V11', 'V20', 'V5']",0.8877551020408163,0.05393676379417235,0.1016949152542373,0.6853855014173786,6
"['V14', 'V16', 'V12', 'V11', 'V20', 'V1']",0.8877551020408163,0.0636896046852123,0.11885245901639344,0.6866784212836856,6
"['V14', 'V16', 'V12', 'V11', 'V20', 'V21']",0.8877551020408163,0.06536438767843726,0.12176347095871239,0.6968440414843687,6
"['V14', 'V16', 'V12', 'V11', 'V5', 'V1']",0.8877551020408163,0.05363748458692972,0.10116279069767442,0.6779164364625364,6
"['V14', 'V16', 'V12', 'V11', 'V5', 'V21']",0.8877551020408163,0.054138145612943375,0.10205278592375366,0.6857880946970885,6
"['V10', 'V16', 'V12', 'V17', 'V5']",0.8877551020408163,0.028265107212475632,0.05478589420654912,0.6764845640305638,5
"['V10', 'V14', 'V16', 'V12', 'V8', 'V20', 'V1']",0.8877551020408163,0.06420664206642067,0.11975223675154852,0.7333532334325037,7
"['V10', 'V14', 'V16', 'V17', 'V21']",0.8877551020408163,0.06845003933910307,0.127100073046019,0.7050898802558161,5
"['V10', 'V14', 'V11', 'V20', 'V1']",0.8877551020408163,0.06165839829907867,0.11530815109343936,0.6594166614205194,5
"['V10', 'V14', 'V16', 'V11', 'V20', 'V1']",0.8877551020408163,0.06702619414483821,0.12464183381088825,0.6851059173596741,6
"['V10', 'V14', 'V17', 'V20', 'V21']",0.8877551020408163,0.06780982073265783,0.12599565532223025,0.7013553668300277,5
"['V10', 'V14', 'V16', 'V11', 'V20', 'V21']",0.8877551020408163,0.07268170426065163,0.13436293436293437,0.7053855731545436,6
"['V10', 'V14', 'V16', 'V11', 'V5', 'V1']",0.8877551020408163,0.05594855305466238,0.10526315789473684,0.6903295598520437,6
"['V10', 'V14', 'V8', 'V11', 'V20']",0.8877551020408163,0.06196581196581197,0.11584553928095873,0.7040038151180744,5
"['V10', 'V14', 'V8', 'V17', 'V21']",0.8877551020408163,0.06449221645663454,0.12024879060124395,0.7196038921758943,5
"['V10', 'V14', 'V16', 'V11', 'V5', 'V21']",0.8877551020408163,0.060332871012482664,0.11298701298701298,0.7015270704494404,6
"['V10', 'V14', 'V16', 'V11', 'V1', 'V21']",0.8877551020408163,0.06775700934579439,0.12590448625180897,0.6930049873351473,6
"['V10', 'V14', 'V16', 'V20', 'V5', 'V21']",0.8877551020408163,0.058546433378196504,0.10984848484848485,0.7035504490070552,6
"['V10', 'V14', 'V16', 'V17', 'V20']",0.8877551020408163,0.06566037735849056,0.12227687983134224,0.7038546089938593,5
"['V10', 'V14', 'V16', 'V17', 'V5']",0.8877551020408163,0.05914343983684568,0.11089866156787763,0.7007943744469064,5
"['V10', 'V14', 'V16', 'V17', 'V20', 'V1']",0.8877551020408163,0.060584958217270196,0.11342894393741851,0.6866406595027835,6
"['V10', 'V14', 'V16', 'V11', 'V20']",0.8877551020408163,0.07061688311688312,0.13082706766917293,0.6982560465386032,5
"['V10', 'V14', 'V16', 'V11', 'V5']",0.8877551020408163,0.05918367346938776,0.11096938775510204,0.697004583451998,5
"['V10', 'V14', 'V16', 'V11', 'V1']",0.8877551020408163,0.06744186046511629,0.12536023054755044,0.6883000019107339,5
"['V10', 'V14', 'V16', 'V11', 'V21']",0.8877551020408163,0.0737913486005089,0.13625685199686766,0.7026820204937937,5
"['V10', 'V14', 'V16', 'V20', 'V5']",0.8877551020408163,0.057692307692307696,0.10834371108343711,0.7001404164276557,5
"['V10', 'V14', 'V16', 'V20', 'V1']",0.8877551020408163,0.06425406203840472,0.11983471074380166,0.689559873742841,5
"['V10', 'V14', 'V16', 'V20', 'V21']",0.8877551020408163,0.06796875,0.1262699564586357,0.7096528153589353,5
"['V10', 'V14', 'V16', 'V17', 'V20', 'V21']",0.8877551020408163,0.06780982073265783,0.12599565532223025,0.708994294305463,6
"['V10', 'V14', 'V16', 'V5', 'V21']",0.8877551020408163,0.058310991957104555,0.10943396226415095,0.7020066198394044,5
"['V10', 'V14', 'V16', 'V17', 'V5', 'V21']",0.8877551020408163,0.060207612456747404,0.11276733635774465,0.7067408645946737,6
"['V10', 'V14', 'V16', 'V11', 'V20', 'V5']",0.8877551020408163,0.060041407867494824,0.11247575953458307,0.7001416241241872,6
"['V10', 'V14', 'V8', 'V17', 'V11']",0.8877551020408163,0.0663109756097561,0.12340425531914893,0.7185621400319776,5
"['V10', 'V14', 'V8', 'V17', 'V20']",0.8877551020408163,0.06497386109036594,0.12108559498956159,0.7283195527152371,5
"['V10', 'V14', 'V11', 'V20', 'V21']",0.8877551020408163,0.06812842599843383,0.12654545454545454,0.6894601046100824,5
"['V10', 'V14', 'V11', 'V5', 'V21']",0.8877551020408163,0.05971173644474949,0.11189710610932475,0.6792332254395345,5
"['V10', 'V14', 'V11', 'V20', 'V5']",0.8877551020408163,0.05858585858585859,0.10991787744788377,0.6749521400865915,5
"['V10', 'V14', 'V8', 'V20', 'V5']",0.8877551020408163,0.05660377358490566,0.10642201834862386,0.7011368547592854,5
"['V10', 'V14', 'V16', 'V12', 'V20']",0.8877551020408163,0.07207953603976802,0.13333333333333333,0.7161200888345594,5
"['V10', 'V14', 'V16', 'V17', 'V20', 'V5']",0.8877551020408163,0.059063136456211814,0.11075747931253978,0.7032264451759025,6
"['V10', 'V14', 'V16', 'V12', 'V21']",0.8877551020408163,0.07442258340461934,0.13733228097868982,0.715037534361345,5
"['V10', 'V14', 'V16', 'V8', 'V17']",0.8877551020408163,0.06585919757759273,0.1226215644820296,0.7342440937648179,5
"['V10', 'V14', 'V17', 'V11', 'V5']",0.8877551020408163,0.06170212765957447,0.11538461538461539,0.690073007799889,5
"['V10', 'V16', 'V12', 'V17', 'V11']",0.8877551020408163,0.025962399283795883,0.05044940562481879,0.6771199397852145,5
"['V10', 'V14', 'V16', 'V8', 'V11']",0.8877551020408163,0.06531531531531531,0.12167832167832168,0.724235781553542,5
"['V10', 'V14', 'V17', 'V11', 'V21']",0.8877551020408163,0.07131147540983607,0.13201820940819423,0.6948927336233045,5
"['V10', 'V14', 'V17', 'V11', 'V20']",0.8877551020408163,0.06943335993615324,0.12879348630643966,0.6863894672784967,5
"['V10', 'V16', 'V12', 'V8', 'V17']",0.8877551020408163,0.027505532722099272,0.05335786568537258,0.6334562434345811,5
"['V10', 'V14', 'V8', 'V20', 'V21']",0.8877551020408163,0.05631067961165048,0.10590383444917834,0.701088831843129,5
"['V10', 'V14', 'V5', 'V1', 'V21']",0.8877551020408163,0.050028752156411734,0.09471965160587915,0.6741138891853731,5
"['V10', 'V14', 'V16', 'V17', 'V11']",0.8877551020408163,0.07004830917874397,0.12985074626865672,0.69490426117689,5
"['V10', 'V14', 'V8', 'V17', 'V5']",0.8877551020408163,0.06350364963503649,0.11852861035422343,0.7284148392846941,5
"['V10', 'V14', 'V16', 'V8', 'V20']",0.8877551020408163,0.06200997861724875,0.11592271818787475,0.7303347953143653,5
"['V10', 'V14', 'V8', 'V11', 'V5']",0.8877551020408163,0.060584958217270196,0.11342894393741851,0.6995672304442717,5
"['V10', 'V14', 'V8', 'V11', 'V21']",0.8877551020408163,0.06083916083916084,0.11387434554973822,0.7035482928408962,5
"['V10', 'V14', 'V16', 'V8', 'V21']",0.8877551020408163,0.0625449317038102,0.11685695097380792,0.7206345967855703,5
"['V10', 'V14', 'V16', 'V8', 'V1']",0.8877551020408163,0.06071179344033496,0.11365120836054866,0.7154430120449696,5
"['V10', 'V14', 'V8', 'V11', 'V1']",0.8877551020408163,0.05693717277486911,0.1070110701107011,0.6864530290039952,5
"['V10', 'V14', 'V17', 'V20', 'V5']",0.8877551020408163,0.05983493810178817,0.11211340206185567,0.6923852575891929,5
"['V10', 'V14', 'V16', 'V8', 'V5']",0.8877551020408163,0.060082872928176795,0.11254851228978008,0.7256492064475581,5
"['V16', 'V12', 'V17', 'V1', 'V21']",0.8775510204081632,0.021700731768861975,0.04235409997537552,0.5482447826392439,5
"['V4', 'V16', 'V12', 'V21']",0.8775510204081632,0.02775984506132989,0.05381727158948686,0.587267999722281,4
"['V4', 'V17', 'V11', 'V5', 'V1', 'V21']",0.8775510204081632,0.028401585204755615,0.05502239283429303,0.4665045260480366,6
"['V4', 'V16', 'V12', 'V8', 'V20', 'V5', 'V1', 'V21']",0.8775510204081632,0.02835476425980877,0.05493452571063558,0.5936988106300572,8
"['V4', 'V16', 'V12', 'V8', 'V17', 'V5', 'V1', 'V21']",0.8775510204081632,0.027958387516254877,0.05419029615626969,0.5822949626230768,8
"['V4', 'V16', 'V12', 'V8', 'V17', 'V1', 'V21']",0.8775510204081632,0.027697262479871174,0.05369965657196379,0.5825721520148216,7
"['V4', 'V16', 'V12', 'V1']",0.8775510204081632,0.027484819431128155,0.05330027889680818,0.5663574068243193,4
"['V4', 'V12', 'V8', 'V17']",0.8775510204081632,0.024620669911251072,0.047897521581732105,0.5522381841379986,4
"['V4', 'V16', 'V17', 'V11', 'V20', 'V5']",0.8775510204081632,0.029182219205972176,0.05648604269293925,0.5425583089882758,6
"['V4', 'V16', 'V12', 'V5']",0.8775510204081632,0.027405991077119184,0.05315203955500618,0.5808790299130276,4
"['V4', 'V16', 'V12', 'V8', 'V17', 'V20', 'V1', 'V21']",0.8775510204081632,0.027724049000644745,0.05375,0.581663235638331,8
"['V4', 'V16', 'V12', 'V8', 'V17', 'V20', 'V5', 'V21']",0.8775510204081632,0.027867790019442645,0.05402010050251256,0.586901752102419,8
"['V4', 'V16', 'V12', 'V8', 'V17', 'V20', 'V5', 'V1']",0.8775510204081632,0.02787682333873582,0.05403707194470625,0.5815010438152152,8
"['V4', 'V16', 'V12', 'V20']",0.8775510204081632,0.027458492975734355,0.05325077399380805,0.5751939428795736,4
"['V4', 'V16', 'V11', 'V20']",0.8775510204081632,0.029251700680272108,0.05661619486504279,0.5426385801543478,4
"['V4', 'V16', 'V17', 'V11']",0.8775510204081632,0.02884937940288494,0.055862292952257225,0.5974501543472904,4
"['V4', 'V16', 'V8', 'V11', 'V20', 'V5']",0.8775510204081632,0.029881862404447533,0.05779569892473118,0.5543721806105697,6
"['V4', 'V16', 'V11', 'V5']",0.8775510204081632,0.029361556845339705,0.056821935910142056,0.5887802543856298,4
"['V16', 'V12', 'V17', 'V5', 'V21']",0.8775510204081632,0.02195557824865969,0.042839352428393526,0.5694723802454974,5
"['V4', 'V8', 'V17', 'V11', 'V20', 'V5', 'V1', 'V21']",0.8775510204081632,0.028772164603546337,0.055717525105280205,0.4683290528152408,8
"['V12', 'V17', 'V1']",0.8775510204081632,0.020868721184178596,0.040767954491585684,0.5268036867215223,3
"['V16', 'V12', 'V21']",0.8775510204081632,0.0236784140969163,0.04611260053619303,0.5979229174470251,3
"['V16', 'V12', 'V8', 'V17', 'V20']",0.8775510204081632,0.020539765942202054,0.04014002333722287,0.5785902086489225,5
"['V12', 'V8', 'V17']",0.8775510204081632,0.020529959417522083,0.04012129694425006,0.5562451885349388,3
"['V12', 'V8', 'V11']",0.8775510204081632,0.02267932489451477,0.0442159383033419,0.6258158010557641,3
"['V16', 'V12', 'V8', 'V17', 'V5']",0.8775510204081632,0.02102175507210951,0.04105991883504417,0.580285491191679,5
"['V16', 'V12', 'V8', 'V17', 'V1']",0.8775510204081632,0.02085859810817366,0.040748637763563134,0.565932795600539,5
"['V12', 'V8', 'V20']",0.8775510204081632,0.02058893943021307,0.04023391812865497,0.5612563750124104,3
"['V12', 'V8', 'V5']",0.8775510204081632,0.020853540252182348,0.04073898626243486,0.5561690330093612,3
"['V16', 'V12', 'V8', 'V17', 'V21']",0.8775510204081632,0.020673076923076922,0.040394551432597466,0.5784385927723809,5
"['V12', 'V8', 'V1']",0.8775510204081632,0.02134524695954331,0.04167676278168161,0.559568114200577,3
"['V12', 'V8', 'V21']",0.8775510204081632,0.020934761441090556,0.04089396100808369,0.5621051964020521,3
"['V12', 'V17', 'V20']",0.8775510204081632,0.02050548402479733,0.04007455731593663,0.5304129455872191,3
"['V12', 'V17', 'V5']",0.8775510204081632,0.02134524695954331,0.04167676278168161,0.5400041979559104,3
"['V12', 'V17', 'V21']",0.8775510204081632,0.020944958597174865,0.04091341579448145,0.5333559963087787,3
"['V12', 'V1', 'V21']",0.8775510204081632,0.023426859166439662,0.04563544706818785,0.5659766217566433,3
"['V12', 'V11', 'V20']",0.8775510204081632,0.023796347537354733,0.04633620689655173,0.6280217422548408,3
"['V12', 'V11', 'V21']",0.8775510204081632,0.024494446026773,0.04765863119977833,0.6285005383417124,3
"['V4', 'V16', 'V12', 'V8', 'V17', 'V20', 'V5']",0.8775510204081632,0.0278137128072445,0.053918495297805645,0.589912060578217,7
"['V12', 'V20', 'V5']",0.8775510204081632,0.021624339954739752,0.04220858895705522,0.5416713758451114,3
"['V12', 'V20', 'V1']",0.8775510204081632,0.022860180754917598,0.04455958549222798,0.5653079735191996,3
"['V4', 'V16', 'V12', 'V8', 'V17', 'V20', 'V1']",0.8775510204081632,0.02775984506132989,0.05381727158948686,0.5803143335608493,7
"['V4', 'V12', 'V8', 'V5']",0.8775510204081632,0.02406940945983767,0.046853718332879324,0.548835680347192,4
"['V12', 'V20', 'V21']",0.8775510204081632,0.022419186652763295,0.043721403152008134,0.5614877077289132,3
"['V4', 'V16', 'V12', 'V8', 'V17', 'V20', 'V21']",0.8775510204081632,0.027768808524378432,0.05383411580594679,0.5864131602119491,7
"['V4', 'V16', 'V12', 'V8', 'V17', 'V5', 'V1']",0.8775510204081632,0.027831715210355986,0.053952321204516936,0.5822080910154439,7
"['V4', 'V16', 'V12', 'V8', 'V17', 'V5', 'V21']",0.8775510204081632,0.02796747967479675,0.054207374724235736,0.5870858976256265,7
"['V12', 'V5', 'V1']",0.8775510204081632,0.02259590120861797,0.04405737704918033,0.5511491131111809,3
"['V12', 'V5', 'V21']",0.8775510204081632,0.022268254790264112,0.043434343434343436,0.5493930088165005,3
"['V4', 'V12', 'V8', 'V20']",0.8775510204081632,0.024042493709812693,0.046802721088435376,0.5512614484767294,4
"['V16', 'V12', 'V8', 'V17', 'V20', 'V1']",0.8775510204081632,0.020813165537270088,0.04066193853427896,0.5603431700084209,6
"['V4', 'V17', 'V11', 'V20', 'V5', 'V1']",0.8775510204081632,0.02892700975445678,0.05600781504395962,0.3886050930828037,6
"['V10', 'V12', 'V11', 'V20']",0.8775510204081632,0.029401709401709403,0.05689712206417466,0.6858474118479372,4
"['V12', 'V8', 'V11', 'V20', 'V5', 'V1']",0.8775510204081632,0.02337591736885023,0.04553878739740535,0.6046133530659447,6
"['V12', 'V8', 'V17', 'V5', 'V1', 'V21']",0.8775510204081632,0.021494626343414147,0.04196145401317394,0.5476026795959514,6
"['V12', 'V8', 'V17', 'V20', 'V1', 'V21']",0.8775510204081632,0.02057416267942584,0.04020570359981299,0.5309389780380953,6
"['V12', 'V8', 'V17', 'V20', 'V5', 'V21']",0.8775510204081632,0.02118748460211875,0.041375992302140965,0.5614536542236098,6
"['V12', 'V8', 'V17', 'V20', 'V5', 'V1']",0.8775510204081632,0.02123981229933317,0.04147576561369665,0.5504276496525116,6
"['V12', 'V8', 'V17', 'V11', 'V1', 'V21']",0.8775510204081632,0.022395833333333334,0.04367699339766379,0.5649129333295296,6
"['V12', 'V8', 'V17', 'V11', 'V5', 'V1']",0.8775510204081632,0.0222855662088624,0.043467273186757645,0.5876893974991769,6
"['V16', 'V12', 'V17', 'V20', 'V1']",0.8775510204081632,0.021203155818540435,0.041405873856523834,0.5490969707701034,5
"['V10', 'V11', 'V1', 'V21']",0.8775510204081632,0.04666304937601736,0.0886141164348274,0.6210935287236123,4
"['V10', 'V11', 'V20', 'V1']",0.8775510204081632,0.044745057232049947,0.08514851485148515,0.6063346234744605,4
"['V10', 'V17', 'V11', 'V1']",0.8775510204081632,0.042198233562315994,0.08052434456928839,0.6000361152145203,4
"['V10', 'V8', 'V11', 'V21']",0.8775510204081632,0.0441025641025641,0.083984375,0.5588243153506924,4
"['V10', 'V8', 'V11', 'V1']",0.8775510204081632,0.040566037735849055,0.0775473399458972,0.4589944837014602,4
"['V10', 'V8', 'V11', 'V20']",0.8775510204081632,0.04128660585693711,0.07886290692342962,0.5347747169514251,4
"['V10', 'V12', 'V5', 'V21']",0.8775510204081632,0.03307692307692308,0.06375092661230541,0.6863146832760689,4
"['V12', 'V8', 'V11', 'V20', 'V5', 'V21']",0.8775510204081632,0.02306248323947439,0.0449438202247191,0.6245255224704667,6
"['V12', 'V8', 'V20', 'V5', 'V1', 'V21']",0.8775510204081632,0.022119341563786008,0.04315102860010035,0.5629658221267982,6
"['V12', 'V17', 'V11', 'V20', 'V5', 'V1']",0.8775510204081632,0.02259590120861797,0.04405737704918033,0.5710033759935537,6
"['V4', 'V8', 'V17', 'V11', 'V1', 'V21']",0.8775510204081632,0.02869536202869536,0.0555735056542811,0.46826786504385126,6
"['V16', 'V12', 'V17', 'V20', 'V5', 'V1', 'V21']",0.8775510204081632,0.022637536193735194,0.04413651526815499,0.5576760158140965,7
"['V12', 'V8', 'V17', 'V11', 'V20', 'V5', 'V1']",0.8775510204081632,0.022268254790264112,0.043434343434343436,0.5876871380641929,7
"['V12', 'V8', 'V17', 'V11', 'V20', 'V5', 'V21']",0.8775510204081632,0.022667369530838165,0.044193216855087356,0.6173081710318042,7
"['V12', 'V8', 'V17', 'V11', 'V20', 'V1', 'V21']",0.8775510204081632,0.022337662337662337,0.04356636271529889,0.5667848200891734,7
"['V12', 'V8', 'V17', 'V20', 'V5', 'V1', 'V21']",0.8775510204081632,0.021419676214196763,0.04181862387551665,0.5486618202356557,7
"['V12', 'V17', 'V11', 'V20', 'V5', 'V1', 'V21']",0.8775510204081632,0.023205612520237454,0.0452155625657203,0.572912051813923,7
"['V4', 'V8', 'V17', 'V11', 'V5', 'V21']",0.8775510204081632,0.02884937940288494,0.055862292952257225,0.5184673626449205,6
"['V16', 'V12', 'V17', 'V20', 'V5']",0.8775510204081632,0.021602612408942477,0.04216719784260848,0.5686146538230451,5
"['V4', 'V8', 'V17', 'V11', 'V5', 'V1']",0.8775510204081632,0.028647568287808126,0.05548387096774193,0.43950101917086365,6
"['V4', 'V16', 'V8', 'V17', 'V11', 'V20', 'V5']",0.8775510204081632,0.03020723568668774,0.05840407470288625,0.5561841524072892,7
"['V4', 'V8', 'V17', 'V11', 'V20', 'V21']",0.8775510204081632,0.02888814242526033,0.0559349593495935,0.5075042515282054,6
"['V12', 'V17', 'V20', 'V5', 'V1', 'V21']",0.8775510204081632,0.022142121524201853,0.043194374686087396,0.5350371616672993,6
"['V12', 'V17', 'V11', 'V5', 'V1', 'V21']",0.8775510204081632,0.023155627355950458,0.04512067156348373,0.5745681382847486,6
"['V12', 'V17', 'V11', 'V20', 'V1', 'V21']",0.8775510204081632,0.022872340425531913,0.044582685329186106,0.5693103928297369,6
"['V10', 'V12', 'V5', 'V1']",0.8775510204081632,0.03165255796834744,0.061101243339254,0.6740646189175639,4
"['V16', 'V12', 'V20', 'V5', 'V1', 'V21']",0.8775510204081632,0.025183016105417278,0.04896100199259892,0.5804134637469839,6
"['V4', 'V12', 'V17', 'V20']",0.8775510204081632,0.023704520396912898,0.04616210413311862,0.5353665811490413,4
"['V10', 'V12', 'V8', 'V5']",0.8775510204081632,0.029132791327913278,0.05639344262295082,0.6645659936308802,4
"['V4', 'V12', 'V8', 'V17', 'V20', 'V5']",0.8775510204081632,0.02464183381088825,0.04793756967670011,0.5565008487279625,6
"['V16', 'V12', 'V8', 'V17', 'V1', 'V21']",0.8775510204081632,0.021006350757205666,0.04103053435114504,0.5544877656272726,6
"['V16', 'V12', 'V8', 'V17', 'V5', 'V21']",0.8775510204081632,0.02126607319485658,0.04152583293095123,0.5801608975730559,6
"['V16', 'V12', 'V8', 'V17', 'V5', 'V1']",0.8775510204081632,0.021761133603238867,0.04246913580246914,0.5745573891035465,6
"['V16', 'V12', 'V8', 'V17', 'V20', 'V21']",0.8775510204081632,0.020732883317261332,0.04050871408384362,0.5785774109696591,6
"['V16', 'V12', 'V5']",0.8775510204081632,0.023407729994556342,0.04559915164369035,0.5977808728988259,3
"['V16', 'V12', 'V8', 'V17', 'V20', 'V5']",0.8775510204081632,0.02102175507210951,0.04105991883504417,0.5831444863514643,6
"['V16', 'V12', 'V17', 'V20', 'V21']",0.8775510204081632,0.021224086870681145,0.04144578313253012,0.5621134595355531,5
"['V4', 'V17', 'V11', 'V5']",0.8775510204081632,0.029014844804318488,0.056172436316133244,0.5281974651346129,4
"['V4', 'V17', 'V11', 'V20']",0.8775510204081632,0.028956228956228958,0.0560625814863103,0.4864805668567574,4
"['V16', 'V12', 'V17', 'V5', 'V1']",0.8775510204081632,0.0219892610585528,0.0429034671988027,0.5562287585740788,5
"['V4', 'V12', 'V20', 'V5']",0.8775510204081632,0.02377661045064971,0.046298788694481834,0.5348976885650233,4
"['V4', 'V16', 'V12', 'V8', 'V5', 'V1', 'V21']",0.8775510204081632,0.028336079077429983,0.054899457389083944,0.5930038544708391,7
"['V4', 'V16', 'V12', 'V8', 'V20', 'V1', 'V21']",0.8775510204081632,0.028261583963194215,0.05475963069086278,0.5917156502104721,7
"['V4', 'V16', 'V12', 'V8', 'V20', 'V5', 'V21']",0.8775510204081632,0.02836411609498681,0.054952076677316296,0.5972512746971196,7
"['V16', 'V12', 'V8', 'V20', 'V5', 'V1']",0.8775510204081632,0.023593964334705075,0.04595244456318461,0.5904334508445909,6
"['V16', 'V12', 'V8', 'V20', 'V5', 'V21']",0.8775510204081632,0.022878425113061984,0.04459424423126782,0.6084231559874522,6
"['V16', 'V12', 'V8', 'V20', 'V1', 'V21']",0.8775510204081632,0.022757343212490077,0.04436419912303327,0.5794950931805186,6
"['V16', 'V12', 'V17', 'V20', 'V5', 'V21']",0.8775510204081632,0.02229712211563391,0.04348925410872313,0.5727283337556967,6
"['V10', 'V12', 'V8', 'V20']",0.8775510204081632,0.029251700680272108,0.05661619486504279,0.6239433324541405,4
"['V10', 'V16', 'V12', 'V5']",0.8775510204081632,0.03193464537690308,0.06162665711214618,0.6919625310907415,4
"['V10', 'V16', 'V12', 'V20']",0.8775510204081632,0.032137518684603884,0.06200432588320115,0.6862070365748334,4
"['V10', 'V16', 'V12', 'V11']",0.8775510204081632,0.0293015332197615,0.05670952851961754,0.6869267455958229,4
"['V16', 'V12', 'V17', 'V5', 'V1', 'V21']",0.8775510204081632,0.022536687631027254,0.04394481349003577,0.5572803616531845,6
"['V16', 'V12', 'V17', 'V20', 'V1', 'V21']",0.8775510204081632,0.0216788505167633,0.042312423124231245,0.5478296125326126,6
"['V16', 'V12', 'V17', 'V20', 'V5', 'V1']",0.8775510204081632,0.022119341563786008,0.04315102860010035,0.5568696032786657,6
"['V16', 'V12', 'V8', 'V5', 'V1', 'V21']",0.8775510204081632,0.023822714681440444,0.04638619201725998,0.5945318405157115,6
"['V16', 'V12', 'V17', 'V11', 'V1', 'V21']",0.8775510204081632,0.023388632036986674,0.04556291390728477,0.5887125695495518,6
"['V16', 'V12', 'V17', 'V11', 'V5', 'V21']",0.8775510204081632,0.0231058570660935,0.04502617801047121,0.6247083690914441,6
"['V16', 'V12', 'V17', 'V11', 'V5', 'V1']",0.8775510204081632,0.022976222281592306,0.04478000520697735,0.5929081099892893,6
"['V16', 'V12', 'V17', 'V11', 'V20', 'V21']",0.8775510204081632,0.022963951935914554,0.044756700494405416,0.620816840187944,6
"['V16', 'V12', 'V17', 'V11', 'V20', 'V1']",0.8775510204081632,0.022854105766675525,0.04454804454804455,0.5864388057832111,6
"['V16', 'V12', 'V17', 'V11', 'V20', 'V5']",0.8775510204081632,0.022739291380222106,0.0443298969072165,0.6196279168277016,6
"['V16', 'V12', 'V1']",0.8775510204081632,0.02395543175487465,0.046637744034707156,0.5891314206665879,3
"['V10', 'V16', 'V8', 'V17', 'V11', 'V5', 'V1', 'V21']",0.8775510204081632,0.04128660585693711,0.07886290692342962,0.6140622196732302,8
"['V16', 'V12', 'V20']",0.8775510204081632,0.022988505747126436,0.044803334201615,0.5952741053921742,3
"['V12', 'V17', 'V20', 'V5', 'V1']",0.8775510204081632,0.021597187343043698,0.04215686274509804,0.5356343389481815,5
"['V4', 'V8', 'V17', 'V11', 'V21']",0.8775510204081632,0.02874331550802139,0.05566343042071197,0.5165245655474013,5
"['V4', 'V8', 'V17', 'V11', 'V1']",0.8775510204081632,0.02889784946236559,0.05595315549772284,0.44141571559800674,5
"['V10', 'V12', 'V8', 'V20', 'V5', 'V1']",0.8775510204081632,0.0302923564635435,0.05856315968675519,0.6436046433761047,6
"['V10', 'V12', 'V8', 'V20', 'V5', 'V21']",0.8775510204081632,0.030572342694632066,0.05908622466506355,0.6897336957867797,6
"['V4', 'V16', 'V12', 'V8', 'V17', 'V20', 'V5', 'V1', 'V21']",0.8775510204081632,0.02797657774886142,0.05422446406052964,0.5819318764553012,9
"['V4', 'V12', 'V17', 'V20', 'V5']",0.8775510204081632,0.02384914032168608,0.04643628509719223,0.5351471930778487,5
"['V10', 'V12', 'V20', 'V5', 'V1', 'V21']",0.8775510204081632,0.03372549019607843,0.0649546827794562,0.6828593549987608,6
"['V10', 'V8', 'V17', 'V11', 'V20', 'V5']",0.8775510204081632,0.04733076499724821,0.0898172323759791,0.616171345448229,6
"['V12', 'V20', 'V5', 'V1', 'V21']",0.8775510204081632,0.02336321651725075,0.045514686424980154,0.5508170678255476,5
"['V10', 'V8', 'V17', 'V11', 'V20', 'V1']",0.8775510204081632,0.042364532019704436,0.08082706766917293,0.4863403136458136,6
"['V12', 'V11', 'V20', 'V5', 'V21']",0.8775510204081632,0.02400893355667225,0.04673913043478261,0.6198480774237713,5
"['V12', 'V17', 'V5', 'V1', 'V21']",0.8775510204081632,0.022119341563786008,0.04315102860010035,0.5375507932332412,5
"['V12', 'V17', 'V20', 'V1', 'V21']",0.8775510204081632,0.02140368342458935,0.04178814382896016,0.5244831292678913,5
"['V12', 'V17', 'V20', 'V5', 'V21']",0.8775510204081632,0.02197802197802198,0.04288207429568686,0.545725129300407,5
"['V12', 'V17', 'V11', 'V1', 'V21']",0.8775510204081632,0.022927219408157826,0.044686931670563784,0.5679709851651467,5
"['V16', 'V12', 'V17']",0.8775510204081632,0.02055940712407363,0.040177528614809624,0.5574145649624409,3
"['V10', 'V8', 'V17', 'V11', 'V5', 'V1']",0.8775510204081632,0.0396496081143384,0.07587119541243935,0.5178035244541757,6
"['V12', 'V17', 'V11', 'V5', 'V1']",0.8775510204081632,0.022685307306779215,0.04422730779120596,0.5688716970684625,5
"['V10', 'V8', 'V17', 'V11', 'V5', 'V21']",0.8775510204081632,0.047226798462383306,0.08963001563314227,0.6434141890320841,6
"['V12', 'V17', 'V11', 'V20', 'V1']",0.8775510204081632,0.0222855662088624,0.043467273186757645,0.5660031040128836,5
"['V12', 'V8', 'V5', 'V1', 'V21']",0.8775510204081632,0.02219927723283428,0.0433031218529708,0.5610329846538791,5
"['V12', 'V8', 'V20', 'V1', 'V21']",0.8775510204081632,0.021788700278692678,0.042521631644004944,0.5540373871559697,5
"['V4', 'V16', 'V12', 'V8', 'V17', 'V20']",0.8775510204081632,0.027634961439588688,0.05358255451713396,0.5879192405802507,6
"['V4', 'V16', 'V12', 'V8', 'V17', 'V5']",0.8775510204081632,0.027697262479871174,0.05369965657196379,0.590706968011109,6
"['V4', 'V16', 'V12', 'V8', 'V17', 'V1']",0.8775510204081632,0.027643844423015106,0.05359925210345902,0.5813214529747464,6
"['V4', 'V16', 'V12', 'V8', 'V17', 'V21']",0.8775510204081632,0.02780472033624313,0.05390159824506424,0.5866128222339293,6
"['V12', 'V8', 'V20', 'V5', 'V21']",0.8775510204081632,0.02128186092551349,0.04155593138439236,0.5640663062645968,5
"['V12', 'V8', 'V20', 'V5', 'V1']",0.8775510204081632,0.02195557824865969,0.042839352428393526,0.5600916240331365,5
"['V12', 'V8', 'V11', 'V5', 'V21']",0.8775510204081632,0.023050120611096223,0.04492034473752938,0.6217453900456957,5
"['V4', 'V16', 'V12', 'V8', 'V20', 'V21']",0.8775510204081632,0.028252299605781867,0.0547422024188415,0.5928050004011209,6
"['V10', 'V16', 'V11', 'V5', 'V1', 'V21']",0.8775510204081632,0.043194374686087396,0.0823360459550024,0.6444686904697735,6
"['V10', 'V16', 'V12', 'V8', 'V17', 'V20', 'V5', 'V1', 'V21']",0.8775510204081632,0.029482344874871443,0.05704809286898839,0.6692171171953184,9
"['V10', 'V16', 'V12', 'V8', 'V11', 'V20', 'V5', 'V1', 'V21']",0.8775510204081632,0.03083542488347078,0.05957741600277104,0.6859485327770378,9
"['V10', 'V16', 'V11', 'V20', 'V5', 'V1']",0.8775510204081632,0.043721403152008134,0.08329297820823245,0.6533566375698692,6
"['V14', 'V17', 'V11', 'V1', 'V21']",0.8775510204081632,0.05467260012714558,0.10293237582286056,0.6143427467030166,5
"['V10', 'V16', 'V12', 'V8', 'V20', 'V5']",0.8775510204081632,0.03106936416184971,0.06001395673412421,0.6837398887007182,6
"['V17', 'V14', 'V2']",0.8775510204081632,0.06384558277654045,0.11903114186851212,0.658599729386328,3
"['V10', 'V16', 'V12', 'V8', 'V5', 'V21']",0.8775510204081632,0.031816500184979654,0.06140664048554088,0.696762552152414,6
"['V17', 'V14', 'V5']",0.8775510204081632,0.0649546827794562,0.1209563994374121,0.6659774611154681,3
"['V17', 'V14', 'V6']",0.8775510204081632,0.0654988575780655,0.12189936215450035,0.6665056909593964,3
"['V17', 'V14', 'V9']",0.8775510204081632,0.06891025641025642,0.1277860326894502,0.6850960003138923,3
"['V4', 'V17', 'V11', 'V20', 'V1']",0.8775510204081632,0.02910321489001692,0.056338028169014086,0.3895785260523936,5
"['V4', 'V17', 'V11', 'V20', 'V5']",0.8775510204081632,0.029083530605343254,0.05630114566284779,0.48695925791781686,5
"['V17', 'V14', 'V18']",0.8775510204081632,0.06480783722682742,0.12070175438596491,0.6633507602068566,3
"['V17', 'V14', 'V19']",0.8775510204081632,0.06437125748502993,0.1199442119944212,0.6538661782389911,3
"['V17', 'V14', 'V20']",0.8775510204081632,0.06277372262773723,0.11716621253405994,0.6521771568544864,3
"['V17', 'V14', 'V21']",0.8775510204081632,0.06236403190717912,0.11645226811103589,0.6550128216209009,3
"['V17', 'V14', 'Amount']",0.8775510204081632,0.06505295007564296,0.12112676056338029,0.662675982421595,3
"['V10', 'V16', 'V12', 'V11', 'V20', 'V21']",0.8775510204081632,0.031318281136198105,0.06047819971870605,0.6880195528024509,6
"['V10', 'V16', 'V12', 'V20', 'V5', 'V1']",0.8775510204081632,0.03278688524590164,0.06321205439176773,0.682777986317536,6
"['V10', 'V16', 'V12', 'V20', 'V5', 'V21']",0.8775510204081632,0.03411344704482348,0.06567392134402443,0.6938399789608902,6
"['V10', 'V16', 'V8', 'V17', 'V11', 'V20']",0.8775510204081632,0.04317269076305221,0.08229665071770335,0.5800995024259271,6
"['V10', 'V16', 'V8', 'V17', 'V11', 'V5']",0.8775510204081632,0.044582685329186106,0.08485446472619634,0.6215303106761079,6
"['V10', 'V16', 'V8', 'V17', 'V11', 'V1']",0.8775510204081632,0.04130643611911623,0.07889908256880734,0.5085433708714907,6
"['V10', 'V16', 'V8', 'V17', 'V11', 'V21']",0.8775510204081632,0.044582685329186106,0.08485446472619634,0.5870166891393575,6
"['V10', 'V16', 'V8', 'V11', 'V20', 'V5']",0.8775510204081632,0.04449042938437662,0.08468734613490891,0.6457481900956693,6
"['V10', 'V16', 'V8', 'V11', 'V5', 'V1']",0.8775510204081632,0.04101096804959466,0.07835990888382688,0.5570347801850012,6
"['V10', 'V16', 'V8', 'V11', 'V5', 'V21']",0.8775510204081632,0.046063202999464384,0.08753180661577609,0.6588434628254785,6
"['V10', 'V16', 'V17', 'V11', 'V20', 'V1']",0.8775510204081632,0.04035664007508212,0.07716464782413639,0.6263106291558848,6
"['V10', 'V16', 'V17', 'V11', 'V20', 'V21']",0.8775510204081632,0.04378818737270876,0.08341416100872939,0.6643426202013983,6
"['V10', 'V16', 'V17', 'V11', 'V5', 'V1']",0.8775510204081632,0.03882618510158013,0.0743623000432339,0.6356477269128368,6
"['V10', 'V16', 'V17', 'V11', 'V1', 'V21']",0.8775510204081632,0.041346153846153845,0.07897153351698806,0.627672827964472,6
"['V10', 'V16', 'V8', 'V17', 'V11', 'V20', 'V5', 'V1', 'V21']",0.8775510204081632,0.042033235581622676,0.08022388059701492,0.6226037172888644,9
"['V10', 'V8', 'V11', 'V20', 'V5', 'V1']",0.8775510204081632,0.036564625850340135,0.07020408163265306,0.5143122660314461,6
"['V4', 'V16', 'V12', 'V8', 'V5', 'V21']",0.8775510204081632,0.02837347410095678,0.05496963886225631,0.5973145676863102,6
"['V4', 'V16', 'V12', 'V8', 'V1', 'V21']",0.8775510204081632,0.028289473684210528,0.05481198215423837,0.5918330209883347,6
"['V16', 'V12', 'V17', 'V11', 'V20', 'V5', 'V1', 'V21']",0.8775510204081632,0.023503689532659196,0.045781208410966195,0.5939174810475278,8
"['V14', 'V17', 'V20']",0.8775510204081632,0.06277372262773723,0.11716621253405994,0.6521771568544864,3
"['V14', 'V17', 'V5']",0.8775510204081632,0.0649546827794562,0.1209563994374121,0.6659774611154681,3
"['V14', 'V17', 'V21']",0.8775510204081632,0.06236403190717912,0.11645226811103589,0.6550128216209009,3
"['V4', 'V16', 'V11', 'V20', 'V5']",0.8775510204081632,0.029361556845339705,0.056821935910142056,0.5428394001586287,5
"['V14', 'V11', 'V5']",0.8775510204081632,0.056282722513089,0.1057810578105781,0.6235781686607474,3
"['V14', 'V11', 'V1']",0.8775510204081632,0.05158968206358728,0.09745042492917846,0.5957808247924752,3
"['V14', 'V11', 'V21']",0.8775510204081632,0.05338299193047796,0.10064365125804564,0.6075803350690798,3
"['V4', 'V16', 'V17', 'V11', 'V5']",0.8775510204081632,0.029351535836177476,0.05680317040951123,0.5890718839831774,5
"['V4', 'V16', 'V17', 'V11', 'V20']",0.8775510204081632,0.02879142952795447,0.05575364667747164,0.5419887995381988,5
"['V14', 'V5', 'V21']",0.8775510204081632,0.04842342342342342,0.09178228388473852,0.6061094806280537,3
"['V4', 'V16', 'V8', 'V11', 'V20']",0.8775510204081632,0.029954719609892023,0.057931963624115866,0.5526800750355596,5
"['V10', 'V8', 'V17', 'V11', 'V20', 'V5', 'V1', 'V21']",0.8775510204081632,0.04246913580246914,0.08101742816768724,0.5998990520359295,8
"['V4', 'V16', 'V12', 'V5', 'V21']",0.8775510204081632,0.027572940044886182,0.05346596207646876,0.5852581922890617,5
"['V4', 'V16', 'V12', 'V20', 'V21']",0.8775510204081632,0.0278137128072445,0.053918495297805645,0.5856926014892748,5
"['V10', 'V16', 'V17', 'V11', 'V20', 'V5', 'V1', 'V21']",0.8775510204081632,0.03985171455050973,0.07624113475177305,0.6563318253245167,8
"['V10', 'V16', 'V8', 'V11', 'V20', 'V5', 'V1', 'V21']",0.8775510204081632,0.043721403152008134,0.08329297820823245,0.6249686602988812,8
"['V16', 'V12', 'V17', 'V11', 'V20', 'V1', 'V21']",0.8775510204081632,0.023280996210070383,0.04535864978902954,0.5882247127084761,7
"['V10', 'V16', 'V8', 'V17', 'V11', 'V20', 'V1', 'V21']",0.8775510204081632,0.042511122095897184,0.0810938236680811,0.568096125587924,8
"['V10', 'V16', 'V8', 'V17', 'V11', 'V20', 'V5', 'V21']",0.8775510204081632,0.04591564335290977,0.08726534753932014,0.6617222555883963,8
"['V10', 'V16', 'V8', 'V17', 'V11', 'V20', 'V5', 'V1']",0.8775510204081632,0.04047058823529412,0.07737291947818263,0.5816423062406991,8
"['V4', 'V16', 'V12', 'V20', 'V1']",0.8775510204081632,0.027484819431128155,0.05330027889680818,0.5603049992817708,5
"['V4', 'V16', 'V12', 'V20', 'V5']",0.8775510204081632,0.027414727446605038,0.05316846986089645,0.5749678509729687,5
"['V10', 'V16', 'V12', 'V8', 'V11', 'V5', 'V1', 'V21']",0.8775510204081632,0.03083542488347078,0.05957741600277104,0.6853801952792522,8
"['V10', 'V16', 'V12', 'V8', 'V17', 'V5', 'V1', 'V21']",0.8775510204081632,0.029211956521739132,0.05654174884944116,0.665841394655537,8
"['V16', 'V12', 'V20', 'V5', 'V1']",0.8775510204081632,0.024459613196814563,0.047592695074709465,0.5770801657650326,5
"['V10', 'V16', 'V12', 'V8', 'V17', 'V20', 'V5', 'V1']",0.8775510204081632,0.02884937940288494,0.055862292952257225,0.6493633257557501,8
"['V4', 'V16', 'V12', 'V8', 'V21']",0.8775510204081632,0.02821522309711286,0.05467260012714558,0.59341368980945,5
"['V4', 'V16', 'V12', 'V8', 'V17']",0.8775510204081632,0.027670527670527672,0.053649407361197755,0.5899591903890831,5
"['V16', 'V12', 'V8']",0.8775510204081632,0.022006141248720572,0.042935596605092365,0.6048783959049284,3
"['V16', 'V12', 'V8', 'V17', 'V20', 'V5', 'V1', 'V21']",0.8775510204081632,0.02177766523170423,0.04250061774153694,0.5713823316147383,8
"['V16', 'V12', 'V20', 'V5', 'V21']",0.8775510204081632,0.024341919048966883,0.047369870559074635,0.6016773154375064,5
"['V12', 'V8', 'V11', 'V20', 'V21']",0.8775510204081632,0.02308105206655931,0.04497907949790795,0.6167713043986583,5
"['V4', 'V12', 'V8', 'V17', 'V20']",0.8775510204081632,0.024585477415666093,0.047830923248053395,0.5540350087952158,5
"['V12', 'V8', 'V11', 'V20', 'V1']",0.8775510204081632,0.023168103448275863,0.04514435695538058,0.6018791978218112,5
"['V12', 'V8', 'V11', 'V20', 'V5']",0.8775510204081632,0.022709268550303672,0.044272844272844274,0.6282674396101782,5
"['V10', 'V8', 'V11', 'V20', 'V5', 'V21']",0.8775510204081632,0.041951219512195125,0.08007448789571694,0.6316238187699315,6
"['V10', 'V8', 'V11', 'V20', 'V1', 'V21']",0.8775510204081632,0.04376590330788804,0.08337372758119244,0.5331527291722584,6
"['V10', 'V8', 'V11', 'V5', 'V1', 'V21']",0.8775510204081632,0.038120567375886524,0.07306711979609176,0.5745340962450821,6
"['V12', 'V8', 'V17', 'V1', 'V21']",0.8775510204081632,0.02062350119904077,0.04029990627928772,0.532123032066376,5
"['V12', 'V8', 'V17', 'V5', 'V21']",0.8775510204081632,0.021161417322834646,0.04132628543969245,0.5559423628954077,5
"['V12', 'V8', 'V17', 'V5', 'V1']",0.8775510204081632,0.02132936507936508,0.041646489104116224,0.5545555856608815,5
"['V12', 'V8', 'V17', 'V20', 'V21']",0.8775510204081632,0.02059880239520958,0.04025274982447929,0.5530450537646785,5
"['V10', 'V17', 'V11', 'V20', 'V1', 'V21']",0.8775510204081632,0.04387755102040816,0.08357628765792031,0.6220566931162583,6
"['V4', 'V16', 'V12']",0.8775510204081632,0.027414727446605038,0.05316846986089645,0.5865606889001793,3
"['V4', 'V16', 'V11']",0.8775510204081632,0.029202037351443125,0.05652316792638843,0.5968229949257629,3
"['V4', 'V12', 'V8']",0.8775510204081632,0.02406940945983767,0.046853718332879324,0.5487781584115056,3
"['V4', 'V12', 'V17']",0.8775510204081632,0.023684935279537318,0.04612496647894878,0.5396998039202168,3
"['V4', 'V12', 'V20']",0.8775510204081632,0.023948760790866053,0.04662510165356465,0.536756375416235,3
"['V12', 'V8', 'V17', 'V20', 'V5']",0.8775510204081632,0.020823244552058112,0.04068117313150426,0.5601293598962098,5
"['V4', 'V16', 'V12', 'V20', 'V5', 'V1']",0.8775510204081632,0.02750239846498241,0.05333333333333334,0.5597079904156363,6
"['V4', 'V16', 'V12', 'V20', 'V5', 'V21']",0.8775510204081632,0.027643844423015106,0.05359925210345902,0.5840819344947593,6
"['V4', 'V16', 'V12', 'V20', 'V1', 'V21']",0.8775510204081632,0.027858762552640103,0.05400313971742543,0.5685577781695913,6
"['V4', 'V12', 'V8', 'V20', 'V5']",0.8775510204081632,0.024035774175517048,0.046789989118607184,0.5518198906658405,5
"['V4', 'V16', 'V8', 'V17', 'V11', 'V20']",0.8775510204081632,0.030271031326997537,0.05852330724736305,0.5530901686609838,6
"['V16', 'V12', 'V5', 'V1', 'V21']",0.8775510204081632,0.025029103608847497,0.04867006225240521,0.5853164976789775,5
"['V10', 'V12', 'V11']",0.8775510204081632,0.029182219205972176,0.05648604269293925,0.685744734446592,3
"['V10', 'V12', 'V20']",0.8775510204081632,0.031816500184979654,0.06140664048554088,0.6864369118216829,3
"['V10', 'V12', 'V5']",0.8775510204081632,0.030539772727272728,0.059025394646533974,0.682942025241664,3
"['V10', 'V8', 'V11']",0.8775510204081632,0.040952380952380955,0.07825295723384895,0.5097436465933814,3
"['V10', 'V11', 'V1']",0.8775510204081632,0.044513457556935816,0.08472906403940887,0.6092214890103322,3
"['V16', 'V12', 'V20', 'V1', 'V21']",0.8775510204081632,0.024606580829756794,0.04787086000556638,0.5904850120692595,5
"['V4', 'V12', 'V8', 'V17', 'V5']",0.8775510204081632,0.02471264367816092,0.048071548351034096,0.5536422162637835,5
"['V16', 'V12', 'V17', 'V11', 'V5', 'V1', 'V21']",0.8775510204081632,0.023452413416962095,0.045683930942895086,0.5963996095343196,7
"['V10', 'V12', 'V8', 'V11']",0.8775510204081632,0.02679127725856698,0.05199516324062878,0.6401142100142696,4
"['V16', 'V12', 'V17', 'V11', 'V20', 'V5', 'V21']",0.8775510204081632,0.023224412638401297,0.04525124967113917,0.6240500809178465,7
"['V16', 'V12', 'V17', 'V1']",0.8775510204081632,0.021255561047948592,0.041505791505791506,0.5481409354488483,4
"['V16', 'V12', 'V17', 'V21']",0.8775510204081632,0.02108359892130424,0.04117787886042614,0.5587330884333812,4
"['V16', 'V12', 'V8', 'V5', 'V21']",0.8775510204081632,0.02290889717634523,0.0446521287642783,0.6066417890857013,5
"['V10', 'V16', 'V8', 'V17', 'V11']",0.8775510204081632,0.04345629105608893,0.08281174771304767,0.5499671183140813,5
"['V10', 'V16', 'V8', 'V11', 'V20', 'V5', 'V1']",0.8775510204081632,0.04176784847013113,0.07974038015762633,0.5819119494935759,7
"['V10', 'V16', 'V8', 'V17', 'V11', 'V1', 'V21']",0.8775510204081632,0.04244817374136229,0.08097928436911488,0.5563809624381423,7
"['V10', 'V16', 'V8', 'V17', 'V11', 'V5', 'V21']",0.8775510204081632,0.04596472474612507,0.08735398679532758,0.658713815606178,7
"['V14', 'V11', 'V5', 'V21']",0.8775510204081632,0.05318491032776747,0.10029154518950437,0.6077766628051601,4
"['V10', 'V16', 'V8', 'V17', 'V11', 'V5', 'V1']",0.8775510204081632,0.03979639055992596,0.07613988490482515,0.5567261663257482,7
"['V10', 'V16', 'V8', 'V17', 'V11', 'V20', 'V21']",0.8775510204081632,0.0443298969072165,0.08439646712463199,0.5936136201530172,7
"['V16', 'V12', 'V8', 'V1', 'V21']",0.8775510204081632,0.022982362373062535,0.04479166666666667,0.5791894751607187,5
"['V16', 'V12', 'V17', 'V11', 'V20']",0.8775510204081632,0.02246603970741902,0.04381049414161997,0.6186921940391436,5
"['V10', 'V16', 'V8', 'V17', 'V11', 'V20', 'V1']",0.8775510204081632,0.04083570750237417,0.0780399274047187,0.5298408494000671,7
"['V10', 'V16', 'V8', 'V17', 'V11', 'V20', 'V5']",0.8775510204081632,0.044034818228366614,0.08386153096050707,0.6455095369388202,7
"['V10', 'V16', 'V12', 'V20', 'V5', 'V1', 'V21']",0.8775510204081632,0.03420843277645187,0.06584992343032159,0.6881772859646463,7
"['V16', 'V12', 'V8', 'V20', 'V1']",0.8775510204081632,0.022560335781741866,0.043989769820971865,0.5808072313859871,5
"['V10', 'V16', 'V12', 'V5', 'V21']",0.8775510204081632,0.033925049309664695,0.06532472464868971,0.6891078941377935,5
"['V16', 'V12', 'V17', 'V11', 'V5']",0.8775510204081632,0.02271526677231907,0.044284243048403706,0.6233956736053142,5
"['V10', 'V16', 'V17', 'V11', 'V1']",0.8775510204081632,0.04058518168947617,0.07758231844835363,0.6261440051808895,5
"['V12', 'V17', 'V1', 'V21']",0.8775510204081632,0.021260815822002472,0.04151580979966208,0.5233145836338976,4
"['V10', 'V16', 'V17', 'V11', 'V21']",0.8775510204081632,0.04533473906167633,0.0862155388471178,0.6563528459082805,5
"['V12', 'V20', 'V1', 'V21']",0.8775510204081632,0.023593964334705075,0.04595244456318461,0.5673089412232626,4
"['V10', 'V12', 'V8', 'V5', 'V21']",0.8775510204081632,0.030626780626780627,0.05918788713007571,0.6885970782247596,5
"['V10', 'V12', 'V8', 'V5', 'V1']",0.8775510204081632,0.030260380014074596,0.058503401360544216,0.6373997937169029,5
"['V10', 'V16', 'V12', 'V8', 'V20', 'V5', 'V21']",0.8775510204081632,0.03204172876304024,0.06182602444284687,0.6976990901545171,7
"['V10', 'V16', 'V12', 'V5', 'V1']",0.8775510204081632,0.032428355957767725,0.06254545454545454,0.6791080544976962,5
"['V10', 'V12', 'V8', 'V20', 'V5']",0.8775510204081632,0.029411764705882353,0.056915949702183985,0.6707361673947463,5
"['V10', 'V8', 'V11', 'V20', 'V21']",0.8775510204081632,0.04437564499484004,0.08447937131630648,0.5611897608898786,5
"['V16', 'V12', 'V17', 'V11', 'V1']",0.8775510204081632,0.022811671087533156,0.04446742502585315,0.5863986257380412,5
"['V10', 'V8', 'V11', 'V5', 'V1']",0.8775510204081632,0.03574397339983375,0.06869009584664537,0.5007052324690386,5
"['V10', 'V16', 'V8', 'V11', 'V20', 'V5', 'V21']",0.8775510204081632,0.046511627906976744,0.08834103749357987,0.6630736321194023,7
"['V10', 'V16', 'V8', 'V11', 'V5', 'V1', 'V21']",0.8775510204081632,0.04261645193260654,0.08128544423440454,0.6156435942414732,7
"['V14', 'V11', 'V20', 'V1']",0.8775510204081632,0.05155875299760192,0.09739524348810873,0.5978898194471387,4
"['V4', 'V8', 'V17', 'V11', 'V5', 'V1', 'V21']",0.8775510204081632,0.028762541806020066,0.05569948186528497,0.4683762956382289,7
"['V10', 'V12', 'V5', 'V1', 'V21']",0.8775510204081632,0.03348909657320872,0.06451612903225806,0.6790594564178206,5
"['V10', 'V12', 'V20', 'V5', 'V21']",0.8775510204081632,0.033372138145129994,0.06429906542056074,0.6888302338582857,5
"['V10', 'V12', 'V20', 'V5', 'V1']",0.8775510204081632,0.03212551363466567,0.06198198198198198,0.6766156045967621,5
"['V10', 'V8', 'V17', 'V11', 'V1']",0.8775510204081632,0.041727316836487144,0.07966651227420102,0.46428307935109975,5
"['V16', 'V12', 'V17', 'V11', 'V21']",0.8775510204081632,0.02291500133226752,0.04466372370812776,0.6205369315756424,5
"['V10', 'V12', 'V11', 'V20', 'V21']",0.8775510204081632,0.031148134733792104,0.06016089541797831,0.6873925621332855,5
"['V10', 'V8', 'V17', 'V11', 'V20', 'V5', 'V1']",0.8775510204081632,0.0403187998124707,0.07709547288211564,0.5339440710656395,7
"['V16', 'V12', 'V8', 'V20']",0.8775510204081632,0.02195557824865969,0.042839352428393526,0.6031231891486348,4
"['V10', 'V8', 'V17', 'V11', 'V20', 'V5', 'V21']",0.8775510204081632,0.04788418708240535,0.0908130939809926,0.6477658953954731,7
"['V10', 'V16', 'V11', 'V20', 'V5', 'V1', 'V21']",0.8775510204081632,0.04367699339766379,0.08321238509917755,0.6594984201346161,7
"['V10', 'V8', 'V17', 'V11', 'V5', 'V1', 'V21']",0.8775510204081632,0.04201270151441133,0.08018648018648018,0.5929856853180395,7
"['V16', 'V12', 'V8', 'V17']",0.8775510204081632,0.02055940712407363,0.040177528614809624,0.5773021605180199,4
"['V16', 'V12', 'V8', 'V5']",0.8775510204081632,0.02259590120861797,0.04405737704918033,0.6057625003065757,4
"['V16', 'V12', 'V8', 'V1']",0.8775510204081632,0.02257217847769029,0.044012282497441144,0.5875303522757732,4
"['V16', 'V12', 'V8', 'V21']",0.8775510204081632,0.022222222222222223,0.04334677419354839,0.6029060734378284,4
"['V16', 'V12', 'V8', 'V5', 'V1']",0.8775510204081632,0.023652365236523653,0.046063202999464384,0.5945669978876597,5
"['V16', 'V12', 'V17', 'V11', 'V20', 'V5', 'V1']",0.8775510204081632,0.022970085470085472,0.04476834981780323,0.5917170209135774,7
"['V10', 'V8', 'V11', 'V20', 'V5', 'V1', 'V21']",0.8775510204081632,0.038931643277501135,0.07455570004334634,0.583489903580667,7
"['V10', 'V16', 'V8', 'V11', 'V5']",0.8775510204081632,0.0442159383033419,0.08418991678903573,0.621251750591357,5
"['V12', 'V11', 'V20', 'V21']",0.8775510204081632,0.02451539338654504,0.04769828064337216,0.628693180629617,4
"['V16', 'V12', 'V8', 'V20', 'V21']",0.8775510204081632,0.022256728778467908,0.04341241797072186,0.6050570996874628,5
"['V12', 'V5', 'V1', 'V21']",0.8775510204081632,0.023325196636832114,0.04544253632760898,0.5522685507514694,4
"['V16', 'V12', 'V17', 'V11']",0.8775510204081632,0.02246017236876469,0.043799337916984975,0.6186143289048475,4
"['V10', 'V8', 'V11', 'V20', 'V1']",0.8775510204081632,0.04122722914669223,0.07875457875457875,0.48192368900390803,5
"['V16', 'V12', 'V17', 'V20']",0.8775510204081632,0.02065817919769397,0.04036611124149261,0.5570236572322265,4
"['V10', 'V16', 'V17', 'V11', 'V5', 'V1', 'V21']",0.8775510204081632,0.03919781221513218,0.07504363001745201,0.6397412538910018,7
"['V10', 'V16', 'V17', 'V11', 'V20', 'V1', 'V21']",0.8775510204081632,0.04124700239808154,0.0787906550618415,0.6416542949715783,7
"['V16', 'V12', 'V17', 'V5']",0.8775510204081632,0.021510755377688845,0.0419921875,0.568313220546686,4
"['V10', 'V16', 'V17', 'V11', 'V20', 'V5', 'V1']",0.8775510204081632,0.03903767589650477,0.07475010864841374,0.6505634305072461,7
"['V10', 'V8', 'V11', 'V5', 'V21']",0.8775510204081632,0.04103053435114504,0.07839562443026436,0.6254391380659015,5
"['V10', 'V16', 'V12', 'V11', 'V20']",0.8775510204081632,0.029573590096286108,0.057218895542248835,0.6869422420369676,5
"['V16', 'V12', 'V5', 'V21']",0.8775510204081632,0.02415051951698961,0.04700737906531839,0.6008542015626519,4
"['V12', 'V8', 'V5', 'V21']",0.8775510204081632,0.021182266009852218,0.04136604136604136,0.5571165119779853,4
"['V12', 'V17', 'V20', 'V1']",0.8775510204081632,0.020833333333333332,0.04070042593469001,0.5292083091952998,4
"['V12', 'V17', 'V20', 'V5']",0.8775510204081632,0.02144638403990025,0.04186952288218111,0.537154038934747,4
"['V16', 'V12', 'V1', 'V21']",0.8775510204081632,0.02464183381088825,0.04793756967670011,0.5901671199052901,4
"['V10', 'V11', 'V20', 'V1', 'V21']",0.8775510204081632,0.046789989118607184,0.08884297520661157,0.6285484606134821,5
"['V16', 'V12', 'V5', 'V1']",0.8775510204081632,0.0245014245014245,0.04767184035476718,0.5808992780070548,4
"['V16', 'V12', 'V8', 'V17', 'V20', 'V5', 'V1']",0.8775510204081632,0.021772151898734177,0.042490118577075096,0.5722263201067923,7
"['V16', 'V12', 'V20', 'V21']",0.8775510204081632,0.023711055969120487,0.0461744966442953,0.6005035313090522,4
"['V10', 'V16', 'V11', 'V5', 'V1']",0.8775510204081632,0.04291417165668663,0.0818268315889629,0.6425498984551921,5
"['V16', 'V12', 'V8', 'V17', 'V20', 'V5', 'V21']",0.8775510204081632,0.02141434262948207,0.041808458920758386,0.5844620606354785,7
"['V16', 'V12', 'V8', 'V17', 'V20', 'V1', 'V21']",0.8775510204081632,0.020970495001219214,0.04096213384139081,0.5555092231263947,7
"['V16', 'V12', 'V8', 'V17', 'V5', 'V1', 'V21']",0.8775510204081632,0.021866259852529876,0.04266931282560159,0.5706546770907913,7
"['V16', 'V12', 'V20', 'V1']",0.8775510204081632,0.023908812899638587,0.04654939106901218,0.5890929335767833,4
"['V12', 'V17', 'V11', 'V1']",0.8775510204081632,0.02246017236876469,0.043799337916984975,0.5610453111636463,4
"['V12', 'V8', 'V1', 'V21']",0.8775510204081632,0.02170620898536093,0.042364532019704436,0.5518218874997939,4
"['V12', 'V8', 'V5', 'V1']",0.8775510204081632,0.02198364008179959,0.0428927680798005,0.5621117662165539,4
"['V12', 'V20', 'V5', 'V21']",0.8775510204081632,0.022390002603488675,0.043665905052043666,0.5537028572700332,4
"['V16', 'V12', 'V20', 'V5']",0.8775510204081632,0.023497267759562842,0.045769026077700906,0.5972744127116604,4
"['V12', 'V8', 'V20', 'V21']",0.8775510204081632,0.020904229460379193,0.04083570750237417,0.5615895901325102,4
"['V12', 'V8', 'V20', 'V1']",0.8775510204081632,0.021483887084686484,0.04194099000243843,0.5550198491385688,4
"['V12', 'V8', 'V20', 'V5']",0.8775510204081632,0.020767930451581745,0.040575607454588346,0.5595341187154238,4
"['V12', 'V8', 'V11', 'V21']",0.8775510204081632,0.023006955591225255,0.04483837330552659,0.6128820856757282,4
"['V10', 'V16', 'V12', 'V20', 'V5']",0.8775510204081632,0.03224596925384327,0.06220614828209765,0.6928237619674457,5
"['V16', 'V12', 'V8', 'V20', 'V5', 'V1', 'V21']",0.8775510204081632,0.023743787962451683,0.046236559139784944,0.5913443297449149,7
"['V10', 'V17', 'V11', 'V1', 'V21']",0.8775510204081632,0.04272230501738698,0.08147797252486973,0.6127959248507675,5
"['V12', 'V8', 'V17', 'V20']",0.8775510204081632,0.020321361058601134,0.039722863741339494,0.556385829408975,4
"['V12', 'V8', 'V17', 'V5']",0.8775510204081632,0.020924574209245744,0.0408745247148289,0.5581023663944529,4
"['V12', 'V8', 'V17', 'V1']",0.8775510204081632,0.02041300735817707,0.0398979355138019,0.5439275461239456,4
"['V12', 'V8', 'V17', 'V21']",0.8775510204081632,0.020687996151070483,0.04042303172737955,0.5525769974204412,4
"['V12', 'V8', 'V11', 'V20']",0.8775510204081632,0.022667369530838165,0.044193216855087356,0.626168683896796,4
"['V12', 'V8', 'V11', 'V5']",0.8775510204081632,0.02267932489451477,0.0442159383033419,0.627034767125587,4
"['V12', 'V17', 'V20', 'V21']",0.8775510204081632,0.020919484310386767,0.0408648134948919,0.5340645092642162,4
"['V10', 'V8', 'V17', 'V11', 'V5']",0.8775510204081632,0.047045951859956234,0.0893042575285566,0.5930732641977242,5
"['V4', 'V8', 'V17', 'V11', 'V20', 'V5', 'V1']",0.8775510204081632,0.02879142952795447,0.05575364667747164,0.42773915947111596,7
"['V4', 'V8', 'V17', 'V11', 'V20', 'V5', 'V21']",0.8775510204081632,0.02887844190732035,0.055916775032509754,0.5095329484982076,7
"['V12', 'V17', 'V5', 'V21']",0.8775510204081632,0.021916411824668705,0.04276479363500746,0.5444148975026375,4
"['V10', 'V16', 'V12', 'V8', 'V17', 'V5', 'V1']",0.8775510204081632,0.02862849533954727,0.05544809800128949,0.6429840021208252,7
"['V10', 'V16', 'V12', 'V8', 'V5']",0.8775510204081632,0.030670470756062766,0.059269469331495524,0.6773448347582625,5
"['V10', 'V12', 'V8', 'V11', 'V20']",0.8775510204081632,0.02678293366552476,0.051979449984889695,0.6432824764829906,5
"['V16', 'V12', 'V8', 'V20', 'V5']",0.8775510204081632,0.022548505506030415,0.04396728016359918,0.6059458697162458,5
"['V10', 'V16', 'V12', 'V8', 'V17', 'V1', 'V21']",0.8775510204081632,0.027590632017965994,0.053499222395023326,0.6259141394733404,7
"['V12', 'V20', 'V5', 'V1']",0.8775510204081632,0.02270327349524815,0.0442614513638703,0.5519457225913426,4
"['V4', 'V8', 'V17', 'V11', 'V20', 'V1', 'V21']",0.8775510204081632,0.02870493991989319,0.055591467356173235,0.4665046418475172,7
"['V12', 'V17', 'V5', 'V1']",0.8775510204081632,0.021591765001255335,0.04214653271257045,0.5358612038102148,4
"['V12', 'V11', 'V5', 'V21']",0.8775510204081632,0.023868998057174576,0.04647392596595515,0.6177747639628881,4
"['V10', 'V8', 'V17', 'V11', 'V20', 'V1', 'V21']",0.8673469387755102,0.04381443298969072,0.08341511285574092,0.534385111058655,7
"['V12', 'V11', 'V1']",0.8673469387755102,0.024616275702287867,0.04787383835539285,0.6033269991469337,3
"['V10', 'V16', 'V12', 'V20', 'V21']",0.8673469387755102,0.03359683794466403,0.06468797564687975,0.6907773217990906,5
"['V4', 'V16', 'V8', 'V11', 'V20', 'V21']",0.8673469387755102,0.030067209055535903,0.05811965811965812,0.5596575070310069,6
"['V4', 'V16', 'V8', 'V11', 'V5', 'V21']",0.8673469387755102,0.029982363315696647,0.057961131946812135,0.5775734297064713,6
"['V10', 'V12', 'V8', 'V11', 'V20', 'V1', 'V21']",0.8673469387755102,0.028504359490274984,0.05519480519480519,0.6409636467030246,7
"['V10', 'V8', 'V17', 'V11', 'V1', 'V21']",0.8673469387755102,0.042585170340681364,0.08118433619866285,0.5289602356546337,6
"['V10', 'V16', 'V12', 'V1', 'V21']",0.8673469387755102,0.03417772416566144,0.06576402321083172,0.6775766545626442,5
"['V10', 'V16', 'V8', 'V11', 'V20', 'V1']",0.8673469387755102,0.04516471838469713,0.08585858585858586,0.525971474030323,6
"['V16', 'V12', 'V11', 'V20', 'V5']",0.8673469387755102,0.02410663641520136,0.04690949227373068,0.6391105178905442,5
"['V10', 'V8', 'V17', 'V11', 'V21']",0.8673469387755102,0.04594594594594595,0.08726899383983573,0.5627612777320863,5
"['V4', 'V17', 'V11', 'V20', 'V1', 'V21']",0.8673469387755102,0.028183023872679045,0.054592164418754016,0.4697840044332874,6
"['V10', 'V16', 'V12', 'V20', 'V1']",0.8673469387755102,0.032856590645535366,0.0633147113594041,0.6781146140461743,5
"['V10', 'V12', 'V8', 'V20', 'V5', 'V1', 'V21']",0.8673469387755102,0.030852994555353903,0.05958640028040659,0.6710797185877824,7
"['V4', 'V8', 'V17', 'V5']",0.8673469387755102,0.021817248459958933,0.04256384576865298,0.3944382687089897,4
"['V10', 'V8', 'V11', 'V1', 'V21']",0.8673469387755102,0.0423728813559322,0.08079847908745247,0.5273922074278127,5
"['V16', 'V12', 'V8', 'V11', 'V20']",0.8673469387755102,0.02324945295404814,0.045285029302077784,0.6502195953432922,5
"['V10', 'V16', 'V8', 'V11', 'V1', 'V21']",0.8673469387755102,0.04719600222098834,0.08952080042127436,0.5565664065059168,6
"['V4', 'V16', 'V17', 'V11', 'V5', 'V21']",0.8673469387755102,0.02877454299255247,0.055701179554390565,0.5943675963929601,6
"['V10', 'V16', 'V17', 'V11', 'V20', 'V5']",0.8673469387755102,0.041544477028347994,0.07929104477611941,0.6743270739233844,6
"['V10', 'V17', 'V11', 'V5', 'V1']",0.8673469387755102,0.04005655042412818,0.07657657657657657,0.6217515361898123,5
"['V4', 'V16', 'V1', 'V21']",0.8673469387755102,0.021081349206349208,0.04116222760290557,0.4605464297568402,4
"['V4', 'V16', 'V8', 'V11']",0.8673469387755102,0.029280055115397864,0.05664778407197601,0.5891687331642022,4
"['V10', 'V17', 'V11', 'V20', 'V1']",0.8673469387755102,0.04228855721393035,0.08064516129032258,0.6008663970303044,5
"['V12', 'V11', 'V1', 'V21']",0.8673469387755102,0.025456723569931117,0.049461739889438465,0.6114434801070063,4
"['V16', 'V12', 'V8', 'V11', 'V1']",0.8673469387755102,0.02366369710467706,0.04607046070460705,0.6234269602351388,5
"['V10', 'V16', 'V12', 'V20', 'V1', 'V21']",0.8673469387755102,0.03445480340494528,0.06627680311890838,0.6837409802389255,6
"['V16', 'V12', 'V8', 'V17', 'V11', 'V20', 'V5', 'V1', 'V21']",0.8673469387755102,0.022745517795022745,0.04432855280312908,0.5969517735075539,9
"['V4', 'V16', 'V8', 'V17', 'V20', 'V5', 'V1', 'V21']",0.8673469387755102,0.02230971128608924,0.04350051177072672,0.4421549078878913,8
"['V4', 'V17', 'V11', 'V20', 'V5', 'V21']",0.8673469387755102,0.028276779773785763,0.0547680412371134,0.5443544425224314,6
"['V16', 'V12', 'V8', 'V11', 'V5']",0.8673469387755102,0.02330682752947628,0.04539385847797063,0.6550368926750176,5
"['V4', 'V16', 'V17', 'V5', 'V1', 'V21']",0.8673469387755102,0.02133534136546185,0.04164625183733464,0.4255706569664854,6
"['V4', 'V16', 'V11', 'V20', 'V5', 'V21']",0.8673469387755102,0.029089664613278575,0.056291390728476824,0.5835020444384833,6
"['V10', 'V16', 'V17', 'V11', 'V5', 'V21']",0.8673469387755102,0.04275653923541248,0.08149568552253116,0.6706582866653712,6
"['V10', 'V17', 'V11', 'V20', 'V5', 'V1', 'V21']",0.8673469387755102,0.04156479217603912,0.07932804479701354,0.643598676318787,7
"['V10', 'V16', 'V12', 'V5', 'V1', 'V21']",0.8673469387755102,0.03377036154151768,0.06500956022944551,0.6840063286598678,6
"['V4', 'V16', 'V8', 'V5', 'V1', 'V21']",0.8673469387755102,0.021739130434782608,0.04241516966067864,0.43702695684508847,6
"['V4', 'V16', 'V8', 'V17', 'V11', 'V20', 'V5', 'V21']",0.8673469387755102,0.030324652158401712,0.05860048259220958,0.5613026578270118,8
"['V11', 'V20', 'V1']",0.8673469387755102,0.017962806424344887,0.035196687370600416,0.37241282100654244,3
"['V12', 'V11', 'V20', 'V1']",0.8673469387755102,0.0246234067207416,0.04788732394366197,0.6073949745403344,4
"['V10', 'V8', 'V17', 'V11', 'V20']",0.8673469387755102,0.04459601259181532,0.08483033932135728,0.5360567496027706,5
"['V10', 'V12', 'V20', 'V1', 'V21']",0.8673469387755102,0.03483606557377049,0.06698187549251379,0.6850787414763229,5
"['V10', 'V17', 'V21']",0.8673469387755102,0.046987285793255944,0.08914525432616675,0.589062803709907,3
"['V10', 'V12', 'V8', 'V11', 'V1']",0.8673469387755102,0.02731362467866324,0.0529595015576324,0.6180489442381,5
"['V4', 'V16', 'V5', 'V1', 'V21']",0.8673469387755102,0.02123938030984508,0.041463414634146344,0.42496991490189734,5
"['V4', 'V16', 'V8', 'V17', 'V11', 'V5']",0.8673469387755102,0.029616724738675958,0.05727762803234501,0.5907790250709688,6
"['V4', 'V16', 'V8', 'V17', 'V11', 'V21']",0.8673469387755102,0.030067209055535903,0.05811965811965812,0.5780096974110976,6
"['V4', 'V16', 'V8', 'V17', 'V5', 'V1']",0.8673469387755102,0.021862139917695474,0.04264927245358756,0.42901973102226515,6
"['V12', 'V8', 'V17', 'V11', 'V20', 'V5', 'V1', 'V21']",0.8673469387755102,0.0224808251785242,0.04382572828048466,0.5779297369526858,8
"['V10', 'V12', 'V8', 'V11', 'V21']",0.8673469387755102,0.027525906735751296,0.053358443188951665,0.6562464596780538,5
"['V16', 'V12', 'V8', 'V11', 'V20', 'V5', 'V1', 'V21']",0.8673469387755102,0.02460914881297047,0.04786036036036036,0.6201793997687564,8
"['V10', 'V16', 'V12', 'V8', 'V11', 'V20', 'V1']",0.8673469387755102,0.027696318018898665,0.05367856015156299,0.6288331133724273,7
"['V16', 'V12', 'V8', 'V17', 'V11', 'V5', 'V1', 'V21']",0.8673469387755102,0.022837184309511014,0.04450261780104712,0.5955497672947994,8
"['V16', 'V12', 'V8', 'V17', 'V11', 'V20', 'V1', 'V21']",0.8673469387755102,0.022397891963109356,0.043668122270742356,0.5869398991056989,8
"['V16', 'V12', 'V8', 'V17', 'V11', 'V20', 'V5', 'V21']",0.8673469387755102,0.022534464475079532,0.04392764857881137,0.633195684771838,8
"['V16', 'V12', 'V8', 'V17', 'V11', 'V20', 'V5', 'V1']",0.8673469387755102,0.022403795466526093,0.04367934224049332,0.6086341024555116,8
"['V4', 'V16', 'V8', 'V17', 'V1', 'V21']",0.8673469387755102,0.021862139917695474,0.04264927245358756,0.4499170278868938,6
"['V4', 'V16', 'V11', 'V5', 'V21']",0.8673469387755102,0.02902014339364971,0.056161215725140406,0.5942135744417868,5
"['V10', 'V16', 'V12', 'V8', 'V11', 'V20', 'V21']",0.8673469387755102,0.028025057698648204,0.05429575215586075,0.6603870013110018,7
"['V10', 'V12', 'V21']",0.8673469387755102,0.03345139708776072,0.06441834028040924,0.6884216902065544,3
"['V10', 'V12', 'V1']",0.8673469387755102,0.03290747193186218,0.06340917568071615,0.678123520651244,3
"['V10', 'V12', 'V8']",0.8673469387755102,0.028696826468602294,0.05555555555555555,0.6145919395411938,3
"['V10', 'V16', 'V11', 'V20', 'V21']",0.8673469387755102,0.05434782608695652,0.1022864019253911,0.6673222638201786,5
"['V10', 'V16', 'V11', 'V20', 'V5']",0.8673469387755102,0.044270833333333336,0.08424182358771061,0.6746171621723719,5
"['V12', 'V8', 'V11', 'V1', 'V21']",0.8673469387755102,0.023493642896627972,0.045748116254036596,0.5884416825448633,5
"['V10', 'V16', 'V11', 'V20', 'V1']",0.8673469387755102,0.050029429075927015,0.09460211463550362,0.63518477846674,5
"['V12', 'V8', 'V11', 'V5', 'V1']",0.8673469387755102,0.0231860338243317,0.04516471838469713,0.603467809528873,5
"['V10', 'V8', 'V17', 'V11', 'V20', 'V21']",0.8673469387755102,0.04639737991266375,0.08808290155440414,0.5669357247255122,6
"['V10', 'V17', 'V11', 'V20', 'V5', 'V1']",0.8673469387755102,0.040786948176583494,0.07791017415215398,0.6305236565125008,6
"['V12', 'V11', 'V20', 'V5', 'V1']",0.8673469387755102,0.024113475177304965,0.046922439966878275,0.6018348846521848,5
"['V10', 'V16', 'V11', 'V5', 'V21']",0.8673469387755102,0.045405982905982904,0.08629441624365482,0.6704845943907822,5
"['V10', 'V16', 'V11']",0.8673469387755102,0.05272952853598015,0.09941520467836257,0.6642770909317325,3
"['V12', 'V11', 'V20', 'V1', 'V21']",0.8673469387755102,0.025594700391448358,0.04972214097689383,0.613641349717642,5
"['V10', 'V16', 'V11', 'V1', 'V21']",0.8673469387755102,0.0499412455934195,0.09444444444444444,0.6387864733543814,5
"['V10', 'V17', 'V11', 'V5', 'V1', 'V21']",0.8673469387755102,0.04084574723690534,0.07801743919229004,0.6278385995519026,6
"['V10', 'V11', 'V20', 'V5', 'V1', 'V21']",0.8673469387755102,0.039831302717900655,0.07616487455197132,0.6396944126447182,6
"['V12', 'V11', 'V5', 'V1', 'V21']",0.8673469387755102,0.02478134110787172,0.0481859410430839,0.6038289046982255,5
"['V4', 'V8', 'V17']",0.8673469387755102,0.02175025588536336,0.042436345481777334,0.3932597321539112,3
"['V10', 'V16', 'V12']",0.8673469387755102,0.03120411160058737,0.060240963855421686,0.6881266700744186,3
"['V10', 'V12', 'V8', 'V20', 'V1']",0.8673469387755102,0.029668411867364748,0.05737428282146473,0.60934529147025,5
"['V10', 'V16', 'V12', 'V8', 'V11', 'V1', 'V21']",0.8673469387755102,0.02857142857142857,0.05532053368044256,0.6425752944290193,7
"['V10', 'V16', 'V12', 'V8', 'V20', 'V5', 'V1']",0.8673469387755102,0.031227038941954444,0.06028368794326241,0.6551447243195268,7
"['V4', 'V8', 'V17', 'V5', 'V21']",0.8673469387755102,0.02148634984833165,0.04193389245189936,0.3965991721564725,5
"['V10', 'V12', 'V8', 'V11', 'V20', 'V1']",0.8673469387755102,0.027463651050080775,0.05324146570623239,0.6222006869925708,6
"['V10', 'V16', 'V8', 'V11', 'V21']",0.8673469387755102,0.047459519821328865,0.08999470619375331,0.5850533719791401,5
"['V10', 'V16', 'V8', 'V11', 'V1']",0.8673469387755102,0.04521276595744681,0.0859453993933266,0.5048571223928807,5
"['V4', 'V8', 'V17', 'V20', 'V5']",0.8673469387755102,0.02182845403184386,0.042585170340681364,0.38466929878021977,5
"['V4', 'V8', 'V17', 'V20', 'V1']",0.8673469387755102,0.020330064577852188,0.03972890862351017,0.30210446387016365,5
"['V4', 'V8', 'V17', 'V20', 'V21']",0.8673469387755102,0.02147006819904016,0.04190288390436283,0.3949802879901439,5
"['V4', 'V8', 'V17', 'V5', 'V1']",0.8673469387755102,0.020354406130268198,0.0397753860552176,0.28596310532035885,5
"['V4', 'V8', 'V17', 'V1', 'V21']",0.8673469387755102,0.02028639618138425,0.039645522388059705,0.34206069562548425,5
"['V16', 'V12', 'V11', 'V20', 'V21']",0.8673469387755102,0.025267538644470868,0.049104563835932986,0.6443848939360401,5
"['V16', 'V12', 'V8', 'V17', 'V11']",0.8673469387755102,0.022141182599635323,0.04318008636017272,0.6339965070268704,5
"['V10', 'V16', 'V8', 'V11', 'V20']",0.8673469387755102,0.04599567099567099,0.08735868448098665,0.5716055486047374,5
"['V10', 'V16', 'V11', 'V20', 'V1', 'V21']",0.8673469387755102,0.05080693365212194,0.09599096555618294,0.6486649974466276,6
"['V10', 'V16', 'V11', 'V20', 'V5', 'V21']",0.8673469387755102,0.04555198285101822,0.08655804480651731,0.6786429638260002,6
"['V10', 'V12', 'V11', 'V20', 'V1']",0.8673469387755102,0.03140007388252678,0.06060606060606061,0.6747418588388058,5
"['V16', 'V12', 'V11', 'V20', 'V1']",0.8673469387755102,0.025155371411660254,0.04889272361230946,0.6237874055689707,5
"['V12', 'V11', 'V5', 'V1']",0.8673469387755102,0.024052065647990947,0.04680616740088106,0.5994508868002507,4
"['V10', 'V12', 'V8', 'V11', 'V20', 'V21']",0.8673469387755102,0.027642276422764227,0.05357705641348881,0.6590450584176247,6
"['V10', 'V12', 'V8', 'V11', 'V1', 'V21']",0.8673469387755102,0.02847571189279732,0.05514109633473889,0.6393194861590068,6
"['V10', 'V16', 'V12', 'V8', 'V5', 'V1', 'V21']",0.8673469387755102,0.03223359878649981,0.062157221206581355,0.6745762054826087,7
"['V10', 'V12', 'V8', 'V5', 'V1', 'V21']",0.8673469387755102,0.030852994555353903,0.05958640028040659,0.6671749120056625,6
"['V4', 'V16', 'V8', 'V11', 'V21']",0.8673469387755102,0.02989799507562434,0.057803468208092484,0.5782364478143844,5
"['V4', 'V16', 'V8', 'V11', 'V5']",0.8673469387755102,0.029209621993127148,0.05651595744680851,0.5913748055660499,5
"['V4', 'V16', 'V8', 'V17', 'V11']",0.8673469387755102,0.02972027972027972,0.05747126436781609,0.5888498830803558,5
"['V10', 'V16', 'V17', 'V11', 'V5']",0.8673469387755102,0.04222553402881272,0.08053055423969682,0.6740637548336635,5
"['V10', 'V16', 'V17', 'V11', 'V20']",0.8673469387755102,0.04148365056124939,0.0791802515137401,0.6566010618652994,5
"['V10', 'V16', 'V12', 'V11', 'V20', 'V1', 'V21']",0.8673469387755102,0.03241800152555301,0.0625,0.6810283053400482,7
"['V10', 'V16', 'V12', 'V8', 'V11']",0.8673469387755102,0.026856240126382307,0.05209929512718357,0.643439084707075,5
"['V10', 'V16', 'V12', 'V8', 'V20', 'V5', 'V1', 'V21']",0.8673469387755102,0.03229483282674772,0.06227106227106227,0.6777129489412306,8
"['V4', 'V8', 'V17', 'V21']",0.8673469387755102,0.02145922746781116,0.04188223700418822,0.39741206505913024,4
"['V10', 'V16', 'V12', 'V8', 'V11', 'V20', 'V1', 'V21']",0.8673469387755102,0.02885268160217244,0.05584756898817345,0.644677326768773,8
"['V16', 'V12', 'V11', 'V1', 'V21']",0.8673469387755102,0.026017753290480564,0.05052005943536404,0.6268562442610357,5
"['V16', 'V12', 'V11', 'V5', 'V21']",0.8673469387755102,0.024644824586836766,0.047927826332111644,0.6447585646321561,5
"['V16', 'V12', 'V11', 'V5', 'V1']",0.8673469387755102,0.024897480960749854,0.048405466970387244,0.6204515078397977,5
"['V10', 'V16', 'V8', 'V11', 'V20', 'V1', 'V21']",0.8673469387755102,0.04810413129598189,0.09115281501340483,0.5707667603960308,7
"['V16', 'V12', 'V11']",0.8673469387755102,0.024264915786468742,0.04720910858094974,0.6451019612478729,3
"['V10', 'V16', 'V17', 'V11', 'V20', 'V5', 'V21']",0.8673469387755102,0.0426706827309237,0.08133971291866028,0.6763617402643783,7
"['V4', 'V8', 'V17', 'V1']",0.8673469387755102,0.020320344250537893,0.03971034804952114,0.3017091202635745,4
"['V10', 'V16', 'V8', 'V11', 'V20', 'V21']",0.8673469387755102,0.04832291074474133,0.09154550350026926,0.5925020020448021,6
"['V4', 'V16', 'V11', 'V20', 'V1', 'V21']",0.8673469387755102,0.02929014472777395,0.056666666666666664,0.5349623430794508,6
"['V16', 'V12', 'V11', 'V5', 'V1', 'V21']",0.8673469387755102,0.025540865384615384,0.049620548744892,0.6241989416184378,6
"['V10', 'V16', 'V11', 'V5']",0.8673469387755102,0.04404145077720207,0.08382642998027613,0.6749829966444177,4
"['V10', 'V16', 'V11', 'V1']",0.8673469387755102,0.0497366881217086,0.09407858328721638,0.639594182422019,4
"['V10', 'V16', 'V11', 'V21']",0.8673469387755102,0.0547680412371134,0.10303030303030303,0.661143876218448,4
"['V16', 'V12', 'V11', 'V20', 'V1', 'V21']",0.8673469387755102,0.026049647563591787,0.050580184468908065,0.627264970932517,6
"['V16', 'V12', 'V8', 'V11']",0.8673469387755102,0.023274917853231106,0.04533333333333334,0.6508689864049726,4
"['V10', 'V12', 'V8', 'V1']",0.8673469387755102,0.02935082872928177,0.05678022712090848,0.5993908084498347,4
"['V10', 'V12', 'V11', 'V1']",0.8673469387755102,0.031146940271161598,0.060134418111071807,0.6760727825456064,4
"['V10', 'V16', 'V17', 'V11']",0.8673469387755102,0.04286434694906707,0.08169149447381067,0.6606820202429488,4
"['V10', 'V12', 'V11', 'V21']",0.8673469387755102,0.030575539568345324,0.05906879777623349,0.6840150612647876,4
"['V10', 'V12', 'V20', 'V1']",0.8673469387755102,0.032932971716388995,0.06345651362448675,0.6784862791509882,4
"['V10', 'V12', 'V20', 'V21']",0.8673469387755102,0.033543804262036306,0.06458966565349544,0.6901284615276059,4
"['V10', 'V12', 'V1', 'V21']",0.8673469387755102,0.03473641193297916,0.06679764243614932,0.6800580737266276,4
"['V10', 'V8', 'V17', 'V11']",0.8673469387755102,0.044363256784968684,0.08440913604766634,0.5105587635474923,4
"['V4', 'V16', 'V11', 'V20', 'V5', 'V1', 'V21']",0.8673469387755102,0.02922971114167813,0.056553559547571526,0.5283590360395615,7
"['V10', 'V16', 'V11', 'V20']",0.8673469387755102,0.0514216575922565,0.0970873786407767,0.6581552694039705,4
"['V10', 'V16', 'V8', 'V11']",0.8673469387755102,0.045576407506702415,0.08660213958227203,0.5467711558470155,4
"['V4', 'V16', 'V11', 'V5', 'V1', 'V21']",0.8673469387755102,0.029199587770525594,0.05649717514124294,0.5345972991849095,6
"['V16', 'V12', 'V8', 'V11', 'V5', 'V21']",0.8673469387755102,0.023762929829466033,0.04625850340136054,0.6477522177793138,6
"['V16', 'V12', 'V8', 'V11', 'V20', 'V5']",0.8673469387755102,0.02330682752947628,0.04539385847797063,0.6540530968477059,6
"['V16', 'V12', 'V8', 'V11', 'V20', 'V1']",0.8673469387755102,0.023500138236107273,0.04576043068640646,0.6201821541417057,6
"['V10', 'V16', 'V12', 'V11', 'V21']",0.8673469387755102,0.03055355859094177,0.059027777777777776,0.6843199994812237,5
"['V16', 'V12', 'V11', 'V5']",0.8673469387755102,0.024188958451906658,0.04706533776301218,0.6392517391263506,4
"['V16', 'V12', 'V8', 'V11', 'V20', 'V21']",0.8673469387755102,0.023578363384188627,0.04590872265730489,0.6362393418582565,6
"['V16', 'V12', 'V8', 'V11', 'V5', 'V1']",0.8673469387755102,0.024052065647990947,0.04680616740088106,0.6291020231120681,6
"['V16', 'V12', 'V8', 'V11', 'V1', 'V21']",0.8673469387755102,0.02409297052154195,0.04688361831218974,0.6060782851223163,6
"['V10', 'V16', 'V12', 'V21']",0.8673469387755102,0.03345139708776072,0.06441834028040924,0.6884243447067503,4
"['V10', 'V16', 'V12', 'V11', 'V1']",0.8673469387755102,0.03102189781021898,0.059901338971106416,0.6757991129728194,5
"['V16', 'V12', 'V11', 'V20']",0.8673469387755102,0.024264915786468742,0.04720910858094974,0.645162362504509,4
"['V10', 'V16', 'V12', 'V11', 'V20', 'V1']",0.8673469387755102,0.03135374400590188,0.060519757920968316,0.6752097662689976,6
"['V16', 'V12', 'V11', 'V20', 'V5', 'V1']",0.8673469387755102,0.024948635162899913,0.04850213980028531,0.620729966438417,6
"['V16', 'V12', 'V11', 'V20', 'V5', 'V21']",0.8673469387755102,0.024752475247524754,0.04813137032842582,0.6444495260755025,6
"['V10', 'V16', 'V12', 'V1']",0.8673469387755102,0.0325920245398773,0.06282335550628233,0.6767607387680197,4
"['V4', 'V16', 'V17', 'V20', 'V5', 'V1', 'V21']",0.8673469387755102,0.021442986881937437,0.041851304775972424,0.42910700096466914,7
"['V4', 'V17', 'V11', 'V20', 'V21']",0.8673469387755102,0.028164347249834326,0.05455712451861361,0.5451869337433333,5
"['V10', 'V11', 'V5', 'V1', 'V21']",0.8673469387755102,0.03944315545243619,0.0754549489569463,0.6234908752399462,5
"['V16', 'V12', 'V8', 'V11', 'V20', 'V5', 'V1']",0.8673469387755102,0.024127164348566564,0.046948356807511735,0.6257564254946034,7
"['V4', 'V17', 'V11', 'V1', 'V21']",0.8673469387755102,0.02801582069874753,0.05427841634738186,0.473832080063944,5
"['V16', 'V12', 'V8', 'V11', 'V21']",0.8673469387755102,0.023676880222841225,0.04609544468546638,0.634002189211675,5
"['V4', 'V16', 'V8', 'V17', 'V11', 'V20', 'V21']",0.8673469387755102,0.030163236337828248,0.05829903978052126,0.5600002753958638,7
"['V4', 'V16', 'V8', 'V17', 'V11', 'V5', 'V21']",0.8673469387755102,0.03013115916341723,0.05823912298732443,0.5786070682806047,7
"['V4', 'V8', 'V17', 'V20', 'V5', 'V1']",0.8673469387755102,0.02030093145450203,0.039673278879813305,0.29097417566936534,6
"['V4', 'V8', 'V17', 'V20', 'V5', 'V21']",0.8673469387755102,0.02147006819904016,0.04190288390436283,0.3972767149614903,6
"['V12', 'V8', 'V11', 'V20', 'V5', 'V1', 'V21']",0.8673469387755102,0.023670286828181564,0.04608294930875576,0.5991134865146097,7
"['V4', 'V17', 'V11', 'V5', 'V21']",0.8673469387755102,0.028314457028647568,0.054838709677419356,0.5556576273810409,5
"['V16', 'V12', 'V8', 'V11', 'V20', 'V5', 'V21']",0.8673469387755102,0.023749650740430287,0.04623334239869459,0.6460730870626439,7
"['V12', 'V8', 'V17', 'V11', 'V5', 'V1', 'V21']",0.8673469387755102,0.022427440633245383,0.04372427983539095,0.5766596902300837,7
"['V16', 'V12', 'V8', 'V11', 'V20', 'V1', 'V21']",0.8673469387755102,0.023997741389045736,0.046703296703296704,0.6083093002036525,7
"['V16', 'V12', 'V8', 'V11', 'V5', 'V1', 'V21']",0.8673469387755102,0.024488619994237973,0.047632390025217144,0.6185452494283016,7
"['V4', 'V17', 'V11', 'V20', 'V5', 'V1', 'V21']",0.8673469387755102,0.028201725282017254,0.05462724935732648,0.46441337316293063,7
"['V16', 'V12', 'V11', 'V20', 'V5', 'V1', 'V21']",0.8673469387755102,0.025664251207729468,0.04985337243401759,0.6223286394866443,7
"['V16', 'V12', 'V8', 'V17', 'V11', 'V1', 'V21']",0.8673469387755102,0.02242152466367713,0.04371303677037799,0.5875490802852678,7
"['V12', 'V11', 'V20', 'V5', 'V1', 'V21']",0.8673469387755102,0.024882903981264637,0.048377916903813316,0.6054962818052072,6
"['V10', 'V16', 'V12', 'V8', 'V5', 'V1']",0.8673469387755102,0.03110135382363703,0.06004945249028612,0.648324074854434,6
"['V10', 'V16', 'V12', 'V8', 'V11', 'V20']",0.8673469387755102,0.0270184361093452,0.05240443896424168,0.6485169857075415,6
"['V4', 'V8', 'V17', 'V20', 'V5', 'V1', 'V21']",0.8673469387755102,0.02027188170760792,0.03961780470752738,0.3364421569244099,7
"['V4', 'V16', 'V8', 'V20', 'V5', 'V1', 'V21']",0.8673469387755102,0.02183967112024666,0.042606516290726815,0.4394208775902237,7
"['V4', 'V16', 'V8', 'V11', 'V20', 'V5', 'V21']",0.8673469387755102,0.030120481927710843,0.05821917808219178,0.560328341813341,7
"['V4', 'V8', 'V17', 'V20', 'V1', 'V21']",0.8673469387755102,0.020257387988560534,0.03959012575687005,0.34360262766416,6
"['V10', 'V16', 'V12', 'V8', 'V11', 'V21']",0.8673469387755102,0.027942143326758713,0.054140127388535034,0.6588024646562853,6
"['V10', 'V16', 'V12', 'V8', 'V11', 'V1']",0.8673469387755102,0.027597402597402596,0.05349276274386407,0.622941797478663,6
"['V12', 'V8', 'V11', 'V20', 'V1', 'V21']",0.8673469387755102,0.023500138236107273,0.04576043068640646,0.5924396973743808,6
"['V16', 'V12', 'V8', 'V17', 'V11', 'V5', 'V21']",0.8673469387755102,0.022510593220338982,0.04388229220443986,0.6325420458388249,7
"['V12', 'V8', 'V11', 'V5', 'V1', 'V21']",0.8673469387755102,0.02351313969571231,0.045785079450579046,0.5949761314677758,6
"['V4', 'V16', 'V8', 'V17', 'V5', 'V1', 'V21']",0.8673469387755102,0.022321428571428572,0.04352278545826933,0.4397381314955753,7
"['V16', 'V12', 'V8', 'V17', 'V11', 'V20', 'V5']",0.8673469387755102,0.022193211488250653,0.043279022403258656,0.6385251508897714,7
"['V16', 'V12', 'V8', 'V17', 'V11', 'V20', 'V1']",0.8673469387755102,0.021929824561403508,0.042778057372924005,0.6041178991604953,7
"['V16', 'V12', 'V8', 'V17', 'V11', 'V20', 'V21']",0.8673469387755102,0.022292158405455023,0.04346714395295321,0.6236444797175287,7
"['V16', 'V12', 'V8', 'V17', 'V11', 'V5', 'V1']",0.8673469387755102,0.02235077570339206,0.04357856959753909,0.6140118637927828,7
"['V16', 'V12', 'V11', 'V1']",0.8673469387755102,0.025140490979000295,0.04886461626904283,0.622029960965338,4
"['V12', 'V8', 'V11', 'V1']",0.8673469387755102,0.02290487739153867,0.04463113678130743,0.601169477061501,4
"['V16', 'V12', 'V8', 'V17', 'V11', 'V5']",0.8673469387755102,0.022199007573779055,0.04329004329004329,0.6390216342830107,6
"['V16', 'V12', 'V8', 'V17', 'V11', 'V1']",0.8673469387755102,0.02194114610221993,0.042799597180261835,0.6090856124730768,6
"['V16', 'V12', 'V8', 'V17', 'V11', 'V20']",0.8673469387755102,0.022106631989596878,0.04311437991377124,0.6334939260277126,6
"['V4', 'V8', 'V17', 'V5', 'V1', 'V21']",0.8673469387755102,0.02035928143712575,0.03978469459396209,0.3317318954541419,6
"['V4', 'V17', 'V11', 'V21']",0.8673469387755102,0.02812706816677697,0.05448717948717949,0.559285709414089,4
"['V4', 'V16', 'V20', 'V5', 'V1', 'V21']",0.8673469387755102,0.02132998745294856,0.04163605192260593,0.4298690393203336,6
"['V16', 'V12', 'V11', 'V21']",0.8673469387755102,0.025252525252525252,0.04907621247113164,0.6445914834630875,4
"['V16', 'V12', 'V8', 'V17', 'V11', 'V21']",0.8673469387755102,0.022386094284961813,0.043645699614890884,0.6221472523056591,6
"['V4', 'V17', 'V20', 'V5', 'V1']",0.8571428571428571,0.02022634240308211,0.03952011291460833,0.28022973229791065,5
"['V10', 'V16', 'V12', 'V8', 'V20', 'V21']",0.8571428571428571,0.030434782608695653,0.05878236529041288,0.6444593265746276,6
"['V8', 'V11', 'V20', 'V5', 'V1', 'V21']",0.8571428571428571,0.018384766907419567,0.03599742875508892,0.3044505145085886,6
"['V10', 'V16', 'V17', 'V20', 'V1']",0.8571428571428571,0.037102473498233215,0.07112616426756986,0.5808754320742173,5
"['V4', 'V16', 'V11', 'V1', 'V21']",0.8571428571428571,0.028629856850715747,0.055408970976253295,0.5451339281456935,5
"['V8', 'V11', 'V20', 'V5', 'V21']",0.8571428571428571,0.01583411875589067,0.031093836757357024,0.3653335208998139,5
"['V4', 'V17', 'V5', 'V21']",0.8571428571428571,0.021549512570549,0.042042042042042045,0.41194685297271405,4
"['V4', 'V16', 'V8', 'V11', 'V20', 'V1', 'V21']",0.8571428571428571,0.03,0.057971014492753624,0.5331269793375399,7
"['V11', 'V20', 'V5', 'V21']",0.8571428571428571,0.015798382546548806,0.03102493074792244,0.4769257363722405,4
"['V8', 'V11', 'V20', 'V1']",0.8571428571428571,0.017326732673267328,0.033966841892438336,0.35955643111474067,4
"['V10', 'V16', 'V17', 'V20', 'V21']",0.8571428571428571,0.043121149897330596,0.08211143695014662,0.6274727675279438,5
"['V10', 'V8', 'V11', 'V5']",0.8571428571428571,0.03858520900321544,0.07384615384615385,0.567806713837286,4
"['V4', 'V16', 'V11', 'V20', 'V21']",0.8571428571428571,0.028639618138424822,0.05542725173210162,0.5860075611650117,5
"['V8', 'V11', 'V20', 'V5']",0.8571428571428571,0.014917421417155035,0.02932448943969279,0.47699865025985455,4
"['V4', 'V16', 'V11', 'V20', 'V1']",0.8571428571428571,0.029035603180089874,0.05616850551654965,0.500340755433928,5
"['V10', 'V17', 'V11', 'V20', 'V5']",0.8571428571428571,0.04451510333863275,0.08463476070528968,0.6671561947946768,5
"['V4', 'V17', 'V20', 'V5', 'V21']",0.8571428571428571,0.021593830334190232,0.04212637913741224,0.4110198519994689,5
"['V4', 'V16', 'V11', 'V1']",0.8571428571428571,0.029055690072639227,0.05620608899297424,0.5274386859873429,4
"['V4', 'V16', 'V11', 'V21']",0.8571428571428571,0.028639618138424822,0.05542725173210162,0.6042738257200962,4
"['V4', 'V16', 'V20', 'V5', 'V21']",0.8571428571428571,0.021271207900734362,0.04151223128243143,0.48612643030846114,5
"['V4', 'V16', 'V8', 'V17', 'V5', 'V21']",0.8571428571428571,0.022269353128313893,0.043410852713178294,0.4846349928859478,6
"['V4', 'V16', 'V11', 'V20', 'V5', 'V1']",0.8571428571428571,0.02920723226703755,0.05648957632817754,0.4946062741936073,6
"['V4', 'V16', 'V20', 'V5', 'V1']",0.8571428571428571,0.020817843866171002,0.04064843939027341,0.38781024461837843,5
"['V4', 'V16', 'V8', 'V17']",0.8571428571428571,0.021439509954058193,0.04183266932270916,0.49046095522665745,4
"['V10', 'V12', 'V8', 'V21']",0.8571428571428571,0.029360363509262497,0.05677593781683001,0.6355627828371194,4
"['V10', 'V11', 'V20', 'V5', 'V1']",0.8571428571428571,0.03775280898876404,0.07232027550581145,0.6234232450391306,5
"['V4', 'V16', 'V17', 'V11', 'V20', 'V5', 'V1']",0.8571428571428571,0.02859087814840027,0.05533596837944664,0.49237089657130667,7
"['V8', 'V11', 'V20', 'V1', 'V21']",0.8571428571428571,0.018514436852545734,0.036245954692556634,0.3074749872107441,5
"['V4', 'V16', 'V21']",0.8571428571428571,0.021169354838709676,0.04131824889326119,0.502077222259402,3
"['V11', 'V20', 'V1', 'V21']",0.8571428571428571,0.01834862385321101,0.03592814371257485,0.41445929796086123,4
"['V4', 'V16', 'V17', 'V11', 'V20', 'V5', 'V21']",0.8571428571428571,0.02837837837837838,0.05493786788750817,0.5841061954941108,7
"['V10', 'V12', 'V11', 'V20', 'V1', 'V21']",0.8571428571428571,0.03218390804597701,0.0620384047267356,0.6814439354526338,6
"['V4', 'V16', 'V8', 'V17', 'V11', 'V20', 'V1']",0.8571428571428571,0.029463346194317782,0.056968463886063074,0.514403955064069,7
"['V10', 'V16', 'V12', 'V8', 'V20', 'V1']",0.8571428571428571,0.030042918454935622,0.0580511402902557,0.6158612818573973,6
"['V10', 'V8', 'V20', 'V5']",0.8571428571428571,0.03376205787781351,0.06496519721577726,0.4682899448101243,4
"['V4', 'V16', 'V17', 'V11', 'V5', 'V1', 'V21']",0.8571428571428571,0.02833052276559865,0.05484818805093046,0.5327731830514595,7
"['V4', 'V17', 'V1', 'V21']",0.8571428571428571,0.019886363636363636,0.03887089310504396,0.3546799576028403,4
"['V10', 'V16', 'V12', 'V8', 'V1', 'V21']",0.8571428571428571,0.03041274438812455,0.05874125874125874,0.624369581704617,6
"['V10', 'V8', 'V20', 'V21']",0.8571428571428571,0.037786774628879895,0.07238259370960792,0.4444992443016077,4
"['V4', 'V16', 'V17', 'V11', 'V21']",0.8571428571428571,0.02807486631016043,0.05436893203883495,0.6021773460629097,5
"['V4', 'V16', 'V17', 'V11', 'V20', 'V1', 'V21']",0.8571428571428571,0.028187919463087248,0.05458089668615984,0.528762750400526,7
"['V10', 'V16', 'V12', 'V8', 'V20', 'V1', 'V21']",0.8571428571428571,0.03074670571010249,0.059363957597173146,0.6312974202740756,7
"['V10', 'V16', 'V12', 'V8', 'V20']",0.8571428571428571,0.029339853300733496,0.05673758865248227,0.6300200918792223,5
"['V8', 'V11', 'V20', 'V5', 'V1']",0.8571428571428571,0.01717791411042945,0.03368083400160385,0.3580295273017183,5
"['V10', 'V20', 'V1', 'V21']",0.8571428571428571,0.03713527851458886,0.0711864406779661,0.5670653280026061,4
"['V4', 'V8', 'V5', 'V1', 'V21']",0.8571428571428571,0.017287507717637374,0.03389146661287069,0.1795256634875026,5
"['V4', 'V16', 'V8', 'V17', 'V20']",0.8571428571428571,0.021527421834956432,0.042,0.4747445916468358,5
"['V4', 'V16', 'V8', 'V17', 'V5']",0.8571428571428571,0.02177293934681182,0.042467138523761376,0.4933632511304549,5
"['V10', 'V12', 'V8', 'V1', 'V21']",0.8571428571428571,0.029967891544773455,0.057911065149948295,0.6220540888435091,5
"['V10', 'V12', 'V8', 'V20', 'V21']",0.8571428571428571,0.029619181946403384,0.05725971370143149,0.6416595656284058,5
"['V4', 'V16', 'V8', 'V17', 'V21']",0.8571428571428571,0.0219435736677116,0.04279164544065207,0.49039796715970263,5
"['V11', 'V20', 'V5', 'V1', 'V21']",0.8571428571428571,0.018185754492314354,0.03561585753656985,0.4015407467863487,5
"['V4', 'V20', 'V21']",0.8571428571428571,0.01845342706502636,0.03612903225806452,0.22278523808655645,3
"['V4', 'V16', 'V8', 'V11', 'V1']",0.8571428571428571,0.029453015427769985,0.05694915254237288,0.5324507531278336,5
"['V4', 'V16', 'V8', 'V1', 'V21']",0.8571428571428571,0.021455938697318006,0.04186394218788936,0.446983684630851,5
"['V4', 'V16', 'V8', 'V5', 'V21']",0.8571428571428571,0.021627188465499485,0.04218985434455048,0.48078186019619135,5
"['V10', 'V11', 'V5', 'V21']",0.8571428571428571,0.04052098408104197,0.07738369415016122,0.6592284118621128,4
"['V4', 'V17', 'V21']",0.8571428571428571,0.021604938271604937,0.042147516307074764,0.4264374144149165,3
"['V10', 'V11', 'V5', 'V1']",0.8571428571428571,0.037333333333333336,0.07155025553662692,0.6137275437315143,4
"['V10', 'V17', 'V11', 'V5']",0.8571428571428571,0.04439746300211417,0.08442211055276382,0.6680806227818825,4
"['V4', 'V16', 'V20', 'V1', 'V21']",0.8571428571428571,0.020968547179231155,0.04093567251461988,0.4531836622167221,5
"['V4', 'V16', 'V17', 'V1', 'V21']",0.8571428571428571,0.020608439646712464,0.04024916147580259,0.45906171748096286,5
"['V4', 'V16', 'V17', 'V5', 'V21']",0.8571428571428571,0.021778584392014518,0.04247787610619469,0.4844211241268117,5
"['V4', 'V8', 'V21']",0.8571428571428571,0.018300653594771243,0.03583617747440273,0.16093074287026374,3
"['V4', 'V16', 'V17', 'V5', 'V1']",0.8571428571428571,0.020828167617158444,0.04066811909949165,0.40813392441955687,5
"['V4', 'V16', 'V17', 'V21']",0.8571428571428571,0.021185372005044136,0.04134875707605218,0.5028213738089354,4
"['V10', 'V17', 'V11', 'V20']",0.8571428571428571,0.045234248788368334,0.08593350383631713,0.6440043371483573,4
"['V10', 'V17', 'V11', 'V21']",0.8571428571428571,0.047377326565143825,0.08979155531801176,0.6501005284418637,4
"['V10', 'V11', 'V20', 'V21']",0.8571428571428571,0.047619047619047616,0.09022556390977443,0.6574035177828579,4
"['V4', 'V16', 'V17', 'V20', 'V21']",0.8571428571428571,0.02109492717227524,0.041176470588235294,0.49846215485077294,5
"['V10', 'V17', 'V20', 'V21']",0.8571428571428571,0.04525862068965517,0.08597748208802457,0.6020170160176638,4
"['V10', 'V12', 'V8', 'V20', 'V1', 'V21']",0.8571428571428571,0.030303030303030304,0.05853658536585366,0.6281568112757278,6
"['V10', 'V17', 'V20', 'V1', 'V21']",0.8571428571428571,0.03869184707508061,0.0740414279418246,0.5763246363497078,5
"['V4', 'V17', 'V5']",0.8571428571428571,0.021778584392014518,0.04247787610619469,0.39541918665135195,3
"['V10', 'V17', 'V1', 'V21']",0.8571428571428571,0.03874538745387454,0.07413945278022947,0.5500063328841156,4
"['V10', 'V11', 'V20', 'V5']",0.8571428571428571,0.039566650965614694,0.07564160288158488,0.6615369023267961,4
"['V4', 'V16', 'V8', 'V17', 'V11', 'V5', 'V1']",0.8571428571428571,0.029535864978902954,0.05710401087695445,0.5327018919277832,7
"['V4', 'V16', 'V8', 'V5', 'V1']",0.8571428571428571,0.0208851317752362,0.040776699029126215,0.4266603688825931,5
"['V10', 'V20', 'V21']",0.8571428571428571,0.04093567251461988,0.07813953488372093,0.5901461922774293,3
"['V4', 'V17', 'V20', 'V21']",0.8571428571428571,0.02172788411795137,0.04238143289606458,0.42001280572276656,4
"['V4', 'V8', 'V20', 'V5']",0.8571428571428571,0.01762854144805876,0.03454657618753856,0.21359598060817545,4
"['V10', 'V16', 'V12', 'V8', 'V21']",0.8571428571428571,0.030183255479698166,0.0583130857341201,0.637972546108805,5
"['V10', 'V16', 'V17']",0.8571428571428571,0.045064377682403435,0.0856269113149847,0.6001922639451194,3
"['V8', 'V11', 'V5', 'V1', 'V21']",0.8571428571428571,0.01847371893556191,0.036167922497308935,0.29074653598661776,5
"['V10', 'V17', 'V11', 'V20', 'V21']",0.8571428571428571,0.04674457429048414,0.08865435356200528,0.6562490250024146,5
"['V4', 'V8', 'V20', 'V21']",0.8571428571428571,0.018260869565217393,0.035759897828863345,0.1595637877716635,4
"['V10', 'V8', 'V17']",0.8571428571428571,0.042232277526395176,0.08049832295160518,0.3788259429320346,3
"['V10', 'V11', 'V21']",0.8571428571428571,0.04895104895104895,0.0926130099228225,0.6512569219382833,3
"['V4', 'V17', 'V20', 'V5', 'V1', 'V21']",0.8571428571428571,0.019919373962532606,0.038933951332560834,0.3186880294564173,6
"['V4', 'V17', 'V5', 'V1']",0.8571428571428571,0.020168067226890758,0.03940886699507389,0.28252338249714276,4
"['V10', 'V11', 'V5']",0.8571428571428571,0.03869184707508061,0.0740414279418246,0.658748520750662,3
"['V11', 'V20', 'V5', 'V1']",0.8571428571428571,0.01762114537444934,0.034532374100719423,0.3667484980531458,4
"['V4', 'V16', 'V17', 'V11', 'V20', 'V5', 'V1', 'V21']",0.8571428571428571,0.028484231943031537,0.05513619954053167,0.5254789100526664,8
"['V10', 'V11', 'V20']",0.8571428571428571,0.04472843450479233,0.08502024291497975,0.6439014782872182,3
"['V10', 'V17', 'V1']",0.8571428571428571,0.0364741641337386,0.06997084548104957,0.5110788072493702,3
"['V10', 'V8', 'V11', 'V20', 'V5']",0.8571428571428571,0.038656235618959964,0.07397622192866579,0.5970463556645187,5
"['V4', 'V16', 'V17', 'V20', 'V5', 'V21']",0.8571428571428571,0.021683014971605574,0.04229607250755287,0.4878654061772669,6
"['V4', 'V16', 'V8', 'V17', 'V11', 'V20', 'V1', 'V21']",0.8571428571428571,0.02993585174625802,0.05785123966942149,0.5310287965953249,8
"['V10', 'V16', 'V12', 'V11', 'V1', 'V21']",0.8571428571428571,0.032048836322014496,0.06178742184626701,0.6780210115908097,6
"['V4', 'V16', 'V8', 'V17', 'V11', 'V20', 'V5', 'V1']",0.8571428571428571,0.029640084685956247,0.0572987721691678,0.5134001825282003,8
"['V4', 'V16', 'V8', 'V20', 'V5', 'V21']",0.8571428571428571,0.021683014971605574,0.04229607250755287,0.4779223242488616,6
"['V10', 'V8', 'V20']",0.8571428571428571,0.03550295857988166,0.06818181818181818,0.4064360494587958,3
"['V4', 'V16', 'V8', 'V11', 'V20', 'V1']",0.8571428571428571,0.029484029484029485,0.057007125890736345,0.5148262887208385,6
"['V4', 'V17', 'V5', 'V1', 'V21']",0.8571428571428571,0.020038167938931296,0.039160839160839164,0.31354796562397547,5
"['V4', 'V8', 'V17', 'V20']",0.8571428571428571,0.021593830334190232,0.04212637913741224,0.3825559697679399,4
"['V10', 'V17', 'V20']",0.8571428571428571,0.04350077679958571,0.08279940857565303,0.5883082114034032,3
"['V8', 'V11', 'V5', 'V21']",0.8571428571428571,0.01561048132317413,0.03066252965869684,0.35959047194026333,4
"['V10', 'V17', 'V11']",0.8571428571428571,0.04633204633204633,0.08791208791208792,0.6523494908552117,3
"['V8', 'V11', 'V1', 'V21']",0.8571428571428571,0.018551236749116608,0.03631647211413749,0.290960415778196,4
"['V10', 'V8', 'V21']",0.8571428571428571,0.037889039242219216,0.07257019438444924,0.4305859496141221,3
"['V10', 'V11', 'V20', 'V5', 'V21']",0.8571428571428571,0.040875912408759124,0.07803065490013934,0.6658868618330086,5
"['V10', 'V17', 'V11', 'V5', 'V21']",0.8571428571428571,0.045454545454545456,0.08633093525179857,0.6663632330932124,5
"['V10', 'V16', 'V12', 'V8', 'V1']",0.8571428571428571,0.029422066549912435,0.056891296986115815,0.6053763656408643,5
"['V4', 'V16', 'V8', 'V17', 'V20', 'V5', 'V21']",0.8571428571428571,0.02223398623610376,0.043343653250773995,0.4823536683596608,7
"['V4', 'V16', 'V8', 'V17', 'V20', 'V21']",0.8571428571428571,0.02197802197802198,0.04285714285714286,0.4816803407542087,6
"['V4', 'V16', 'V8', 'V17', 'V11', 'V1', 'V21']",0.8571428571428571,0.02960874162848079,0.057240204429301535,0.5468861944310929,7
"['V10', 'V17', 'V11', 'V20', 'V5', 'V21']",0.8571428571428571,0.045064377682403435,0.0856269113149847,0.6724080561063166,6
"['V4', 'V16', 'V8', 'V17', 'V20', 'V5', 'V1']",0.8571428571428571,0.021784232365145227,0.042488619119878605,0.4215708097328204,7
"['V10', 'V12', 'V11', 'V1', 'V21']",0.8571428571428571,0.03222094361334868,0.06210720887245841,0.6786011064637577,5
"['V4', 'V16', 'V8', 'V17', 'V11', 'V20', 'V5', 'V1', 'V21']",0.8571428571428571,0.030042918454935622,0.0580511402902557,0.5350201957610096,9
"['V10', 'V8', 'V20', 'V1', 'V21']",0.8571428571428571,0.036988110964332896,0.07091599831152386,0.4327652976302506,5
"['V4', 'V16', 'V17', 'V20', 'V5', 'V1']",0.8571428571428571,0.020989505247376312,0.04097560975609756,0.38944236806206467,6
"['V4', 'V16', 'V8', 'V17', 'V20', 'V5']",0.8571428571428571,0.02182952182952183,0.04257475924987329,0.4829248445967042,6
"['V11', 'V5', 'V21']",0.8571428571428571,0.015339663988312637,0.030139935414424113,0.5010460117924235,3
"['V4', 'V16', 'V8', 'V17', 'V11', 'V1']",0.8571428571428571,0.029453015427769985,0.05694915254237288,0.5326381195548662,6
"['V10', 'V16', 'V17', 'V20']",0.8571428571428571,0.04195804195804196,0.08,0.6208928064742674,4
"['V11', 'V5', 'V1']",0.8571428571428571,0.01761744966442953,0.0345252774352651,0.33741209332231953,3
"['V4', 'V16', 'V20', 'V21']",0.8571428571428571,0.02112144832788534,0.041226993865030676,0.49859381545294507,4
"['V10', 'V16', 'V17', 'V20', 'V1', 'V21']",0.8571428571428571,0.03870967741935484,0.07407407407407407,0.6093503997087384,6
"['V10', 'V8', 'V17', 'V20', 'V5']",0.8571428571428571,0.04133858267716536,0.07887323943661972,0.5178036988909483,5
"['V4', 'V16', 'V5', 'V21']",0.8571428571428571,0.021395822720326033,0.041749502982107355,0.4844196337338012,4
"['V4', 'V8', 'V20', 'V5', 'V1', 'V21']",0.8571428571428571,0.017244918907821802,0.03380961964177903,0.18261323037174337,6
"['V10', 'V16', 'V12', 'V8']",0.8571428571428571,0.028955532574974147,0.056018672890963656,0.6209139796141313,4
"['V4', 'V16', 'V17', 'V11', 'V20', 'V21']",0.8571428571428571,0.02793481875623545,0.05410628019323672,0.585587441582421,6
"['V4', 'V17', 'V20', 'V1', 'V21']",0.8571428571428571,0.01984877126654064,0.03879907621247113,0.3549916537389758,5
"['V4', 'V16', 'V8', 'V11', 'V20', 'V5', 'V1']",0.8571428571428571,0.029619181946403384,0.05725971370143149,0.5130532857752348,7
"['V4', 'V16', 'V8', 'V11', 'V5', 'V1']",0.8571428571428571,0.02937062937062937,0.056795131845841784,0.5309012273308714,6
"['V4', 'V16', 'V17', 'V11', 'V1', 'V21']",0.8571428571428571,0.028065486134313398,0.054351342607570366,0.5388410450323758,6
"['V11', 'V20', 'V21']",0.8571428571428571,0.015561319007039644,0.03056768558951965,0.46523131373110255,3
"['V10', 'V8', 'V17', 'V20', 'V21']",0.8571428571428571,0.04156358238495794,0.07928268050967438,0.4611057967497948,5
"['V8', 'V11', 'V20', 'V21']",0.8571428571428571,0.01529497450837582,0.03005366726296959,0.4097024608812623,4
"['V4', 'V16', 'V8', 'V17', 'V20', 'V1', 'V21']",0.8571428571428571,0.02165506573859242,0.04224289665577068,0.44729845841745053,7
"['V4', 'V16', 'V5', 'V1']",0.8571428571428571,0.020563035495716035,0.0401625627540043,0.40669920553398486,4
"['V4', 'V17', 'V20', 'V1']",0.8469387755102041,0.019966321866730814,0.039012925969447707,0.28138065738753526,4
"['V10', 'V8', 'V5']",0.8469387755102041,0.03383611903791276,0.06507252058016465,0.41131426549664407,3
"['V4', 'V17', 'V20', 'V5']",0.8469387755102041,0.021744825779407912,0.04240102171136654,0.3609905694619157,4
"['V4', 'V16', 'V17', 'V11', 'V1']",0.8469387755102041,0.02780569514237856,0.053843658773921506,0.5218721366613661,5
"['V10', 'V16', 'V20']",0.8469387755102041,0.0467869222096956,0.08867521367521368,0.6217299592999709,3
"['V4', 'V16', 'V8', 'V20', 'V21']",0.8469387755102041,0.021441487987600105,0.0418241370622323,0.4786965239128176,5
"['V10', 'V8', 'V1']",0.8469387755102041,0.03331995182657567,0.06411741985322518,0.323729012869343,3
"['V10', 'V17', 'V5']",0.8469387755102041,0.038604651162790694,0.07384341637010676,0.6130729425386654,3
"['V4', 'V16', 'V17', 'V20', 'V5']",0.8469387755102041,0.021130346232179225,0.04123199205166418,0.4654040750709476,5
"['V4', 'V16', 'V17', 'V20', 'V1']",0.8469387755102041,0.020258725896997804,0.039570917759237184,0.41694097682461523,5
"['V10', 'V20', 'V5']",0.8469387755102041,0.03261296660117878,0.06280741581536133,0.6006724400293166,3
"['V10', 'V20', 'V1']",0.8469387755102041,0.03387755102040816,0.065149136577708,0.5211402426167839,3
"['V10', 'V1', 'V21']",0.8469387755102041,0.03700401248328132,0.07090986757795814,0.5451164250104598,3
"['V4', 'V16', 'V11', 'V5', 'V1']",0.8469387755102041,0.028670120898100174,0.055462746408286,0.5147835643501564,5
"['V10', 'V16', 'V8']",0.8469387755102041,0.040350024307243555,0.07703016241299304,0.41818862170124116,3
"['V4', 'V16', 'V20', 'V1']",0.8469387755102041,0.02041318248893261,0.039865513928914506,0.41785473078199936,4
"['V4', 'V16', 'V20', 'V5']",0.8469387755102041,0.020595533498759304,0.040213178294573645,0.4650654942672581,4
"['V4', 'V16', 'V8', 'V11', 'V5', 'V1', 'V21']",0.8469387755102041,0.029256256609094113,0.0565587734241908,0.5452804968778471,7
"['V4', 'V16', 'V8', 'V17', 'V20', 'V1']",0.8469387755102041,0.021092757306226177,0.0411604264815274,0.4308954957119432,6
"['V4', 'V16', 'V8', 'V20', 'V5']",0.8469387755102041,0.02070341731105014,0.04041879717555393,0.47872482198103417,5
"['V10', 'V8', 'V20', 'V1']",0.8469387755102041,0.03382233088834556,0.06504702194357367,0.3617903956845871,4
"['V4', 'V16', 'V8', 'V20', 'V1']",0.8469387755102041,0.020775969962453067,0.04055704861959443,0.4281816823514183,5
"['V10', 'V8', 'V17', 'V20', 'V1', 'V21']",0.8469387755102041,0.03965599617773531,0.07576449109995435,0.447327778901805,6
"['V8', 'V11', 'V20']",0.8469387755102041,0.014525726286314315,0.02856159669649002,0.4701511706836793,3
"['V4', 'V16', 'V17', 'V11', 'V20', 'V1']",0.8469387755102041,0.027993254637436762,0.054195233431276524,0.49444585591365536,6
"['V10', 'V16', 'V8', 'V17', 'V20']",0.8469387755102041,0.03954263935207242,0.0755575785161584,0.47179671238557314,5
"['V10', 'V8', 'V17', 'V1', 'V21']",0.8469387755102041,0.03878504672897196,0.0741733690795353,0.42595517940587546,5
"['V4', 'V16', 'V17', 'V11', 'V5', 'V1']",0.8469387755102041,0.028221693301598096,0.05462323132609411,0.5135922197620386,6
"['V10', 'V16', 'V8', 'V17']",0.8469387755102041,0.03973192915270465,0.07590306355738455,0.4197969594688361,4
"['V10', 'V8', 'V17', 'V5', 'V1']",0.8469387755102041,0.033094098883572565,0.0636991557943208,0.39847580299820323,5
"['V10', 'V8', 'V17', 'V20', 'V1']",0.8469387755102041,0.03821362799263352,0.07312775330396476,0.382147561403269,5
"['V10', 'V16', 'V8', 'V21']",0.8469387755102041,0.04232534421213666,0.08062166100048568,0.4809889863869789,4
"['V10', 'V8', 'V20', 'V5', 'V21']",0.8469387755102041,0.03469899665551839,0.06666666666666667,0.5119244528172662,5
"['V10', 'V16', 'V17', 'V1', 'V21']",0.8469387755102041,0.039132484677039135,0.07480847228481298,0.5816280550062211,5
"['V10', 'V8', 'V20', 'V5', 'V1', 'V21']",0.8469387755102041,0.0312382386149793,0.0602540834845735,0.4759591530049086,6
"['V10', 'V16', 'V17', 'V21']",0.8469387755102041,0.04436130411544629,0.08430675469781615,0.6086669771568193,4
"['V10', 'V8', 'V5', 'V1', 'V21']",0.8469387755102041,0.030458715596330274,0.05880269217144881,0.4587229843777517,5
"['V4', 'V1', 'V21']",0.8469387755102041,0.016856214459788788,0.03305455993628036,0.17544419555459306,3
"['V8', 'V11', 'V5']",0.8469387755102041,0.014625550660792951,0.028754547029274206,0.475179958543423,3
"['V10', 'V17', 'V20', 'V5', 'V1']",0.8469387755102041,0.03285827395091053,0.06326219512195122,0.5742966778542609,5
"['V4', 'V16', 'V8']",0.8469387755102041,0.02058531746031746,0.04019370460048426,0.491154994033723,3
"['V8', 'V11', 'V21']",0.8469387755102041,0.014687665899840736,0.028874586884675597,0.43673188525696977,3
"['V10', 'V16', 'V8', 'V17', 'V20', 'V1']",0.8469387755102041,0.03789954337899543,0.07255244755244755,0.43193957015843415,6
"['V11', 'V1', 'V21']",0.8469387755102041,0.017965367965367966,0.035184400169563375,0.4027299085625432,3
"['V11', 'V20', 'V5']",0.8469387755102041,0.015096398690432885,0.029664045746962117,0.4775065940863153,3
"['V10', 'V16', 'V8', 'V17', 'V20', 'V21']",0.8469387755102041,0.03956148713060057,0.075591985428051,0.49517986898256244,6
"['V10', 'V16', 'V8', 'V17', 'V1', 'V21']",0.8469387755102041,0.03889409559512652,0.07437275985663082,0.46214340867893466,6
"['V4', 'V5', 'V1', 'V21']",0.8469387755102041,0.016897394136807818,0.03313373253493014,0.1913134217736315,4
"['V4', 'V20', 'V1', 'V21']",0.8469387755102041,0.01670692431561997,0.03276746940386893,0.17925243992482373,4
"['V4', 'V20', 'V5', 'V21']",0.8469387755102041,0.018047401609045444,0.03534170747285501,0.2712041306333141,4
"['V4', 'V16', 'V8', 'V11', 'V1', 'V21']",0.8469387755102041,0.02937013446567587,0.05677154582763338,0.5475975605688567,6
"['V4', 'V16', 'V8', 'V20', 'V5', 'V1']",0.8469387755102041,0.02085427135678392,0.04070622854340363,0.4185889787884383,6
"['V10', 'V8', 'V17', 'V20', 'V5', 'V21']",0.8469387755102041,0.04054714215925745,0.0773892773892774,0.5686410392380937,6
"['V4', 'V16', 'V8', 'V17', 'V11', 'V5', 'V1', 'V21']",0.8469387755102041,0.029235646354350123,0.05652025876744978,0.5457211054251871,8
"['V4', 'V16', 'V8', 'V20', 'V1', 'V21']",0.8469387755102041,0.021222193812324215,0.04140683462210028,0.44505440747143316,6
"['V4', 'V16', 'V8', 'V11', 'V20', 'V5', 'V1', 'V21']",0.8469387755102041,0.02974910394265233,0.0574792243767313,0.5354601539905821,8
"['V10', 'V8', 'V20', 'V5', 'V1']",0.8469387755102041,0.029600570613409417,0.057201929703652656,0.3870119751489247,5
"['V10', 'V16', 'V8', 'V17', 'V21']",0.8469387755102041,0.04052734375,0.07735321528424977,0.48280370554222163,5
"['V10', 'V16', 'V8', 'V17', 'V5']",0.8469387755102041,0.04196157735085945,0.07996146435452794,0.5218550863545747,5
"['V4', 'V16', 'V17', 'V1']",0.8469387755102041,0.020145631067961165,0.039355144618302515,0.43931411682871596,4
"['V10', 'V17', 'V20', 'V1']",0.8469387755102041,0.036212914485165795,0.0694560669456067,0.5350230490486114,4
"['V4', 'V8', 'V5']",0.8469387755102041,0.01737492149884865,0.03405128205128205,0.21529988174914663,3
"['V10', 'V16', 'V21']",0.8469387755102041,0.050455927051671734,0.09523809523809523,0.6116849593708025,3
"['V10', 'V8', 'V5', 'V1']",0.8469387755102041,0.02896022330774599,0.05600539811066127,0.35265458204155614,4
"['V10', 'V8', 'V1', 'V21']",0.8469387755102041,0.03619712167466201,0.06942701798410707,0.4160099485236237,4
"['V10', 'V16', 'V8', 'V17', 'V20', 'V1', 'V21']",0.8469387755102041,0.038640595903165736,0.07390917186108638,0.4817168545886033,7
"['V10', 'V17', 'V20', 'V5']",0.8469387755102041,0.03948620361560418,0.07545454545454545,0.632544813771389,4
"['V4', 'V17', 'V20']",0.8469387755102041,0.021876647337901952,0.04265159301130524,0.37286611272281,3
"['V4', 'V16', 'V17', 'V5']",0.8469387755102041,0.021271143003587904,0.0415,0.48531547869998326,4
"['V4', 'V17', 'V1']",0.8469387755102041,0.019818529130850047,0.03873075128324778,0.294898981708479,3
"['V10', 'V20', 'V5', 'V1']",0.8469387755102041,0.02865032792544011,0.05542570951585977,0.5373561954346318,4
"['V4', 'V20', 'V5']",0.8469387755102041,0.017663332623962545,0.034604961434229725,0.21848255434023847,3
"['V10', 'V5', 'V1', 'V21']",0.8469387755102041,0.02965344765987853,0.05730065585088022,0.5584940865770426,4
"['V4', 'V16', 'V8', 'V17', 'V1']",0.8469387755102041,0.020875251509054327,0.040746195385370644,0.4369288098646494,5
"['V4', 'V5', 'V21']",0.8469387755102041,0.018051326663766853,0.03534923339011925,0.2712254377837556,3
"['V4', 'V20', 'V5', 'V1', 'V21']",0.8469387755102041,0.01681182904597934,0.03296921549155909,0.19848926256034036,5
"['V4', 'V16', 'V17', 'V20', 'V1', 'V21']",0.8469387755102041,0.020544554455445545,0.04011599806669889,0.45186207248539767,6
"['V4', 'V16', 'V8', 'V1']",0.8469387755102041,0.02062624254473161,0.04027171276079573,0.43411924123950135,4
"['V10', 'V16', 'V8', 'V20', 'V21']",0.8469387755102041,0.04213197969543147,0.08027079303675048,0.49466933653656736,5
"['V4', 'V16', 'V8', 'V20']",0.8469387755102041,0.020687936191425723,0.040389294403892946,0.4760741171029017,4
"['V4', 'V16', 'V8', 'V5']",0.8469387755102041,0.020651903458571784,0.04032062181199903,0.4919316313169076,4
"['V10', 'V8', 'V17', 'V21']",0.8469387755102041,0.040806293018682396,0.07786116322701689,0.44355572857531245,4
"['V4', 'V16', 'V8', 'V21']",0.8469387755102041,0.021375225341231006,0.041698065812609895,0.48697419672536646,4
"['V4', 'V16', 'V5']",0.8469387755102041,0.020595533498759304,0.040213178294573645,0.4878687618728562,3
"['V4', 'V16', 'V1']",0.8469387755102041,0.020209398587776966,0.03947681331747919,0.44005952764271034,3
"['V10', 'V8', 'V17', 'V20']",0.8469387755102041,0.041211519364448855,0.07859848484848485,0.4205353347759013,4
"['V10', 'V8', 'V17', 'V5']",0.8469387755102041,0.04108910891089109,0.07837582625118036,0.4750705964778115,4
"['V10', 'V8', 'V17', 'V1']",0.8469387755102041,0.037488708220415536,0.07179930795847751,0.3470195823863938,4
"['V4', 'V8', 'V5', 'V21']",0.8367346938775511,0.017691477885652642,0.034650327487851254,0.18107978744957515,4
"['V4', 'V16', 'V20']",0.8367346938775511,0.020142471137312698,0.039337970736387624,0.47126810855472145,3
"['V16', 'V8', 'V17', 'V11', 'V20', 'V5', 'V1']",0.8367346938775511,0.023665223665223667,0.04602862756104406,0.5226607514637619,7
"['V4', 'V8', 'V5', 'V1']",0.8367346938775511,0.01637053304052705,0.03211278637164676,0.15804574088163706,4
"['V10', 'V16', 'V1']",0.8367346938775511,0.04205128205128205,0.080078125,0.5546117426313975,3
"['V4', 'V5', 'V1']",0.8367346938775511,0.016334661354581673,0.032043767096522076,0.161937244785451,3
"['V10', 'V17', 'V20', 'V5', 'V21']",0.8367346938775511,0.03906622201048118,0.07464724624487938,0.6477481637738565,5
"['V10', 'V8', 'V17', 'V20', 'V5', 'V1']",0.8367346938775511,0.03357903357903358,0.06456692913385827,0.43916885676788264,6
"['V10', 'V16', 'V20', 'V1', 'V21']",0.8367346938775511,0.044468546637744036,0.08444902162718847,0.6141071482253011,5
"['V8', 'V11', 'V5', 'V1']",0.8367346938775511,0.016952656605333884,0.033232016210739616,0.33815785026393924,4
"['V4', 'V8', 'V20', 'V1']",0.8367346938775511,0.01607843137254902,0.031550596383224314,0.13614238051955194,4
"['V10', 'V16', 'V20', 'V5', 'V1']",0.8367346938775511,0.03452631578947368,0.06631621512333198,0.6151859026721114,5
"['V4', 'V8', 'V1']",0.8367346938775511,0.016234409027915266,0.031850844824237716,0.13259034025870334,3
"['V10', 'V8', 'V17', 'V5', 'V1', 'V21']",0.8367346938775511,0.03368940016433854,0.06477093206951026,0.51182754547749,6
"['V4', 'V8', 'V1', 'V21']",0.8367346938775511,0.016707416462917686,0.03276068717538953,0.16065848127244395,4
"['V4', 'V16', 'V17']",0.8367346938775511,0.020372670807453416,0.039776861508610234,0.5075974781364526,3
"['V10', 'V16', 'V8', 'V17', 'V20', 'V5', 'V21']",0.8367346938775511,0.04110275689223058,0.07835642618251314,0.6019999371468896,7
"['V10', 'V16', 'V17', 'V20', 'V5']",0.8367346938775511,0.03886255924170616,0.07427536231884058,0.6527079026673779,5
"['V10', 'V16', 'V8', 'V1']",0.8367346938775511,0.03889943074003795,0.0743427017225748,0.38455211836024367,4
"['V10', 'V8', 'V5', 'V21']",0.8367346938775511,0.03378656777915121,0.06495049504950495,0.5061614346419614,4
"['V10', 'V16', 'V8', 'V20', 'V5', 'V1', 'V21']",0.8367346938775511,0.036219081272084806,0.06943268416596104,0.5642719441331226,7
"['V10', 'V16', 'V8', 'V5', 'V1']",0.8367346938775511,0.03398259428097804,0.0653126244524094,0.44965785909271055,5
"['V10', 'V16', 'V8', 'V20', 'V1']",0.8367346938775511,0.03967102080309628,0.07575057736720554,0.43103662023969463,5
"['V4', 'V16', 'V17', 'V20']",0.8367346938775511,0.020281968835023496,0.039603960396039604,0.4720307195945757,4
"['V10', 'V16', 'V8', 'V20', 'V5']",0.8367346938775511,0.03988326848249027,0.07613741875580315,0.579489583029115,5
"['V4', 'V8', 'V20', 'V5', 'V1']",0.8367346938775511,0.016318407960199004,0.032012492680070274,0.16076985699586474,5
"['V10', 'V16', 'V1', 'V21']",0.8367346938775511,0.04432432432432432,0.08418891170431211,0.5894459197535423,4
"['V10', 'V16', 'V20', 'V21']",0.8367346938775511,0.04709936817920735,0.089178901576944,0.6295286625436262,4
"['V10', 'V16', 'V20', 'V1']",0.8367346938775511,0.04242110708742887,0.08074839980305268,0.5849309909879677,4
"['V10', 'V16', 'V20', 'V5']",0.8367346938775511,0.038679245283018866,0.0739404869251578,0.6526749403094062,4
"['V10', 'V16', 'V17', 'V1']",0.8367346938775511,0.036574487065120426,0.07008547008547009,0.5513134968503247,4
"['V10', 'V16', 'V8', 'V5']",0.8367346938775511,0.039651837524177946,0.07571560480147738,0.5212840270216663,4
"['V10', 'V17', 'V5', 'V1']",0.8367346938775511,0.031526336024605923,0.060763245646535756,0.5445839882305723,4
"['V10', 'V16', 'V8', 'V20']",0.8367346938775511,0.04019607843137255,0.07670720299345182,0.46930750259815013,4
"['V10', 'V8', 'V17', 'V20', 'V5', 'V1', 'V21']",0.8367346938775511,0.034482758620689655,0.06623586429725363,0.5262228764707412,7
"['V10', 'V8', 'V17', 'V5', 'V21']",0.8367346938775511,0.03895486935866983,0.07444394008170677,0.5634419075730843,5
"['V10', 'V16', 'V17', 'V20', 'V5', 'V1']",0.8367346938775511,0.033884297520661154,0.06513105639396347,0.6148573798794649,6
"['V8', 'V11', 'V1']",0.8367346938775511,0.0170265780730897,0.03337403337403337,0.33901972255230056,3
"['V10', 'V16', 'V8', 'V20', 'V1', 'V21']",0.8367346938775511,0.04122674710910005,0.0785816962146622,0.4833860198069949,6
"['V10', 'V16', 'V8', 'V20', 'V5', 'V21']",0.8367346938775511,0.040354330708661415,0.07699530516431925,0.6012197131832682,6
"['V10', 'V16', 'V8', 'V20', 'V5', 'V1']",0.8367346938775511,0.034908471690080885,0.06702084184715978,0.49974218751133065,6
"['V4', 'V20', 'V5', 'V1']",0.8367346938775511,0.016331408086038637,0.03203750732564954,0.16167102869711295,4
"['V10', 'V20', 'V5', 'V1', 'V21']",0.8367346938775511,0.03015814637734461,0.058217962371317,0.5851312015079081,5
"['V10', 'V16', 'V8', 'V17', 'V5', 'V21']",0.8367346938775511,0.040117416829745595,0.0765639589169001,0.6000564061336965,6
"['V10', 'V16', 'V8', 'V17', 'V5', 'V1']",0.8367346938775511,0.03442485306465155,0.06612903225806452,0.4512246755779363,6
"['V10', 'V16', 'V8', 'V17', 'V20', 'V5', 'V1']",0.8367346938775511,0.035390591281829954,0.06790890269151138,0.4996239671829896,7
"['V4', 'V8', 'V20', 'V5', 'V21']",0.8367346938775511,0.017722066133563863,0.03470899470899471,0.17958749302005145,5
"['V10', 'V16', 'V8', 'V5', 'V21']",0.8367346938775511,0.03961352657004831,0.07564575645756458,0.5977977400369808,5
"['V11', 'V5', 'V1', 'V21']",0.8367346938775511,0.017645792984721326,0.034562697576396205,0.395321673697752,4
"['V10', 'V16', 'V8', 'V17', 'V20', 'V5']",0.8367346938775511,0.04122674710910005,0.0785816962146622,0.5791675564668917,6
"['V16', 'V8', 'V11', 'V20', 'V5', 'V1']",0.8367346938775511,0.023236044205157267,0.04521643231320651,0.5212495889989234,6
"['V10', 'V20', 'V5', 'V21']",0.8367346938775511,0.03356528857961523,0.06454151908697363,0.6174461763369744,4
"['V10', 'V16', 'V8', 'V17', 'V20', 'V5', 'V1', 'V21']",0.8367346938775511,0.03629924745462594,0.06957997454391175,0.564625470710978,8
"['V4', 'V8', 'V20', 'V1', 'V21']",0.8367346938775511,0.016727866177070585,0.0328,0.16811229549748627,5
"['V10', 'V5', 'V21']",0.8367346938775511,0.03351042092357989,0.06444007858546169,0.6048308938841241,3
"['V10', 'V5', 'V1']",0.8367346938775511,0.02747068676716918,0.05319493999351281,0.5013728870316867,3
"['V10', 'V17', 'V5', 'V21']",0.8367346938775511,0.03835360149672591,0.07334525939177101,0.6287742599944428,4
"['V10', 'V17', 'V5', 'V1', 'V21']",0.8367346938775511,0.033800494641384994,0.06497622820919176,0.5872394749235084,5
"['V10', 'V16', 'V8', 'V1', 'V21']",0.8367346938775511,0.040694789081885854,0.0776147657359205,0.46322919514424454,5
"['V16', 'V17', 'V11', 'V5', 'V1']",0.826530612244898,0.023580786026200874,0.045853382394565524,0.5210681189925863,5
"['V16', 'V17', 'V11', 'V20', 'V5', 'V1']",0.826530612244898,0.023628938156359393,0.04594441293250142,0.521807812029045,6
"['V10', 'V16', 'V17', 'V5', 'V1', 'V21']",0.826530612244898,0.03420608108108108,0.06569343065693431,0.6055457126545734,6
"['V10', 'V16', 'V17', 'V5']",0.826530612244898,0.038225578102878716,0.07307171853856563,0.6393269436310602,4
"['V16', 'V11', 'V5', 'V1']",0.826530612244898,0.023929098966026588,0.046511627906976744,0.5231501282916504,4
"['V10', 'V16', 'V17', 'V20', 'V5', 'V21']",0.826530612244898,0.03840682788051209,0.07340280924331671,0.656847293514948,6
"['V17', 'V11', 'V20', 'V1', 'V21']",0.826530612244898,0.021445591739475776,0.04180645161290322,0.49248951794486395,5
"['V16', 'V11', 'V20', 'V5', 'V1']",0.826530612244898,0.023971589227582125,0.04659188955996549,0.5229998706058686,5
"['V8', 'V17', 'V11', 'V20', 'V5', 'V1']",0.826530612244898,0.02241904234707999,0.043654001616814875,0.4591468811734666,6
"['V10', 'V16', 'V5', 'V1', 'V21']",0.826530612244898,0.03501945525291829,0.06719203649937786,0.6064849971582363,5
"['V10', 'V16', 'V8', 'V5', 'V1', 'V21']",0.826530612244898,0.034541577825159916,0.0663119115841179,0.5456715158141044,6
"['V10', 'V16', 'V8', 'V17', 'V5', 'V1', 'V21']",0.826530612244898,0.03495899870522227,0.0670807453416149,0.5467638298670178,7
"['V16', 'V17', 'V11', 'V5', 'V1', 'V21']",0.826530612244898,0.023739742086752638,0.046153846153846156,0.5388397350899473,6
"['V17', 'V11', 'V20']",0.826530612244898,0.022338665195808054,0.043501611170784105,0.5843143066807817,3
"['V16', 'V17', 'V11', 'V20', 'V5', 'V1', 'V21']",0.826530612244898,0.0238867590681215,0.046431642304385214,0.5274867090553149,7
"['V10', 'V16', 'V17', 'V5', 'V21']",0.826530612244898,0.03818953323903819,0.07300585849481749,0.6433445190843502,5
"['V16', 'V8', 'V11', 'V5', 'V1']",0.826530612244898,0.023004828173814256,0.04476374689140646,0.5229793191399753,5
"['V16', 'V8', 'V17', 'V11', 'V5', 'V1']",0.826530612244898,0.02334293948126801,0.04540358744394619,0.5240404607158037,6
"['V10', 'V16', 'V17', 'V5', 'V1']",0.826530612244898,0.0324,0.06235565819861432,0.5759140294231657,5
"['V4', 'V8', 'V20']",0.826530612244898,0.017487046632124352,0.034249471458773786,0.17313961191184704,3
"['V8', 'V17', 'V11', 'V20', 'V1', 'V21']",0.826530612244898,0.022475027746947835,0.04376012965964344,0.3963022054728751,6
"['V10', 'V16', 'V8', 'V17', 'V1']",0.826530612244898,0.036734693877551024,0.07034303082935302,0.38604406622190507,5
"['V10', 'V16', 'V5', 'V1']",0.826530612244898,0.03300733496332518,0.06347962382445141,0.5767413567710107,4
"['V10', 'V16', 'V17', 'V20', 'V5', 'V1', 'V21']",0.826530612244898,0.03512575888985256,0.06738768718801996,0.6344280071303315,7
"['V10', 'V16', 'V5', 'V21']",0.826530612244898,0.038010323791647115,0.07267833109017496,0.6428722473779873,4
"['V4', 'V20', 'V1']",0.826530612244898,0.015885467738772308,0.03117182990186646,0.13992961302125517,3
"['V8', 'V17', 'V11', 'V20', 'V1']",0.826530612244898,0.0215311004784689,0.04196891191709844,0.4437725746428645,5
"['V10', 'V17', 'V20', 'V5', 'V1', 'V21']",0.826530612244898,0.03375,0.06485188150520416,0.6151345491817415,6
"['V10', 'V16', 'V20', 'V5', 'V21']",0.826530612244898,0.03864503816793893,0.07383773928896992,0.6567562317301027,5
"['V10', 'V16', 'V20', 'V5', 'V1', 'V21']",0.826530612244898,0.03580901856763926,0.06864406779661017,0.6351740169634829,6
"['V10', 'V16', 'V5']",0.826530612244898,0.0377974801679888,0.07228915662650602,0.6389017487037866,3
"['V8', 'V17', 'V11', 'V20', 'V5']",0.8163265306122449,0.022327658386826682,0.043466449334419996,0.5949572509949347,5
"['V8', 'V17', 'V11', 'V21']",0.8163265306122449,0.0223463687150838,0.043501903208265365,0.5039257230583631,4
"['V17', 'V11', 'V5', 'V1', 'V21']",0.8163265306122449,0.02254791431792559,0.04388370817334065,0.4864408119028698,5
"['V8', 'V17', 'V11', 'V5']",0.8163265306122449,0.022191400832177532,0.043208209559816364,0.6005690037791878,4
"['V8', 'V17', 'V11', 'V1']",0.8163265306122449,0.021645021645021644,0.04217185028993147,0.43124271225145,4
"['V8', 'V17', 'V11', 'V20']",0.8163265306122449,0.02170374389582203,0.042283298097251586,0.5844241829300041,4
"['V17', 'V11', 'V20', 'V5', 'V21']",0.8163265306122449,0.024016811768237768,0.04666083406240887,0.5944745209817073,5
"['V8', 'V17', 'V11', 'V1', 'V21']",0.8163265306122449,0.022598870056497175,0.0439802089059923,0.38955944878614557,5
"['V8', 'V17', 'V11', 'V5', 'V21']",0.8163265306122449,0.022975301550832855,0.0446927374301676,0.5357414109408624,5
"['V8', 'V17', 'V11', 'V5', 'V1']",0.8163265306122449,0.022402688322598712,0.04360861270100845,0.44403043520655966,5
"['V8', 'V17', 'V11', 'V20', 'V21']",0.8163265306122449,0.022253129346314324,0.04332520985648524,0.506707702223724,5
"['V17', 'V11', 'V20', 'V5', 'V1']",0.8163265306122449,0.022916069894013177,0.04458066313736417,0.46022676194190365,5
"['V16', 'V11', 'V21']",0.8163265306122449,0.024554941682013505,0.04767580452920143,0.6095720638708559,3
"['V16', 'V8', 'V11', 'V1']",0.8163265306122449,0.022916069894013177,0.04458066313736417,0.518228363751172,4
"['V16', 'V8', 'V11', 'V20', 'V5']",0.8163265306122449,0.02289639381797367,0.044543429844097995,0.6008696442780578,5
"['V16', 'V8', 'V17', 'V11', 'V20', 'V1']",0.8163265306122449,0.02230275996654586,0.04341926729986431,0.5154712325015959,6
"['V16', 'V8', 'V17', 'V11', 'V20', 'V21']",0.8163265306122449,0.024279210925644917,0.04715590922487474,0.5452767535898118,6
"['V16', 'V17', 'V11']",0.8163265306122449,0.023310023310023312,0.0453257790368272,0.6010398945267525,3
"['V16', 'V8', 'V17', 'V11', 'V5', 'V21']",0.8163265306122449,0.024668516805427074,0.04788985333732416,0.5659137718339852,6
"['V16', 'V8', 'V17', 'V11', 'V1', 'V21']",0.8163265306122449,0.023412350014632717,0.04551920341394026,0.4560115987639444,6
"['V16', 'V8', 'V11']",0.8163265306122449,0.02278553118769581,0.04433361041839845,0.6019276257826461,3
"['V16', 'V8', 'V11', 'V20', 'V5', 'V21']",0.8163265306122449,0.023752969121140142,0.04616272360069244,0.5585726402265782,6
"['V16', 'V11', 'V20']",0.8163265306122449,0.02411817907747965,0.04685212298682284,0.605625518749925,3
"['V16', 'V8', 'V11', 'V20', 'V1', 'V21']",0.8163265306122449,0.024338302403407362,0.047267355982274745,0.45996579952722694,6
"['V16', 'V8', 'V11', 'V5']",0.8163265306122449,0.022669311419665626,0.044113592500689275,0.6046892290409416,4
"['V17', 'V11', 'V5', 'V21']",0.8163265306122449,0.023515579071134628,0.045714285714285714,0.6043206561524342,4
"['V17', 'V11', 'V5', 'V1']",0.8163265306122449,0.022870211549456832,0.04449388209121246,0.44749436480487925,4
"['V17', 'V11', 'V20', 'V21']",0.8163265306122449,0.022779043280182234,0.0443213296398892,0.5829879597364032,4
"['V17', 'V11', 'V20', 'V1']",0.8163265306122449,0.02159827213822894,0.04208311415044713,0.4583795138740049,4
"['V16', 'V8', 'V17', 'V11', 'V20', 'V5']",0.8163265306122449,0.024249772658381328,0.047100382690609364,0.6070624208021587,6
"['V16', 'V11', 'V5']",0.8163265306122449,0.023453532688361183,0.045597036192647475,0.6017873594631502,3
"['V16', 'V8', 'V11', 'V5', 'V1', 'V21']",0.8163265306122449,0.02386634844868735,0.0463768115942029,0.4753201374459636,6
"['V16', 'V17', 'V11', 'V20', 'V1']",0.8163265306122449,0.022105554020447636,0.04304546677428033,0.529592504947836,5
"['V16', 'V8', 'V11', 'V20']",0.8163265306122449,0.02287675150128682,0.04450625869262865,0.5992146740592216,4
"['V17', 'V11', 'V1']",0.8163265306122449,0.021604104779908182,0.04209418574059458,0.4406303427837851,3
"['V17', 'V11', 'V21']",0.8163265306122449,0.022484541877459248,0.0437636761487965,0.6004761702423309,3
"['V16', 'V8', 'V17', 'V11']",0.8163265306122449,0.023439789041898623,0.04557106237539162,0.6063385710368489,4
"['V8', 'V17', 'V11']",0.8163265306122449,0.02155753166262463,0.042005775794171696,0.5890627318825064,3
"['V16', 'V17', 'V11', 'V20', 'V5']",0.8163265306122449,0.024539877300613498,0.047647409172126266,0.6033772805014278,5
"['V16', 'V8', 'V11', 'V1', 'V21']",0.8163265306122449,0.024264482863208977,0.047128129602356406,0.45944846643888165,5
"['V16', 'V11', 'V1']",0.8163265306122449,0.0239880059970015,0.046606466647247304,0.5349677447195583,3
"['V16', 'V8', 'V11', 'V5', 'V21']",0.8163265306122449,0.023543260741612712,0.04576659038901602,0.5594885899131643,5
"['V16', 'V8', 'V11', 'V20', 'V21']",0.8163265306122449,0.023767082590612002,0.046189376443418015,0.5440487069547678,5
"['V16', 'V8', 'V11', 'V20', 'V1']",0.8163265306122449,0.022909507445589918,0.04456824512534819,0.5165192076089123,5
"['V16', 'V11', 'V5', 'V1', 'V21']",0.8163265306122449,0.02399520095980804,0.046620046620046623,0.5385950164623629,5
"['V16', 'V11', 'V20', 'V1', 'V21']",0.8163265306122449,0.0243828101188662,0.04735128736312518,0.5566315843991824,5
"['V16', 'V11', 'V20', 'V5', 'V21']",0.8163265306122449,0.024213075060532687,0.047031158142269255,0.5979811406248137,5
"['V17', 'V11', 'V20', 'V5']",0.8163265306122449,0.023501762632197415,0.045688178183894916,0.5947734257712433,4
"['V17', 'V11', 'V1', 'V21']",0.8163265306122449,0.021476510067114093,0.041851948731362804,0.4865258111407828,4
"['V16', 'V17', 'V11', 'V1']",0.8163265306122449,0.022123893805309734,0.043080236941303175,0.5254943529079606,4
"['V16', 'V8', 'V11', 'V20', 'V5', 'V1', 'V21']",0.8163265306122449,0.023823704586063133,0.046296296296296294,0.4740037201743674,7
"['V16', 'V17', 'V11', 'V20']",0.8163265306122449,0.023303233323623652,0.045312942509204195,0.6009192958691179,4
"['V16', 'V17', 'V11', 'V5']",0.8163265306122449,0.024487297214569943,0.0475482912332838,0.6066723765891424,4
"['V16', 'V8', 'V17', 'V11', 'V20', 'V5', 'V1', 'V21']",0.8163265306122449,0.024125452352231604,0.04686584651435267,0.4783584395388214,8
"['V16', 'V17', 'V11', 'V21']",0.8163265306122449,0.023923444976076555,0.046484601975595584,0.605958083690068,4
"['V8', 'V17', 'V11', 'V5', 'V1', 'V21']",0.8163265306122449,0.023255813953488372,0.04522328999434709,0.4164832289544102,6
"['V17', 'V11', 'V20', 'V5', 'V1', 'V21']",0.8163265306122449,0.02254791431792559,0.04388370817334065,0.4872681237420507,6
"['V8', 'V17', 'V11', 'V20', 'V5', 'V1', 'V21']",0.8163265306122449,0.02289639381797367,0.044543429844097995,0.4236829534781836,7
"['V16', 'V8', 'V17', 'V11', 'V5', 'V1', 'V21']",0.8163265306122449,0.024045686804929366,0.04671532846715328,0.47661202525103835,7
"['V16', 'V8', 'V17', 'V11', 'V21']",0.8163265306122449,0.024154589371980676,0.0469208211143695,0.5435476818368835,5
"['V16', 'V11', 'V20', 'V5']",0.8163265306122449,0.023710729104919975,0.04608294930875576,0.5987120838818594,4
"['V16', 'V11', 'V20', 'V1']",0.8163265306122449,0.023930601256356567,0.04649811101424005,0.5410202220594633,4
"['V16', 'V11', 'V20', 'V21']",0.8163265306122449,0.02481389578163772,0.048163756773028296,0.604573828065066,4
"['V16', 'V11', 'V5', 'V21']",0.8163265306122449,0.02372479240806643,0.04610951008645533,0.608231929610555,4
"['V16', 'V11', 'V1', 'V21']",0.8163265306122449,0.024301336573511544,0.0471976401179941,0.5586352805679152,4
"['V16', 'V8', 'V17', 'V11', 'V20', 'V1', 'V21']",0.8163265306122449,0.02357795461243737,0.04583213978802635,0.457262781359863,7
"['V16', 'V8', 'V17', 'V11', 'V20', 'V5', 'V21']",0.8163265306122449,0.024860161591050343,0.04825090470446321,0.5658307800153437,7
"['V8', 'V17', 'V11', 'V20', 'V5', 'V21']",0.8163265306122449,0.022922636103151862,0.044593088071348944,0.5355449536699867,6
"['V17', 'V11', 'V5']",0.8163265306122449,0.02326934264107039,0.04524886877828054,0.5973756814391964,3
"['V16', 'V17', 'V11', 'V1', 'V21']",0.8163265306122449,0.022315202231520222,0.04344284550638067,0.5467711683936991,5
"['V16', 'V8', 'V17', 'V11', 'V20']",0.8163265306122449,0.023557126030624265,0.04579278763594734,0.6032851749190389,5
"['V16', 'V17', 'V11', 'V20', 'V5', 'V21']",0.8163265306122449,0.02530844669408415,0.0490948143602332,0.6026954424966511,6
"['V16', 'V8', 'V17', 'V11', 'V1']",0.8163265306122449,0.02239014833473272,0.043584854263143555,0.5176826132579138,5
"['V16', 'V17', 'V11', 'V20', 'V21']",0.8163265306122449,0.02418379685610641,0.046975924838520255,0.6002073427510403,5
"['V16', 'V17', 'V11', 'V20', 'V1', 'V21']",0.8163265306122449,0.022308979364194088,0.04343105320304017,0.5421481816873776,6
"['V16', 'V8', 'V11', 'V21']",0.8163265306122449,0.02364066193853428,0.04595060310166571,0.5416621185243249,4
"['V16', 'V11', 'V20', 'V5', 'V1', 'V21']",0.8163265306122449,0.024081878386514148,0.04678362573099415,0.5285309768143004,6
"['V16', 'V8', 'V17', 'V11', 'V5']",0.8163265306122449,0.024031240612796635,0.04668806536329151,0.611949924636303,5
"['V16', 'V17', 'V11', 'V5', 'V21']",0.8163265306122449,0.024837007140639553,0.048207291352817115,0.6127241456366466,5
"['V16', 'V8', 'V17', 'V5', 'V1']",0.8061224489795918,0.02355396541443053,0.04577056778679027,0.46229619696666946,5
"['V16', 'V8', 'V1', 'V21']",0.8061224489795918,0.020209772320286517,0.03943099575742451,0.356618176784953,4
"['V16', 'V8', 'V5', 'V1']",0.8061224489795918,0.01592741935483871,0.031237643337287464,0.4275495208328158,4
"['V16', 'V1', 'V21']",0.8061224489795918,0.020767613038906414,0.040492055356227574,0.4857625336430561,3
"['V16', 'V8', 'V17', 'V5', 'V1', 'V21']",0.8061224489795918,0.02451132485262178,0.04757603131586871,0.4012670813100722,6
"['V16', 'V20', 'V1']",0.8061224489795918,0.019899244332493703,0.03883972468043265,0.4704144249948976,3
"['V17', 'V20', 'V1', 'V21']",0.7959183673469388,0.0406885758998435,0.07741935483870968,0.351734404146425,4
"['V16', 'V8', 'V17', 'V20', 'V21']",0.7959183673469388,0.030648330058939095,0.05902383654937571,0.46707223796878045,5
"['V16', 'V20', 'V5', 'V1', 'V21']",0.7959183673469388,0.016727428693973836,0.03276622558286074,0.30156194739655173,5
"['V16', 'V8', 'V17', 'V20', 'V1', 'V21']",0.7959183673469388,0.027149321266968326,0.052507573207674185,0.3969563931852465,6
"['V16', 'V17', 'V20', 'V5', 'V1']",0.7959183673469388,0.02207755448627229,0.04296337097218397,0.37514650218079065,5
"['V16', 'V8', 'V17', 'V20', 'V5', 'V1', 'V21']",0.7959183673469388,0.023255813953488372,0.04519119351100811,0.34358694967434267,7
"['V16', 'V17', 'V20', 'V5', 'V1', 'V21']",0.7959183673469388,0.022569444444444444,0.04389420371412493,0.33224942208477326,6
"['V16', 'V8', 'V17', 'V5']",0.7959183673469388,0.029885057471264367,0.05760709010339734,0.5953593751212642,4
"['V16', 'V8', 'V17', 'V1']",0.7959183673469388,0.025548640681297086,0.04950809266899397,0.5327834759376344,4
"['V16', 'V8', 'V17', 'V21']",0.7959183673469388,0.03055229142185664,0.05884571859675594,0.4765491353714466,4
"['V16', 'V17', 'V5', 'V1', 'V21']",0.7959183673469388,0.023458646616541352,0.04557405784399649,0.43282416568212895,5
"['V16', 'V8', 'V17', 'V20', 'V5', 'V1']",0.7959183673469388,0.022934431049691267,0.04458416690482995,0.4070684896926716,6
"['V16', 'V17', 'V20', 'V1', 'V21']",0.7959183673469388,0.027474462839027828,0.05311542390194075,0.4621474957758221,5
"['V16', 'V8', 'V20', 'V5', 'V1', 'V21']",0.7959183673469388,0.016795865633074936,0.03289751159848165,0.29176504028041744,6
"['V16', 'V5', 'V1', 'V21']",0.7959183673469388,0.016673792218896963,0.032663316582914576,0.4024316021119293,4
"['V16', 'V17', 'V21']",0.7959183673469388,0.0312,0.06004618937644342,0.5827186230006008,3
"['V16', 'V8', 'V1']",0.7959183673469388,0.01826697892271663,0.03571428571428571,0.4976074117024463,3
"['V16', 'V8', 'V20', 'V5', 'V1']",0.7959183673469388,0.015748031496062992,0.030884973272619284,0.36377724393214395,5
"['V16', 'V5', 'V21']",0.7959183673469388,0.01699346405228758,0.033276450511945395,0.49678351052936137,3
"['V16', 'V5', 'V1']",0.7959183673469388,0.015751211631663976,0.03089108910891089,0.39645701599215616,3
"['V16', 'V17', 'V1']",0.7959183673469388,0.02610441767068273,0.050550874918988985,0.5429203330478171,3
"['V16', 'V17', 'V5']",0.7959183673469388,0.02841530054644809,0.05487161449173408,0.5697777229449864,3
"['V16', 'V17', 'V20']",0.7959183673469388,0.02924634420697413,0.056419529837251355,0.5698749143695998,3
"['V16', 'V17', 'V5', 'V21']",0.7959183673469388,0.03060023538642605,0.058934642992066494,0.582815506394872,4
"['V16', 'V8', 'V5']",0.7959183673469388,0.0162771285475793,0.03190184049079755,0.49611882752372594,3
"['V16', 'V8', 'V5', 'V1', 'V21']",0.7959183673469388,0.017004578155657292,0.033297758804695834,0.3536381993042396,5
"['V16', 'V8', 'V17']",0.7959183673469388,0.028373954165150966,0.0547945205479452,0.5998339188051699,3
"['V16', 'V8', 'V17', 'V1', 'V21']",0.7959183673469388,0.02754237288135593,0.05324232081911263,0.4027737122715257,5
"['V16', 'V8', 'V17', 'V5', 'V21']",0.7959183673469388,0.03212520593080725,0.06175771971496437,0.5507286664746393,5
"['V16', 'V17', 'V5', 'V1']",0.7959183673469388,0.022177992607335797,0.043153526970954356,0.4211926484310241,4
"['V16', 'V8', 'V17', 'V20', 'V1']",0.7959183673469388,0.025939474559361488,0.050241545893719805,0.4797491695809973,5
"['V16', 'V8', 'V17', 'V20', 'V5']",0.7959183673469388,0.03049257232212666,0.058734939759036146,0.5686172026871352,5
"['V16', 'V8', 'V5', 'V21']",0.7959183673469388,0.017249004865103935,0.033766233766233764,0.47386799799381474,4
"['V16', 'V8', 'V20', 'V1', 'V21']",0.7959183673469388,0.02018111254851229,0.03936411809235428,0.34613329466887915,5
"['V16', 'V17', 'V20', 'V1']",0.7959183673469388,0.026236125126135216,0.05079778573754477,0.5047090316946307,4
"['V16', 'V20', 'V5', 'V1']",0.7959183673469388,0.015770319450060657,0.030927835051546393,0.33544258210038613,4
"['V16', 'V17', 'V1', 'V21']",0.7959183673469388,0.02781740370898716,0.053756030323914544,0.5174412148697074,4
"['V16', 'V20', 'V1', 'V21']",0.7959183673469388,0.02113248442156597,0.04117181314330958,0.431084271730996,4
"['V16', 'V20', 'V21']",0.7857142857142857,0.019855595667870037,0.03873239436619718,0.4821535359621078,3
"['V8', 'V17', 'V20', 'V1', 'V21']",0.7857142857142857,0.03670162059103908,0.07012750455373407,0.2921361852369467,5
"['V16', 'V20', 'V5', 'V21']",0.7857142857142857,0.017456359102244388,0.034153914393435354,0.44814560329544745,4
"['V16', 'V8', 'V20']",0.7857142857142857,0.01727231942575146,0.033801580333625986,0.5087433174578965,3
"['V16', 'V8', 'V17', 'V20']",0.7857142857142857,0.028486866444691086,0.05498036415565869,0.5730091385803672,4
"['V16', 'V8', 'V17', 'V20', 'V5', 'V21']",0.7857142857142857,0.030837004405286344,0.05934489402697495,0.5080272099423659,6
"['V17', 'V20', 'V1']",0.7857142857142857,0.04758961681087762,0.08974358974358974,0.4068098742300336,3
"['V17', 'V20', 'V5', 'V1', 'V21']",0.7857142857142857,0.02681992337164751,0.05186931626810374,0.2632657351436235,5
"['V17', 'V20', 'V21']",0.7857142857142857,0.088,0.15827338129496402,0.47570587714292806,3
"['V16', 'V17', 'V20', 'V5', 'V21']",0.7857142857142857,0.029926156237854645,0.05765630849868963,0.5077462165760737,5
"['V16', 'V8', 'V21']",0.7857142857142857,0.018121911037891267,0.03542673107890499,0.4411175685169233,3
"['V16', 'V17', 'V20', 'V21']",0.7857142857142857,0.03142857142857143,0.06043956043956044,0.541063759122564,4
"['V8', 'V17', 'V20', 'V5', 'V1', 'V21']",0.7857142857142857,0.0270080673447913,0.05222109189555782,0.2533973302698368,6
"['V16', 'V8', 'V20', 'V1']",0.7857142857142857,0.0182507703247215,0.03567292100996062,0.4473446447418609,4
"['V16', 'V8', 'V20', 'V5']",0.7857142857142857,0.016382978723404256,0.032096706961233845,0.49245363342242565,4
"['V8', 'V17', 'V20', 'V5']",0.7755102040816326,0.08568207440811725,0.15431472081218275,0.5411154192959785,4
"['V16', 'V17', 'V20', 'V5']",0.7755102040816326,0.02860368837034249,0.05517241379310345,0.5433447462023665,4
"['V8', 'V17', 'V20', 'V5', 'V1']",0.7755102040816326,0.027546212395795577,0.05320266013300665,0.3097675377219613,5
"['V8', 'V17', 'V20', 'V21']",0.7755102040816326,0.0628099173553719,0.1162079510703364,0.38813307632885125,4
"['V16', 'V8', 'V20', 'V21']",0.7755102040816326,0.018858560794044667,0.03682170542635659,0.42342227970315643,4
"['V16', 'V20', 'V5']",0.7755102040816326,0.016146165285744637,0.03163371488033299,0.4793688318699546,3
"['V16', 'V8', 'V20', 'V5', 'V21']",0.7755102040816326,0.01742719559734006,0.034088360618972864,0.4424853791170969,5
"['V8', 'V17', 'V20', 'V5', 'V21']",0.7755102040816326,0.055433989788475566,0.10347174948944861,0.4372055675869431,5
"['V17', 'V20', 'V5', 'V1']",0.7755102040816326,0.028013269443420568,0.05407328352899324,0.3005329884847293,4
"['V17', 'V5', 'V1', 'V21']",0.7755102040816326,0.03431151241534989,0.06571552096843926,0.36733271987049876,4
"['V17', 'V5', 'V21']",0.7755102040816326,0.14339622641509434,0.24203821656050956,0.601655465645968,3
"['V17', 'V1', 'V21']",0.7755102040816326,0.054519368723098996,0.10187667560321716,0.445254404173779,3
"['V17', 'V20', 'V5', 'V21']",0.7755102040816326,0.06094627105052125,0.11301115241635688,0.46303400486455215,4
"['V8', 'V17', 'V5']",0.7653061224489796,0.12975778546712802,0.22189349112426035,0.607679685711525,3
"['V8', 'V17', 'V1', 'V21']",0.7653061224489796,0.04705144291091593,0.08865248226950355,0.29732653110512236,4
"['V17', 'V20', 'V5']",0.7653061224489796,0.08620689655172414,0.15495867768595042,0.5465455642520453,3
"['V8', 'V17', 'V20']",0.7653061224489796,0.09715025906735751,0.1724137931034483,0.5115166267935679,3
"['V8', 'V17', 'V21']",0.7653061224489796,0.10416666666666667,0.18337408312958436,0.4098563337631593,3
"['V17', 'V5', 'V1']",0.7653061224489796,0.03357206803939123,0.06432246998284734,0.3443244813562942,3
"['V8', 'V17', 'V5', 'V21']",0.7653061224489796,0.09168704156479218,0.16375545851528384,0.48815894464280146,4
"['V8', 'V17', 'V20', 'V1']",0.7653061224489796,0.040106951871657755,0.07621951219512195,0.3699199839188904,4
"['V8', 'V17', 'V5', 'V1']",0.7551020408163265,0.03319874383131449,0.06360120326600774,0.36756730490556944,4
"['V8', 'V17', 'V1']",0.7551020408163265,0.050546448087431695,0.09475032010243278,0.43336800577162654,3
"['V8', 'V17', 'V5', 'V1', 'V21']",0.7551020408163265,0.032498902064119456,0.06231578947368421,0.3019260101678371,5
"['V20', 'V5', 'V1']",0.7346938775510204,0.008918617614269788,0.017623301921429444,0.055627052688317045,3
"['V8', 'V20', 'V5', 'V1']",0.7244897959183674,0.008742765669252556,0.017277041002555057,0.057195092306885936,4
"['V8', 'V20', 'V1']",0.7142857142857143,0.007563479200432199,0.014968459317865926,0.042664932004984286,3
"['V20', 'V5', 'V1', 'V21']",0.7142857142857143,0.00992766983406609,0.019583158483704014,0.056945579490953975,4
"['V8', 'V20', 'V1', 'V21']",0.7142857142857143,0.009419997308572197,0.018594766901314917,0.044601700813562954,4
"['V20', 'V1', 'V21']",0.7142857142857143,0.009358288770053475,0.018474531538664556,0.04685736766097011,3
"['V8', 'V20', 'V5', 'V1', 'V21']",0.7142857142857143,0.010101010101010102,0.0199203187250996,0.04933407888028024,5
"['V5', 'V1', 'V21']",0.7040816326530612,0.009377548246806198,0.018508583690987124,0.0818929488381204,3
"['V8', 'V5', 'V1']",0.6938775510204082,0.008154454970619979,0.01611947374659239,0.061896979225761886,3
"['V8', 'V5', 'V1', 'V21']",0.6938775510204082,0.009791216702663787,0.019309953144966634,0.0547513036759711,4
"['V8', 'V1', 'V21']",0.6938775510204082,0.008515967438948028,0.016825436100457752,0.04799334218165545,3
"['V20', 'V5', 'V21']",0.673469387755102,0.010259598942950412,0.020211299954065228,0.04188114629252036,3
"['V8', 'V20', 'V21']",0.673469387755102,0.006821705426356589,0.013506599815819094,0.010828210395645622,3
"['V8', 'V20', 'V5', 'V21']",0.673469387755102,0.010053313023610053,0.01981089599279604,0.04297333167872658,4
"['V8', 'V5', 'V21']",0.6530612244897959,0.008541305218203657,0.016862073508101698,0.052628618470731726,3
"['V8', 'V20', 'V5']",0.5918367346938775,0.0072004965859714465,0.01422789157365387,0.048378582627970255,3
