features,recall,precision,f1,pr_auc,n_features
"['V14', 'V10', 'V8', 'V16', 'V4', 'V21', 'V3', 'V1', 'V20']",0.581081081081081,0.7962962962962963,0.671875,0.669730466792827,9
"['V14', 'V10', 'V8', 'V16', 'V4', 'V21', 'V3', 'V1', 'V20', 'V19']",0.581081081081081,0.7962962962962963,0.671875,0.6692962696540341,10
"['V14', 'V10', 'V8', 'V16', 'V4', 'V21', 'V3', 'V1', 'V20', 'V18']",0.581081081081081,0.7962962962962963,0.671875,0.6690380743942805,10
"['V14', 'V10', 'V8', 'V16', 'V4', 'V21', 'V3', 'V1', 'V18']",0.581081081081081,0.7962962962962963,0.671875,0.6688600040785139,9
"['V14', 'V10', 'V8', 'V16', 'V4', 'V21', 'V3', 'V1', 'V20', 'V19', 'V18']",0.581081081081081,0.7962962962962963,0.671875,0.6687592954947087,11
"['V14', 'V10', 'V8', 'V16', 'V4', 'V21', 'V3', 'V1']",0.581081081081081,0.7962962962962963,0.671875,0.6686126930310975,8
"['V14', 'V10', 'V8', 'V16', 'V4', 'V21', 'V3', 'V1', 'V19']",0.581081081081081,0.7962962962962963,0.671875,0.66858520247027,9
"['V14', 'V10', 'V8', 'V16', 'V4', 'V21', 'V3', 'V1', 'V11']",0.581081081081081,0.7962962962962963,0.671875,0.6679093718327557,9
"['V14', 'V10', 'V8', 'V16', 'V4', 'V21', 'V3', 'V19']",0.5945945945945946,0.8,0.6821705426356589,0.6678724463597362,8
"['V14', 'V10', 'V8', 'V16', 'V4', 'V21', 'V3', 'V1', 'V20', 'V5']",0.5945945945945946,0.8,0.6821705426356589,0.6677997337793384,10
"['V14', 'V10', 'V8', 'V16', 'V4', 'V21', 'V3', 'V17']",0.5945945945945946,0.8,0.6821705426356589,0.6675909311308865,8
"['V14', 'V10', 'V8', 'V16', 'V4', 'V21', 'V3', 'V1', 'V20', 'V19', 'V18', 'V11']",0.581081081081081,0.7962962962962963,0.671875,0.6675342056244845,12
"['V14', 'V10', 'V8', 'V16', 'V4', 'V21', 'V3', 'V5']",0.5945945945945946,0.8,0.6821705426356589,0.6675184827217909,8
"['V14', 'V10', 'V8', 'V16', 'V4', 'V21', 'V3']",0.5945945945945946,0.8,0.6821705426356589,0.6674508156891266,7
"['V14', 'V10', 'V8', 'V16', 'V4', 'V21', 'V3', 'V18']",0.5945945945945946,0.8,0.6821705426356589,0.6674083072867911,8
"['V14', 'V10', 'V8', 'V16', 'V4', 'V21', 'V3', 'V20']",0.5945945945945946,0.8,0.6821705426356589,0.66737517220258,8
"['V14', 'V10', 'V8', 'V16', 'V4', 'V21', 'V3', 'V1', 'V20', 'V11']",0.581081081081081,0.7962962962962963,0.671875,0.667238759298506,10
"['V14', 'V10', 'V8', 'V16', 'V4', 'V21', 'V3', 'V1', 'V20', 'V19', 'V5']",0.5945945945945946,0.8,0.6821705426356589,0.6672017558552105,11
"['V14', 'V10', 'V8', 'V16', 'V4', 'V21', 'V3', 'V1', 'V20', 'V19', 'V11']",0.581081081081081,0.7962962962962963,0.671875,0.6671404390845086,11
"['V14', 'V10', 'V8', 'V16', 'V4', 'V21', 'V3', 'V7']",0.5945945945945946,0.8,0.6821705426356589,0.6669744510819233,8
"['V14', 'V10', 'V8', 'V16', 'V4', 'V21', 'V3', 'V1', 'V20', 'V19', 'V18', 'V6']",0.5945945945945946,0.8,0.6821705426356589,0.6669685732408558,12
"['V14', 'V10', 'V8', 'V16', 'V4', 'V21', 'V3', 'V1', 'V20', 'V19', 'V18', 'V12']",0.581081081081081,0.7962962962962963,0.671875,0.6665519604011491,12
"['V14', 'V10', 'V8', 'V16', 'V4', 'V21', 'V3', 'V1', 'V20', 'V19', 'V18', 'V5']",0.6081081081081081,0.8035714285714286,0.6923076923076923,0.6665476516242509,12
"['V14', 'V10', 'V8', 'V16', 'V4', 'V21', 'V5']",0.5945945945945946,0.8,0.6821705426356589,0.6665366913502726,7
"['V4', 'V14', 'V10', 'V16', 'V8', 'V5', 'V21']",0.5945945945945946,0.8,0.6821705426356589,0.6665366913502726,7
"['V4', 'V14', 'V10', 'V16', 'V8', 'V5', 'V21', 'V19']",0.5945945945945946,0.8,0.6821705426356589,0.6664783640883618,8
"['V14', 'V10', 'V8', 'V16', 'V4', 'V21', 'V3', 'V11']",0.5945945945945946,0.8,0.6821705426356589,0.6664566857476575,8
"['V14', 'V10', 'V8', 'V16', 'V4', 'V21', 'V3', 'V1', 'V5']",0.5945945945945946,0.8,0.6821705426356589,0.6664450824228088,9
"['V14', 'V10', 'V8', 'V16', 'V4', 'V21', 'V3', 'V1', 'V20', 'V19', 'V18', 'V11', 'V12']",0.581081081081081,0.7962962962962963,0.671875,0.6664367116739732,13
"['V4', 'V14', 'V10', 'V16', 'V8', 'V5', 'V21', 'V17', 'V19']",0.5945945945945946,0.8,0.6821705426356589,0.6663562289715176,9
"['V14', 'V10', 'V8', 'V16', 'V4', 'V21', 'V3', 'V1', 'V20', 'V6']",0.581081081081081,0.7962962962962963,0.671875,0.6663068808216386,10
"['V14', 'V10', 'V8', 'V16', 'V4', 'V21', 'V3', 'V1', 'V20', 'V19', 'V18', 'V11', 'V12', 'V9', 'Amount', 'V5', 'V7', 'V17', 'V6']",0.5945945945945946,0.8,0.6821705426356589,0.6662040774963022,19
"['V4', 'V14', 'V10', 'V16', 'V8', 'V5', 'V21', 'V17']",0.5945945945945946,0.8,0.6821705426356589,0.666191258706842,8
"['V14', 'V10', 'V8', 'V16', 'V4', 'V21', 'V3', 'V1', 'V20', 'V19', 'V18', 'V11', 'V12', 'V9', 'Amount', 'V5', 'V7', 'V17', 'V2']",0.581081081081081,0.7962962962962963,0.671875,0.6661431286631618,19
"['V14', 'V10', 'V8', 'V16', 'V4', 'V21', 'V3', 'V1', 'V20', 'V19', 'V17']",0.581081081081081,0.7962962962962963,0.671875,0.6661040918679506,11
"['V14', 'V10', 'V8', 'V16', 'V4', 'V21', 'V3', 'V1', 'V20', 'V19', 'V18', 'V11', 'V5']",0.6081081081081081,0.8035714285714286,0.6923076923076923,0.666079035237221,13
"['V14', 'V10', 'V8', 'V16', 'V4', 'V21', 'V3', 'V1', 'V17']",0.581081081081081,0.7962962962962963,0.671875,0.6660101383731438,9
"['V14', 'V10', 'V8', 'V16', 'V4', 'V21', 'V3', 'V1', 'V20', 'V19', 'V6']",0.581081081081081,0.7962962962962963,0.671875,0.6659626140794142,11
"['V4', 'V14', 'V10', 'V16', 'V8', 'V5', 'V21', 'V20']",0.6081081081081081,0.8035714285714286,0.6923076923076923,0.6659247683022322,8
"['V4', 'V14', 'V10', 'V16', 'V8', 'V5', 'V21', 'V2', 'V19']",0.5945945945945946,0.8,0.6821705426356589,0.6658864444251729,9
"['V14', 'V10', 'V8', 'V16', 'V4', 'V21', 'V3', 'V1', 'V20', 'V19', 'V18', 'V2']",0.581081081081081,0.7962962962962963,0.671875,0.6658769146990127,12
"['V14', 'V10', 'V8', 'V16', 'V4', 'V21', 'V3', 'V1', 'V20', 'V19', 'V12']",0.581081081081081,0.7962962962962963,0.671875,0.6658426453565446,11
"['V14', 'V10', 'V8', 'V16', 'V4', 'V21', 'V3', 'V1', 'V20', 'V17']",0.581081081081081,0.7962962962962963,0.671875,0.6657596748558596,10
"['V14', 'V10', 'V8', 'V16', 'V4', 'V21', 'V3', 'V1', 'V20', 'V12']",0.581081081081081,0.7962962962962963,0.671875,0.6656386944423226,10
"['V14', 'V10', 'V8', 'V16', 'V4', 'V21', 'V3', 'V1', 'V20', 'V19', 'V18', 'V17']",0.581081081081081,0.7962962962962963,0.671875,0.6656234959036169,12
"['V14', 'V10', 'V8', 'V16', 'V4', 'V21', 'V1']",0.581081081081081,0.7962962962962963,0.671875,0.6656161768776001,7
"['V4', 'V14', 'V10', 'V16', 'V8', 'V5', 'V21', 'V20', 'V19']",0.6081081081081081,0.8035714285714286,0.6923076923076923,0.6656060033985047,9
"['V14', 'V10', 'V8', 'V16', 'V4', 'V21', 'V3', 'V1', 'V20', 'V19', 'V18', 'V11', 'V6']",0.581081081081081,0.7962962962962963,0.671875,0.6655856356464495,13
"['V14', 'V10', 'V8', 'V16', 'V4', 'V21', 'V3', 'V6']",0.5945945945945946,0.8,0.6821705426356589,0.6655190724404018,8
"['V14', 'V10', 'V8', 'V16', 'V4', 'V21', 'V3', 'V1', 'V6']",0.5945945945945946,0.8,0.6821705426356589,0.6654958020671243,9
"['V14', 'V10', 'V8', 'V16', 'V4', 'V21', 'V3', 'V12']",0.6081081081081081,0.8035714285714286,0.6923076923076923,0.6654952901142126,8
"['V14', 'V10', 'V8', 'V16', 'V4', 'V21', 'V3', 'V1', 'V20', 'V9']",0.581081081081081,0.7962962962962963,0.671875,0.6654598559808281,10
"['V4', 'V14', 'V10', 'V16', 'V8', 'V5', 'V21', 'V2']",0.5945945945945946,0.8,0.6821705426356589,0.6654229103120977,8
"['V4', 'V14', 'V10', 'V16', 'V8', 'V5', 'V21', 'V20', 'V17', 'V2', 'V19']",0.6081081081081081,0.8035714285714286,0.6923076923076923,0.6654103023692695,11
"['V4', 'V14', 'V10', 'V16', 'V8', 'V5', 'V21', 'V20', 'V17', 'V2']",0.6081081081081081,0.8035714285714286,0.6923076923076923,0.6653556955291747,10
"['V14', 'V10', 'V8', 'V16', 'V4', 'V21', 'V3', 'V1', 'V12']",0.581081081081081,0.7962962962962963,0.671875,0.6653556397467172,9
"['V14', 'V10', 'V8', 'V16', 'V4', 'V21', 'V3', 'V1', 'V9']",0.581081081081081,0.7962962962962963,0.671875,0.6653364554899929,9
"['V14', 'V10', 'V8', 'V16', 'V4', 'V21', 'V3', 'V9']",0.581081081081081,0.7962962962962963,0.671875,0.6652702314509193,8
"['V4', 'V14', 'V10', 'V16', 'V8', 'V5', 'V12', 'V21', 'V17', 'V19']",0.5945945945945946,0.8,0.6821705426356589,0.6652442036977727,10
"['V4', 'V14', 'V10', 'V16', 'V8', 'V5', 'V21', 'V20', 'V2', 'V19']",0.6081081081081081,0.8035714285714286,0.6923076923076923,0.6651916936933363,10
"['V14', 'V10', 'V8', 'V16', 'V4', 'V21', 'V3', 'V1', 'V20', 'V19', 'V18', 'V11', 'V12', 'V9', 'Amount', 'V5', 'V7']",0.6081081081081081,0.8035714285714286,0.6923076923076923,0.6651607878191078,17
"['V14', 'V10', 'V8', 'V16', 'V4', 'V21', 'V3', 'V1', 'V20', 'V19', 'V9']",0.581081081081081,0.7962962962962963,0.671875,0.6651601098014517,11
"['V14', 'V10', 'V8', 'V16', 'V4', 'V21', 'V3', 'V1', 'V20', 'V19', 'V7']",0.581081081081081,0.7962962962962963,0.671875,0.6651544610545274,11
"['V4', 'V14', 'V10', 'V16', 'V8', 'V5', 'V21', 'V17', 'V2']",0.6081081081081081,0.8035714285714286,0.6923076923076923,0.6651349482273575,9
"['V14', 'V10', 'V8', 'V16', 'V4', 'V21', 'V3', 'V1', 'V20', 'V19', 'V18', 'V11', 'V12', 'V9']",0.581081081081081,0.7962962962962963,0.671875,0.6651126248977087,14
"['V4', 'V14', 'V10', 'V16', 'V8', 'V5', 'V21', 'V20', 'V2']",0.5945945945945946,0.8,0.6821705426356589,0.6650765001229912,9
"['V4', 'V14', 'V10', 'V16', 'V8', 'V5', 'V21', 'V20', 'V17', 'V19']",0.6081081081081081,0.8035714285714286,0.6923076923076923,0.6650015566776563,10
"['V4', 'V14', 'V10', 'V16', 'V8', 'V5', 'V12', 'V21', 'V20', 'V17', 'V19']",0.6081081081081081,0.8035714285714286,0.6923076923076923,0.6649553620175571,11
"['V14', 'V10', 'V8', 'V16', 'V4', 'V21', 'V3', 'V1', 'V20', 'V19', 'V18', 'V11', 'V12', 'V5']",0.5945945945945946,0.8,0.6821705426356589,0.6649292326355292,14
"['V14', 'V10', 'V8', 'V16', 'V4', 'V21', 'V3', 'V1', 'V20', 'V19', 'V18', 'V11', 'V12', 'V9', 'Amount', 'V5', 'V7', 'V17']",0.5945945945945946,0.8,0.6821705426356589,0.6648881782388253,18
"['V4', 'V14', 'V10', 'V16', 'V8', 'V5', 'V21', 'V17', 'V2', 'V19']",0.6081081081081081,0.8035714285714286,0.6923076923076923,0.6648823991804896,10
"['V14', 'V10', 'V8', 'V16', 'V4', 'V21', 'V3', 'V1', 'V2']",0.581081081081081,0.7962962962962963,0.671875,0.6647795114857413,9
"['V14', 'V10', 'V8', 'V16', 'V4', 'V21', 'V3', 'V1', 'V20', 'V19', 'V18', 'V9']",0.581081081081081,0.7962962962962963,0.671875,0.6647586185522871,12
"['V14', 'V10', 'V8', 'V16', 'V4', 'V21', 'V12']",0.581081081081081,0.7962962962962963,0.671875,0.6647248462368432,7
"['V4', 'V14', 'V10', 'V16', 'V8', 'V12', 'V21']",0.581081081081081,0.7962962962962963,0.671875,0.6647248462368432,7
"['V4', 'V14', 'V10', 'V16', 'V8', 'V12', 'V21', 'V19']",0.581081081081081,0.7962962962962963,0.671875,0.6646875742298108,8
"['V14', 'V10', 'V1', 'V2', 'V5', 'V3', 'V6', 'V8', 'V21', 'V9', 'V11', 'V16', 'V7', 'V17', 'V18', 'V19', 'V20', 'V4', 'Amount']",0.581081081081081,0.7962962962962963,0.671875,0.6646860344234732,19
"['V14', 'V10', 'V8', 'V16', 'V4', 'V21', 'V19']",0.581081081081081,0.7962962962962963,0.671875,0.6646549974032034,7
"['V4', 'V14', 'V10', 'V16', 'V8', 'V21', 'V19']",0.581081081081081,0.7962962962962963,0.671875,0.6646549974032034,7
"['V4', 'V14', 'V10', 'V16', 'V8', 'V5', 'V21', 'V20', 'V17']",0.6081081081081081,0.8035714285714286,0.6923076923076923,0.6646243792684773,9
"['V4', 'V14', 'V10', 'V16', 'V8', 'V5', 'V12', 'V21', 'V20', 'V17']",0.6081081081081081,0.8035714285714286,0.6923076923076923,0.6645848323820047,10
"['V14', 'V10', 'V8', 'V16', 'V4', 'V21', 'V3', 'V1', 'V20', 'V19', 'V18', 'V11', 'V12', 'V9', 'Amount', 'V5']",0.5945945945945946,0.8,0.6821705426356589,0.6645602706951564,16
"['V14', 'V10', 'V1', 'V2', 'V5', 'V3', 'V6', 'V8', 'V21', 'V9', 'V11', 'V16', 'V7', 'V17', 'V18', 'V19', 'V20', 'V4', 'V12', 'Amount']",0.5945945945945946,0.8,0.6821705426356589,0.6645365292703568,20
"['V14', 'V10', 'V8', 'V16', 'V4', 'V21', 'V3', 'V1', 'V20', 'V7']",0.581081081081081,0.7962962962962963,0.671875,0.6645144685277738,10
"['V14', 'V10', 'V8', 'V16', 'V4', 'V21']",0.5945945945945946,0.8,0.6821705426356589,0.6645040143262889,6
"['V4', 'V14', 'V10', 'V16', 'V8', 'V21']",0.5945945945945946,0.8,0.6821705426356589,0.6645040143262889,6
"['V14', 'V10', 'V8', 'V16', 'V4', 'V21', 'V3', 'V1', 'V20', 'V19', 'V2']",0.581081081081081,0.7962962962962963,0.671875,0.6643830526838908,11
"['V14', 'V10', 'V8', 'V16', 'V4', 'V21', 'V3', 'V1', 'V20', 'V19', 'V18', 'V7']",0.581081081081081,0.7962962962962963,0.671875,0.6643597553531374,12
"['V14', 'V10', 'V8', 'V16', 'V4', 'V21', 'V3', 'V1', 'V20', 'V19', 'V18', 'V11', 'V12', 'V9', 'Amount']",0.5945945945945946,0.8,0.6821705426356589,0.6643543383605188,15
"['V14', 'V10', 'V8', 'V16', 'V4', 'V21', 'V3', 'V1', 'V20', 'V19', 'V18', 'V11', 'V2']",0.581081081081081,0.7962962962962963,0.671875,0.6642909458974172,13
"['V14', 'V10', 'V8', 'V16', 'V4', 'V21', 'V3', 'V1', 'V20', 'V2']",0.581081081081081,0.7962962962962963,0.671875,0.6642510909357978,10
"['V14', 'V10', 'V8', 'V16', 'V4', 'V21', 'V3', 'V2']",0.581081081081081,0.7962962962962963,0.671875,0.6642291352999905,8
"['V14', 'V10', 'V8', 'V16', 'V4', 'V21', 'V3', 'V1', 'V20', 'V19', 'V18', 'V11', 'V7']",0.581081081081081,0.7962962962962963,0.671875,0.6641202128049434,13
"['V14', 'V10', 'V8', 'V16', 'V4', 'V21', 'V3', 'V1', 'V20', 'V19', 'V18', 'V11', 'V12', 'V9', 'Amount', 'V2']",0.6081081081081081,0.8035714285714286,0.6923076923076923,0.6641131416253852,16
"['V4', 'V14', 'V10', 'V16', 'V8', 'V5', 'V12', 'V21', 'V17']",0.5945945945945946,0.8,0.6821705426356589,0.6640590330637025,9
"['V14', 'V10', 'V8', 'V16', 'V4', 'V21', 'V3', 'V1', 'V20', 'V19', 'V18', 'Amount']",0.581081081081081,0.7962962962962963,0.671875,0.663993020298138,12
"['V14', 'V10', 'V8', 'V16', 'V4', 'V21', 'V3', 'V1', 'V20', 'V19', 'V18', 'V11', 'V12', 'V9', 'Amount', 'V5', 'V17']",0.5945945945945946,0.8,0.6821705426356589,0.6639430960748207,17
"['V14', 'V10', 'V8', 'V16', 'V4', 'V21', 'V20']",0.581081081081081,0.7962962962962963,0.671875,0.6639303863926136,7
"['V4', 'V14', 'V10', 'V16', 'V8', 'V21', 'V20']",0.581081081081081,0.7962962962962963,0.671875,0.6639303863926136,7
"['V14', 'V10', 'V8', 'V16', 'V4', 'V21', 'V6']",0.5945945945945946,0.8,0.6821705426356589,0.663918398158082,7
"['V14', 'V10', 'V8', 'V16', 'V4', 'V21', 'V3', 'V1', 'V20', 'V19', 'V18', 'V11', 'V17']",0.581081081081081,0.7962962962962963,0.671875,0.6638672568646176,13
"['V14', 'V10', 'V8', 'V16', 'V4', 'V21', 'V3', 'V1', 'V20', 'V19', 'Amount']",0.5945945945945946,0.8,0.6821705426356589,0.6638352057387694,11
"['V4', 'V14', 'V10', 'V16', 'V8', 'V5', 'V12', 'V21', 'V20', 'V2']",0.6081081081081081,0.8035714285714286,0.6923076923076923,0.6637824522565803,10
"['V14', 'V10', 'V8', 'V16', 'V4', 'V21', 'V3', 'V1', 'V20', 'V19', 'V18', 'V11', 'V12', 'V9', 'Amount', 'V5', 'V7', 'V2']",0.5945945945945946,0.8,0.6821705426356589,0.6637711643230785,18
"['V14', 'V10', 'V8', 'V16', 'V4', 'V21', 'V9']",0.581081081081081,0.7962962962962963,0.671875,0.6637522146031282,7
"['V14', 'V10', 'V8', 'V16', 'V4', 'V21', 'V3', 'V1', 'V20', 'V19', 'V18', 'V11', 'V12', 'V6']",0.581081081081081,0.7962962962962963,0.671875,0.6637380100395984,14
"['V4', 'V14', 'V10', 'V16', 'V8', 'V12', 'V21', 'V20', 'V19']",0.581081081081081,0.7962962962962963,0.671875,0.6637152760252668,9
"['V14', 'V10', 'V8', 'V16', 'V4', 'V21', 'V3', 'V1', 'V20', 'V19', 'V18', 'V11', 'V12', 'V9', 'Amount', 'V7']",0.581081081081081,0.7962962962962963,0.671875,0.6637111556829489,16
"['V14', 'V10', 'V8', 'V16', 'V4', 'V21', 'V3', 'V1', 'V20', 'V19', 'V18', 'V11', 'V12', 'V9', 'Amount', 'V5', 'V7', 'V6']",0.6081081081081081,0.8035714285714286,0.6923076923076923,0.6636974741234662,18
"['V4', 'V14', 'V10', 'V16', 'V8', 'V21', 'V17', 'V19']",0.5945945945945946,0.8,0.6821705426356589,0.6636668756669899,8
"['V4', 'V14', 'V10', 'V16', 'V8', 'V21', 'V20', 'V19']",0.581081081081081,0.7962962962962963,0.671875,0.6635252586548367,8
"['V14', 'V10', 'V8', 'V16', 'V4', 'V21', 'V3', 'V1', 'V20', 'V19', 'V18', 'V11', 'V12', 'V9', 'Amount', 'V6']",0.5945945945945946,0.8,0.6821705426356589,0.6634835631080794,16
"['V14', 'V10', 'V8', 'V16', 'V4', 'V21', 'V3', 'V1', 'V20', 'V19', 'V18', 'V11', 'V9']",0.581081081081081,0.7962962962962963,0.671875,0.6633901633493392,13
"['V14', 'V10', 'V8', 'V16', 'V4', 'V21', 'V3', 'V1', 'V20', 'V19', 'V18', 'V11', 'V12', 'Amount']",0.6081081081081081,0.8035714285714286,0.6923076923076923,0.6633798761798888,14
"['V14', 'V10', 'V8', 'V16', 'V4', 'V21', 'V3', 'V1', 'V7']",0.581081081081081,0.7962962962962963,0.671875,0.6633770862718498,9
"['V14', 'V10', 'V8', 'V16', 'V4', 'V21', 'V18']",0.581081081081081,0.7962962962962963,0.671875,0.6633570640578559,7
"['V14', 'V10', 'V8', 'V16', 'V4', 'V21', 'V3', 'V1', 'V20', 'V19', 'V18', 'V11', 'V12', 'V9', 'Amount', 'V5', 'V7', 'V17', 'V6', 'V2']",0.581081081081081,0.7962962962962963,0.671875,0.6632967423397149,20
"['V14', 'V10', 'V8', 'V16', 'V4', 'V21', 'V11']",0.5945945945945946,0.8,0.6821705426356589,0.663254605446605,7
"['V4', 'V14', 'V10', 'V16', 'V8', 'V12', 'V21', 'V20', 'V2', 'V19']",0.581081081081081,0.7962962962962963,0.671875,0.6632368738980199,10
"['V14', 'V10', 'V8', 'V16', 'V4', 'V21', 'V3', 'Amount']",0.5945945945945946,0.8,0.6821705426356589,0.6631732825020841,8
"['V4', 'V14', 'V10', 'V16', 'V8', 'V5', 'V12', 'V21', 'V20', 'V2', 'V19']",0.6081081081081081,0.8035714285714286,0.6923076923076923,0.6631627667794947,11
"['V4', 'V14', 'V10', 'V16', 'V8', 'V5', 'V12', 'V21', 'V17', 'V2']",0.5945945945945946,0.8,0.6821705426356589,0.6631173553900249,10
"['V14', 'V10', 'V8', 'V16', 'V4', 'V21', 'V3', 'V1', 'V20', 'Amount']",0.581081081081081,0.7962962962962963,0.671875,0.6630513761606587,10
"['V14', 'V10', 'V8', 'V16', 'V4', 'V21', 'V3', 'V1', 'V20', 'V19', 'V18', 'V11', 'V12', 'V9', 'Amount', 'V5', 'V6']",0.6081081081081081,0.8035714285714286,0.6923076923076923,0.6630344816904582,17
"['V4', 'V14', 'V10', 'V16', 'V8', 'V12', 'V21', 'V2', 'V19']",0.581081081081081,0.7962962962962963,0.671875,0.6630017939146708,9
"['V14', 'V10', 'V1', 'V2', 'V5', 'V3', 'V6', 'V8', 'V21', 'V9', 'V11', 'V16', 'V7', 'V17', 'V4']",0.5945945945945946,0.8,0.6821705426356589,0.6629815589277014,15
"['V14', 'V10', 'V8', 'V16', 'V4', 'V21', 'V3', 'V1', 'V20', 'V19', 'V18', 'V11', 'V12', 'V9', 'Amount', 'V5', 'V2']",0.581081081081081,0.7962962962962963,0.671875,0.6629465331246843,17
"['V14', 'V10', 'V8', 'V16', 'V4', 'V21', 'V3', 'V1', 'V20', 'V19', 'V18', 'V11', 'V12', 'V17']",0.581081081081081,0.7962962962962963,0.671875,0.6629151113908457,14
"['V4', 'V14', 'V10', 'V16', 'V8', 'V21', 'V20', 'V17']",0.5675675675675675,0.7924528301886793,0.6614173228346457,0.6628969133679099,8
"['V4', 'V14', 'V10', 'V16', 'V8', 'V5', 'V12', 'V21', 'V19']",0.6081081081081081,0.8035714285714286,0.6923076923076923,0.662874200853514,9
"['V14', 'V10', 'V8', 'V16', 'V4', 'V21', 'V3', 'V1', 'V20', 'V19', 'V18', 'V11', 'V12', 'V9', 'V7']",0.5945945945945946,0.8,0.6821705426356589,0.6628646033806511,15
"['V4', 'V14', 'V10', 'V16', 'V8', 'V20', 'V19']",0.581081081081081,0.7962962962962963,0.671875,0.6628469004871751,7
"['V4', 'V14', 'V10', 'V16', 'V8', 'V12', 'V19']",0.581081081081081,0.7962962962962963,0.671875,0.6628290055941346,7
"['V14', 'V10', 'V8', 'V16', 'V4', 'V21', 'V3', 'V1', 'V20', 'V19', 'V18', 'V11', 'Amount']",0.6081081081081081,0.8035714285714286,0.6923076923076923,0.6627921078248994,13
"['V14', 'V10', 'V8', 'V16', 'V4', 'V21', 'V7']",0.581081081081081,0.7962962962962963,0.671875,0.6627596180015435,7
"['V4', 'V14', 'V10', 'V16', 'V8', 'V5', 'V12', 'V21', 'V2']",0.6081081081081081,0.8035714285714286,0.6923076923076923,0.6627334559771537,9
"['V4', 'V14', 'V10', 'V16', 'V8', 'V19']",0.581081081081081,0.7962962962962963,0.671875,0.6627254540616492,6
"['V14', 'V10', 'V8', 'V16', 'V4', 'V19']",0.581081081081081,0.7962962962962963,0.671875,0.6627254540616492,6
"['V4', 'V14', 'V10', 'V16', 'V8', 'V12', 'V21', 'V20', 'V17', 'V2', 'V19']",0.581081081081081,0.7962962962962963,0.671875,0.6626366083536209,11
"['V4', 'V14', 'V10', 'V16', 'V8', 'V5', 'V12', 'V21', 'V17', 'V2', 'V19']",0.5945945945945946,0.8,0.6821705426356589,0.6626174513709181,11
"['V4', 'V14', 'V10', 'V16', 'V8', 'V5', 'V12', 'V21']",0.6081081081081081,0.8035714285714286,0.6923076923076923,0.6625373399712445,8
"['V4', 'V14', 'V10', 'V16', 'V8', 'V5', 'V12', 'V21', 'V20', 'V19']",0.6216216216216216,0.8070175438596491,0.7022900763358778,0.662536102405161,10
"['V4', 'V14', 'V10', 'V16', 'V8', 'V5', 'V12', 'V21', 'V2', 'V19']",0.5945945945945946,0.8,0.6821705426356589,0.6624753246948705,10
"['V14', 'V10', 'V1', 'V2', 'V5', 'V3', 'V6', 'V8', 'V21', 'V9', 'V11', 'V16', 'V7', 'V4']",0.6081081081081081,0.8035714285714286,0.6923076923076923,0.6624539418393571,14
"['V14', 'V10', 'V1', 'V2', 'V5', 'V3', 'V6', 'V8', 'V21', 'V9', 'V11', 'V16', 'V7', 'V17', 'V18', 'V4']",0.5945945945945946,0.8,0.6821705426356589,0.6623868495268554,16
"['V14', 'V10', 'V8', 'V16', 'V4', 'V21', 'V3', 'V1', 'V20', 'V19', 'V18', 'V11', 'V12', 'V9', 'Amount', 'V17']",0.5945945945945946,0.8,0.6821705426356589,0.6623729634789162,16
"['V14', 'V10', 'V8', 'V16', 'V4', 'V9']",0.581081081081081,0.7962962962962963,0.671875,0.6623456897318049,6
"['V4', 'V14', 'V10', 'V16', 'V8', 'V12', 'V21', 'V20']",0.581081081081081,0.7962962962962963,0.671875,0.6623415287106454,8
"['V14', 'V10', 'V8', 'V16', 'V4', 'V21', 'V3', 'V1', 'Amount']",0.581081081081081,0.7962962962962963,0.671875,0.6623097220002209,9
"['V4', 'V14', 'V10', 'V16', 'V8', 'V5', 'V12', 'V21', 'V20']",0.6081081081081081,0.8035714285714286,0.6923076923076923,0.6622732351901159,9
"['V4', 'V14', 'V10', 'V8', 'V5', 'V21', 'V20', 'V17', 'V2']",0.6081081081081081,0.8035714285714286,0.6923076923076923,0.6621692738974393,9
"['V14', 'V10', 'V8', 'V16', 'V4', 'V21', 'V17']",0.581081081081081,0.7962962962962963,0.671875,0.6621325905832077,7
"['V4', 'V14', 'V10', 'V16', 'V8', 'V21', 'V17']",0.581081081081081,0.7962962962962963,0.671875,0.6621325905832077,7
"['V4', 'V14', 'V10', 'V16', 'V8', 'V21', 'V20', 'V2', 'V19']",0.581081081081081,0.7962962962962963,0.671875,0.6620944872679067,9
"['V4', 'V14', 'V10', 'V16', 'V8', 'V5', 'V12', 'V21', 'V20', 'V17', 'V2', 'V19']",0.6081081081081081,0.8035714285714286,0.6923076923076923,0.66209404503518,12
"['V4', 'V14', 'V10', 'V16', 'V8', 'V21', 'V20', 'V2']",0.581081081081081,0.7962962962962963,0.671875,0.6620763159974453,8
"['V4', 'V14', 'V10', 'V8', 'V5', 'V21', 'V17', 'V2']",0.6081081081081081,0.8035714285714286,0.6923076923076923,0.6620023020956304,8
"['V4', 'V14', 'V10', 'V16', 'V8', 'V21', 'V2', 'V19']",0.581081081081081,0.7962962962962963,0.671875,0.6619882021573132,8
"['V4', 'V14', 'V10', 'V16', 'V8', 'V5', 'V17', 'V19']",0.5945945945945946,0.8,0.6821705426356589,0.6618764542551451,8
"['V14', 'V10', 'V1', 'V2', 'V5', 'V3', 'V6', 'V8', 'V21', 'V9', 'V11', 'V16', 'V7', 'V17', 'V18', 'V19', 'V20', 'V4']",0.5945945945945946,0.8,0.6821705426356589,0.661848327122466,18
"['V14', 'V10', 'V8', 'V16', 'V4', 'V2']",0.581081081081081,0.7962962962962963,0.671875,0.6618190871094193,6
"['V4', 'V14', 'V10', 'V16', 'V8', 'V2']",0.581081081081081,0.7962962962962963,0.671875,0.6618190871094193,6
"['V14', 'V10', 'V1', 'V2', 'V5', 'V3', 'V6', 'V8', 'V21', 'V9', 'V11', 'V16', 'V4']",0.5945945945945946,0.8,0.6821705426356589,0.6617976878052769,13
"['V4', 'V14', 'V10', 'V16', 'V8', 'V21', 'V20', 'V17', 'V19']",0.581081081081081,0.7962962962962963,0.671875,0.661795043193793,9
"['V14', 'V10', 'V1', 'V2', 'V5', 'V3', 'V6', 'V8', 'V21', 'V9', 'V11', 'V16', 'V7', 'V17', 'V18', 'V19', 'V4']",0.5945945945945946,0.8,0.6821705426356589,0.6617096808466745,17
"['V14', 'V10', 'V8', 'V16', 'V4', 'V11']",0.581081081081081,0.7962962962962963,0.671875,0.6616996941753102,6
"['V14', 'V10', 'V8', 'V16', 'V4', 'V21', 'V3', 'V1', 'V20', 'V19', 'V18', 'V11', 'V12', 'V9', 'V5']",0.5945945945945946,0.8,0.6821705426356589,0.6616965104374651,15
"['V4', 'V14', 'V10', 'V16', 'V8', 'V5', 'V12', 'V21', 'V20', 'V17', 'V2']",0.6081081081081081,0.8035714285714286,0.6923076923076923,0.6616239860525719,11
"['V14', 'V10', 'V8', 'V16', 'V4', 'V5']",0.5945945945945946,0.8,0.6821705426356589,0.661622007318771,6
"['V4', 'V14', 'V10', 'V16', 'V8', 'V5']",0.5945945945945946,0.8,0.6821705426356589,0.661622007318771,6
"['V4', 'V14', 'V10', 'V16', 'V8', 'V5', 'V19']",0.5945945945945946,0.8,0.6821705426356589,0.6616180496293806,7
"['V4', 'V14', 'V10', 'V16', 'V8', 'V20']",0.581081081081081,0.7962962962962963,0.671875,0.6616050964095256,6
"['V14', 'V10', 'V8', 'V16', 'V4', 'V20']",0.581081081081081,0.7962962962962963,0.671875,0.6616050964095256,6
"['V14', 'V10', 'V8', 'V16', 'V4', 'V21', 'V3', 'V1', 'V20', 'V19', 'V18', 'V11', 'V12', 'V9', 'V6']",0.5945945945945946,0.8,0.6821705426356589,0.6615828696973546,15
"['V4', 'V14', 'V10', 'V16', 'V8', 'V12', 'V21', 'V17']",0.581081081081081,0.7962962962962963,0.671875,0.6615409662954224,8
"['V4', 'V14', 'V10', 'V16', 'V8']",0.581081081081081,0.7962962962962963,0.671875,0.6615395382151885,5
"['V14', 'V10', 'V8', 'V16', 'V4']",0.581081081081081,0.7962962962962963,0.671875,0.6615395382151885,5
"['V4', 'V14', 'V10', 'V16', 'V8', 'V21', 'V17', 'V2', 'V19']",0.5945945945945946,0.8,0.6821705426356589,0.6615174717023092,9
"['V4', 'V14', 'V10', 'V16', 'V8', 'V12', 'V21', 'V20', 'V2']",0.581081081081081,0.7962962962962963,0.671875,0.6614479867074236,9
"['V4', 'V14', 'V10', 'V16', 'V8', 'V20', 'V2', 'V19']",0.581081081081081,0.7962962962962963,0.671875,0.6614015375730837,8
"['V4', 'V14', 'V10', 'V8', 'V5', 'V21', 'V20', 'V17', 'V2', 'V19']",0.6081081081081081,0.8035714285714286,0.6923076923076923,0.6613843112236645,10
"['V4', 'V14', 'V10', 'V16', 'V8', 'V21', 'V20', 'V17', 'V2', 'V19']",0.5945945945945946,0.8,0.6821705426356589,0.661337600618957,10
"['V4', 'V14', 'V10', 'V16', 'V8', 'V21', 'V17', 'V2']",0.5945945945945946,0.8,0.6821705426356589,0.6613178728425847,8
"['V4', 'V14', 'V10', 'V16', 'V8', 'V12', 'V21', 'V20', 'V17']",0.581081081081081,0.7962962962962963,0.671875,0.6612848548669437,9
"['V14', 'V10', 'V8', 'V16', 'V4', 'V1']",0.581081081081081,0.7962962962962963,0.671875,0.6612454190144547,6
"['V14', 'V10', 'V8', 'V16', 'V4', 'V12']",0.581081081081081,0.7962962962962963,0.671875,0.6611224903412204,6
"['V4', 'V14', 'V10', 'V16', 'V8', 'V12']",0.581081081081081,0.7962962962962963,0.671875,0.6611224903412204,6
"['V4', 'V14', 'V10', 'V16', 'V8', 'V5', 'V20', 'V2', 'V19']",0.581081081081081,0.7962962962962963,0.671875,0.6610960760192783,9
"['V14', 'V10', 'V8', 'V16', 'V4', 'V3']",0.5945945945945946,0.8,0.6821705426356589,0.6610436526151197,6
"['V4', 'V14', 'V10', 'V8', 'V5', 'V21', 'V17', 'V2', 'V19']",0.6081081081081081,0.8035714285714286,0.6923076923076923,0.6610355224249708,9
"['V14', 'V10', 'V8', 'V16', 'V4', 'V21', 'V2']",0.581081081081081,0.7962962962962963,0.671875,0.6610030179350265,7
"['V4', 'V14', 'V10', 'V16', 'V8', 'V21', 'V2']",0.581081081081081,0.7962962962962963,0.671875,0.6610030179350265,7
"['V4', 'V14', 'V10', 'V16', 'V8', 'V5', 'V20', 'V17', 'V19']",0.5945945945945946,0.7857142857142857,0.676923076923077,0.6609698346334836,9
"['V4', 'V14', 'V10', 'V16', 'V8', 'V5', 'V20']",0.5945945945945946,0.8,0.6821705426356589,0.6609606894039308,7
"['V4', 'V14', 'V10', 'V16', 'V8', 'V5', 'V2']",0.5945945945945946,0.8,0.6821705426356589,0.6608807475507299,7
"['V14', 'V10', 'V8', 'V16', 'V4', 'V21', 'V3', 'V1', 'V20', 'V19', 'V18', 'V11', 'V12', 'V9', 'V17']",0.581081081081081,0.7962962962962963,0.671875,0.6608783586864797,15
"['V4', 'V14', 'V10', 'V16', 'V8', 'V2', 'V19']",0.581081081081081,0.7962962962962963,0.671875,0.6608587745451471,7
"['V4', 'V14', 'V10', 'V16', 'V8', 'V21', 'V20', 'V17', 'V2']",0.5945945945945946,0.8,0.6821705426356589,0.6608584830913784,9
"['V4', 'V14', 'V10', 'V16', 'V8', 'V5', 'V2', 'V19']",0.6081081081081081,0.8035714285714286,0.6923076923076923,0.660837628110102,8
"['V14', 'V10', 'V8', 'V16', 'V4', 'V21', 'V3', 'V1', 'V20', 'V19', 'V18', 'V11', 'V12', 'V2']",0.581081081081081,0.7962962962962963,0.671875,0.6606497398388357,14
"['V4', 'V14', 'V10', 'V16', 'V8', 'V17', 'V19']",0.581081081081081,0.7962962962962963,0.671875,0.660567791436774,7
"['V14', 'V10', 'V8', 'V16', 'V4', 'V21', 'V3', 'V1', 'V20', 'V19', 'V18', 'V11', 'V12', 'V7']",0.6081081081081081,0.8035714285714286,0.6923076923076923,0.6605606152833182,14
"['V4', 'V14', 'V10', 'V16', 'V8', 'V5', 'V20', 'V17']",0.5945945945945946,0.7857142857142857,0.676923076923077,0.6604427703384578,8
"['V4', 'V14', 'V10', 'V16', 'V8', 'V12', 'V21', 'V2']",0.5945945945945946,0.8,0.6821705426356589,0.6604063378927623,8
"['V14', 'V10', 'V1', 'V2', 'V5', 'V3', 'V6', 'V8', 'V21', 'V9', 'V11', 'V16', 'V7', 'V17', 'V18', 'V19', 'V20', 'V4', 'V12']",0.5945945945945946,0.8,0.6821705426356589,0.6603790244296818,19
"['V4', 'V14', 'V10', 'V16', 'V8', 'V12', 'V21', 'V17', 'V19']",0.5675675675675675,0.7924528301886793,0.6614173228346457,0.6603335959964048,9
"['V4', 'V14', 'V10', 'V16', 'V8', 'V12', 'V2']",0.581081081081081,0.7962962962962963,0.671875,0.6602663048331481,7
"['V4', 'V14', 'V10', 'V8', 'V5', 'V12', 'V21', 'V17', 'V2']",0.6081081081081081,0.8035714285714286,0.6923076923076923,0.6602150916012877,9
"['V4', 'V14', 'V10', 'V16', 'V8', 'V5', 'V17', 'V2', 'V19']",0.5945945945945946,0.8,0.6821705426356589,0.6602005295132989,9
"['V4', 'V14', 'V10', 'V16', 'V8', 'V5', 'V17']",0.5945945945945946,0.8,0.6821705426356589,0.6601528430314311,7
"['V4', 'V14', 'V10', 'V16', 'V8', 'V12', 'V21', 'V20', 'V17', 'V19']",0.581081081081081,0.7962962962962963,0.671875,0.6601223404910371,10
"['V4', 'V14', 'V10', 'V16', 'V8', 'V5', 'V20', 'V19']",0.5945945945945946,0.8,0.6821705426356589,0.6600992782593701,8
"['V14', 'V10', 'V8', 'V16', 'V4', 'V21', 'Amount']",0.581081081081081,0.7962962962962963,0.671875,0.6600990687092269,7
"['V4', 'V14', 'V10', 'V16', 'V8', 'V5', 'V20', 'V17', 'V2', 'V19']",0.5945945945945946,0.8,0.6821705426356589,0.660098681501931,10
"['V4', 'V14', 'V10', 'V16', 'V8', 'V5', 'V20', 'V2']",0.581081081081081,0.7962962962962963,0.671875,0.6600744085991839,8
"['V4', 'V14', 'V10', 'V16', 'V8', 'V12', 'V2', 'V19']",0.581081081081081,0.7962962962962963,0.671875,0.6599993258058822,8
"['V4', 'V14', 'V10', 'V8', 'V5', 'V12', 'V21', 'V17', 'V2', 'V19']",0.6081081081081081,0.8035714285714286,0.6923076923076923,0.6599126818165526,10
"['V4', 'V14', 'V10', 'V8', 'V5', 'V12', 'V21', 'V20', 'V17', 'V2']",0.6081081081081081,0.8035714285714286,0.6923076923076923,0.6598863057061367,10
"['V4', 'V14', 'V10', 'V16', 'V8', 'V12', 'V21', 'V17', 'V2', 'V19']",0.581081081081081,0.7962962962962963,0.671875,0.6597831282210767,10
"['V4', 'V14', 'V10', 'V16', 'V8', 'V5', 'V20', 'V17', 'V2']",0.5945945945945946,0.8,0.6821705426356589,0.6597414780375174,9
"['V4', 'V14', 'V10', 'V8', 'V5', 'V12', 'V21', 'V20', 'V17', 'V2', 'V19']",0.6081081081081081,0.8035714285714286,0.6923076923076923,0.65968811121309,11
"['V4', 'V14', 'V10', 'V16', 'V8', 'V12', 'V21', 'V17', 'V2']",0.5945945945945946,0.8,0.6821705426356589,0.6596121258808039,9
"['V4', 'V14', 'V10', 'V16', 'V8', 'V12', 'V20', 'V2', 'V19']",0.581081081081081,0.7962962962962963,0.671875,0.6595137898651027,9
"['V4', 'V14', 'V10', 'V16', 'V8', 'V5', 'V17', 'V2']",0.5945945945945946,0.8,0.6821705426356589,0.6595129753806047,8
"['V4', 'V14', 'V10', 'V16', 'V8', 'V20', 'V2']",0.581081081081081,0.7962962962962963,0.671875,0.6594672250935528,7
"['V4', 'V14', 'V10', 'V16', 'V8', 'V20', 'V17', 'V19']",0.581081081081081,0.7962962962962963,0.671875,0.6594013214138954,8
"['V14', 'V10', 'V8', 'V16', 'V4', 'V21', 'V3', 'V1', 'V20', 'V19', 'V18', 'V11', 'V12', 'V9', 'V2']",0.5945945945945946,0.8,0.6821705426356589,0.6593258394651063,15
"['V4', 'V14', 'V10', 'V8', 'V5', 'V12', 'V21', 'V20', 'V17']",0.5945945945945946,0.8,0.6821705426356589,0.6593256622270223,9
"['V4', 'V14', 'V10', 'V8', 'V21', 'V17']",0.581081081081081,0.7962962962962963,0.671875,0.6592596106594761,6
"['V4', 'V14', 'V10', 'V8', 'V5', 'V12', 'V21', 'V17']",0.5945945945945946,0.8,0.6821705426356589,0.6592489584080773,8
"['V4', 'V14', 'V10', 'V16', 'V8', 'V12', 'V21', 'V20', 'V17', 'V2']",0.581081081081081,0.7962962962962963,0.671875,0.6591938789090479,10
"['V14', 'V10', 'V8', 'V16', 'V4', 'V7']",0.581081081081081,0.7962962962962963,0.671875,0.6591917035816248,6
"['V4', 'V14', 'V10', 'V16', 'V8', 'V5', 'V12', 'V20', 'V19']",0.5945945945945946,0.8,0.6821705426356589,0.6590632344014578,9
"['V4', 'V14', 'V10', 'V8', 'V5', 'V12', 'V21', 'V17', 'V19']",0.5945945945945946,0.8,0.6821705426356589,0.6590433999152538,9
"['V4', 'V14', 'V10', 'V16', 'V8', 'V5', 'V12', 'V19']",0.6081081081081081,0.8035714285714286,0.6923076923076923,0.6590418380923447,8
"['V4', 'V14', 'V10', 'V8', 'V5', 'V12', 'V21', 'V20', 'V17', 'V19']",0.5945945945945946,0.8,0.6821705426356589,0.6590291349317713,10
"['V4', 'V14', 'V10', 'V16', 'V8', 'V12', 'V20', 'V17', 'V19']",0.581081081081081,0.7962962962962963,0.671875,0.6588676444971688,9
"['V4', 'V14', 'V10', 'V8', 'V21', 'V17', 'V2']",0.581081081081081,0.7962962962962963,0.671875,0.6588591701359172,7
"['V4', 'V14', 'V10', 'V16', 'V8', 'V5', 'V12', 'V20']",0.5945945945945946,0.8,0.6821705426356589,0.6588316369031646,8
"['V4', 'V14', 'V10', 'V16', 'V8', 'V12', 'V20', 'V19']",0.581081081081081,0.7962962962962963,0.671875,0.6588045083431548,8
"['V14', 'V10', 'V8', 'V16', 'V4', 'V17']",0.581081081081081,0.7962962962962963,0.671875,0.6587613173921607,6
"['V4', 'V14', 'V10', 'V16', 'V8', 'V17']",0.581081081081081,0.7962962962962963,0.671875,0.6587613173921607,6
"['V14', 'V10', 'V1', 'V2', 'V5', 'V3', 'V6', 'V8', 'V21', 'V9', 'V11', 'V16', 'V7', 'V17', 'V18', 'V19', 'V20', 'Amount']",0.5945945945945946,0.8,0.6821705426356589,0.6587535112574617,18
"['V4', 'V14', 'V10', 'V16', 'V8', 'V5', 'V12', 'V20', 'V2', 'V19']",0.5945945945945946,0.8,0.6821705426356589,0.6587457778855477,10
"['V4', 'V14', 'V10', 'V16', 'V8', 'V5', 'V12', 'V17', 'V2', 'V19']",0.5945945945945946,0.8,0.6821705426356589,0.6587355536043387,10
"['V4', 'V14', 'V10', 'V16', 'V8', 'V5', 'V12', 'V2', 'V19']",0.5945945945945946,0.8,0.6821705426356589,0.6587134948015877,9
"['V14', 'V10', 'V8', 'V16', 'V4', 'V18']",0.581081081081081,0.7962962962962963,0.671875,0.6586650146330444,6
"['V4', 'V14', 'V10', 'V16', 'V8', 'V20', 'V17']",0.581081081081081,0.7962962962962963,0.671875,0.6586421658187553,7
"['V4', 'V14', 'V10', 'V16', 'V8', 'V5', 'V12', 'V2']",0.5945945945945946,0.8,0.6821705426356589,0.6585638047353047,8
"['V4', 'V14', 'V10', 'V8', 'V21', 'V17', 'V2', 'V19']",0.581081081081081,0.7962962962962963,0.671875,0.6585376520174738,8
"['V14', 'V10', 'V8', 'V16', 'V4', 'Amount']",0.581081081081081,0.7962962962962963,0.671875,0.6584050876374057,6
"['V4', 'V14', 'V10', 'V16', 'V8', 'V5', 'V12']",0.5945945945945946,0.8,0.6821705426356589,0.6583727532243933,7
"['V4', 'V14', 'V10', 'V8', 'V21', 'V20', 'V17', 'V2']",0.5945945945945946,0.8,0.6821705426356589,0.65825625830107,8
"['V4', 'V14', 'V10', 'V8', 'V5', 'V17', 'V2', 'V19']",0.5945945945945946,0.8,0.6821705426356589,0.6581629458364426,8
"['V4', 'V14', 'V10', 'V8', 'V5', 'V21', 'V17', 'V19']",0.6081081081081081,0.8035714285714286,0.6923076923076923,0.6581569394262005,8
"['V4', 'V14', 'V10', 'V8', 'V5', 'V21', 'V17']",0.6081081081081081,0.8035714285714286,0.6923076923076923,0.6581566015539001,7
"['V4', 'V14', 'V10', 'V8', 'V5', 'V21', 'V20', 'V17']",0.6081081081081081,0.7894736842105263,0.6870229007633588,0.6581323256384775,8
"['V4', 'V14', 'V10', 'V16', 'V8', 'V12', 'V20']",0.581081081081081,0.7962962962962963,0.671875,0.6580863192120796,7
"['V14', 'V10', 'V8', 'V16', 'V4', 'V6']",0.5945945945945946,0.8,0.6821705426356589,0.6580432895261801,6
"['V4', 'V14', 'V10', 'V16', 'V8', 'V20', 'V17', 'V2']",0.581081081081081,0.7962962962962963,0.671875,0.6580331477789011,8
"['V4', 'V14', 'V10', 'V8', 'V5', 'V17', 'V2']",0.5945945945945946,0.7857142857142857,0.676923076923077,0.6580198498925625,7
"['V4', 'V14', 'V10', 'V16', 'V8', 'V17', 'V2']",0.581081081081081,0.7962962962962963,0.671875,0.6579843497902242,7
"['V4', 'V14', 'V10', 'V16', 'V8', 'V20', 'V17', 'V2', 'V19']",0.581081081081081,0.7962962962962963,0.671875,0.6579690831193775,9
"['V4', 'V14', 'V10', 'V16', 'V8', 'V17', 'V2', 'V19']",0.581081081081081,0.7962962962962963,0.671875,0.6579035367807394,8
"['V4', 'V14', 'V10', 'V16', 'V8', 'V5', 'V12', 'V17', 'V2']",0.5945945945945946,0.8,0.6821705426356589,0.6578938517700702,9
"['V4', 'V14', 'V10', 'V16', 'V8', 'V12', 'V17']",0.5675675675675675,0.7924528301886793,0.6614173228346457,0.6578851848863182,7
"['V4', 'V14', 'V10', 'V16', 'V8', 'V12', 'V20', 'V17']",0.581081081081081,0.7962962962962963,0.671875,0.6578157712086604,8
"['V4', 'V14', 'V10', 'V8', 'V21', 'V20', 'V17']",0.5675675675675675,0.7924528301886793,0.6614173228346457,0.6577039659127469,7
"['V4', 'V14', 'V10', 'V16', 'V8', 'V5', 'V12', 'V20', 'V2']",0.5945945945945946,0.8,0.6821705426356589,0.6576550877948986,9
"['V4', 'V14', 'V10', 'V8', 'V5', 'V21', 'V20', 'V17', 'V19']",0.6081081081081081,0.7894736842105263,0.6870229007633588,0.6576318580180477,9
"['V4', 'V14', 'V10', 'V8', 'V21', 'V20', 'V17', 'V2', 'V19']",0.581081081081081,0.7962962962962963,0.671875,0.6574436133802878,9
"['V4', 'V14', 'V10', 'V16', 'V8', 'V5', 'V12', 'V17', 'V19']",0.5945945945945946,0.8,0.6821705426356589,0.6574390340873848,9
"['V4', 'V14', 'V10', 'V16', 'V8', 'V12', 'V20', 'V2']",0.581081081081081,0.7962962962962963,0.671875,0.6574234944931135,8
"['V4', 'V14', 'V10', 'V8', 'V21', 'V17', 'V19']",0.5675675675675675,0.7924528301886793,0.6614173228346457,0.6574037386493083,7
"['V4', 'V14', 'V10', 'V8', 'V21', 'V20', 'V17', 'V19']",0.5675675675675675,0.7924528301886793,0.6614173228346457,0.6573730840268676,8
"['V4', 'V14', 'V10', 'V16', 'V8', 'V5', 'V12', 'V20', 'V17', 'V19']",0.5945945945945946,0.8,0.6821705426356589,0.657299047363531,10
"['V4', 'V14', 'V10', 'V8', 'V12', 'V21', 'V17']",0.581081081081081,0.7962962962962963,0.671875,0.65724998319656,7
"['V4', 'V14', 'V10', 'V8', 'V12', 'V21', 'V20', 'V17', 'V2']",0.5945945945945946,0.8,0.6821705426356589,0.657231352693628,9
"['V4', 'V14', 'V10', 'V8', 'V12', 'V21', 'V17', 'V19']",0.581081081081081,0.7962962962962963,0.671875,0.657008015726562,8
"['V4', 'V14', 'V10', 'V8', 'V12', 'V21', 'V20', 'V17', 'V2', 'V19']",0.581081081081081,0.7962962962962963,0.671875,0.6567857102710023,10
"['V4', 'V14', 'V10', 'V16', 'V8', 'V5', 'V12', 'V20', 'V17', 'V2', 'V19']",0.581081081081081,0.7962962962962963,0.671875,0.6567776759806494,11
"['V4', 'V14', 'V10', 'V8', 'V20', 'V17', 'V2']",0.5675675675675675,0.7924528301886793,0.6614173228346457,0.6567588142923755,7
"['V4', 'V14', 'V10', 'V16', 'V8', 'V12', 'V17', 'V2', 'V19']",0.5945945945945946,0.8,0.6821705426356589,0.6567119759772636,9
"['V4', 'V14', 'V10', 'V16', 'V8', 'V5', 'V12', 'V20', 'V17']",0.5945945945945946,0.8,0.6821705426356589,0.6567102507749852,9
"['V4', 'V14', 'V10', 'V16', 'V8', 'V5', 'V12', 'V20', 'V17', 'V2']",0.581081081081081,0.7962962962962963,0.671875,0.6566571638406797,10
"['V4', 'V14', 'V10', 'V16', 'V8', 'V5', 'V12', 'V17']",0.5945945945945946,0.8,0.6821705426356589,0.65664008766278,8
"['V14', 'V10', 'V1', 'V2', 'V5', 'V3', 'V6', 'V8', 'V21', 'V9', 'V11', 'V16', 'V7', 'V17', 'Amount']",0.6081081081081081,0.8035714285714286,0.6923076923076923,0.6565661804760644,15
"['V4', 'V14', 'V10', 'V8', 'V12', 'V21', 'V20', 'V17']",0.581081081081081,0.7962962962962963,0.671875,0.656563792989855,8
"['V4', 'V14', 'V10', 'V8', 'V12', 'V21', 'V17', 'V2']",0.581081081081081,0.7962962962962963,0.671875,0.6564344024691064,8
"['V4', 'V14', 'V10', 'V8', 'V20', 'V17', 'V2', 'V19']",0.5675675675675675,0.7924528301886793,0.6614173228346457,0.6564139597517674,8
"['V4', 'V14', 'V10', 'V16', 'V8', 'V12', 'V17', 'V19']",0.5675675675675675,0.7924528301886793,0.6614173228346457,0.6564055304182295,8
"['V4', 'V14', 'V10', 'V8', 'V12', 'V21', 'V20', 'V17', 'V19']",0.581081081081081,0.7962962962962963,0.671875,0.6563728978761283,9
"['V4', 'V14', 'V10', 'V16', 'V8', 'V12', 'V17', 'V2']",0.581081081081081,0.7962962962962963,0.671875,0.6562664783528656,8
"['V4', 'V14', 'V10', 'V8', 'V5', 'V20', 'V17', 'V2', 'V19']",0.5945945945945946,0.8,0.6821705426356589,0.6559806810713554,9
"['V14', 'V10', 'V1', 'V2', 'V5', 'V3', 'V6', 'V8', 'V21', 'V9', 'V11', 'V16', 'V7', 'V17', 'V18', 'V19', 'Amount']",0.6081081081081081,0.7894736842105263,0.6870229007633588,0.655873065482299,17
"['V4', 'V14', 'V10', 'V8', 'V12', 'V21', 'V17', 'V2', 'V19']",0.581081081081081,0.7962962962962963,0.671875,0.6558172729742457,9
"['V4', 'V14', 'V10', 'V16', 'V8', 'V12', 'V20', 'V17', 'V2', 'V19']",0.581081081081081,0.7962962962962963,0.671875,0.6554157650474218,10
"['V14', 'V10', 'V1', 'V2', 'V5', 'V3', 'V6', 'V8', 'V21', 'V9', 'V11', 'V16', 'Amount']",0.6081081081081081,0.7894736842105263,0.6870229007633588,0.6553908458556739,13
"['V14', 'V10', 'V1', 'V2', 'V5', 'V3', 'V6', 'V8', 'V21', 'V9', 'V16']",0.6081081081081081,0.8035714285714286,0.6923076923076923,0.655228283509826,11
"['V14', 'V10', 'V1', 'V2', 'V5', 'V3', 'V6', 'V8', 'V21', 'V9', 'V11', 'V16', 'V7', 'V17', 'V18', 'Amount']",0.6081081081081081,0.8035714285714286,0.6923076923076923,0.6551254017769923,16
"['V4', 'V14', 'V10', 'V16', 'V8', 'V12', 'V20', 'V17', 'V2']",0.5675675675675675,0.7924528301886793,0.6614173228346457,0.655096040506862,9
"['V14', 'V10', 'V1', 'V2', 'V5', 'V3', 'V6', 'V8', 'V21', 'V9', 'V11', 'V16', 'V7', 'V19']",0.6216216216216216,0.8070175438596491,0.7022900763358778,0.6549282910867258,14
"['V14', 'V10', 'V1', 'V2', 'V5', 'V3', 'V6', 'V8', 'V21', 'V9', 'V11', 'V16', 'V20']",0.6216216216216216,0.8070175438596491,0.7022900763358778,0.6548831353480282,13
"['V14', 'V10', 'V1', 'V2', 'V5', 'V3', 'V6', 'V8', 'V21', 'V9', 'V11', 'V16', 'V7', 'V17', 'V20']",0.6216216216216216,0.8070175438596491,0.7022900763358778,0.6548355866684129,15
"['V14', 'V10', 'V1', 'V2', 'V5', 'V3', 'V6', 'V8', 'V21', 'V9', 'V11', 'V16', 'V7', 'V18']",0.6081081081081081,0.8035714285714286,0.6923076923076923,0.6548134632144096,14
"['V14', 'V10', 'V1', 'V2', 'V5', 'V3', 'V6', 'V8', 'V21', 'V9', 'V11', 'V16', 'V7', 'V17', 'V18', 'V19']",0.6216216216216216,0.8070175438596491,0.7022900763358778,0.6548103605146685,16
"['V14', 'V10', 'V1', 'V2', 'V5', 'V3', 'V6', 'V8', 'V21', 'V9', 'V11', 'V16', 'V7', 'V17', 'V18', 'V19', 'V20']",0.6216216216216216,0.8070175438596491,0.7022900763358778,0.654787822320598,17
"['V14', 'V10', 'V1', 'V2', 'V5', 'V3', 'V6', 'V8', 'V21', 'V9', 'V18']",0.6081081081081081,0.7758620689655172,0.6818181818181818,0.6545577875791557,11
"['V14', 'V10', 'V1', 'V2', 'V5', 'V3', 'V6', 'V8', 'V21', 'V9', 'V11', 'V16', 'V7', 'V20']",0.6216216216216216,0.8070175438596491,0.7022900763358778,0.6544337786852727,14
"['V14', 'V10', 'V1', 'V2', 'V5', 'V3', 'V6', 'V8', 'V21', 'V9', 'V11', 'V16', 'V7']",0.6216216216216216,0.8070175438596491,0.7022900763358778,0.654425133537305,13
"['V14', 'V10', 'V1', 'V2', 'V5', 'V3', 'V6', 'V8', 'V21', 'V9', 'V11', 'V16', 'V19']",0.6081081081081081,0.8035714285714286,0.6923076923076923,0.654410269271225,13
"['V14', 'V10', 'V1', 'V2', 'V5', 'V3', 'V6', 'V8', 'V21', 'V9', 'V11', 'V16']",0.6081081081081081,0.8035714285714286,0.6923076923076923,0.6543789283120363,12
"['V14', 'V10', 'V1', 'V2', 'V5', 'V3', 'V6', 'V8', 'V21', 'V4']",0.5675675675675675,0.711864406779661,0.631578947368421,0.6543248942303612,10
"['V4', 'V14', 'V10', 'V8', 'V5', 'V20', 'V17', 'V2']",0.5945945945945946,0.8,0.6821705426356589,0.6542539848324053,8
"['V14', 'V10', 'V1', 'V2', 'V5', 'V3', 'V6', 'V8', 'V21', 'V9', 'V11', 'V16', 'V7', 'Amount']",0.6081081081081081,0.7894736842105263,0.6870229007633588,0.6542461324305665,14
"['V4', 'V14', 'V10', 'V16', 'V21', 'V20', 'V2', 'V19']",0.581081081081081,0.7962962962962963,0.671875,0.6542078794338732,8
"['V4', 'V14', 'V10', 'V8', 'V12', 'V21']",0.5945945945945946,0.7457627118644068,0.6616541353383458,0.6541863185620943,6
"['V4', 'V14', 'V10', 'V8', 'V12', 'V20', 'V17', 'V2', 'V19']",0.5675675675675675,0.7924528301886793,0.6614173228346457,0.6541838905135905,9
"['V4', 'V14', 'V10', 'V16', 'V21', 'V20', 'V2']",0.581081081081081,0.7962962962962963,0.671875,0.654056584638413,7
"['V4', 'V14', 'V10', 'V16', 'V21', 'V20', 'V19']",0.581081081081081,0.7962962962962963,0.671875,0.6540248442316977,7
"['V4', 'V14', 'V10', 'V8', 'V12', 'V20', 'V17', 'V2']",0.5675675675675675,0.7924528301886793,0.6614173228346457,0.6540206246835636,8
"['V4', 'V14', 'V10', 'V16', 'V12', 'V21', 'V20', 'V2', 'V19']",0.5675675675675675,0.7924528301886793,0.6614173228346457,0.6539948015429473,9
"['V4', 'V14', 'V10', 'V8', 'V12', 'V21', 'V20', 'V19']",0.5945945945945946,0.8,0.6821705426356589,0.6539626182885432,8
"['V4', 'V14', 'V10', 'V16', 'V5', 'V21', 'V20', 'V17', 'V2', 'V19']",0.5945945945945946,0.8,0.6821705426356589,0.6539317573743483,10
"['V4', 'V14', 'V10', 'V8', 'V12', 'V21', 'V20']",0.5945945945945946,0.7457627118644068,0.6616541353383458,0.6537831627472133,7
"['V4', 'V14', 'V10', 'V8', 'V20', 'V17', 'V19']",0.5675675675675675,0.7924528301886793,0.6614173228346457,0.6537238564466381,7
"['V4', 'V14', 'V10', 'V16', 'V21', 'V20']",0.581081081081081,0.7962962962962963,0.671875,0.6536683304191605,6
"['V14', 'V10', 'V1', 'V2', 'V5', 'V3', 'V6', 'V8', 'V21', 'V9', 'V11', 'V16', 'V17']",0.6081081081081081,0.8035714285714286,0.6923076923076923,0.6536626795277706,13
"['V4', 'V14', 'V10', 'V8', 'V5', 'V12', 'V20', 'V17', 'V2']",0.5945945945945946,0.8,0.6821705426356589,0.653614606378231,9
"['V14', 'V10', 'V16', 'V8', 'V5', 'V21', 'V20']",0.5945945945945946,0.8,0.6821705426356589,0.6536060729905773,7
"['V14', 'V10', 'V1', 'V2', 'V5', 'V3', 'V6', 'V8', 'V21', 'V9', 'V11', 'V16', 'V18']",0.6081081081081081,0.8035714285714286,0.6923076923076923,0.6533504319847039,13
"['V14', 'V10', 'V1', 'V2', 'V5', 'V3', 'V6', 'V8', 'V21', 'V9', 'V11', 'V16', 'V7', 'V17', 'V18', 'V20']",0.6216216216216216,0.8070175438596491,0.7022900763358778,0.6533424885445508,16
"['V4', 'V14', 'V10', 'V8', 'V20', 'V17']",0.581081081081081,0.7962962962962963,0.671875,0.6532909649242347,6
"['V14', 'V10', 'V16', 'V8', 'V5', 'V21', 'V17', 'V2']",0.6081081081081081,0.8035714285714286,0.6923076923076923,0.6532869394894121,8
"['V14', 'V10', 'V1', 'V2', 'V5', 'V3', 'V6', 'V8', 'V21', 'V9', 'V11', 'V16', 'V7', 'V17']",0.6216216216216216,0.8070175438596491,0.7022900763358778,0.6532488394906188,14
"['V14', 'V10', 'V16', 'V8', 'V5', 'V21']",0.5945945945945946,0.8,0.6821705426356589,0.6532165700029915,6
"['V4', 'V14', 'V10', 'V8', 'V12', 'V21', 'V20', 'V2', 'V19']",0.5945945945945946,0.8,0.6821705426356589,0.653182797163682,9
"['V14', 'V10', 'V1', 'V2', 'V5', 'V3', 'V6', 'V8', 'V21', 'V9', 'V11', 'V16', 'V7', 'V17', 'V18', 'V19', 'V20', 'V12']",0.5945945945945946,0.8,0.6821705426356589,0.6531558958309477,18
"['V4', 'V14', 'V10', 'V8', 'V12', 'V21', 'V2', 'V19']",0.5945945945945946,0.8,0.6821705426356589,0.6531545151628277,8
"['V4', 'V14', 'V10', 'V16', 'V5', 'V21', 'V17', 'V2', 'V19']",0.5945945945945946,0.8,0.6821705426356589,0.6531292716308549,9
"['V14', 'V10', 'V16', 'V8', 'V5', 'V21', 'V2']",0.6081081081081081,0.8035714285714286,0.6923076923076923,0.6531198637329625,7
"['V4', 'V14', 'V10', 'V8', 'V5', 'V12', 'V21', 'V19']",0.5945945945945946,0.7857142857142857,0.676923076923077,0.6530714314628636,8
"['V4', 'V14', 'V10', 'V16', 'V5', 'V21', 'V17', 'V2']",0.5945945945945946,0.8,0.6821705426356589,0.6530457691363083,8
"['V14', 'V10', 'V16', 'V8', 'V21', 'V2']",0.5945945945945946,0.8,0.6821705426356589,0.6530257998986478,6
"['V14', 'V10', 'V16', 'V8', 'V5', 'V21', 'V2', 'V19']",0.6081081081081081,0.8035714285714286,0.6923076923076923,0.6529723443788048,8
"['V4', 'V14', 'V10', 'V16', 'V12', 'V21', 'V20']",0.5675675675675675,0.7924528301886793,0.6614173228346457,0.6529485525205232,7
"['V14', 'V10', 'V8', 'V16', 'V9']",0.581081081081081,0.7962962962962963,0.671875,0.6528818709260036,5
"['V4', 'V14', 'V10', 'V16', 'V12', 'V21', 'V20', 'V2']",0.5675675675675675,0.7924528301886793,0.6614173228346457,0.6528757424903175,8
"['V14', 'V10', 'V16', 'V8', 'V21']",0.5945945945945946,0.8,0.6821705426356589,0.65285385773594,5
"['V14', 'V10', 'V8', 'V16', 'V21']",0.5945945945945946,0.8,0.6821705426356589,0.65285385773594,5
"['V4', 'V14', 'V10', 'V16', 'V5', 'V21', 'V17']",0.5945945945945946,0.8,0.6821705426356589,0.652840252482556,7
"['V14', 'V10', 'V16', 'V8', 'V5', 'V21', 'V20', 'V17', 'V2']",0.6081081081081081,0.8035714285714286,0.6923076923076923,0.6528203803095041,9
"['V4', 'V14', 'V10', 'V8', 'V5', 'V12', 'V20', 'V17', 'V2', 'V19']",0.581081081081081,0.7962962962962963,0.671875,0.6528190927524692,10
"['V4', 'V14', 'V10', 'V8', 'V17', 'V2', 'V19']",0.5675675675675675,0.7924528301886793,0.6614173228346457,0.6528047646772346,7
"['V14', 'V10', 'V1', 'V2', 'V5', 'V3', 'V6', 'V8', 'V21', 'V9', 'V4']",0.5675675675675675,0.711864406779661,0.631578947368421,0.6527946213741981,11
"['V14', 'V10', 'V1', 'V2', 'V5', 'V3', 'V6', 'V8', 'V21', 'V9', 'V11', 'V16', 'V7', 'V17', 'V19']",0.6216216216216216,0.8070175438596491,0.7022900763358778,0.6527935836112716,15
"['V14', 'V10', 'V16', 'V8', 'V5', 'V21', 'V19']",0.5945945945945946,0.8,0.6821705426356589,0.6527068243940768,7
"['V14', 'V10', 'V16', 'V8', 'V5', 'V21', 'V20', 'V2']",0.6081081081081081,0.8035714285714286,0.6923076923076923,0.6527046729729898,8
"['V14', 'V10', 'V16', 'V8', 'V5', 'V21', 'V17', 'V2', 'V19']",0.6081081081081081,0.8035714285714286,0.6923076923076923,0.6526738564666738,9
"['V4', 'V14', 'V10', 'V5', 'V21', 'V17', 'V19']",0.581081081081081,0.7962962962962963,0.671875,0.6526206529798694,7
"['V14', 'V10', 'V16', 'V8', 'V5', 'V21', 'V20', 'V19']",0.5945945945945946,0.8,0.6821705426356589,0.6526206382379043,8
"['V14', 'V10', 'V16', 'V8', 'V21', 'V17', 'V2', 'V19']",0.5945945945945946,0.8,0.6821705426356589,0.6526006269032721,8
"['V4', 'V14', 'V10', 'V16', 'V12', 'V21', 'V20', 'V19']",0.5675675675675675,0.7924528301886793,0.6614173228346457,0.6526004452572489,8
"['V14', 'V10', 'V16', 'V8', 'V21', 'V17', 'V2']",0.5945945945945946,0.8,0.6821705426356589,0.6525926808584602,7
"['V4', 'V14', 'V10', 'V16', 'V5', 'V21', 'V20', 'V17', 'V2']",0.5945945945945946,0.8,0.6821705426356589,0.6525243679794879,9
"['V14', 'V10', 'V16', 'V8', 'V5', 'V21', 'V20', 'V17', 'V2', 'V19']",0.6081081081081081,0.8035714285714286,0.6923076923076923,0.6525152904664507,10
"['V4', 'V14', 'V10', 'V16', 'V5', 'V21', 'V20', 'V17']",0.5945945945945946,0.8,0.6821705426356589,0.6525131077183423,8
"['V14', 'V10', 'V16', 'V8', 'V5', 'V21', 'V20', 'V2', 'V19']",0.6081081081081081,0.8035714285714286,0.6923076923076923,0.652493619499168,9
"['V4', 'V14', 'V10', 'V8', 'V12', 'V21', 'V2']",0.5945945945945946,0.7457627118644068,0.6616541353383458,0.6524688794735302,7
"['V4', 'V14', 'V10', 'V8', 'V12', 'V21', 'V20', 'V2']",0.6081081081081081,0.7627118644067796,0.6766917293233082,0.6524135790630868,8
"['V14', 'V10', 'V1', 'V2', 'V5', 'V3', 'V6', 'V8', 'V21', 'V9', 'V11', 'V16', 'V7', 'V17', 'V18']",0.6216216216216216,0.8070175438596491,0.7022900763358778,0.652410532036911,15
"['V14', 'V10', 'V16', 'V8', 'V21', 'V20', 'V17', 'V2']",0.5945945945945946,0.8,0.6821705426356589,0.6523821338476609,8
"['V14', 'V10', 'V1', 'V2', 'V5', 'V3', 'V6', 'V8', 'V21', 'V16']",0.6081081081081081,0.8035714285714286,0.6923076923076923,0.6523322672764744,10
"['V14', 'V10', 'V1', 'V2', 'V5', 'V3', 'V6', 'V8', 'V21', 'V9', 'V11', 'V4']",0.5675675675675675,0.711864406779661,0.631578947368421,0.6522974709337712,12
"['V4', 'V14', 'V10', 'V16', 'V5', 'V21', 'V20', 'V19']",0.581081081081081,0.7962962962962963,0.671875,0.6522548791994326,8
"['V4', 'V14', 'V10', 'V16', 'V5', 'V21', 'V20', 'V17', 'V19']",0.5945945945945946,0.8,0.6821705426356589,0.6522494211233013,9
"['V14', 'V10', 'V16', 'V8', 'V21', 'V2', 'V19']",0.5945945945945946,0.8,0.6821705426356589,0.6522100992102189,7
"['V14', 'V10', 'V16', 'V8', 'V21', 'V20', 'V17', 'V2', 'V19']",0.5945945945945946,0.8,0.6821705426356589,0.6521712632673045,9
"['V4', 'V14', 'V10', 'V5', 'V21', 'V20', 'V17', 'V19']",0.581081081081081,0.7962962962962963,0.671875,0.6521103576203626,8
"['V14', 'V10', 'V16', 'V8', 'V21', 'V20', 'V19']",0.5945945945945946,0.8,0.6821705426356589,0.6521012832128925,7
"['V14', 'V10', 'V16', 'V8', 'V21', 'V20', 'V2']",0.5945945945945946,0.8,0.6821705426356589,0.6520893466183552,7
"['V14', 'V10', 'V16', 'V8', 'V5', 'V2']",0.5945945945945946,0.8,0.6821705426356589,0.6520653021323349,6
"['V14', 'V10', 'V16', 'V8', 'V5', 'V20', 'V2']",0.581081081081081,0.7962962962962963,0.671875,0.6520055439947797,7
"['V4', 'V14', 'V10', 'V8', 'V5', 'V21', 'V20', 'V2']",0.581081081081081,0.7166666666666667,0.6417910447761194,0.6519455000167262,8
"['V14', 'V10', 'V16', 'V8', 'V21', 'V19']",0.5945945945945946,0.8,0.6821705426356589,0.6519267227955851,6
"['V4', 'V14', 'V10', 'V16', 'V21', 'V20', 'V17', 'V2']",0.5675675675675675,0.7924528301886793,0.6614173228346457,0.6519139599463258,8
"['V4', 'V14', 'V10', 'V16', 'V21', 'V20', 'V17', 'V2', 'V19']",0.5675675675675675,0.7924528301886793,0.6614173228346457,0.6519091885120916,9
"['V4', 'V14', 'V10', 'V16', 'V21', 'V20', 'V17']",0.5675675675675675,0.7924528301886793,0.6614173228346457,0.6519072789011878,7
"['V14', 'V10', 'V16', 'V8', 'V5', 'V12', 'V21', 'V20', 'V2']",0.581081081081081,0.7962962962962963,0.671875,0.6518921242806021,9
"['V14', 'V10', 'V16', 'V8', 'V5', 'V12', 'V21', 'V20', 'V2', 'V19']",0.581081081081081,0.7962962962962963,0.671875,0.6518835011388636,10
"['V4', 'V14', 'V10', 'V16', 'V5', 'V21', 'V20', 'V2']",0.5945945945945946,0.8,0.6821705426356589,0.6518581870528649,8
"['V4', 'V14', 'V10', 'V5', 'V21', 'V20', 'V17']",0.581081081081081,0.7962962962962963,0.671875,0.6518544612755638,7
"['V4', 'V14', 'V10', 'V16', 'V5', 'V12', 'V21', 'V20', 'V19']",0.5945945945945946,0.8,0.6821705426356589,0.6517844036190618,9
"['V4', 'V14', 'V10', 'V8', 'V5', 'V12', 'V21']",0.5945945945945946,0.7457627118644068,0.6616541353383458,0.6517701924066259,7
"['V4', 'V14', 'V10', 'V8', 'V12', 'V21', 'V19']",0.581081081081081,0.7962962962962963,0.671875,0.6517410041350503,7
"['V14', 'V10', 'V1', 'V2', 'V5', 'V3', 'V6', 'V8', 'V21', 'V9', 'V11', 'V16', 'V7', 'V12']",0.5945945945945946,0.8,0.6821705426356589,0.6517119075853101,14
"['V4', 'V14', 'V10', 'V8', 'V5', 'V12', 'V21', 'V20', 'V2', 'V19']",0.5945945945945946,0.7333333333333333,0.6567164179104478,0.6517009660105941,10
"['V4', 'V14', 'V10', 'V16', 'V21', 'V20', 'V17', 'V19']",0.5675675675675675,0.7924528301886793,0.6614173228346457,0.6516887050055654,8
"['V4', 'V14', 'V10', 'V16', 'V5', 'V12', 'V21', 'V20']",0.581081081081081,0.7962962962962963,0.671875,0.651647217751722,8
"['V4', 'V14', 'V10', 'V8', 'V12', 'V17', 'V2', 'V19']",0.5675675675675675,0.7924528301886793,0.6614173228346457,0.6516325430004,8
"['V4', 'V14', 'V10', 'V16', 'V5', 'V21', 'V20']",0.581081081081081,0.7962962962962963,0.671875,0.6515918668479805,7
"['V14', 'V10', 'V1', 'V2', 'V5', 'V3', 'V6', 'V8', 'V21', 'V9', 'V11', 'V16', 'V7', 'V17', 'V12']",0.5945945945945946,0.8,0.6821705426356589,0.6515759977773847,15
"['V4', 'V14', 'V10', 'V8', 'V17', 'V2']",0.5675675675675675,0.7924528301886793,0.6614173228346457,0.6515609749824417,6
"['V14', 'V10', 'V16', 'V8', 'V21', 'V20']",0.5945945945945946,0.8,0.6821705426356589,0.6515376202979305,6
"['V14', 'V10', 'V16', 'V8', 'V21', 'V20', 'V2', 'V19']",0.5945945945945946,0.8,0.6821705426356589,0.6515194529783466,8
"['V4', 'V14', 'V10', 'V8', 'V5', 'V17', 'V19']",0.5945945945945946,0.7857142857142857,0.676923076923077,0.6515144687528276,7
"['V4', 'V14', 'V10', 'V8', 'V5', 'V12', 'V21', 'V20', 'V19']",0.5945945945945946,0.7719298245614035,0.6717557251908397,0.6515042167227297,9
"['V14', 'V10', 'V16', 'V8', 'V5', 'V21', 'V20', 'V17', 'V19']",0.5945945945945946,0.8,0.6821705426356589,0.6514633644606623,9
"['V14', 'V10', 'V16', 'V8', 'V5', 'V21', 'V17', 'V19']",0.5945945945945946,0.8,0.6821705426356589,0.65143671589973,8
"['V4', 'V14', 'V10', 'V16', 'V5', 'V21', 'V20', 'V2', 'V19']",0.5945945945945946,0.8,0.6821705426356589,0.6514130957665503,9
"['V4', 'V14', 'V10', 'V8', 'V5', 'V20', 'V17']",0.5945945945945946,0.7857142857142857,0.676923076923077,0.6513935162805925,7
"['V14', 'V10', 'V1', 'V2', 'V5', 'V3', 'V6', 'V8', 'V21', 'V9', 'V11', 'V16', 'V7', 'V17', 'V18', 'V12']",0.5945945945945946,0.8,0.6821705426356589,0.6513666043199743,16
"['V4', 'V14', 'V10', 'V8', 'V5', 'V20', 'V17', 'V19']",0.5945945945945946,0.7857142857142857,0.676923076923077,0.6513368759329121,8
"['V4', 'V14', 'V10', 'V5', 'V21', 'V17', 'V2']",0.5945945945945946,0.7857142857142857,0.676923076923077,0.6512891837951237,7
"['V14', 'V10', 'V16', 'V8', 'V5', 'V2', 'V19']",0.5945945945945946,0.8,0.6821705426356589,0.6512504739222383,7
"['V4', 'V14', 'V10', 'V8', 'V5', 'V12', 'V17', 'V2', 'V19']",0.5945945945945946,0.8,0.6821705426356589,0.6512484602912959,9
"['V4', 'V14', 'V10', 'V8', 'V5', 'V12', 'V17', 'V2']",0.5945945945945946,0.8,0.6821705426356589,0.6512443279853529,8
"['V14', 'V10', 'V16', 'V8', 'V5', 'V12', 'V21', 'V2', 'V19']",0.581081081081081,0.7962962962962963,0.671875,0.6512227379847766,9
"['V14', 'V10', 'V1', 'V2', 'V5', 'V3', 'V6', 'V8', 'V21', 'V9', 'V11', 'V16', 'V7', 'V17', 'V18', 'V19', 'V12']",0.5945945945945946,0.8,0.6821705426356589,0.6512047643067607,17
"['V4', 'V14', 'V10', 'V8', 'V5', 'V17']",0.5945945945945946,0.7857142857142857,0.676923076923077,0.6511973141250271,6
"['V4', 'V14', 'V10', 'V16', 'V5', 'V12', 'V21', 'V17', 'V2']",0.5945945945945946,0.8,0.6821705426356589,0.6511854332451406,9
"['V14', 'V10', 'V8', 'V5', 'V21', 'V20', 'V17', 'V2']",0.6081081081081081,0.8035714285714286,0.6923076923076923,0.651173480272155,8
"['V4', 'V14', 'V10', 'V16', 'V5', 'V12', 'V21', 'V20', 'V17', 'V19']",0.581081081081081,0.7962962962962963,0.671875,0.65116418152292,10
"['V14', 'V10', 'V16', 'V8', 'V5', 'V21', 'V17']",0.5945945945945946,0.8,0.6821705426356589,0.6511407803351618,7
"['V4', 'V14', 'V10', 'V16', 'V21', 'V17', 'V19']",0.5675675675675675,0.7924528301886793,0.6614173228346457,0.6511070085539701,7
"['V4', 'V14', 'V10', 'V16', 'V21', 'V17']",0.5675675675675675,0.7924528301886793,0.6614173228346457,0.6510935497451599,6
"['V4', 'V14', 'V10', 'V16', 'V5', 'V12', 'V21', 'V2']",0.5945945945945946,0.8,0.6821705426356589,0.6510841970376015,8
"['V14', 'V10', 'V16', 'V8', 'V5', 'V21', 'V20', 'V17']",0.5945945945945946,0.8,0.6821705426356589,0.6510774956951727,8
"['V4', 'V14', 'V10', 'V16', 'V5', 'V12', 'V21', 'V20', 'V17', 'V2']",0.581081081081081,0.7962962962962963,0.671875,0.651075152107339,10
"['V4', 'V14', 'V10', 'V16', 'V21', 'V17', 'V2']",0.5675675675675675,0.7924528301886793,0.6614173228346457,0.6510295549786465,7
"['V14', 'V10', 'V8', 'V16', 'V7']",0.5675675675675675,0.7924528301886793,0.6614173228346457,0.6510036155068046,5
"['V4', 'V14', 'V10', 'V8', 'V5', 'V12', 'V21', 'V20', 'V2']",0.5945945945945946,0.7333333333333333,0.6567164179104478,0.6509858513172164,9
"['V4', 'V14', 'V10', 'V16', 'V5', 'V12', 'V21', 'V20', 'V17']",0.581081081081081,0.7962962962962963,0.671875,0.6509337093133049,9
"['V14', 'V10', 'V8', 'V16', 'V17']",0.5675675675675675,0.7924528301886793,0.6614173228346457,0.6509278842561919,5
"['V14', 'V10', 'V16', 'V8', 'V17']",0.5675675675675675,0.7924528301886793,0.6614173228346457,0.6509278842561919,5
"['V14', 'V10', 'V16', 'V8', 'V12', 'V21', 'V17']",0.581081081081081,0.7962962962962963,0.671875,0.650885850155603,7
"['V14', 'V10', 'V16', 'V8', 'V12', 'V21', 'V2', 'V19']",0.5945945945945946,0.8,0.6821705426356589,0.6508769286379182,8
"['V14', 'V10', 'V16', 'V8', 'V5', 'V12', 'V21', 'V20', 'V17', 'V2', 'V19']",0.5945945945945946,0.8,0.6821705426356589,0.6508630418624848,11
"['V14', 'V10', 'V16', 'V8', 'V5', 'V12', 'V21', 'V2']",0.581081081081081,0.7962962962962963,0.671875,0.6508608314567778,8
"['V4', 'V14', 'V10', 'V8', 'V5', 'V21', 'V2']",0.581081081081081,0.7166666666666667,0.6417910447761194,0.6508585991759536,7
"['V14', 'V10', 'V16', 'V8', 'V12', 'V21', 'V20', 'V17', 'V19']",0.581081081081081,0.7962962962962963,0.671875,0.6508439819942057,9
"['V14', 'V10', 'V1', 'V2', 'V5', 'V3', 'V6', 'V8', 'V21', 'V9', 'V17']",0.6081081081081081,0.7758620689655172,0.6818181818181818,0.650830645215656,11
"['V4', 'V14', 'V10', 'V16', 'V5', 'V12', 'V21', 'V20', 'V2', 'V19']",0.5945945945945946,0.8,0.6821705426356589,0.6508091224809724,10
"['V4', 'V14', 'V10', 'V16', 'V21', 'V2', 'V19']",0.5675675675675675,0.7924528301886793,0.6614173228346457,0.6507923792898518,7
"['V14', 'V10', 'V1', 'V2', 'V5', 'V3', 'V6', 'V8', 'V21', 'V9', 'V11', 'V17']",0.6081081081081081,0.7758620689655172,0.6818181818181818,0.6507854346406577,12
"['V4', 'V14', 'V10', 'V8', 'V5', 'V12', 'V21', 'V2', 'V19']",0.5945945945945946,0.7333333333333333,0.6567164179104478,0.6507755820919631,9
"['V4', 'V14', 'V10', 'V16', 'V5', 'V21', 'V17', 'V19']",0.5945945945945946,0.8,0.6821705426356589,0.6507400149444073,8
"['V4', 'V14', 'V10', 'V16', 'V5', 'V21', 'V2', 'V19']",0.6081081081081081,0.8035714285714286,0.6923076923076923,0.6507289736168214,8
"['V4', 'V14', 'V10', 'V16', 'V5', 'V12', 'V21', 'V20', 'V17', 'V2', 'V19']",0.581081081081081,0.7962962962962963,0.671875,0.6507144304586043,11
"['V4', 'V14', 'V10', 'V5', 'V21', 'V17', 'V2', 'V19']",0.5945945945945946,0.8,0.6821705426356589,0.650694261022123,8
"['V4', 'V14', 'V10', 'V16', 'V5', 'V21']",0.581081081081081,0.7962962962962963,0.671875,0.6506693475644358,6
"['V14', 'V10', 'V16', 'V8', 'V12', 'V21', 'V17', 'V19']",0.581081081081081,0.7962962962962963,0.671875,0.6506359362710437,8
"['V4', 'V14', 'V10', 'V16', 'V21', 'V2']",0.5675675675675675,0.7924528301886793,0.6614173228346457,0.6506307610831744,6
"['V4', 'V14', 'V10', 'V16', 'V5', 'V12', 'V21', 'V2', 'V19']",0.5945945945945946,0.8,0.6821705426356589,0.6506136831041587,9
"['V14', 'V10', 'V16', 'V8', 'V12', 'V21', 'V19']",0.581081081081081,0.7962962962962963,0.671875,0.6506008203264232,7
"['V4', 'V14', 'V10', 'V16', 'V5', 'V21', 'V2']",0.5945945945945946,0.8,0.6821705426356589,0.6505332701663589,7
"['V4', 'V14', 'V10', 'V16', 'V5', 'V12', 'V21', 'V17', 'V2', 'V19']",0.5945945945945946,0.8,0.6821705426356589,0.6505226977444827,10
"['V4', 'V14', 'V10', 'V16', 'V5', 'V21', 'V19']",0.581081081081081,0.7962962962962963,0.671875,0.6505102831320867,7
"['V4', 'V14', 'V10', 'V16', 'V12', 'V21', 'V20', 'V17']",0.5675675675675675,0.7924528301886793,0.6614173228346457,0.6505053634049751,8
"['V14', 'V10', 'V16', 'V8', 'V5', 'V12', 'V21', 'V17', 'V2']",0.581081081081081,0.7962962962962963,0.671875,0.6505050994048883,9
"['V4', 'V14', 'V10', 'V8', 'V5', 'V12', 'V17']",0.581081081081081,0.7818181818181819,0.6666666666666666,0.6504723565297416,7
"['V14', 'V10', 'V8', 'V5', 'V21', 'V20', 'V17', 'V2', 'V19']",0.6081081081081081,0.8035714285714286,0.6923076923076923,0.6504667580576616,9
"['V4', 'V14', 'V10', 'V16', 'V12', 'V21', 'V20', 'V17', 'V19']",0.5675675675675675,0.7924528301886793,0.6614173228346457,0.6504585286412954,9
"['V4', 'V14', 'V10', 'V16', 'V5', 'V12', 'V21', 'V20', 'V2']",0.581081081081081,0.7962962962962963,0.671875,0.650447012178436,9
"['V4', 'V14', 'V10', 'V8', 'V17', 'V19']",0.5675675675675675,0.7777777777777778,0.65625,0.6504436433781626,6
"['V14', 'V10', 'V16', 'V8', 'V5', 'V12', 'V21', 'V17', 'V2', 'V19']",0.581081081081081,0.7962962962962963,0.671875,0.6504209606948562,10
"['V14', 'V10', 'V8', 'V16', 'Amount']",0.581081081081081,0.7962962962962963,0.671875,0.6504132865412452,5
"['V4', 'V14', 'V10', 'V8', 'V5', 'V12', 'V17', 'V19']",0.5945945945945946,0.7857142857142857,0.676923076923077,0.6503986118467882,8
"['V4', 'V14', 'V10', 'V5', 'V21', 'V20', 'V17', 'V2']",0.5945945945945946,0.7857142857142857,0.676923076923077,0.6503861969888984,8
"['V14', 'V10', 'V8', 'V5', 'V21', 'V20', 'V17']",0.6081081081081081,0.8035714285714286,0.6923076923076923,0.6503402999652512,7
"['V4', 'V14', 'V10', 'V8', 'V21', 'V2', 'V19']",0.581081081081081,0.7288135593220338,0.6466165413533834,0.6503039579383485,7
"['V4', 'V14', 'V10', 'V21', 'V20', 'V17', 'V2', 'V19']",0.5675675675675675,0.7924528301886793,0.6614173228346457,0.6503001014881936,8
"['V4', 'V14', 'V10', 'V21', 'V20', 'V2']",0.5675675675675675,0.711864406779661,0.631578947368421,0.6502957370532276,6
"['V4', 'V14', 'V16', 'V8', 'V12', 'V21', 'V20', 'V19']",0.5675675675675675,0.7924528301886793,0.6614173228346457,0.6502925314364022,8
"['V4', 'V14', 'V10', 'V16', 'V21', 'V17', 'V2', 'V19']",0.5675675675675675,0.7924528301886793,0.6614173228346457,0.6502924951273168,8
"['V4', 'V14', 'V10', 'V16', 'V12', 'V21', 'V20', 'V17', 'V2', 'V19']",0.5675675675675675,0.7924528301886793,0.6614173228346457,0.650269273186766,10
"['V14', 'V10', 'V16', 'V8', 'V12', 'V21']",0.581081081081081,0.7962962962962963,0.671875,0.6502568852315881,6
"['V14', 'V10', 'V16', 'V8', 'V12', 'V21', 'V20', 'V19']",0.581081081081081,0.7962962962962963,0.671875,0.6502519856310133,8
"['V14', 'V10', 'V16', 'V8', 'V12', 'V21', 'V2']",0.5945945945945946,0.8,0.6821705426356589,0.6502198447650586,7
"['V4', 'V14', 'V10', 'V21', 'V20', 'V17']",0.5675675675675675,0.7777777777777778,0.65625,0.6502194791530884,6
"['V14', 'V10', 'V16', 'V8', 'V5', 'V20', 'V17', 'V2']",0.581081081081081,0.7962962962962963,0.671875,0.650212575971061,8
"['V4', 'V14', 'V10', 'V16', 'V21', 'V19']",0.581081081081081,0.7962962962962963,0.671875,0.6501745632837471,6
"['V4', 'V14', 'V10', 'V16', 'V12', 'V21', 'V20', 'V17', 'V2']",0.5675675675675675,0.7924528301886793,0.6614173228346457,0.6501525145278803,9
"['V14', 'V10', 'V16', 'V8', 'V12', 'V21', 'V20']",0.581081081081081,0.7962962962962963,0.671875,0.6501371839464043,7
"['V4', 'V14', 'V10', 'V21', 'V17', 'V2', 'V19']",0.5675675675675675,0.7924528301886793,0.6614173228346457,0.6501350671185492,7
"['V14', 'V10', 'V8', 'V16', 'V2']",0.581081081081081,0.7962962962962963,0.671875,0.6501242661250286,5
"['V14', 'V10', 'V16', 'V8', 'V2']",0.581081081081081,0.7962962962962963,0.671875,0.6501242661250286,5
"['V14', 'V10', 'V8', 'V5', 'V21', 'V17', 'V2']",0.6081081081081081,0.8035714285714286,0.6923076923076923,0.6501234820546598,7
"['V4', 'V14', 'V10', 'V21', 'V20', 'V17', 'V2']",0.5675675675675675,0.7924528301886793,0.6614173228346457,0.6501217547722898,7
"['V4', 'V14', 'V10', 'V16', 'V21']",0.5675675675675675,0.7924528301886793,0.6614173228346457,0.6500534120113635,5
"['V14', 'V10', 'V16', 'V8', 'V5', 'V12', 'V21', 'V20', 'V17', 'V2']",0.581081081081081,0.7962962962962963,0.671875,0.6500304954229581,10
"['V14', 'V10', 'V16', 'V8', 'V5', 'V20', 'V17', 'V2', 'V19']",0.581081081081081,0.7962962962962963,0.671875,0.6500079848800668,9
"['V14', 'V10', 'V16', 'V8', 'V21', 'V20', 'V17']",0.5945945945945946,0.8,0.6821705426356589,0.6500024611310371,7
"['V4', 'V14', 'V10', 'V8', 'V5', 'V12', 'V21', 'V2']",0.5945945945945946,0.7213114754098361,0.6518518518518519,0.6499987965687921,8
"['V4', 'V14', 'V10', 'V5', 'V21', 'V17']",0.5945945945945946,0.8,0.6821705426356589,0.6499842756407904,6
"['V14', 'V10', 'V16', 'V8', 'V21', 'V17']",0.5945945945945946,0.8,0.6821705426356589,0.6499635826412609,6
"['V14', 'V10', 'V16', 'V8', 'V5', 'V12', 'V21', 'V17', 'V19']",0.581081081081081,0.7962962962962963,0.671875,0.6499536698670586,9
"['V4', 'V14', 'V10', 'V8', 'V5', 'V12', 'V20', 'V17']",0.581081081081081,0.7818181818181819,0.6666666666666666,0.6499195681869995,8
"['V14', 'V10', 'V16', 'V8', 'V2', 'V19']",0.581081081081081,0.7962962962962963,0.671875,0.6499020753598628,6
"['V4', 'V14', 'V10', 'V21', 'V17', 'V19']",0.5675675675675675,0.7924528301886793,0.6614173228346457,0.6498964203674136,6
"['V4', 'V14', 'V10', 'V5', 'V21', 'V20', 'V17', 'V2', 'V19']",0.5945945945945946,0.8,0.6821705426356589,0.6498888118886879,9
"['V14', 'V10', 'V8', 'V16']",0.581081081081081,0.7962962962962963,0.671875,0.6498782359218164,4
"['V14', 'V10', 'V16', 'V8']",0.581081081081081,0.7962962962962963,0.671875,0.6498782359218164,4
"['V14', 'V10', 'V8', 'V5', 'V21', 'V17', 'V2', 'V19']",0.6081081081081081,0.8035714285714286,0.6923076923076923,0.6498664105742108,8
"['V4', 'V14', 'V16', 'V8', 'V5', 'V21', 'V20', 'V17', 'V19']",0.581081081081081,0.7818181818181819,0.6666666666666666,0.6498660380649625,9
"['V14', 'V10', 'V16', 'V8', 'V20']",0.581081081081081,0.7962962962962963,0.671875,0.649860095953205,5
"['V14', 'V10', 'V8', 'V16', 'V20']",0.581081081081081,0.7962962962962963,0.671875,0.649860095953205,5
"['V14', 'V10', 'V1', 'V2', 'V5', 'V3', 'V6', 'V8', 'V21', 'V9', 'V11', 'V16', 'V12']",0.6081081081081081,0.8035714285714286,0.6923076923076923,0.6498387373248222,13
"['V14', 'V10', 'V16', 'V8', 'V21', 'V20', 'V17', 'V19']",0.5945945945945946,0.8,0.6821705426356589,0.6498345742637837,8
"['V4', 'V14', 'V10', 'V8', 'V5', 'V12', 'V20', 'V17', 'V19']",0.581081081081081,0.7818181818181819,0.6666666666666666,0.6497915627029658,9
"['V14', 'V10', 'V16', 'V8', 'V12', 'V21', 'V20', 'V17']",0.581081081081081,0.7962962962962963,0.671875,0.6497426358829789,8
"['V14', 'V10', 'V16', 'V8', 'V5', 'V12', 'V21', 'V17']",0.581081081081081,0.7962962962962963,0.671875,0.6497039814489329,8
"['V4', 'V14', 'V10', 'V21', 'V17']",0.5675675675675675,0.7924528301886793,0.6614173228346457,0.6496977374289371,5
"['V14', 'V10', 'V16', 'V8', 'V21', 'V17', 'V19']",0.5945945945945946,0.8,0.6821705426356589,0.6496675148272709,7
"['V4', 'V14', 'V10', 'V21', 'V20', 'V17', 'V19']",0.5675675675675675,0.7924528301886793,0.6614173228346457,0.6496657307651056,7
"['V14', 'V10', 'V8', 'V16', 'V1']",0.581081081081081,0.7962962962962963,0.671875,0.6496098517461969,5
"['V4', 'V14', 'V16', 'V8', 'V5', 'V21', 'V17']",0.581081081081081,0.7818181818181819,0.6666666666666666,0.6495983220291022,7
"['V4', 'V14', 'V10', 'V21', 'V17', 'V2']",0.5675675675675675,0.7924528301886793,0.6614173228346457,0.6495549703479708,6
"['V14', 'V10', 'V16', 'V8', 'V5']",0.581081081081081,0.7962962962962963,0.671875,0.6495521517048343,5
"['V14', 'V10', 'V8', 'V16', 'V5']",0.581081081081081,0.7962962962962963,0.671875,0.6495521517048343,5
"['V14', 'V10', 'V8', 'V16', 'V3']",0.581081081081081,0.7962962962962963,0.671875,0.6495516794819318,5
"['V14', 'V10', 'V16', 'V8', 'V5', 'V12', 'V21', 'V20', 'V17', 'V19']",0.581081081081081,0.7962962962962963,0.671875,0.6494962160154403,10
"['V4', 'V14', 'V10', 'V8', 'V5', 'V12', 'V21', 'V20']",0.5945945945945946,0.7457627118644068,0.6616541353383458,0.6494918455142288,8
"['V14', 'V10', 'V16', 'V8', 'V19']",0.581081081081081,0.7962962962962963,0.671875,0.6494677664714854,5
"['V14', 'V10', 'V8', 'V16', 'V19']",0.581081081081081,0.7962962962962963,0.671875,0.6494677664714854,5
"['V14', 'V10', 'V16', 'V8', 'V5', 'V20', 'V2', 'V19']",0.581081081081081,0.7962962962962963,0.671875,0.649442654930228,8
"['V4', 'V14', 'V10', 'V8', 'V21', 'V20', 'V2', 'V19']",0.581081081081081,0.7288135593220338,0.6466165413533834,0.6494110422655178,8
"['V14', 'V10', 'V16', 'V8', 'V5', 'V20', 'V17']",0.581081081081081,0.7962962962962963,0.671875,0.6493953212991647,7
"['V14', 'V10', 'V16', 'V8', 'V12', 'V21', 'V20', 'V17', 'V2', 'V19']",0.581081081081081,0.7962962962962963,0.671875,0.6492901006530933,10
"['V14', 'V10', 'V16', 'V8', 'V5', 'V20']",0.581081081081081,0.7962962962962963,0.671875,0.649269048398348,6
"['V4', 'V14', 'V16', 'V8', 'V12', 'V21', 'V20']",0.5675675675675675,0.7924528301886793,0.6614173228346457,0.649234871145708,7
"['V14', 'V10', 'V16', 'V8', 'V5', 'V12', 'V21', 'V20', 'V17']",0.581081081081081,0.7962962962962963,0.671875,0.6492335147857905,9
"['V4', 'V14', 'V10', 'V8', 'V5', 'V21']",0.5945945945945946,0.7213114754098361,0.6518518518518519,0.6492312947379734,6
"['V14', 'V10', 'V16', 'V8', 'V20', 'V19']",0.581081081081081,0.7962962962962963,0.671875,0.6492210701315018,6
"['V14', 'V10', 'V16', 'V8', 'V5', 'V20', 'V17', 'V19']",0.581081081081081,0.7962962962962963,0.671875,0.6492137885810969,8
"['V14', 'V10', 'V16', 'V8', 'V20', 'V2']",0.581081081081081,0.7962962962962963,0.671875,0.6491904739168567,6
"['V14', 'V10', 'V16', 'V8', 'V5', 'V19']",0.581081081081081,0.7962962962962963,0.671875,0.6491553925868083,6
"['V4', 'V14', 'V10', 'V8', 'V21', 'V20', 'V2']",0.581081081081081,0.7166666666666667,0.6417910447761194,0.6491295700313726,7
"['V4', 'V14', 'V10', 'V8', 'V12', 'V17', 'V2']",0.5675675675675675,0.7924528301886793,0.6614173228346457,0.6491043849606031,7
"['V14', 'V10', 'V8', 'V5', 'V21', 'V20', 'V17', 'V19']",0.6081081081081081,0.8035714285714286,0.6923076923076923,0.6490743042501903,8
"['V4', 'V14', 'V16', 'V8', 'V5', 'V21', 'V17', 'V19']",0.581081081081081,0.7818181818181819,0.6666666666666666,0.6490644992200468,8
"['V4', 'V14', 'V16', 'V8', 'V5', 'V21', 'V20', 'V17']",0.581081081081081,0.7818181818181819,0.6666666666666666,0.649062850748642,8
"['V4', 'V14', 'V10', 'V8', 'V21', 'V19']",0.5945945945945946,0.7333333333333333,0.6567164179104478,0.6490595489019302,6
"['V4', 'V14', 'V10', 'V8', 'V21']",0.5675675675675675,0.711864406779661,0.631578947368421,0.6490506537417499,5
"['V4', 'V14', 'V10', 'V8', 'V12', 'V20', 'V17']",0.5675675675675675,0.7924528301886793,0.6614173228346457,0.6490271789824975,7
"['V4', 'V14', 'V16', 'V8', 'V5', 'V21', 'V19']",0.581081081081081,0.7818181818181819,0.6666666666666666,0.649015295729902,7
"['V14', 'V10', 'V16', 'V8', 'V12', 'V21', 'V20', 'V2', 'V19']",0.581081081081081,0.7962962962962963,0.671875,0.6489487384143732,9
"['V4', 'V14', 'V10', 'V5', 'V12', 'V21', 'V20', 'V17', 'V2', 'V19']",0.581081081081081,0.7962962962962963,0.671875,0.6489299733442885,10
"['V14', 'V10', 'V16', 'V8', 'V12', 'V21', 'V20', 'V17', 'V2']",0.581081081081081,0.7962962962962963,0.671875,0.6489189211934713,9
"['V4', 'V14', 'V10', 'V8', 'V17']",0.5675675675675675,0.7777777777777778,0.65625,0.6489124492888367,5
"['V4', 'V14', 'V10', 'V8', 'V5', 'V21', 'V20', 'V19']",0.6081081081081081,0.7377049180327869,0.6666666666666666,0.6488979088180634,8
"['V4', 'V14', 'V10', 'V12', 'V21', 'V20', 'V17', 'V2']",0.5675675675675675,0.7924528301886793,0.6614173228346457,0.6488726943941204,8
"['V14', 'V10', 'V8', 'V5', 'V21', 'V17']",0.6081081081081081,0.8035714285714286,0.6923076923076923,0.6488573380909582,6
"['V14', 'V10', 'V8', 'V5', 'V21', 'V17', 'V19']",0.6081081081081081,0.8035714285714286,0.6923076923076923,0.6488400201123322,7
"['V4', 'V14', 'V16', 'V8', 'V12', 'V21', 'V19']",0.5675675675675675,0.7924528301886793,0.6614173228346457,0.6488180655295439,7
"['V4', 'V14', 'V16', 'V8', 'V21', 'V20', 'V17', 'V19']",0.581081081081081,0.7818181818181819,0.6666666666666666,0.6488170085340795,8
"['V4', 'V14', 'V16', 'V8', 'V21', 'V17', 'V19']",0.581081081081081,0.7818181818181819,0.6666666666666666,0.6488095149896904,7
"['V14', 'V10', 'V16', 'V8', 'V5', 'V17']",0.5945945945945946,0.8,0.6821705426356589,0.6488075911351919,6
"['V14', 'V10', 'V16', 'V8', 'V5', 'V17', 'V19']",0.5945945945945946,0.8,0.6821705426356589,0.6487719779282475,7
"['V4', 'V14', 'V10', 'V8', 'V21', 'V20', 'V19']",0.581081081081081,0.7288135593220338,0.6466165413533834,0.6487415237707547,7
"['V4', 'V14', 'V10', 'V8', 'V12', 'V20', 'V17', 'V19']",0.5675675675675675,0.7924528301886793,0.6614173228346457,0.6487269130195006,8
"['V14', 'V10', 'V16', 'V8', 'V12', 'V21', 'V20', 'V2']",0.581081081081081,0.7962962962962963,0.671875,0.6486978437333868,8
"['V14', 'V10', 'V16', 'V8', 'V5', 'V17', 'V2', 'V19']",0.5945945945945946,0.8,0.6821705426356589,0.6486866658031005,8
"['V14', 'V10', 'V16', 'V8', 'V12', 'V21', 'V17', 'V2', 'V19']",0.581081081081081,0.7962962962962963,0.671875,0.6486855940017401,9
"['V4', 'V14', 'V16', 'V8', 'V5', 'V21']",0.581081081081081,0.7818181818181819,0.6666666666666666,0.6486824133957726,6
"['V4', 'V14', 'V10', 'V5', 'V12', 'V21', 'V20', 'V17', 'V2']",0.581081081081081,0.7962962962962963,0.671875,0.6486682454079994,9
"['V14', 'V10', 'V16', 'V8', 'V5', 'V20', 'V19']",0.581081081081081,0.7962962962962963,0.671875,0.6486283735890422,7
"['V14', 'V10', 'V16', 'V8', 'V12', 'V17', 'V2']",0.581081081081081,0.7962962962962963,0.671875,0.6486063034374148,7
"['V4', 'V14', 'V10', 'V8', 'V21', 'V2']",0.581081081081081,0.7166666666666667,0.6417910447761194,0.648532930024294,6
"['V4', 'V14', 'V10', 'V12', 'V21', 'V17', 'V2']",0.5675675675675675,0.7924528301886793,0.6614173228346457,0.6485232297585495,7
"['V4', 'V14', 'V10', 'V12', 'V21', 'V17', 'V2', 'V19']",0.5675675675675675,0.7924528301886793,0.6614173228346457,0.6485126955278228,8
"['V14', 'V10', 'V16', 'V8', 'V5', 'V12', 'V21', 'V19']",0.581081081081081,0.7962962962962963,0.671875,0.6484634714587724,8
"['V14', 'V10', 'V1', 'V2', 'V5', 'V3', 'V6', 'V8', 'V21', 'V18']",0.5945945945945946,0.8,0.6821705426356589,0.648449465816419,10
"['V14', 'V10', 'V1', 'V2', 'V5', 'V3', 'V6', 'V8', 'V16']",0.5945945945945946,0.8,0.6821705426356589,0.6484449358756055,9
"['V4', 'V14', 'V10', 'V16', 'V12', 'V21', 'V19']",0.5675675675675675,0.7924528301886793,0.6614173228346457,0.6484209535764006,7
"['V14', 'V10', 'V16', 'V8', 'V5', 'V12', 'V21']",0.581081081081081,0.7962962962962963,0.671875,0.6484168149987432,7
"['V14', 'V10', 'V16', 'V8', 'V5', 'V12', 'V21', 'V20']",0.581081081081081,0.7962962962962963,0.671875,0.6484047455914016,8
"['V14', 'V10', 'V8', 'V5', 'V12', 'V21', 'V20', 'V17', 'V2']",0.581081081081081,0.7962962962962963,0.671875,0.6483389224608421,9
"['V4', 'V14', 'V16', 'V8', 'V12', 'V21']",0.5675675675675675,0.7924528301886793,0.6614173228346457,0.6483376972634657,6
"['V14', 'V10', 'V8', 'V5', 'V12', 'V21', 'V20', 'V17']",0.581081081081081,0.7962962962962963,0.671875,0.6483347877526926,8
"['V14', 'V10', 'V1', 'V2', 'V5', 'V3', 'V6', 'V8', 'V21', 'V9', 'V11', 'V18']",0.5945945945945946,0.7719298245614035,0.6717557251908397,0.6483238337121372,12
"['V14', 'V10', 'V16', 'V8', 'V12', 'V21', 'V17', 'V2']",0.581081081081081,0.7962962962962963,0.671875,0.6483139752797555,8
"['V4', 'V14', 'V10', 'V8', 'V20', 'V2', 'V19']",0.581081081081081,0.7288135593220338,0.6466165413533834,0.6483077769818963,7
"['V4', 'V14', 'V16', 'V8', 'V21', 'V17']",0.581081081081081,0.7818181818181819,0.6666666666666666,0.6482977574365503,6
"['V14', 'V10', 'V8', 'V16', 'V11']",0.581081081081081,0.7962962962962963,0.671875,0.6482811474352531,5
"['V4', 'V14', 'V16', 'V8', 'V5', 'V21', 'V20']",0.581081081081081,0.7818181818181819,0.6666666666666666,0.6482722784321306,7
"['V14', 'V10', 'V8', 'V5', 'V12', 'V21', 'V20', 'V17', 'V19']",0.581081081081081,0.7962962962962963,0.671875,0.6482536722051748,9
"['V14', 'V10', 'V8', 'V5', 'V12', 'V21', 'V20', 'V17', 'V2', 'V19']",0.581081081081081,0.7962962962962963,0.671875,0.6482283904407439,10
"['V4', 'V14', 'V10', 'V16', 'V12', 'V21', 'V2']",0.5675675675675675,0.7924528301886793,0.6614173228346457,0.6482205862919144,7
"['V4', 'V14', 'V10', 'V8', 'V5', 'V21', 'V19']",0.6081081081081081,0.7377049180327869,0.6666666666666666,0.6482039938019531,7
"['V14', 'V10', 'V16', 'V8', 'V5', 'V12', 'V21', 'V20', 'V19']",0.581081081081081,0.7962962962962963,0.671875,0.6481754940298685,9
"['V14', 'V10', 'V8', 'V5', 'V20', 'V17', 'V2']",0.5945945945945946,0.8,0.6821705426356589,0.648173672089332,7
"['V4', 'V14', 'V10', 'V16', 'V12', 'V21', 'V2', 'V19']",0.5675675675675675,0.7924528301886793,0.6614173228346457,0.6481568384940888,8
"['V14', 'V10', 'V16', 'V8', 'V20', 'V17', 'V2']",0.581081081081081,0.7962962962962963,0.671875,0.6481327287835212,7
"['V14', 'V10', 'V8', 'V16', 'V18']",0.581081081081081,0.7962962962962963,0.671875,0.6480637509864299,5
"['V14', 'V10', 'V16', 'V8', 'V5', 'V17', 'V2']",0.5945945945945946,0.8,0.6821705426356589,0.6480377656718188,7
"['V14', 'V10', 'V16', 'V8', 'V12', 'V19']",0.581081081081081,0.7962962962962963,0.671875,0.6480142690503052,6
"['V14', 'V10', 'V16', 'V8', 'V20', 'V17']",0.581081081081081,0.7962962962962963,0.671875,0.6480095522391633,6
"['V14', 'V10', 'V16', 'V8', 'V12', 'V17']",0.581081081081081,0.7962962962962963,0.671875,0.6480017239142969,6
"['V14', 'V10', 'V16', 'V8', 'V12', 'V2', 'V19']",0.581081081081081,0.7962962962962963,0.671875,0.6479974603724957,7
"['V4', 'V14', 'V10', 'V12', 'V21', 'V20', 'V17', 'V2', 'V19']",0.5675675675675675,0.7924528301886793,0.6614173228346457,0.6479820149577816,9
"['V4', 'V14', 'V10', 'V8', 'V5', 'V21', 'V2', 'V19']",0.5945945945945946,0.7333333333333333,0.6567164179104478,0.6479736130516282,8
"['V4', 'V14', 'V16', 'V8', 'V5', 'V12', 'V21', 'V17']",0.581081081081081,0.7962962962962963,0.671875,0.6479458051392475,8
"['V4', 'V14', 'V16', 'V8', 'V21', 'V17', 'V2', 'V19']",0.581081081081081,0.7818181818181819,0.6666666666666666,0.6479113446366123,8
"['V14', 'V10', 'V16', 'V8', 'V12', 'V17', 'V19']",0.581081081081081,0.7962962962962963,0.671875,0.6479073773703058,7
"['V4', 'V14', 'V16', 'V8', 'V21', 'V20', 'V19']",0.581081081081081,0.7818181818181819,0.6666666666666666,0.647907018425188,7
"['V14', 'V10', 'V16', 'V8', 'V12', 'V20', 'V2']",0.5675675675675675,0.7924528301886793,0.6614173228346457,0.6478715612556067,7
"['V4', 'V14', 'V10', 'V21', 'V2', 'V19']",0.5540540540540541,0.7454545454545455,0.6356589147286822,0.6478607179050965,6
"['V14', 'V10', 'V8', 'V21', 'V20', 'V17', 'V2', 'V19']",0.5945945945945946,0.8,0.6821705426356589,0.647841491992733,8
"['V14', 'V10', 'V16', 'V8', 'V20', 'V2', 'V19']",0.5675675675675675,0.7924528301886793,0.6614173228346457,0.6478411373940494,7
"['V4', 'V14', 'V10', 'V8', 'V5', 'V21', 'V20', 'V2', 'V19']",0.581081081081081,0.7288135593220338,0.6466165413533834,0.6478371752234873,9
"['V4', 'V14', 'V10', 'V5', 'V12', 'V21', 'V20', 'V17']",0.581081081081081,0.7962962962962963,0.671875,0.6478360573657194,8
"['V4', 'V14', 'V16', 'V8', 'V21', 'V20', 'V17']",0.581081081081081,0.7818181818181819,0.6666666666666666,0.6478291190608548,7
"['V4', 'V14', 'V16', 'V8', 'V12', 'V21', 'V17']",0.581081081081081,0.7962962962962963,0.671875,0.6478052476128952,7
"['V14', 'V10', 'V16', 'V8', 'V17', 'V2']",0.5675675675675675,0.7924528301886793,0.6614173228346457,0.6478050351141973,6
"['V4', 'V14', 'V16', 'V8', 'V5', 'V12', 'V21']",0.5675675675675675,0.7924528301886793,0.6614173228346457,0.6478028514166714,7
"['V14', 'V10', 'V8', 'V16', 'V12']",0.581081081081081,0.7962962962962963,0.671875,0.6477889483854973,5
"['V14', 'V10', 'V16', 'V8', 'V12']",0.581081081081081,0.7962962962962963,0.671875,0.6477889483854973,5
"['V4', 'V14', 'V10', 'V16', 'V12', 'V21']",0.5675675675675675,0.7924528301886793,0.6614173228346457,0.6477740854481296,6
"['V4', 'V14', 'V10', 'V5', 'V12', 'V21', 'V20', 'V17', 'V19']",0.581081081081081,0.7962962962962963,0.671875,0.6477728096220708,9
"['V14', 'V10', 'V1', 'V2', 'V5', 'V3', 'V6', 'V8', 'V4']",0.581081081081081,0.7166666666666667,0.6417910447761194,0.6477486781160758,9
"['V14', 'V10', 'V8', 'V16', 'V6']",0.581081081081081,0.7962962962962963,0.671875,0.6477408047214798,5
"['V4', 'V14', 'V16', 'V8', 'V21', 'V19']",0.581081081081081,0.7818181818181819,0.6666666666666666,0.6476317744450161,6
"['V4', 'V14', 'V16', 'V8', 'V5', 'V12', 'V21', 'V20']",0.581081081081081,0.7962962962962963,0.671875,0.6475894032644979,8
"['V14', 'V10', 'V16', 'V8', 'V12', 'V20', 'V2', 'V19']",0.5675675675675675,0.7924528301886793,0.6614173228346457,0.647565758886042,8
"['V4', 'V14', 'V10', 'V12', 'V21', 'V17']",0.5675675675675675,0.7924528301886793,0.6614173228346457,0.6475558627999262,6
"['V14', 'V10', 'V16', 'V8', 'V5', 'V12', 'V17', 'V2']",0.581081081081081,0.7962962962962963,0.671875,0.6475410044327203,8
"['V14', 'V10', 'V8', 'V21', 'V20', 'V17', 'V2']",0.5945945945945946,0.8,0.6821705426356589,0.6475141322291937,7
"['V4', 'V14', 'V10', 'V21', 'V2']",0.5675675675675675,0.711864406779661,0.631578947368421,0.6474960210730265,5
"['V4', 'V14', 'V16', 'V8', 'V5', 'V21', 'V20', 'V19']",0.581081081081081,0.7818181818181819,0.6666666666666666,0.6474950444628421,8
"['V4', 'V14', 'V16', 'V8', 'V12', 'V21', 'V17', 'V19']",0.5675675675675675,0.7924528301886793,0.6614173228346457,0.6474938947854824,8
"['V4', 'V14', 'V16', 'V8', 'V5', 'V12', 'V21', 'V20', 'V19']",0.581081081081081,0.7962962962962963,0.671875,0.6474682606416803,9
"['V4', 'V14', 'V10', 'V16', 'V12', 'V21', 'V17']",0.581081081081081,0.7962962962962963,0.671875,0.6474577906961797,7
"['V4', 'V14', 'V10', 'V12', 'V21', 'V17', 'V19']",0.5675675675675675,0.7924528301886793,0.6614173228346457,0.6474563955720544,7
"['V14', 'V10', 'V8', 'V21', 'V17', 'V2']",0.5945945945945946,0.8,0.6821705426356589,0.647402983179257,6
"['V4', 'V14', 'V10', 'V5', 'V12', 'V21', 'V17', 'V2', 'V19']",0.581081081081081,0.7962962962962963,0.671875,0.6473859849100062,9
"['V4', 'V14', 'V10', 'V16', 'V5', 'V12', 'V21', 'V19']",0.581081081081081,0.7962962962962963,0.671875,0.6473664055157395,8
"['V4', 'V14', 'V10', 'V16', 'V5', 'V12', 'V21']",0.581081081081081,0.7962962962962963,0.671875,0.6473643165462273,7
"['V14', 'V10', 'V16', 'V8', 'V12', 'V2']",0.581081081081081,0.7962962962962963,0.671875,0.6473504260545305,6
"['V14', 'V10', 'V8', 'V5', 'V17', 'V2']",0.581081081081081,0.7962962962962963,0.671875,0.6473254870002348,6
"['V4', 'V14', 'V16', 'V8', 'V17', 'V2', 'V19']",0.581081081081081,0.7818181818181819,0.6666666666666666,0.6473157600816664,7
"['V14', 'V10', 'V8', 'V21', 'V17', 'V2', 'V19']",0.5945945945945946,0.8,0.6821705426356589,0.647308255704267,7
"['V14', 'V10', 'V16', 'V8', 'V20', 'V17', 'V2', 'V19']",0.581081081081081,0.7962962962962963,0.671875,0.6473073861213183,8
"['V4', 'V14', 'V16', 'V8', 'V5', 'V12', 'V21', 'V17', 'V19']",0.581081081081081,0.7962962962962963,0.671875,0.6471789044723533,9
"['V14', 'V10', 'V8', 'V21', 'V17', 'V19']",0.5945945945945946,0.8,0.6821705426356589,0.6471706589023598,6
"['V14', 'V10', 'V16', 'V8', 'V20', 'V17', 'V19']",0.5675675675675675,0.7924528301886793,0.6614173228346457,0.647142769816626,7
"['V14', 'V10', 'V8', 'V21', 'V20', 'V17']",0.5945945945945946,0.8,0.6821705426356589,0.647022178877427,6
"['V4', 'V14', 'V16', 'V8', 'V21']",0.581081081081081,0.7818181818181819,0.6666666666666666,0.6469761842929499,5
"['V14', 'V10', 'V8', 'V21', 'V17']",0.5945945945945946,0.8,0.6821705426356589,0.6469451875959881,5
"['V14', 'V10', 'V16', 'V8', 'V5', 'V12', 'V19']",0.581081081081081,0.7962962962962963,0.671875,0.6469291037886354,7
"['V14', 'V10', 'V16', 'V8', 'V17', 'V19']",0.5675675675675675,0.7924528301886793,0.6614173228346457,0.6468785108750571,6
"['V14', 'V10', 'V16', 'V8', 'V17', 'V2', 'V19']",0.5675675675675675,0.7924528301886793,0.6614173228346457,0.6468523824744172,7
"['V4', 'V14', 'V10', 'V21', 'V20']",0.5675675675675675,0.711864406779661,0.631578947368421,0.6468456004249985,5
"['V4', 'V14', 'V16', 'V8', 'V5', 'V12', 'V21', 'V20', 'V17', 'V2']",0.5675675675675675,0.7924528301886793,0.6614173228346457,0.6468255242428252,10
"['V4', 'V14', 'V16', 'V8', 'V12', 'V21', 'V20', 'V17']",0.5675675675675675,0.7924528301886793,0.6614173228346457,0.6468005610266446,8
"['V4', 'V14', 'V10', 'V12', 'V21', 'V20', 'V17']",0.5675675675675675,0.7924528301886793,0.6614173228346457,0.6467582424040624,7
"['V14', 'V10', 'V8', 'V21', 'V20', 'V17', 'V19']",0.5945945945945946,0.8,0.6821705426356589,0.6467579794610145,7
"['V14', 'V10', 'V16', 'V8', 'V12', 'V20', 'V17', 'V19']",0.5675675675675675,0.7924528301886793,0.6614173228346457,0.6467565585097159,8
"['V14', 'V10', 'V8', 'V5', 'V20', 'V17', 'V2', 'V19']",0.5945945945945946,0.8,0.6821705426356589,0.6466395915501932,8
"['V4', 'V14', 'V10', 'V8', 'V21', 'V20']",0.581081081081081,0.7166666666666667,0.6417910447761194,0.646637028014926,6
"['V4', 'V14', 'V10', 'V21', 'V20', 'V2', 'V19']",0.5540540540540541,0.7592592592592593,0.640625,0.646634472140264,7
"['V14', 'V10', 'V8', 'V5', 'V17', 'V2', 'V19']",0.5945945945945946,0.8,0.6821705426356589,0.6466265639191644,7
"['V4', 'V14', 'V16', 'V8', 'V5', 'V12', 'V21', 'V19']",0.5675675675675675,0.7924528301886793,0.6614173228346457,0.6466136225292494,8
"['V4', 'V14', 'V10', 'V16', 'V12', 'V21', 'V17', 'V2']",0.5675675675675675,0.7924528301886793,0.6614173228346457,0.6466056789946675,8
"['V4', 'V14', 'V16', 'V8', 'V21', 'V20']",0.581081081081081,0.7818181818181819,0.6666666666666666,0.6466054531676987,6
"['V4', 'V14', 'V16', 'V8', 'V5', 'V12', 'V21', 'V20', 'V17']",0.581081081081081,0.7962962962962963,0.671875,0.646568527870823,9
"['V14', 'V10', 'V16', 'V8', 'V12', 'V17', 'V2', 'V19']",0.581081081081081,0.7962962962962963,0.671875,0.6465651482357073,8
"['V4', 'V14', 'V16', 'V8', 'V12', 'V21', 'V2', 'V19']",0.5675675675675675,0.7924528301886793,0.6614173228346457,0.6465650244948936,8
"['V4', 'V14', 'V10', 'V16', 'V12', 'V21', 'V17', 'V2', 'V19']",0.5675675675675675,0.7924528301886793,0.6614173228346457,0.6464481108595074,9
"['V14', 'V10', 'V8', 'V18']",0.5675675675675675,0.7924528301886793,0.6614173228346457,0.6464419749899075,4
"['V4', 'V14', 'V16', 'V8', 'V21', 'V20', 'V17', 'V2']",0.581081081081081,0.7818181818181819,0.6666666666666666,0.6464399024734736,8
"['V4', 'V14', 'V16', 'V8', 'V12', 'V21', 'V17', 'V2']",0.5675675675675675,0.7924528301886793,0.6614173228346457,0.6464185022769886,8
"['V4', 'V14', 'V10', 'V12', 'V21', 'V20', 'V17', 'V19']",0.5675675675675675,0.7924528301886793,0.6614173228346457,0.646400777609761,8
"['V4', 'V14', 'V16', 'V8', 'V12', 'V21', 'V20', 'V17', 'V19']",0.5675675675675675,0.7924528301886793,0.6614173228346457,0.6463070297590392,9
"['V4', 'V14', 'V16', 'V8', 'V12', 'V21', 'V2']",0.5675675675675675,0.7924528301886793,0.6614173228346457,0.6463052450087361,7
"['V14', 'V10', 'V8', 'V12', 'V21', 'V20', 'V17']",0.581081081081081,0.7962962962962963,0.671875,0.6462717342028861,7
"['V4', 'V14', 'V16', 'V8', 'V5', 'V21', 'V20', 'V17', 'V2', 'V19']",0.581081081081081,0.7818181818181819,0.6666666666666666,0.6462693592701754,10
"['V14', 'V10', 'V8', 'V12', 'V21', 'V20', 'V17', 'V19']",0.581081081081081,0.7962962962962963,0.671875,0.6462298404009045,8
"['V4', 'V14', 'V10', 'V8', 'V5', 'V21', 'V20']",0.5945945945945946,0.7213114754098361,0.6518518518518519,0.6462248159588408,7
"['V4', 'V14', 'V16', 'V8', 'V21', 'V20', 'V17', 'V2', 'V19']",0.581081081081081,0.7818181818181819,0.6666666666666666,0.6461405675178055,9
"['V4', 'V14', 'V16', 'V8', 'V12', 'V21', 'V17', 'V2', 'V19']",0.5675675675675675,0.7924528301886793,0.6614173228346457,0.6460964742029379,9
"['V4', 'V14', 'V16', 'V8', 'V5', 'V21', 'V17', 'V2']",0.581081081081081,0.7962962962962963,0.671875,0.6460758557163797,8
"['V4', 'V14', 'V16', 'V8', 'V17', 'V2']",0.581081081081081,0.7818181818181819,0.6666666666666666,0.6460617359914232,6
"['V4', 'V14', 'V16', 'V8', 'V5', 'V21', 'V17', 'V2', 'V19']",0.581081081081081,0.7962962962962963,0.671875,0.646032288792719,9
"['V4', 'V14', 'V16', 'V8', 'V12', 'V21', 'V20', 'V2']",0.5675675675675675,0.7924528301886793,0.6614173228346457,0.6460294380533126,8
"['V4', 'V14', 'V16', 'V8', 'V21', 'V17', 'V2']",0.581081081081081,0.7818181818181819,0.6666666666666666,0.6460111151876755,7
"['V4', 'V14', 'V16', 'V8', 'V5', 'V12', 'V21', 'V20', 'V17', 'V2', 'V19']",0.5675675675675675,0.7924528301886793,0.6614173228346457,0.6459501634164798,11
"['V4', 'V14', 'V16', 'V8', 'V5', 'V12', 'V21', 'V17', 'V2']",0.581081081081081,0.7962962962962963,0.671875,0.6459427679544523,9
"['V4', 'V14', 'V16', 'V8', 'V5', 'V21', 'V20', 'V2', 'V19']",0.581081081081081,0.7818181818181819,0.6666666666666666,0.645936866164344,9
"['V4', 'V14', 'V16', 'V8', 'V21', 'V2', 'V19']",0.581081081081081,0.7818181818181819,0.6666666666666666,0.6458990421823334,7
"['V14', 'V10', 'V16', 'V8', 'V12', 'V20', 'V17']",0.5675675675675675,0.7924528301886793,0.6614173228346457,0.6458850917909746,7
"['V4', 'V14', 'V16', 'V8', 'V5', 'V12', 'V21', 'V2']",0.5675675675675675,0.7924528301886793,0.6614173228346457,0.6458525297496187,8
"['V4', 'V14', 'V16', 'V8', 'V5', 'V12', 'V21', 'V17', 'V2', 'V19']",0.581081081081081,0.7962962962962963,0.671875,0.6458467609436025,10
"['V4', 'V14', 'V10', 'V16', 'V5', 'V12', 'V21', 'V17']",0.581081081081081,0.7962962962962963,0.671875,0.6458227343184686,8
"['V4', 'V14', 'V10', 'V16', 'V12', 'V21', 'V17', 'V19']",0.581081081081081,0.7962962962962963,0.671875,0.6458033021684845,8
"['V4', 'V14', 'V10', 'V16', 'V5', 'V12', 'V21', 'V17', 'V19']",0.5945945945945946,0.8,0.6821705426356589,0.6457976163545449,9
"['V4', 'V14', 'V16', 'V8', 'V5', 'V12', 'V21', 'V20', 'V17', 'V19']",0.581081081081081,0.7962962962962963,0.671875,0.6457371526860065,10
"['V4', 'V14', 'V16', 'V8', 'V5', 'V12', 'V17', 'V2', 'V19']",0.581081081081081,0.7818181818181819,0.6666666666666666,0.645688944669861,9
"['V4', 'V14', 'V16', 'V8', 'V5', 'V12', 'V21', 'V20', 'V2']",0.5675675675675675,0.7924528301886793,0.6614173228346457,0.6456885280375512,9
"['V14', 'V10', 'V8', 'V12', 'V21', 'V17', 'V19']",0.581081081081081,0.7962962962962963,0.671875,0.6456884630400365,7
"['V14', 'V10', 'V8', 'V12', 'V21', 'V20', 'V17', 'V2', 'V19']",0.581081081081081,0.7962962962962963,0.671875,0.6456631806666844,9
"['V4', 'V14', 'V10', 'V5', 'V12', 'V21', 'V17', 'V2']",0.581081081081081,0.7962962962962963,0.671875,0.6455923771138987,8
"['V4', 'V14', 'V16', 'V8', 'V21', 'V20', 'V2', 'V19']",0.581081081081081,0.7818181818181819,0.6666666666666666,0.6455521898699601,8
"['V14', 'V10', 'V8', 'V12', 'V21', 'V17']",0.581081081081081,0.7962962962962963,0.671875,0.645538606063833,6
"['V4', 'V14', 'V16', 'V8', 'V5', 'V21', 'V20', 'V17', 'V2']",0.581081081081081,0.7818181818181819,0.6666666666666666,0.6454946079470552,9
"['V14', 'V10', 'V1', 'V2', 'V5', 'V3', 'V6', 'V8', 'V18']",0.581081081081081,0.7962962962962963,0.671875,0.6454486306325192,9
"['V4', 'V14', 'V10', 'V5', 'V21', 'V20', 'V2', 'V19']",0.581081081081081,0.7288135593220338,0.6466165413533834,0.6454477172694728,8
"['V4', 'V14', 'V10', 'V12', 'V21', 'V19']",0.581081081081081,0.7818181818181819,0.6666666666666666,0.645410341936334,6
"['V4', 'V14', 'V16', 'V8', 'V12', 'V21', 'V20', 'V17', 'V2', 'V19']",0.5675675675675675,0.7924528301886793,0.6614173228346457,0.6453527946871437,10
"['V4', 'V14', 'V16', 'V8', 'V5', 'V21', 'V2', 'V19']",0.581081081081081,0.7818181818181819,0.6666666666666666,0.6453493330057026,8
"['V14', 'V10', 'V16', 'V8', 'V5', 'V12', 'V20', 'V2', 'V19']",0.581081081081081,0.7962962962962963,0.671875,0.6453013700805058,9
"['V14', 'V10', 'V8', 'V12', 'V21', 'V20', 'V17', 'V2']",0.581081081081081,0.7962962962962963,0.671875,0.645289041848873,8
"['V4', 'V14', 'V10', 'V8', 'V12', 'V17', 'V19']",0.5675675675675675,0.7924528301886793,0.6614173228346457,0.6452886908533423,7
"['V14', 'V10', 'V1', 'V2', 'V5', 'V3', 'V6', 'V8', 'V21', 'V9', 'V11', 'V7']",0.5945945945945946,0.7586206896551724,0.6666666666666666,0.6452827439587905,12
"['V4', 'V14', 'V16', 'V8', 'V12', 'V21', 'V20', 'V2', 'V19']",0.5675675675675675,0.7924528301886793,0.6614173228346457,0.6452642226456727,9
"['V4', 'V14', 'V10', 'V12', 'V21', 'V2', 'V19']",0.5675675675675675,0.7777777777777778,0.65625,0.6452244588955918,7
"['V4', 'V14', 'V16', 'V8', 'V5', 'V12', 'V21', 'V20', 'V2', 'V19']",0.5675675675675675,0.7924528301886793,0.6614173228346457,0.6452158560536457,10
"['V14', 'V10', 'V1', 'V2', 'V5', 'V3', 'V6', 'V8', 'V21', 'V17']",0.6081081081081081,0.8035714285714286,0.6923076923076923,0.6451604403281829,10
"['V14', 'V10', 'V8', 'V17']",0.581081081081081,0.7962962962962963,0.671875,0.6451602733778771,4
"['V14', 'V10', 'V8', 'V17']",0.581081081081081,0.7962962962962963,0.671875,0.6451602733778771,4
"['V4', 'V14', 'V10', 'V8', 'V12', 'V17']",0.5675675675675675,0.7924528301886793,0.6614173228346457,0.6451178076006632,6
"['V4', 'V14', 'V16', 'V8', 'V12', 'V17', 'V2', 'V19']",0.581081081081081,0.7818181818181819,0.6666666666666666,0.6451156144935536,8
"['V4', 'V14', 'V16', 'V8', 'V21', 'V20', 'V2']",0.581081081081081,0.7818181818181819,0.6666666666666666,0.6451137010485495,7
"['V4', 'V14', 'V16', 'V8', 'V12', 'V2', 'V19']",0.581081081081081,0.7818181818181819,0.6666666666666666,0.6451014342553258,7
"['V4', 'V14', 'V16', 'V8', 'V5', 'V20', 'V17', 'V2', 'V19']",0.581081081081081,0.7818181818181819,0.6666666666666666,0.645093030512584,9
"['V4', 'V14', 'V16', 'V8', 'V21', 'V2']",0.581081081081081,0.7818181818181819,0.6666666666666666,0.6450712234315563,6
"['V14', 'V10', 'V8', 'V12', 'V21', 'V17', 'V2']",0.581081081081081,0.7962962962962963,0.671875,0.6450688072614119,7
"['V4', 'V14', 'V16', 'V8', 'V12', 'V21', 'V20', 'V17', 'V2']",0.5675675675675675,0.7924528301886793,0.6614173228346457,0.6450556938676396,9
"['V4', 'V14', 'V16', 'V8', 'V5', 'V12', 'V21', 'V2', 'V19']",0.5675675675675675,0.7924528301886793,0.6614173228346457,0.645009023814205,9
"['V4', 'V14', 'V16', 'V8', 'V5', 'V2', 'V19']",0.581081081081081,0.7818181818181819,0.6666666666666666,0.6449884883140524,7
"['V14', 'V10', 'V1', 'V2', 'V5', 'V3', 'V6', 'V8', 'V21', 'V9', 'V19']",0.5945945945945946,0.7719298245614035,0.6717557251908397,0.644985884833439,11
"['V4', 'V14', 'V10', 'V16', 'V5', 'V20', 'V2', 'V19']",0.5945945945945946,0.8,0.6821705426356589,0.6449372276002724,8
"['V14', 'V10', 'V16', 'V8', 'V5', 'V12', 'V20', 'V2']",0.581081081081081,0.7962962962962963,0.671875,0.644913796566838,8
"['V14', 'V10', 'V16', 'V8', 'V5', 'V12', 'V20', 'V17', 'V2']",0.5945945945945946,0.8,0.6821705426356589,0.6448874455671585,9
"['V4', 'V14', 'V10', 'V5', 'V21', 'V20', 'V2']",0.581081081081081,0.7166666666666667,0.6417910447761194,0.6448793053713228,7
"['V4', 'V14', 'V10', 'V16', 'V2']",0.581081081081081,0.7962962962962963,0.671875,0.6448235028241283,5
"['V4', 'V14', 'V10', 'V5', 'V12', 'V21', 'V20', 'V19']",0.5945945945945946,0.7719298245614035,0.6717557251908397,0.6448231211604509,8
"['V4', 'V14', 'V10', 'V8', 'V12', 'V20']",0.581081081081081,0.7413793103448276,0.6515151515151515,0.6447866365806844,6
"['V4', 'V14', 'V16', 'V8', 'V5', 'V21', 'V2']",0.581081081081081,0.7818181818181819,0.6666666666666666,0.6446588824040062,7
"['V14', 'V10', 'V8', 'V12', 'V21', 'V17', 'V2', 'V19']",0.581081081081081,0.7962962962962963,0.671875,0.644648291027619,8
"['V4', 'V14', 'V10', 'V16', 'V5', 'V20', 'V2']",0.5945945945945946,0.8,0.6821705426356589,0.6446432496068927,7
"['V14', 'V10', 'V8', 'V5', 'V12', 'V21', 'V17', 'V19']",0.581081081081081,0.7962962962962963,0.671875,0.6446368152739355,8
"['V4', 'V14', 'V10', 'V12', 'V21', 'V20', 'V19']",0.5675675675675675,0.7924528301886793,0.6614173228346457,0.6446229665027887,7
"['V4', 'V14', 'V10', 'V8', 'V12', 'V2']",0.581081081081081,0.7543859649122807,0.6564885496183206,0.6445879938120038,6
"['V14', 'V10', 'V16', 'V8', 'V5', 'V12', 'V20', 'V17', 'V2', 'V19']",0.5945945945945946,0.8,0.6821705426356589,0.6444911479529454,10
"['V14', 'V10', 'V16', 'V8', 'V5', 'V12', 'V20', 'V19']",0.581081081081081,0.7962962962962963,0.671875,0.6444844580406369,8
"['V4', 'V14', 'V10', 'V16', 'V5', 'V17', 'V2', 'V19']",0.6081081081081081,0.8035714285714286,0.6923076923076923,0.6444501585832285,8
"['V14', 'V10', 'V8', 'V17', 'V19']",0.581081081081081,0.7962962962962963,0.671875,0.6444486395623861,5
"['V14', 'V10', 'V8', 'V5', 'V12', 'V21', 'V17']",0.581081081081081,0.7962962962962963,0.671875,0.644448419117334,7
"['V14', 'V10', 'V16', 'V8', 'V5', 'V12', 'V20', 'V17']",0.581081081081081,0.7962962962962963,0.671875,0.6443434358532233,8
"['V14', 'V10', 'V8', 'V17', 'V2']",0.5675675675675675,0.7924528301886793,0.6614173228346457,0.6443327868409083,5
"['V4', 'V14', 'V10', 'V8', 'V12', 'V20', 'V2']",0.581081081081081,0.7413793103448276,0.6515151515151515,0.6443285658727513,7
"['V4', 'V14', 'V10', 'V21', 'V20', 'V19']",0.5540540540540541,0.7454545454545455,0.6356589147286822,0.6443161658336689,6
"['V14', 'V10', 'V16', 'V8', 'V5', 'V12', 'V20']",0.581081081081081,0.7962962962962963,0.671875,0.644309508341396,7
"['V14', 'V10', 'V16', 'V8', 'V5', 'V12', 'V20', 'V17', 'V19']",0.581081081081081,0.7962962962962963,0.671875,0.6442773404688277,9
"['V14', 'V10', 'V8', 'V17', 'V2', 'V19']",0.5675675675675675,0.7924528301886793,0.6614173228346457,0.6442708459188065,6
"['V4', 'V14', 'V10', 'V12', 'V21', 'V20']",0.581081081081081,0.7288135593220338,0.6466165413533834,0.6442685995356294,6
"['V4', 'V14', 'V16', 'V8', 'V5', 'V17', 'V2', 'V19']",0.581081081081081,0.7818181818181819,0.6666666666666666,0.6442474259370108,8
"['V4', 'V14', 'V16', 'V8', 'V12', 'V20', 'V2', 'V19']",0.581081081081081,0.7818181818181819,0.6666666666666666,0.6442450346923483,8
"['V4', 'V14', 'V10', 'V5', 'V12', 'V21', 'V17', 'V19']",0.581081081081081,0.7962962962962963,0.671875,0.6441415572456546,8
"['V4', 'V14', 'V10', 'V8', 'V20', 'V2']",0.5540540540540541,0.7068965517241379,0.6212121212121212,0.6441347810793783,6
"['V14', 'V10', 'V16', 'V8', 'V5', 'V12']",0.5945945945945946,0.8,0.6821705426356589,0.6440692985093023,6
"['V4', 'V14', 'V10', 'V8', 'V12', 'V20', 'V2', 'V19']",0.581081081081081,0.7962962962962963,0.671875,0.6440347335834821,8
"['V4', 'V14', 'V10', 'V5', 'V20', 'V17', 'V2', 'V19']",0.5945945945945946,0.8,0.6821705426356589,0.6440130965104124,8
"['V4', 'V14', 'V10', 'V8', 'V12']",0.581081081081081,0.7413793103448276,0.6515151515151515,0.6440128200366383,5
"['V4', 'V14', 'V10', 'V16', 'V20', 'V2']",0.581081081081081,0.7962962962962963,0.671875,0.6439891768549639,6
"['V4', 'V14', 'V10', 'V12', 'V21']",0.581081081081081,0.7288135593220338,0.6466165413533834,0.6439804129674459,5
"['V4', 'V14', 'V8', 'V5', 'V12', 'V21', 'V17', 'V2']",0.5675675675675675,0.7924528301886793,0.6614173228346457,0.6439796430337212,8
"['V4', 'V14', 'V10', 'V5', 'V17', 'V2', 'V19']",0.5945945945945946,0.7857142857142857,0.676923076923077,0.6439661185467285,7
"['V14', 'V10', 'V1', 'V2', 'V5', 'V3', 'V6', 'V8', 'V21', 'V9', 'V7']",0.5945945945945946,0.7586206896551724,0.6666666666666666,0.6439173033559594,11
"['V4', 'V14', 'V10', 'V16', 'V20']",0.581081081081081,0.7962962962962963,0.671875,0.6439104185576225,5
"['V4', 'V14', 'V10', 'V16', 'V5', 'V12', 'V20', 'V17', 'V2', 'V19']",0.5945945945945946,0.8,0.6821705426356589,0.6438670244395092,10
"['V4', 'V14', 'V10', 'V16', 'V5', 'V20', 'V17', 'V2', 'V19']",0.5945945945945946,0.8,0.6821705426356589,0.6438575295349113,9
"['V4', 'V14', 'V16', 'V8', 'V20', 'V17', 'V2', 'V19']",0.581081081081081,0.7818181818181819,0.6666666666666666,0.6438253027598586,8
"['V4', 'V14', 'V16', 'V8', 'V2']",0.581081081081081,0.7818181818181819,0.6666666666666666,0.6438182449094522,5
"['V14', 'V10', 'V8', 'V5', 'V12', 'V21', 'V17', 'V2']",0.581081081081081,0.7962962962962963,0.671875,0.6437731060633807,8
"['V14', 'V10', 'V8', 'V5', 'V12', 'V21', 'V17', 'V2', 'V19']",0.581081081081081,0.7962962962962963,0.671875,0.6437664357067742,9
"['V4', 'V14', 'V8', 'V5', 'V12', 'V21', 'V17', 'V2', 'V19']",0.5675675675675675,0.7924528301886793,0.6614173228346457,0.6437273414839617,9
"['V4', 'V14', 'V10', 'V16', 'V20', 'V17', 'V2', 'V19']",0.5675675675675675,0.7924528301886793,0.6614173228346457,0.6437233774249598,8
"['V4', 'V14', 'V10', 'V8', 'V2', 'V19']",0.5675675675675675,0.7241379310344828,0.6363636363636364,0.6437172651750617,6
"['V14', 'V10', 'V8', 'V5', 'V17', 'V19']",0.5945945945945946,0.8,0.6821705426356589,0.6436918689584079,6
"['V4', 'V14', 'V10', 'V12', 'V21', 'V20', 'V2', 'V19']",0.5675675675675675,0.7777777777777778,0.65625,0.6436811674960137,8
"['V4', 'V14', 'V10', 'V8', 'V12', 'V20', 'V19']",0.581081081081081,0.7962962962962963,0.671875,0.6436712459279194,7
"['V14', 'V10', 'V8', 'V5', 'V17']",0.5945945945945946,0.8,0.6821705426356589,0.643654982675614,5
"['V4', 'V14', 'V10', 'V16', 'V5', 'V19']",0.581081081081081,0.7962962962962963,0.671875,0.6436088610006557,6
"['V4', 'V14', 'V16', 'V8', 'V12', 'V2']",0.5675675675675675,0.7777777777777778,0.65625,0.6435900628638518,6
"['V4', 'V14', 'V16', 'V8', 'V2', 'V19']",0.581081081081081,0.7818181818181819,0.6666666666666666,0.6435839896254589,6
"['V4', 'V14', 'V10', 'V5', 'V12', 'V21', 'V17']",0.581081081081081,0.7962962962962963,0.671875,0.6435824381046177,7
"['V14', 'V10', 'V16', 'V8', 'V12', 'V20']",0.5675675675675675,0.7924528301886793,0.6614173228346457,0.643541697009821,6
"['V4', 'V14', 'V10', 'V5', 'V12', 'V21', 'V20', 'V2', 'V19']",0.581081081081081,0.7288135593220338,0.6466165413533834,0.6435346390298389,9
"['V4', 'V14', 'V10', 'V16', 'V2', 'V19']",0.581081081081081,0.7962962962962963,0.671875,0.6435132766165603,6
"['V4', 'V14', 'V10', 'V16', 'V5', 'V2', 'V19']",0.6081081081081081,0.8035714285714286,0.6923076923076923,0.6434963574231913,7
"['V4', 'V14', 'V16', 'V8', 'V20', 'V2', 'V19']",0.581081081081081,0.7818181818181819,0.6666666666666666,0.6434899193657287,7
"['V4', 'V14', 'V10', 'V16', 'V5']",0.581081081081081,0.7962962962962963,0.671875,0.6434896201809471,5
"['V4', 'V14', 'V10', 'V21', 'V19']",0.5540540540540541,0.7454545454545455,0.6356589147286822,0.6434758005354301,5
"['V4', 'V14', 'V10', 'V12', 'V21', 'V20', 'V2']",0.581081081081081,0.7962962962962963,0.671875,0.6434755580434074,7
"['V4', 'V14', 'V10', 'V8', 'V5', 'V12', 'V2']",0.581081081081081,0.7166666666666667,0.6417910447761194,0.6434135806434033,7
"['V4', 'V14', 'V16', 'V8', 'V5', 'V20', 'V17', 'V2']",0.581081081081081,0.7818181818181819,0.6666666666666666,0.6434110480496432,8
"['V4', 'V14', 'V10', 'V16', 'V5', 'V20', 'V17', 'V2']",0.5945945945945946,0.8,0.6821705426356589,0.6434084000256087,8
"['V4', 'V14', 'V10', 'V16', 'V20', 'V19']",0.581081081081081,0.7962962962962963,0.671875,0.6433934950537865,6
"['V4', 'V14', 'V10', 'V12', 'V21', 'V2']",0.5675675675675675,0.75,0.6461538461538462,0.6433902822108393,6
"['V4', 'V14', 'V10', 'V16', 'V19']",0.581081081081081,0.7962962962962963,0.671875,0.6433411244128165,5
"['V4', 'V14', 'V10', 'V8', 'V12', 'V2', 'V19']",0.581081081081081,0.7962962962962963,0.671875,0.643320356513044,7
"['V4', 'V14', 'V16', 'V8', 'V5', 'V21', 'V20', 'V2']",0.581081081081081,0.7818181818181819,0.6666666666666666,0.6432790418034331,8
"['V4', 'V14', 'V10', 'V16', 'V5', 'V12', 'V20', 'V2']",0.5945945945945946,0.8,0.6821705426356589,0.6432619576266939,8
"['V4', 'V14', 'V10', 'V8', 'V5', 'V12', 'V20', 'V2', 'V19']",0.581081081081081,0.7288135593220338,0.6466165413533834,0.643257110051079,9
"['V4', 'V14', 'V8', 'V12', 'V21', 'V20', 'V17', 'V2']",0.5675675675675675,0.7924528301886793,0.6614173228346457,0.643231971088582,8
"['V4', 'V14', 'V16', 'V8', 'V5', 'V17', 'V2']",0.581081081081081,0.7818181818181819,0.6666666666666666,0.6431987535738117,7
"['V14', 'V10', 'V16', 'V8', 'V12', 'V20', 'V19']",0.5675675675675675,0.7924528301886793,0.6614173228346457,0.6431857848403213,7
"['V4', 'V14', 'V10', 'V16', 'V5', 'V20']",0.5945945945945946,0.8,0.6821705426356589,0.6431797374385871,6
"['V4', 'V14', 'V10', 'V5', 'V20', 'V17', 'V2']",0.5945945945945946,0.8,0.6821705426356589,0.6431763190092333,7
"['V14', 'V10', 'V16', 'V8', 'V5', 'V12', 'V17', 'V2', 'V19']",0.5945945945945946,0.8,0.6821705426356589,0.6431242022701846,9
"['V4', 'V14', 'V16', 'V8', 'V19']",0.581081081081081,0.7818181818181819,0.6666666666666666,0.6431171472527436,5
"['V4', 'V14', 'V10', 'V16', 'V5', 'V20', 'V19']",0.581081081081081,0.7962962962962963,0.671875,0.6430699095483777,7
"['V14', 'V10', 'V8', 'V5', 'V20', 'V17']",0.5945945945945946,0.8,0.6821705426356589,0.6430461362162666,6
"['V4', 'V14', 'V16', 'V8', 'V20', 'V17', 'V2']",0.581081081081081,0.7818181818181819,0.6666666666666666,0.6430414858829692,7
"['V4', 'V14', 'V10', 'V16', 'V12', 'V2', 'V19']",0.581081081081081,0.7962962962962963,0.671875,0.6430257539807391,7
"['V4', 'V14', 'V8', 'V5', 'V12', 'V21', 'V20', 'V17', 'V2']",0.581081081081081,0.7962962962962963,0.671875,0.6430241403402132,9
"['V4', 'V14', 'V10', 'V16', 'V20', 'V2', 'V19']",0.581081081081081,0.7962962962962963,0.671875,0.6430226521852458,7
"['V4', 'V14', 'V10', 'V16', 'V12', 'V20', 'V19']",0.581081081081081,0.7962962962962963,0.671875,0.6429593921001985,7
"['V4', 'V14', 'V10', 'V16']",0.581081081081081,0.7962962962962963,0.671875,0.6428888860713979,4
"['V4', 'V14', 'V8', 'V21', 'V17', 'V2']",0.581081081081081,0.7962962962962963,0.671875,0.6428712869483407,6
"['V4', 'V14', 'V10', 'V16', 'V20', 'V17', 'V2']",0.5675675675675675,0.7924528301886793,0.6614173228346457,0.6428622634045987,7
"['V4', 'V14', 'V8', 'V12', 'V21', 'V20', 'V17', 'V2', 'V19']",0.5675675675675675,0.7924528301886793,0.6614173228346457,0.6428238534490184,9
"['V4', 'V14', 'V10', 'V20', 'V17', 'V2']",0.5675675675675675,0.7924528301886793,0.6614173228346457,0.6428216149805026,6
"['V4', 'V14', 'V8', 'V5', 'V12', 'V21', 'V20', 'V17', 'V2', 'V19']",0.581081081081081,0.7962962962962963,0.671875,0.6428025076662327,10
"['V4', 'V14', 'V10', 'V16', 'V5', 'V12', 'V20', 'V2', 'V19']",0.5945945945945946,0.8,0.6821705426356589,0.6427774349220208,9
"['V14', 'V10', 'V16', 'V8', 'V5', 'V12', 'V2']",0.581081081081081,0.7962962962962963,0.671875,0.642744342749213,7
"['V4', 'V14', 'V8', 'V5', 'V12', 'V21', 'V20', 'V17', 'V19']",0.581081081081081,0.7962962962962963,0.671875,0.6427166357731858,9
"['V4', 'V14', 'V8', 'V5', 'V21', 'V17', 'V19']",0.581081081081081,0.7678571428571429,0.6615384615384615,0.6427024001825179,7
"['V14', 'V10', 'V8', 'V5', 'V12', 'V21', 'V20', 'V2', 'V19']",0.581081081081081,0.7962962962962963,0.671875,0.6426918688317815,9
"['V4', 'V14', 'V10', 'V5', 'V21', 'V20']",0.581081081081081,0.7166666666666667,0.6417910447761194,0.6426690552553364,6
"['V14', 'V10', 'V8', 'V5', 'V20', 'V17', 'V19']",0.5945945945945946,0.8,0.6821705426356589,0.6426511889939941,7
"['V4', 'V14', 'V10', 'V16', 'V12', 'V19']",0.5675675675675675,0.7924528301886793,0.6614173228346457,0.6426420468655367,6
"['V4', 'V14', 'V10', 'V16', 'V12', 'V20']",0.5675675675675675,0.7924528301886793,0.6614173228346457,0.6426233179847974,6
"['V4', 'V14', 'V8', 'V21', 'V20', 'V17']",0.581081081081081,0.7818181818181819,0.6666666666666666,0.6425954131605232,6
"['V4', 'V14', 'V10', 'V8', 'V2']",0.5540540540540541,0.7068965517241379,0.6212121212121212,0.6425799026492962,5
"['V4', 'V14', 'V10', 'V8', 'V5', 'V12', 'V2', 'V19']",0.581081081081081,0.7288135593220338,0.6466165413533834,0.6425643945070053,8
"['V4', 'V14', 'V8', 'V5', 'V21', 'V17', 'V2']",0.581081081081081,0.7962962962962963,0.671875,0.6425383740728552,7
"['V4', 'V14', 'V16', 'V8', 'V12', 'V17', 'V2']",0.5675675675675675,0.7777777777777778,0.65625,0.6425228942646177,7
"['V4', 'V14', 'V10', 'V16', 'V5', 'V17', 'V2']",0.5945945945945946,0.8,0.6821705426356589,0.6425018577545988,7
"['V4', 'V14', 'V16', 'V8', 'V20', 'V2']",0.581081081081081,0.7818181818181819,0.6666666666666666,0.6424908389500861,6
"['V4', 'V14', 'V10', 'V16', 'V17', 'V2', 'V19']",0.5675675675675675,0.7924528301886793,0.6614173228346457,0.642482937808203,7
"['V4', 'V14', 'V10', 'V16', 'V12', 'V2']",0.581081081081081,0.7962962962962963,0.671875,0.6424731911371923,6
"['V4', 'V14', 'V16', 'V8', 'V12', 'V19']",0.5675675675675675,0.7777777777777778,0.65625,0.642447045585033,6
"['V4', 'V14', 'V10', 'V8', 'V5', 'V12', 'V20']",0.581081081081081,0.7413793103448276,0.6515151515151515,0.6424407484791732,7
"['V4', 'V14', 'V8', 'V12', 'V21', 'V20', 'V17']",0.5675675675675675,0.7924528301886793,0.6614173228346457,0.6423983221374892,7
"['V4', 'V14', 'V8', 'V5', 'V21', 'V20', 'V17', 'V2']",0.581081081081081,0.7818181818181819,0.6666666666666666,0.6423938450212802,8
"['V4', 'V14', 'V8', 'V21', 'V20', 'V17', 'V2', 'V19']",0.581081081081081,0.7818181818181819,0.6666666666666666,0.6423843568743243,8
"['V4', 'V14', 'V8', 'V5', 'V21', 'V20', 'V17', 'V19']",0.581081081081081,0.7678571428571429,0.6615384615384615,0.6423739593274149,8
"['V4', 'V14', 'V10', 'V5', 'V12', 'V21', 'V20']",0.581081081081081,0.7288135593220338,0.6466165413533834,0.6423639363932281,7
"['V4', 'V14', 'V8', 'V21', 'V17', 'V2', 'V19']",0.581081081081081,0.7962962962962963,0.671875,0.6423547639172742,7
"['V14', 'V10', 'V1', 'V2', 'V5', 'V3', 'V6', 'V8', 'V21', 'V9', 'V20']",0.5945945945945946,0.7457627118644068,0.6616541353383458,0.6423459396003196,11
"['V4', 'V14', 'V8', 'V5', 'V21', 'V20', 'V17']",0.581081081081081,0.7678571428571429,0.6615384615384615,0.6423447465015859,7
"['V4', 'V14', 'V16', 'V8', 'V12', 'V20', 'V2']",0.5675675675675675,0.7777777777777778,0.65625,0.6423352793342992,7
"['V4', 'V14', 'V10', 'V16', 'V17', 'V19']",0.5675675675675675,0.7924528301886793,0.6614173228346457,0.6423222314791053,6
"['V14', 'V10', 'V1', 'V2', 'V5', 'V3', 'V6', 'V8', 'V21', 'V9', 'V11', 'V19']",0.5945945945945946,0.7719298245614035,0.6717557251908397,0.6423183097182625,12
"['V4', 'V14', 'V10', 'V16', 'V5', 'V20', 'V17', 'V19']",0.5945945945945946,0.8,0.6821705426356589,0.6423007559571637,8
"['V4', 'V14', 'V16', 'V8', 'V12', 'V20', 'V17', 'V2']",0.5675675675675675,0.7777777777777778,0.65625,0.6422646498125504,8
"['V14', 'V10', 'V8', 'V20', 'V17', 'V2']",0.5675675675675675,0.7924528301886793,0.6614173228346457,0.6422445646348923,6
"['V4', 'V14', 'V16', 'V8', 'V5', 'V12', 'V17', 'V2']",0.5675675675675675,0.7777777777777778,0.65625,0.6422423981087385,8
"['V4', 'V14', 'V8', 'V5', 'V21', 'V20', 'V17', 'V2', 'V19']",0.581081081081081,0.7818181818181819,0.6666666666666666,0.6422295346008665,9
"['V4', 'V14', 'V10', 'V16', 'V5', 'V2']",0.5945945945945946,0.8,0.6821705426356589,0.6422175125406058,6
"['V14', 'V10', 'V1', 'V2', 'V5', 'V3', 'V6', 'V8', 'V21', 'V9', 'V11', 'Amount']",0.6081081081081081,0.75,0.6716417910447762,0.642217221248291,12
"['V4', 'V14', 'V8', 'V21', 'V20', 'V17', 'V2']",0.581081081081081,0.7818181818181819,0.6666666666666666,0.6421793542681353,7
"['V4', 'V14', 'V8', 'V5', 'V21', 'V17', 'V2', 'V19']",0.581081081081081,0.7962962962962963,0.671875,0.6421790531598383,8
"['V4', 'V14', 'V10', 'V16', 'V5', 'V17', 'V19']",0.5945945945945946,0.8,0.6821705426356589,0.6421279508790265,7
"['V4', 'V14', 'V16', 'V8', 'V20', 'V17', 'V19']",0.581081081081081,0.7818181818181819,0.6666666666666666,0.6421223369699234,7
"['V4', 'V14', 'V10', 'V16', 'V12']",0.5675675675675675,0.7924528301886793,0.6614173228346457,0.6421221961583629,5
"['V4', 'V14', 'V10', 'V16', 'V5', 'V17']",0.5945945945945946,0.8,0.6821705426356589,0.6421210171747328,6
"['V14', 'V10', 'V1', 'V2', 'V5', 'V3', 'V6', 'V8', 'V21', 'V9']",0.6081081081081081,0.75,0.6716417910447762,0.6421091217284465,10
"['V4', 'V14', 'V10', 'V5', 'V17', 'V2']",0.5945945945945946,0.8,0.6821705426356589,0.6420919691533874,6
"['V4', 'V14', 'V10', 'V21']",0.5675675675675675,0.711864406779661,0.631578947368421,0.6420732753239892,4
"['V4', 'V14', 'V10', 'V16', 'V5', 'V12', 'V2']",0.5945945945945946,0.8,0.6821705426356589,0.6420667151048652,7
"['V4', 'V14', 'V8', 'V5', 'V21', 'V17']",0.581081081081081,0.7678571428571429,0.6615384615384615,0.6420480072731516,6
"['V4', 'V14', 'V8', 'V12', 'V21', 'V17', 'V2']",0.5675675675675675,0.7924528301886793,0.6614173228346457,0.6419524617637908,7
"['V14', 'V10', 'V16', 'V8', 'V12', 'V20', 'V17', 'V2', 'V19']",0.5675675675675675,0.7924528301886793,0.6614173228346457,0.6419404665361277,9
"['V4', 'V14', 'V8', 'V12', 'V21', 'V20', 'V17', 'V19']",0.5675675675675675,0.7924528301886793,0.6614173228346457,0.6419265645290724,8
"['V4', 'V14', 'V8', 'V5', 'V12', 'V21', 'V17']",0.5945945945945946,0.7857142857142857,0.676923076923077,0.6419188296046314,7
"['V4', 'V14', 'V10', 'V8', 'V12', 'V19']",0.581081081081081,0.7962962962962963,0.671875,0.6418987571816283,6
"['V4', 'V14', 'V16', 'V8']",0.581081081081081,0.7678571428571429,0.6615384615384615,0.6418879395989401,4
"['V14', 'V10', 'V8', 'V5', 'V12', 'V21', 'V2', 'V19']",0.581081081081081,0.7962962962962963,0.671875,0.6418816192020346,8
"['V14', 'V10', 'V16', 'V8', 'V5', 'V12', 'V2', 'V19']",0.581081081081081,0.7962962962962963,0.671875,0.6418554865721163,8
"['V4', 'V14', 'V10', 'V16', 'V20', 'V17']",0.5675675675675675,0.7924528301886793,0.6614173228346457,0.6418399926813582,6
"['V4', 'V14', 'V10', 'V16', 'V5', 'V12', 'V20', 'V17', 'V2']",0.581081081081081,0.7962962962962963,0.671875,0.6418267674138807,9
"['V4', 'V14', 'V8', 'V21', 'V20', 'V17', 'V19']",0.581081081081081,0.7818181818181819,0.6666666666666666,0.6418193975373945,7
"['V4', 'V14', 'V10', 'V5', 'V12', 'V21', 'V19']",0.5945945945945946,0.7719298245614035,0.6717557251908397,0.6418057695399414,7
"['V14', 'V10', 'V1', 'V2', 'V5', 'V3', 'V6', 'V8', 'V17']",0.5945945945945946,0.8,0.6821705426356589,0.6417961642739902,9
"['V4', 'V14', 'V16', 'V8', 'V5', 'V17', 'V19']",0.581081081081081,0.7678571428571429,0.6615384615384615,0.6417423518200994,7
"['V4', 'V14', 'V10', 'V16', 'V5', 'V12', 'V2', 'V19']",0.5945945945945946,0.8,0.6821705426356589,0.6417261547645048,8
"['V4', 'V14', 'V16', 'V8', 'V5']",0.581081081081081,0.7678571428571429,0.6615384615384615,0.6417182304967256,5
"['V4', 'V14', 'V16', 'V8', 'V5', 'V12', 'V20', 'V17', 'V2', 'V19']",0.5675675675675675,0.7777777777777778,0.65625,0.6417016778821488,10
"['V4', 'V14', 'V10', 'V16', 'V5', 'V20', 'V17']",0.5945945945945946,0.8,0.6821705426356589,0.6416988675313228,7
"['V4', 'V14', 'V10', 'V8', 'V20', 'V19']",0.581081081081081,0.7288135593220338,0.6466165413533834,0.6416926322135439,6
"['V4', 'V14', 'V10', 'V16', 'V20', 'V17', 'V19']",0.5675675675675675,0.7924528301886793,0.6614173228346457,0.6416502212928199,7
"['V4', 'V14', 'V10', 'V16', 'V17']",0.5675675675675675,0.7924528301886793,0.6614173228346457,0.6416472985962637,5
"['V4', 'V14', 'V10', 'V5', 'V12', 'V21', 'V2', 'V19']",0.581081081081081,0.7678571428571429,0.6615384615384615,0.6416343417033444,8
"['V4', 'V14', 'V10', 'V16', 'V12', 'V17', 'V2']",0.5675675675675675,0.7924528301886793,0.6614173228346457,0.6416275953512096,7
"['V14', 'V10', 'V8', 'V5', 'V12', 'V21', 'V19']",0.581081081081081,0.7962962962962963,0.671875,0.6416224234173129,7
"['V4', 'V14', 'V16', 'V8', 'V5', 'V12', 'V20', 'V17', 'V2']",0.5675675675675675,0.7777777777777778,0.65625,0.6416118572984788,9
"['V4', 'V14', 'V10', 'V8', 'V5', 'V12', 'V20', 'V2']",0.581081081081081,0.7166666666666667,0.6417910447761194,0.6415954831922094,8
"['V14', 'V10', 'V1', 'V2', 'V5', 'V3', 'V6', 'V8', 'V21', 'V9', 'V12']",0.5945945945945946,0.7719298245614035,0.6717557251908397,0.6415859495629644,11
"['V14', 'V10', 'V16', 'V8', 'V12', 'V20', 'V17', 'V2']",0.5675675675675675,0.7924528301886793,0.6614173228346457,0.6415857107702025,8
"['V14', 'V10', 'V1', 'V2', 'V5', 'V3', 'V6', 'V8', 'V21', 'V7']",0.5945945945945946,0.7719298245614035,0.6717557251908397,0.6415843397712276,10
"['V4', 'V14', 'V8', 'V5', 'V12', 'V21', 'V17', 'V19']",0.5945945945945946,0.8,0.6821705426356589,0.6415042033682803,8
"['V4', 'V14', 'V16', 'V8', 'V17', 'V19']",0.581081081081081,0.7818181818181819,0.6666666666666666,0.6415034640687319,6
"['V4', 'V14', 'V10', 'V16', 'V12', 'V20', 'V17']",0.5675675675675675,0.7924528301886793,0.6614173228346457,0.6414537824698894,7
"['V4', 'V14', 'V10', 'V16', 'V5', 'V12', 'V17', 'V2', 'V19']",0.5945945945945946,0.8,0.6821705426356589,0.6414495133370729,9
"['V4', 'V14', 'V8', 'V21', 'V17', 'V19']",0.581081081081081,0.7818181818181819,0.6666666666666666,0.6414445755851591,6
"['V4', 'V14', 'V16', 'V8', 'V5', 'V2']",0.581081081081081,0.7818181818181819,0.6666666666666666,0.6414242791445531,6
"['V4', 'V14', 'V16', 'V8', 'V12', 'V20', 'V17', 'V2', 'V19']",0.5675675675675675,0.7777777777777778,0.65625,0.6414142028540937,9
"['V4', 'V14', 'V10', 'V5', 'V21', 'V20', 'V19']",0.581081081081081,0.7288135593220338,0.6466165413533834,0.6413665657714636,7
"['V14', 'V10', 'V1', 'V2', 'V5', 'V3', 'V6', 'V8', 'V21', 'V9', 'Amount']",0.6081081081081081,0.75,0.6716417910447762,0.6413634213865006,11
"['V4', 'V14', 'V10', 'V16', 'V5', 'V12', 'V17', 'V19']",0.581081081081081,0.7962962962962963,0.671875,0.6413547495578233,8
"['V4', 'V14', 'V16', 'V8', 'V5', 'V19']",0.581081081081081,0.7818181818181819,0.6666666666666666,0.6412827987613258,6
"['V4', 'V14', 'V10', 'V5', 'V12', 'V21', 'V20', 'V2']",0.5675675675675675,0.7241379310344828,0.6363636363636364,0.641281631367191,8
"['V4', 'V14', 'V10', 'V5', 'V21', 'V2', 'V19']",0.581081081081081,0.7288135593220338,0.6466165413533834,0.6412703502528005,7
"['V4', 'V14', 'V10', 'V16', 'V5', 'V12', 'V20', 'V17', 'V19']",0.581081081081081,0.7962962962962963,0.671875,0.6412689217949229,9
"['V4', 'V14', 'V8', 'V12', 'V21', 'V17', 'V19']",0.581081081081081,0.7962962962962963,0.671875,0.6412657659074096,7
"['V4', 'V14', 'V8', 'V12', 'V21', 'V17', 'V2', 'V19']",0.5675675675675675,0.7924528301886793,0.6614173228346457,0.6412610092160925,8
"['V4', 'V14', 'V10', 'V8', 'V5', 'V20', 'V19']",0.5945945945945946,0.7333333333333333,0.6567164179104478,0.6412315947719291,7
"['V4', 'V14', 'V10', 'V8', 'V5', 'V2']",0.5675675675675675,0.711864406779661,0.631578947368421,0.6412256206428922,6
"['V4', 'V14', 'V8', 'V12', 'V21', 'V17']",0.581081081081081,0.7962962962962963,0.671875,0.6411807413851901,6
"['V4', 'V14', 'V16', 'V8', 'V5', 'V20', 'V2', 'V19']",0.581081081081081,0.7818181818181819,0.6666666666666666,0.6411715539088214,8
"['V4', 'V14', 'V16', 'V8', 'V5', 'V12', 'V20', 'V2']",0.5675675675675675,0.7777777777777778,0.65625,0.6410721466886129,8
"['V4', 'V14', 'V16', 'V8', 'V20', 'V19']",0.581081081081081,0.7818181818181819,0.6666666666666666,0.6410629077456192,6
"['V14', 'V10', 'V16', 'V8', 'V5', 'V12', 'V17', 'V19']",0.581081081081081,0.7962962962962963,0.671875,0.641060804616703,8
"['V4', 'V14', 'V10', 'V8', 'V5', 'V12', 'V20', 'V19']",0.581081081081081,0.7678571428571429,0.6615384615384615,0.6410541423913596,8
"['V4', 'V14', 'V10', 'V20', 'V17', 'V2', 'V19']",0.5675675675675675,0.7924528301886793,0.6614173228346457,0.6410384159326431,7
"['V4', 'V14', 'V10', 'V16', 'V5', 'V12', 'V17', 'V2']",0.5945945945945946,0.8,0.6821705426356589,0.6410138062375411,8
"['V4', 'V14', 'V10', 'V8', 'V5', 'V2', 'V19']",0.581081081081081,0.7288135593220338,0.6466165413533834,0.6409922442852055,7
"['V4', 'V14', 'V10', 'V8', 'V5', 'V20', 'V2', 'V19']",0.581081081081081,0.7288135593220338,0.6466165413533834,0.6409763518391192,8
"['V4', 'V14', 'V10', 'V16', 'V5', 'V12', 'V20', 'V17']",0.581081081081081,0.7962962962962963,0.671875,0.6409202638927748,8
"['V4', 'V14', 'V8', 'V21', 'V17']",0.581081081081081,0.7818181818181819,0.6666666666666666,0.6409162641576076,5
"['V14', 'V10', 'V8', 'V20', 'V17']",0.5675675675675675,0.7924528301886793,0.6614173228346457,0.6409074237188357,5
"['V14', 'V10', 'V8', 'V12', 'V21', 'V20', 'V19']",0.581081081081081,0.7962962962962963,0.671875,0.6408881768198219,7
"['V14', 'V10', 'V8', 'V5', 'V12', 'V21', 'V20', 'V19']",0.581081081081081,0.7962962962962963,0.671875,0.640876240655168,8
"['V4', 'V14', 'V10', 'V16', 'V5', 'V12', 'V19']",0.5945945945945946,0.8,0.6821705426356589,0.6408663518493071,7
"['V4', 'V14', 'V10', 'V16', 'V12', 'V20', 'V2', 'V19']",0.5675675675675675,0.7924528301886793,0.6614173228346457,0.640862679810512,8
"['V4', 'V14', 'V16', 'V8', 'V12']",0.581081081081081,0.7818181818181819,0.6666666666666666,0.6407851587830737,5
"['V14', 'V10', 'V1', 'V2', 'V5', 'V3', 'V6', 'V8', 'V21', 'V19']",0.5945945945945946,0.7719298245614035,0.6717557251908397,0.6407516171240363,10
"['V4', 'V14', 'V10', 'V16', 'V5', 'V12', 'V17']",0.581081081081081,0.7962962962962963,0.671875,0.6407177114802034,7
"['V4', 'V14', 'V16', 'V8', 'V20', 'V17']",0.581081081081081,0.7818181818181819,0.6666666666666666,0.640642031483227,6
"['V4', 'V14', 'V10', 'V16', 'V12', 'V17', 'V19']",0.581081081081081,0.7962962962962963,0.671875,0.6406415180527937,7
"['V4', 'V14', 'V10', 'V16', 'V5', 'V12']",0.581081081081081,0.7962962962962963,0.671875,0.6406145223844494,6
"['V4', 'V14', 'V10', 'V8', 'V5', 'V20', 'V2']",0.5675675675675675,0.711864406779661,0.631578947368421,0.6405748490134644,7
"['V4', 'V14', 'V16', 'V8', 'V5', 'V20', 'V2']",0.581081081081081,0.7818181818181819,0.6666666666666666,0.6405319615101185,7
"['V4', 'V14', 'V10', 'V16', 'V12', 'V20', 'V17', 'V19']",0.5675675675675675,0.7924528301886793,0.6614173228346457,0.6404880146360701,8
"['V4', 'V14', 'V10', 'V16', 'V12', 'V17', 'V2', 'V19']",0.5675675675675675,0.7924528301886793,0.6614173228346457,0.640479097912057,8
"['V4', 'V14', 'V10', 'V16', 'V17', 'V2']",0.5675675675675675,0.7924528301886793,0.6614173228346457,0.6404556061095937,6
"['V4', 'V14', 'V10', 'V16', 'V12', 'V17']",0.5675675675675675,0.7924528301886793,0.6614173228346457,0.6404350477238474,6
"['V4', 'V14', 'V10', 'V5', 'V12', 'V21']",0.581081081081081,0.7288135593220338,0.6466165413533834,0.6404151244676892,6
"['V4', 'V14', 'V10', 'V8', 'V20']",0.5675675675675675,0.711864406779661,0.631578947368421,0.6403614720102719,5
"['V4', 'V14', 'V16', 'V8', 'V5', 'V12', 'V2']",0.5675675675675675,0.7777777777777778,0.65625,0.6403372400688757,7
"['V4', 'V14', 'V10', 'V16', 'V5', 'V12', 'V20']",0.581081081081081,0.7962962962962963,0.671875,0.6402796557786136,7
"['V4', 'V14', 'V10', 'V5', 'V21', 'V19']",0.5945945945945946,0.7333333333333333,0.6567164179104478,0.6402674482447728,6
"['V4', 'V14', 'V10', 'V16', 'V5', 'V12', 'V20', 'V19']",0.5945945945945946,0.8,0.6821705426356589,0.6402582723412938,8
"['V14', 'V10', 'V1', 'V2', 'V5', 'V3', 'V6', 'V8', 'V21', 'V9', 'V11', 'V12']",0.5945945945945946,0.7719298245614035,0.6717557251908397,0.6402314782916089,12
"['V4', 'V14', 'V16', 'V8', 'V5', 'V20', 'V19']",0.581081081081081,0.7818181818181819,0.6666666666666666,0.6402025645186905,7
"['V14', 'V10', 'V21', 'V17', 'V19']",0.5675675675675675,0.7924528301886793,0.6614173228346457,0.6401950191849852,5
"['V14', 'V10', 'V1', 'V2', 'V5', 'V3', 'V6', 'V8', 'V21', 'V9', 'V11']",0.6081081081081081,0.75,0.6716417910447762,0.6400693834241761,11
"['V14', 'V10', 'V8', 'V5', 'V12', 'V21', 'V20']",0.581081081081081,0.7962962962962963,0.671875,0.6400451714156029,7
"['V4', 'V14', 'V16', 'V8', 'V5', 'V12', 'V20', 'V2', 'V19']",0.5675675675675675,0.7777777777777778,0.65625,0.6400445735985677,9
"['V4', 'V14', 'V10', 'V5', 'V12', 'V20', 'V17', 'V2', 'V19']",0.581081081081081,0.7962962962962963,0.671875,0.6400324374390673,9
"['V4', 'V14', 'V10', 'V17', 'V2', 'V19']",0.5675675675675675,0.7924528301886793,0.6614173228346457,0.6400005166429056,6
"['V14', 'V10', 'V1', 'V2', 'V5', 'V3', 'V6', 'V8', 'V7']",0.581081081081081,0.7678571428571429,0.6615384615384615,0.639953906323355,9
"['V14', 'V10', 'V8', 'V5', 'V12', 'V17', 'V2', 'V19']",0.581081081081081,0.7962962962962963,0.671875,0.6399213780762371,8
"['V4', 'V14', 'V16', 'V8', 'V5', 'V20', 'V17', 'V19']",0.581081081081081,0.7678571428571429,0.6615384615384615,0.6399101055917696,8
"['V4', 'V14', 'V16', 'V8', 'V20']",0.581081081081081,0.7818181818181819,0.6666666666666666,0.6399088685524961,5
"['V14', 'V10', 'V1', 'V2', 'V5', 'V3', 'V6', 'V8', 'V21', 'V9', 'V11', 'V20']",0.6081081081081081,0.75,0.6716417910447762,0.6399007704922013,12
"['V4', 'V14', 'V10', 'V8', 'V5', 'V20']",0.581081081081081,0.7166666666666667,0.6417910447761194,0.6398820333460968,6
"['V4', 'V14', 'V16', 'V8', 'V5', 'V12', 'V2', 'V19']",0.5675675675675675,0.7777777777777778,0.65625,0.6398516063888375,8
"['V4', 'V14', 'V10', 'V5', 'V20', 'V17', 'V19']",0.581081081081081,0.7818181818181819,0.6666666666666666,0.6398294843023845,7
"['V14', 'V10', 'V16', 'V21', 'V2']",0.581081081081081,0.7962962962962963,0.671875,0.6397408139315338,5
"['V4', 'V14', 'V10', 'V5', 'V12', 'V17', 'V2']",0.581081081081081,0.7962962962962963,0.671875,0.6397305055212523,7
"['V4', 'V14', 'V10', 'V16', 'V12', 'V20', 'V2']",0.5675675675675675,0.7924528301886793,0.6614173228346457,0.6397141082358695,7
"['V14', 'V10', 'V8', 'V5', 'V12', 'V17', 'V2']",0.581081081081081,0.7962962962962963,0.671875,0.639632975285908,7
"['V4', 'V14', 'V16', 'V8', 'V17']",0.5675675675675675,0.7636363636363637,0.6511627906976745,0.6396193888234555,5
"['V14', 'V10', 'V16', 'V8', 'V5', 'V12', 'V17']",0.581081081081081,0.7962962962962963,0.671875,0.6396127350018697,7
"['V14', 'V10', 'V21', 'V17']",0.5675675675675675,0.7924528301886793,0.6614173228346457,0.639580506089779,4
"['V4', 'V14', 'V10', 'V5', 'V12', 'V17', 'V2', 'V19']",0.581081081081081,0.7962962962962963,0.671875,0.6395791644420011,8
"['V14', 'V10', 'V8', 'V12', 'V17', 'V19']",0.581081081081081,0.7962962962962963,0.671875,0.63957489536112,6
"['V4', 'V14', 'V10', 'V5', 'V12', 'V20', 'V17', 'V2']",0.581081081081081,0.7962962962962963,0.671875,0.6395620745176361,8
"['V4', 'V14', 'V16', 'V8', 'V5', 'V20']",0.581081081081081,0.7818181818181819,0.6666666666666666,0.6395506028146085,6
"['V4', 'V14', 'V10', 'V5', 'V17']",0.581081081081081,0.7818181818181819,0.6666666666666666,0.6395149144688963,5
"['V14', 'V10', 'V8', 'V5', 'V12', 'V21', 'V2']",0.5945945945945946,0.7857142857142857,0.676923076923077,0.6394921438039278,7
"['V14', 'V10', 'V8', 'V5', 'V12', 'V21']",0.5945945945945946,0.7857142857142857,0.676923076923077,0.6394680930967278,6
"['V4', 'V14', 'V10', 'V5', 'V20', 'V17']",0.5945945945945946,0.7857142857142857,0.676923076923077,0.6394656413111877,6
"['V4', 'V14', 'V10', 'V20', 'V17']",0.5675675675675675,0.7924528301886793,0.6614173228346457,0.639459882906356,5
"['V4', 'V14', 'V10', 'V5', 'V12', 'V21', 'V2']",0.581081081081081,0.7413793103448276,0.6515151515151515,0.6394403773361826,7
"['V14', 'V10', 'V8', 'V5', 'V21', 'V2', 'V19']",0.581081081081081,0.7678571428571429,0.6615384615384615,0.6394394096310799,7
"['V4', 'V14', 'V10', 'V8', 'V5', 'V12', 'V19']",0.581081081081081,0.7288135593220338,0.6466165413533834,0.6394336825205066,7
"['V14', 'V10', 'V8', 'V20', 'V17', 'V2', 'V19']",0.5675675675675675,0.7924528301886793,0.6614173228346457,0.6394210899008406,7
"['V4', 'V14', 'V10', 'V17', 'V2']",0.5675675675675675,0.7924528301886793,0.6614173228346457,0.6393923477201432,5
"['V14', 'V10', 'V8', 'V5', 'V12', 'V20', 'V17', 'V2', 'V19']",0.5675675675675675,0.7924528301886793,0.6614173228346457,0.6393423470615134,9
"['V4', 'V14', 'V10', 'V5', 'V17', 'V19']",0.581081081081081,0.7818181818181819,0.6666666666666666,0.6393110286904091,6
"['V14', 'V10', 'V8', 'V12', 'V21', 'V2', 'V19']",0.581081081081081,0.7962962962962963,0.671875,0.6392937995301786,7
"['V14', 'V10', 'V8', 'V5', 'V12', 'V21', 'V20', 'V2']",0.581081081081081,0.7962962962962963,0.671875,0.639283393860146,8
"['V14', 'V10', 'V8', 'V4']",0.5675675675675675,0.711864406779661,0.631578947368421,0.6392722417349856,4
"['V4', 'V14', 'V10', 'V8']",0.5675675675675675,0.711864406779661,0.631578947368421,0.6392722417349856,4
"['V14', 'V10', 'V8', 'V5', 'V12', 'V20', 'V17', 'V2']",0.581081081081081,0.7962962962962963,0.671875,0.6392329390926528,8
"['V4', 'V14', 'V10', 'V8', 'V5']",0.581081081081081,0.7166666666666667,0.6417910447761194,0.639188727440686,5
"['V14', 'V10', 'V8', 'V20', 'V17', 'V19']",0.5675675675675675,0.7924528301886793,0.6614173228346457,0.6391675126805999,6
"['V14', 'V10', 'V8', 'V5', 'V21', 'V2']",0.5945945945945946,0.7457627118644068,0.6616541353383458,0.6390888791870174,6
"['V14', 'V10', 'V16', 'V5', 'V21', 'V20', 'V17', 'V2', 'V19']",0.5945945945945946,0.8,0.6821705426356589,0.639052263684185,9
"['V14', 'V10', 'V8', 'V12', 'V21']",0.581081081081081,0.7962962962962963,0.671875,0.6389933638929944,5
"['V14', 'V10', 'V5', 'V21', 'V20', 'V17', 'V19']",0.5945945945945946,0.8,0.6821705426356589,0.6389828230663502,7
"['V14', 'V10', 'V8', 'V12', 'V21', 'V20', 'V2', 'V19']",0.581081081081081,0.7962962962962963,0.671875,0.6389781772479505,8
"['V14', 'V10', 'V1', 'V2', 'V5', 'V3', 'V6', 'V8', 'V21']",0.6081081081081081,0.7627118644067796,0.6766917293233082,0.6389285176022191,9
"['V14', 'V10', 'V1', 'V2', 'V5', 'V3', 'V6', 'V8', 'V21', 'V20']",0.6081081081081081,0.75,0.6716417910447762,0.6388630693739442,10
"['V14', 'V10', 'V16', 'V5', 'V21', 'V17', 'V2', 'V19']",0.5945945945945946,0.8,0.6821705426356589,0.6388573485372716,8
"['V14', 'V10', 'V8', 'V12', 'V21', 'V19']",0.581081081081081,0.7962962962962963,0.671875,0.6388104397745462,6
"['V4', 'V14', 'V10', 'V8', 'V5', 'V12']",0.581081081081081,0.7413793103448276,0.6515151515151515,0.6388088544647155,6
"['V14', 'V10', 'V16', 'V5', 'V21', 'V20', 'V17', 'V2']",0.5945945945945946,0.8,0.6821705426356589,0.638793748100283,8
"['V14', 'V10', 'V8', 'V12', 'V21', 'V2']",0.581081081081081,0.7962962962962963,0.671875,0.6387913103758127,6
"['V14', 'V10', 'V16', 'V5', 'V21', 'V17', 'V2']",0.5945945945945946,0.8,0.6821705426356589,0.6387672803924879,7
"['V14', 'V10', 'V8', 'V19']",0.5675675675675675,0.7636363636363637,0.6511627906976745,0.638762760781543,4
"['V14', 'V10', 'V8', 'V19']",0.5675675675675675,0.7636363636363637,0.6511627906976745,0.638762760781543,4
"['V14', 'V10', 'V5', 'V21', 'V17']",0.5945945945945946,0.8,0.6821705426356589,0.6387337270385052,5
"['V4', 'V14', 'V10', 'V5', 'V12', 'V17']",0.581081081081081,0.7818181818181819,0.6666666666666666,0.6387212294246316,6
"['V4', 'V14', 'V10', 'V20', 'V17', 'V19']",0.5675675675675675,0.7924528301886793,0.6614173228346457,0.6386969940184536,6
"['V14', 'V10', 'V8', 'V5', 'V21', 'V20', 'V2', 'V19']",0.5945945945945946,0.7719298245614035,0.6717557251908397,0.6386933534986022,8
"['V4', 'V14', 'V10', 'V5', 'V12', 'V17', 'V19']",0.581081081081081,0.7818181818181819,0.6666666666666666,0.6386810882465177,7
"['V4', 'V14', 'V10', 'V17']",0.5675675675675675,0.7924528301886793,0.6614173228346457,0.6386740085972992,4
"['V14', 'V10', 'V1', 'V2', 'V5', 'V3', 'V6', 'V8', 'V21', 'V11']",0.5945945945945946,0.7586206896551724,0.6666666666666666,0.638652598579041,10
"['V14', 'V10', 'V8', 'V12', 'V17']",0.581081081081081,0.7962962962962963,0.671875,0.638589060327571,5
"['V4', 'V14', 'V10', 'V16', 'V12', 'V20', 'V17', 'V2', 'V19']",0.5675675675675675,0.7924528301886793,0.6614173228346457,0.6385718788859602,9
"['V14', 'V10', 'V1', 'V2', 'V8']",0.581081081081081,0.7413793103448276,0.6515151515151515,0.6385709108362297,5
"['V14', 'V10', 'V5', 'V21', 'V20', 'V17']",0.5945945945945946,0.8,0.6821705426356589,0.638561478596172,6
"['V4', 'V14', 'V10', 'V17', 'V19']",0.5675675675675675,0.7924528301886793,0.6614173228346457,0.6385410871183363,5
"['V4', 'V14', 'V10', 'V12', 'V17', 'V2']",0.5675675675675675,0.7924528301886793,0.6614173228346457,0.6384606837600665,6
"['V4', 'V14', 'V10', 'V12', 'V17', 'V2', 'V19']",0.5675675675675675,0.7924528301886793,0.6614173228346457,0.638420751141834,7
"['V4', 'V14', 'V10', 'V5', 'V21', 'V2']",0.581081081081081,0.7166666666666667,0.6417910447761194,0.6383220224044541,6
"['V4', 'V14', 'V10', 'V16', 'V12', 'V20', 'V17', 'V2']",0.5675675675675675,0.7924528301886793,0.6614173228346457,0.6383050684287761,8
"['V4', 'V14', 'V8', 'V5', 'V12', 'V21', 'V20', 'V17']",0.581081081081081,0.7962962962962963,0.671875,0.638260934377414,8
"['V4', 'V14', 'V10', 'V8', 'V19']",0.581081081081081,0.7166666666666667,0.6417910447761194,0.6382569433378722,5
"['V14', 'V10', 'V8', 'V5', 'V21', 'V19']",0.581081081081081,0.7678571428571429,0.6615384615384615,0.6382052929361895,6
"['V14', 'V10', 'V8', 'V12', 'V20', 'V17', 'V19']",0.5675675675675675,0.7924528301886793,0.6614173228346457,0.6381965517828925,7
"['V4', 'V14', 'V10', 'V5', 'V21']",0.581081081081081,0.7166666666666667,0.6417910447761194,0.638075727209039,5
"['V14', 'V10', 'V16', 'V5', 'V21', 'V20']",0.5945945945945946,0.8,0.6821705426356589,0.6380700616009227,6
"['V14', 'V10', 'V8', 'V21', 'V20', 'V19']",0.581081081081081,0.7678571428571429,0.6615384615384615,0.6380576202794433,6
"['V14', 'V10', 'V1', 'V2', 'V5', 'V3', 'V6', 'V8', 'V21', 'V12']",0.5945945945945946,0.8,0.6821705426356589,0.6379852505462372,10
"['V14', 'V10', 'V1', 'V2', 'V5', 'V3', 'V6', 'V8', 'V19']",0.581081081081081,0.7678571428571429,0.6615384615384615,0.6379676953475509,9
"['V14', 'V10', 'V16', 'V21', 'V20', 'V2']",0.581081081081081,0.7962962962962963,0.671875,0.6379354060429069,6
"['V14', 'V10', 'V8', 'V21', 'V2', 'V19']",0.581081081081081,0.7678571428571429,0.6615384615384615,0.6379085473536886,6
"['V14', 'V10', 'V8', 'V12', 'V17', 'V2', 'V19']",0.581081081081081,0.7962962962962963,0.671875,0.6379074691570884,7
"['V4', 'V14', 'V10', 'V8', 'V5', 'V19']",0.5945945945945946,0.7213114754098361,0.6518518518518519,0.6379049701435651,6
"['V4', 'V14', 'V16', 'V8', 'V5', 'V20', 'V17']",0.581081081081081,0.7678571428571429,0.6615384615384615,0.6379039709069403,7
"['V14', 'V10', 'V8', 'V12', 'V20', 'V17']",0.5675675675675675,0.7924528301886793,0.6614173228346457,0.6378749272332674,6
"['V14', 'V10', 'V8', 'V12', 'V21', 'V20', 'V2']",0.581081081081081,0.7962962962962963,0.671875,0.6378623845672577,7
"['V14', 'V10', 'V8', 'V12', 'V17', 'V2']",0.581081081081081,0.7962962962962963,0.671875,0.6378066345953981,6
"['V14', 'V10', 'V16', 'V5', 'V21', 'V20', 'V2', 'V19']",0.5945945945945946,0.8,0.6821705426356589,0.6378056808000396,8
"['V4', 'V14', 'V16', 'V21', 'V17', 'V19']",0.581081081081081,0.7962962962962963,0.671875,0.6377684077887626,6
"['V14', 'V10', 'V8', 'V12', 'V21', 'V20']",0.581081081081081,0.7962962962962963,0.671875,0.6377615297491347,6
"['V14', 'V10', 'V16', 'V5', 'V21', 'V20', 'V2']",0.5945945945945946,0.8,0.6821705426356589,0.6377567708117758,7
"['V14', 'V10', 'V8', 'V5', 'V12', 'V20', 'V17']",0.581081081081081,0.7962962962962963,0.671875,0.6377363166573099,7
"['V4', 'V14', 'V10', 'V12', 'V17']",0.5675675675675675,0.7924528301886793,0.6614173228346457,0.6376700697688817,5
"['V14', 'V10', 'V8', 'V5', 'V12', 'V17']",0.5675675675675675,0.7924528301886793,0.6614173228346457,0.6376454906679087,6
"['V14', 'V10', 'V8', 'V21', 'V19']",0.581081081081081,0.7678571428571429,0.6615384615384615,0.6376448046600447,5
"['V4', 'V14', 'V10', 'V12', 'V17', 'V19']",0.5675675675675675,0.7924528301886793,0.6614173228346457,0.6376247382530433,6
"['V14', 'V10', 'V1', 'V8']",0.581081081081081,0.7413793103448276,0.6515151515151515,0.6375765508644771,4
"['V14', 'V10', 'V8', 'V1']",0.581081081081081,0.7413793103448276,0.6515151515151515,0.6375765508644771,4
"['V14', 'V10', 'V16', 'V5', 'V12', 'V21', 'V20', 'V17', 'V19']",0.581081081081081,0.7962962962962963,0.671875,0.6374883102687319,9
"['V4', 'V14', 'V10', 'V12', 'V20', 'V17']",0.5675675675675675,0.7924528301886793,0.6614173228346457,0.6373899876284493,6
"['V14', 'V10', 'V8', 'V5', 'V12', 'V20', 'V17', 'V19']",0.581081081081081,0.7962962962962963,0.671875,0.6373861200191927,8
"['V4', 'V14', 'V10', 'V12', 'V20', 'V17', 'V19']",0.5675675675675675,0.7924528301886793,0.6614173228346457,0.6373754637187746,7
"['V4', 'V14', 'V16', 'V8', 'V12', 'V20']",0.581081081081081,0.7818181818181819,0.6666666666666666,0.6373394828960037,6
"['V4', 'V14', 'V8', 'V12', 'V17', 'V2', 'V19']",0.5675675675675675,0.7924528301886793,0.6614173228346457,0.6373321859824808,7
"['V14', 'V10', 'V8', 'V2', 'V19']",0.5675675675675675,0.7636363636363637,0.6511627906976745,0.637330187723099,5
"['V14', 'V10', 'V16', 'V5', 'V12', 'V21', 'V20']",0.581081081081081,0.7962962962962963,0.671875,0.6372972022829174,7
"['V4', 'V14', 'V16', 'V8', 'V12', 'V20', 'V19']",0.581081081081081,0.7818181818181819,0.6666666666666666,0.6372715214501034,7
"['V4', 'V14', 'V16', 'V12', 'V21', 'V20', 'V19']",0.5675675675675675,0.7924528301886793,0.6614173228346457,0.6372698466501651,7
"['V14', 'V10', 'V16', 'V21', 'V20', 'V2', 'V19']",0.581081081081081,0.7962962962962963,0.671875,0.6372679687475282,7
"['V14', 'V10', 'V1', 'V2', 'V5', 'V3', 'V8']",0.5945945945945946,0.7457627118644068,0.6616541353383458,0.6372349912373306,7
"['V14', 'V10', 'V8', 'V21', 'V20', 'V2', 'V19']",0.581081081081081,0.7678571428571429,0.6615384615384615,0.6372041412861309,7
"['V14', 'V10', 'V1', 'V2', 'V5', 'V3', 'V6', 'V8', 'V21', 'Amount']",0.5945945945945946,0.7719298245614035,0.6717557251908397,0.6371973894002146,10
"['V14', 'V10', 'V1', 'V2', 'V5', 'V3', 'V6', 'V8', 'V9']",0.5945945945945946,0.7457627118644068,0.6616541353383458,0.63717821221327,9
"['V14', 'V10', 'V8', 'V5', 'V12', 'V17', 'V19']",0.5675675675675675,0.7924528301886793,0.6614173228346457,0.6371713427309627,7
"['V4', 'V14', 'V10', 'V5', 'V12', 'V20', 'V17']",0.581081081081081,0.7962962962962963,0.671875,0.6371671397064503,7
"['V4', 'V14', 'V16', 'V5', 'V21', 'V20', 'V17', 'V19']",0.581081081081081,0.7962962962962963,0.671875,0.6371637607324194,8
"['V4', 'V14', 'V8', 'V5', 'V17', 'V2']",0.581081081081081,0.7818181818181819,0.6666666666666666,0.6371463463928352,6
"['V4', 'V14', 'V8', 'V12', 'V17', 'V2']",0.5675675675675675,0.7924528301886793,0.6614173228346457,0.6371410384238424,6
"['V14', 'V10', 'V16', 'V5', 'V12', 'V21']",0.581081081081081,0.7962962962962963,0.671875,0.6371006549179113,6
"['V14', 'V10', 'V16', 'V5', 'V12', 'V21', 'V19']",0.581081081081081,0.7962962962962963,0.671875,0.6370749653117173,7
"['V14', 'V10', 'V1', 'V2', 'V5', 'V8']",0.5945945945945946,0.7457627118644068,0.6616541353383458,0.6370358695836811,6
"['V14', 'V10', 'V8', 'V21', 'V2']",0.581081081081081,0.7413793103448276,0.6515151515151515,0.6370330883052867,5
"['V4', 'V14', 'V10', 'V5', 'V12', 'V20', 'V17', 'V19']",0.581081081081081,0.7962962962962963,0.671875,0.6370249672157872,8
"['V4', 'V14', 'V16', 'V21', 'V20', 'V17']",0.581081081081081,0.7962962962962963,0.671875,0.6369388258418165,6
"['V4', 'V14', 'V16', 'V21', 'V17']",0.581081081081081,0.7962962962962963,0.671875,0.6368970151054746,5
"['V4', 'V14', 'V10', 'V12', 'V20', 'V17', 'V2']",0.5675675675675675,0.7924528301886793,0.6614173228346457,0.6368181246752262,7
"['V14', 'V10', 'V16', 'V5', 'V12', 'V21', 'V20', 'V19']",0.581081081081081,0.7962962962962963,0.671875,0.6367932204246889,8
"['V14', 'V10', 'V1', 'V2', 'V5', 'V3', 'V4']",0.581081081081081,0.7166666666666667,0.6417910447761194,0.6367322624108097,7
"['V4', 'V14', 'V16', 'V8', 'V12', 'V17']",0.5675675675675675,0.7777777777777778,0.65625,0.6367233191586424,6
"['V4', 'V14', 'V8', 'V5', 'V17', 'V2', 'V19']",0.581081081081081,0.7818181818181819,0.6666666666666666,0.6366897875280448,7
"['V14', 'V10', 'V16', 'V5', 'V21', 'V20', 'V17', 'V19']",0.5945945945945946,0.8,0.6821705426356589,0.6366746751107302,8
"['V14', 'V10', 'V1', 'V2', 'V5', 'V3', 'V6', 'V8']",0.5945945945945946,0.7457627118644068,0.6616541353383458,0.6366668952311296,8
"['V14', 'V10', 'V16', 'V12', 'V21', 'V2']",0.581081081081081,0.7962962962962963,0.671875,0.6365500944754843,6
"['V14', 'V10', 'V1', 'V2', 'V5', 'V3', 'V6', 'V8', 'V20']",0.5945945945945946,0.7457627118644068,0.6616541353383458,0.6365473551644784,9
"['V14', 'V10', 'V16', 'V5', 'V21', 'V20', 'V19']",0.5945945945945946,0.8,0.6821705426356589,0.6365281933667299,7
"['V4', 'V14', 'V16', 'V5', 'V21', 'V20', 'V19']",0.581081081081081,0.7962962962962963,0.671875,0.6365113710200917,7
"['V4', 'V14', 'V16', 'V21', 'V20', 'V17', 'V19']",0.581081081081081,0.7962962962962963,0.671875,0.6365099715124538,7
"['V4', 'V14', 'V16', 'V12', 'V21']",0.5675675675675675,0.7924528301886793,0.6614173228346457,0.6364931125598472,5
"['V4', 'V14', 'V16', 'V5', 'V21', 'V19']",0.581081081081081,0.7962962962962963,0.671875,0.6364751713444545,6
"['V14', 'V10', 'V16', 'V5', 'V21', 'V2']",0.5945945945945946,0.8,0.6821705426356589,0.6364720160278178,6
"['V4', 'V14', 'V16', 'V8', 'V5', 'V17']",0.581081081081081,0.7678571428571429,0.6615384615384615,0.6364430917309315,6
"['V14', 'V10', 'V8', 'V9']",0.581081081081081,0.7413793103448276,0.6515151515151515,0.6363907383230542,4
"['V4', 'V14', 'V16', 'V21', 'V2', 'V19']",0.581081081081081,0.7962962962962963,0.671875,0.6363603232150932,6
"['V14', 'V10', 'V8', 'V5', 'V21', 'V20', 'V2']",0.5945945945945946,0.7457627118644068,0.6616541353383458,0.6363356483309767,7
"['V14', 'V10', 'V8', 'V5', 'V21', 'V20', 'V19']",0.581081081081081,0.7678571428571429,0.6615384615384615,0.6363092798625885,7
"['V4', 'V14', 'V16', 'V8', 'V5', 'V12']",0.581081081081081,0.7962962962962963,0.671875,0.6363064672075743,6
"['V4', 'V14', 'V10', 'V12', 'V20', 'V17', 'V2', 'V19']",0.5675675675675675,0.7924528301886793,0.6614173228346457,0.6363064099618763,8
"['V14', 'V10', 'V16', 'V5', 'V21']",0.5945945945945946,0.8,0.6821705426356589,0.6362944765386771,5
"['V14', 'V10', 'V16', 'V5', 'V12', 'V21', 'V20', 'V17', 'V2']",0.5945945945945946,0.8,0.6821705426356589,0.6362842769041698,9
"['V4', 'V14', 'V16', 'V8', 'V12', 'V17', 'V19']",0.5675675675675675,0.7777777777777778,0.65625,0.6362665894088724,7
"['V14', 'V10', 'V8', 'V21']",0.581081081081081,0.7543859649122807,0.6564885496183206,0.6362493135897894,4
"['V14', 'V10', 'V8', 'V21']",0.581081081081081,0.7543859649122807,0.6564885496183206,0.6362493135897894,4
"['V4', 'V14', 'V16', 'V21', 'V20', 'V17', 'V2', 'V19']",0.581081081081081,0.7962962962962963,0.671875,0.6362175690427815,8
"['V14', 'V10', 'V16', 'V5', 'V21', 'V20', 'V17']",0.5945945945945946,0.8,0.6821705426356589,0.6361385486760132,7
"['V14', 'V10', 'V16', 'V5', 'V21', 'V19']",0.5945945945945946,0.8,0.6821705426356589,0.636121422285166,6
"['V4', 'V14', 'V16', 'V21', 'V2']",0.581081081081081,0.7962962962962963,0.671875,0.6361213219741398,5
"['V14', 'V10', 'V16', 'V5', 'V21', 'V2', 'V19']",0.5945945945945946,0.8,0.6821705426356589,0.6360637017318979,7
"['V4', 'V10', 'V16', 'V8', 'V5', 'V12', 'V21', 'V20', 'V2', 'V19']",0.5675675675675675,0.7924528301886793,0.6614173228346457,0.6360544951615936,10
"['V14', 'V10', 'V16', 'V5', 'V12', 'V21', 'V20', 'V17']",0.581081081081081,0.7962962962962963,0.671875,0.6360473477422189,8
"['V14', 'V10', 'V16', 'V21', 'V20', 'V19']",0.5675675675675675,0.7924528301886793,0.6614173228346457,0.6360452630716698,6
"['V14', 'V10', 'V8', 'V7']",0.581081081081081,0.7413793103448276,0.6515151515151515,0.6360401900935482,4
"['V14', 'V10', 'V16', 'V5', 'V21', 'V17']",0.5945945945945946,0.8,0.6821705426356589,0.6360377775646519,6
"['V14', 'V10', 'V16', 'V21', 'V20']",0.5675675675675675,0.7924528301886793,0.6614173228346457,0.6360293964079712,5
"['V4', 'V14', 'V16', 'V8', 'V5', 'V12', 'V19']",0.581081081081081,0.7818181818181819,0.6666666666666666,0.6360041336258955,7
"['V14', 'V10', 'V5', 'V21', 'V17', 'V19']",0.5945945945945946,0.8,0.6821705426356589,0.6359453881578433,6
"['V4', 'V14', 'V21', 'V17']",0.581081081081081,0.7818181818181819,0.6666666666666666,0.635890073713716,4
"['V14', 'V10', 'V5', 'V21', 'V20', 'V17', 'V2', 'V19']",0.5945945945945946,0.8,0.6821705426356589,0.6358414268560613,8
"['V4', 'V14', 'V16', 'V5', 'V21', 'V20', 'V17', 'V2', 'V19']",0.581081081081081,0.7962962962962963,0.671875,0.635838214506874,9
"['V4', 'V14', 'V16', 'V5', 'V21', 'V17']",0.581081081081081,0.7818181818181819,0.6666666666666666,0.6358343227208769,6
"['V14', 'V10', 'V16', 'V5', 'V12', 'V21', 'V20', 'V17', 'V2', 'V19']",0.5945945945945946,0.8,0.6821705426356589,0.6357941634869745,10
"['V4', 'V14', 'V16', 'V21', 'V19']",0.581081081081081,0.7962962962962963,0.671875,0.6357909425109144,5
"['V4', 'V14', 'V16', 'V21', 'V20', 'V17', 'V2']",0.581081081081081,0.7962962962962963,0.671875,0.6357863140137179,7
"['V4', 'V14', 'V16', 'V5', 'V21', 'V17', 'V19']",0.581081081081081,0.7962962962962963,0.671875,0.6357853487485433,7
"['V14', 'V10', 'V16', 'V21', 'V20', 'V17', 'V19']",0.5675675675675675,0.7924528301886793,0.6614173228346457,0.6357400419649059,7
"['V14', 'V10', 'V16', 'V21', 'V17', 'V19']",0.5675675675675675,0.7924528301886793,0.6614173228346457,0.6357287310223525,6
"['V4', 'V14', 'V16', 'V8', 'V5', 'V12', 'V20', 'V17', 'V19']",0.581081081081081,0.7818181818181819,0.6666666666666666,0.6356907516783689,9
"['V14', 'V10', 'V16', 'V21', 'V20', 'V17', 'V2']",0.581081081081081,0.7962962962962963,0.671875,0.6356649927513089,7
"['V14', 'V10', 'V16', 'V5', 'V12', 'V21', 'V17']",0.581081081081081,0.7962962962962963,0.671875,0.6356424453737702,7
"['V4', 'V14', 'V10', 'V12', 'V20', 'V2', 'V19']",0.581081081081081,0.7818181818181819,0.6666666666666666,0.6356374717135119,7
"['V4', 'V14', 'V16', 'V8', 'V12', 'V20', 'V17']",0.5675675675675675,0.7777777777777778,0.65625,0.6356308660850378,7
"['V14', 'V10', 'V8', 'V5', 'V21']",0.5945945945945946,0.7586206896551724,0.6666666666666666,0.6356265622486871,5
"['V14', 'V10', 'V16', 'V5', 'V21', 'V17', 'V19']",0.5945945945945946,0.8,0.6821705426356589,0.6356261355416962,7
"['V4', 'V14', 'V16', 'V5', 'V21', 'V17', 'V2', 'V19']",0.581081081081081,0.7962962962962963,0.671875,0.6356191083708453,8
"['V4', 'V14', 'V8', 'V17', 'V2', 'V19']",0.5540540540540541,0.7735849056603774,0.6456692913385826,0.6356085763633115,6
"['V14', 'V10', 'V16', 'V21', 'V20', 'V17']",0.5675675675675675,0.7924528301886793,0.6614173228346457,0.6356028461286456,6
"['V14', 'V10', 'V16', 'V12', 'V21', 'V2', 'V19']",0.581081081081081,0.7962962962962963,0.671875,0.6355883908445555,7
"['V14', 'V10', 'V16', 'V21', 'V17']",0.5675675675675675,0.7924528301886793,0.6614173228346457,0.6355816646032305,5
"['V14', 'V10', 'V16', 'V21', 'V2', 'V19']",0.581081081081081,0.7962962962962963,0.671875,0.6355693876529207,6
"['V4', 'V14', 'V16', 'V5', 'V21']",0.581081081081081,0.7962962962962963,0.671875,0.6355607001981568,5
"['V14', 'V10', 'V16', 'V5', 'V12', 'V21', 'V20', 'V2']",0.581081081081081,0.7962962962962963,0.671875,0.6355076834913915,8
"['V14', 'V10', 'V5', 'V12', 'V21', 'V17', 'V2']",0.5945945945945946,0.8,0.6821705426356589,0.6354807461790527,7
"['V4', 'V14', 'V16', 'V21', 'V20', 'V19']",0.581081081081081,0.7962962962962963,0.671875,0.6354603093802917,6
"['V4', 'V14', 'V16', 'V8', 'V12', 'V20', 'V17', 'V19']",0.5675675675675675,0.7777777777777778,0.65625,0.6354572653265336,8
"['V14', 'V10', 'V5', 'V21', 'V20', 'V17', 'V2']",0.5945945945945946,0.8,0.6821705426356589,0.635411604249486,7
"['V14', 'V10', 'V8', 'V21', 'V20', 'V2']",0.5945945945945946,0.7457627118644068,0.6616541353383458,0.6353959402587336,6
"['V4', 'V14', 'V8', 'V5', 'V20', 'V17', 'V2', 'V19']",0.581081081081081,0.7818181818181819,0.6666666666666666,0.6353880415001107,8
"['V14', 'V10', 'V5', 'V12', 'V21', 'V17', 'V2', 'V19']",0.5945945945945946,0.8,0.6821705426356589,0.6353707320468063,8
"['V4', 'V14', 'V16', 'V5', 'V21', 'V2']",0.581081081081081,0.7962962962962963,0.671875,0.6353580321338026,6
"['V14', 'V10', 'V16', 'V21', 'V17', 'V2', 'V19']",0.581081081081081,0.7962962962962963,0.671875,0.6353556864984747,7
"['V4', 'V14', 'V16', 'V8', 'V5', 'V12', 'V20', 'V19']",0.5675675675675675,0.7777777777777778,0.65625,0.6353484738434443,8
"['V14', 'V10', 'V16', 'V5', 'V12', 'V21', 'V17', 'V2', 'V19']",0.5945945945945946,0.8,0.6821705426356589,0.6353299506532285,9
"['V4', 'V14', 'V8', 'V5', 'V20', 'V17', 'V2']",0.581081081081081,0.7818181818181819,0.6666666666666666,0.6353222566074075,7
"['V4', 'V14', 'V16', 'V21', 'V17', 'V2']",0.581081081081081,0.7962962962962963,0.671875,0.6353211604811015,6
"['V4', 'V14', 'V16', 'V8', 'V5', 'V12', 'V20', 'V17']",0.581081081081081,0.7818181818181819,0.6666666666666666,0.6352868090072575,8
"['V14', 'V10', 'V16', 'V21', 'V17', 'V2']",0.581081081081081,0.7962962962962963,0.671875,0.635284459756623,6
"['V14', 'V10', 'V8', 'V21', 'V20']",0.5945945945945946,0.7457627118644068,0.6616541353383458,0.6352500447575853,5
"['V14', 'V10', 'V16', 'V5', 'V12', 'V21', 'V2', 'V19']",0.581081081081081,0.7962962962962963,0.671875,0.6352222995279041,8
"['V4', 'V14', 'V16', 'V5', 'V21', 'V17', 'V2']",0.581081081081081,0.7962962962962963,0.671875,0.6351988593518219,7
"['V14', 'V10', 'V16', 'V21']",0.5675675675675675,0.7924528301886793,0.6614173228346457,0.635184657952385,4
"['V14', 'V10', 'V16', 'V5', 'V12', 'V21', 'V17', 'V19']",0.581081081081081,0.7962962962962963,0.671875,0.6351845549555221,8
"['V4', 'V14', 'V16', 'V21']",0.581081081081081,0.7962962962962963,0.671875,0.6351679487118411,4
"['V4', 'V14', 'V16', 'V21', 'V20']",0.581081081081081,0.7962962962962963,0.671875,0.6351667684073311,5
"['V14', 'V10', 'V16', 'V5', 'V12', 'V21', 'V20', 'V2', 'V19']",0.5945945945945946,0.8,0.6821705426356589,0.6351434721162723,9
"['V14', 'V10', 'V8', 'V5', 'V21', 'V20']",0.5945945945945946,0.7457627118644068,0.6616541353383458,0.6351291874172179,6
"['V4', 'V14', 'V16', 'V5', 'V21', 'V2', 'V19']",0.581081081081081,0.7962962962962963,0.671875,0.6351281318953399,7
"['V14', 'V10', 'V16', 'V21', 'V20', 'V17', 'V2', 'V19']",0.581081081081081,0.7962962962962963,0.671875,0.6350895596321336,8
"['V4', 'V14', 'V8', 'V17', 'V2']",0.5540540540540541,0.7735849056603774,0.6456692913385826,0.6350666121478519,5
"['V14', 'V10', 'V21', 'V17', 'V2', 'V19']",0.581081081081081,0.7962962962962963,0.671875,0.6350413991662538,6
"['V14', 'V10', 'V16', 'V5', 'V12', 'V21', 'V17', 'V2']",0.5945945945945946,0.8,0.6821705426356589,0.6350272231094648,8
"['V14', 'V10', 'V16', 'V12', 'V21', 'V20', 'V2']",0.581081081081081,0.7962962962962963,0.671875,0.6350203889788597,7
"['V14', 'V10', 'V5', 'V21', 'V17', 'V2', 'V19']",0.5945945945945946,0.8,0.6821705426356589,0.6349870592320443,7
"['V14', 'V10', 'V16', 'V21', 'V19']",0.5675675675675675,0.7924528301886793,0.6614173228346457,0.63497501774341,5
"['V4', 'V14', 'V16', 'V8', 'V5', 'V12', 'V20']",0.581081081081081,0.7818181818181819,0.6666666666666666,0.6349651768564736,7
"['V14', 'V10', 'V5', 'V12', 'V21', 'V20', 'V17', 'V2', 'V19']",0.5945945945945946,0.8,0.6821705426356589,0.6349531644840677,9
"['V4', 'V14', 'V16', 'V12', 'V21', 'V20']",0.5675675675675675,0.7924528301886793,0.6614173228346457,0.6349431677210451,6
"['V14', 'V10', 'V16', 'V5', 'V12', 'V21', 'V2']",0.581081081081081,0.7962962962962963,0.671875,0.6349187180180849,7
"['V4', 'V14', 'V21', 'V17', 'V19']",0.581081081081081,0.7818181818181819,0.6666666666666666,0.6348779470704928,5
"['V4', 'V14', 'V10', 'V5', 'V12', 'V20', 'V19']",0.581081081081081,0.7288135593220338,0.6466165413533834,0.6348562396630713,7
"['V14', 'V10', 'V8', 'V12', 'V19']",0.581081081081081,0.7962962962962963,0.671875,0.6348441172604569,5
"['V14', 'V10', 'V8', 'V12', 'V20', 'V17', 'V2']",0.5675675675675675,0.7924528301886793,0.6614173228346457,0.6348433772431866,7
"['V4', 'V14', 'V10', 'V5', 'V12', 'V19']",0.581081081081081,0.7543859649122807,0.6564885496183206,0.6348338991486251,6
"['V4', 'V14', 'V10', 'V12', 'V2']",0.581081081081081,0.7962962962962963,0.671875,0.6348136692905633,5
"['V14', 'V10', 'V8', 'V12', 'V20', 'V17', 'V2', 'V19']",0.5675675675675675,0.7924528301886793,0.6614173228346457,0.6348114679212628,8
"['V4', 'V14', 'V16', 'V5', 'V21', 'V20']",0.581081081081081,0.7962962962962963,0.671875,0.6347817813188318,6
"['V14', 'V10', 'V8']",0.581081081081081,0.7413793103448276,0.6515151515151515,0.6347705104907447,3
"['V14', 'V10', 'V8']",0.581081081081081,0.7413793103448276,0.6515151515151515,0.6347705104907447,3
"['V14', 'V10', 'V8']",0.581081081081081,0.7413793103448276,0.6515151515151515,0.6347705104907447,3
"['V14', 'V10', 'V5', 'V21', 'V17', 'V2']",0.5945945945945946,0.8,0.6821705426356589,0.6347563009505013,6
"['V4', 'V14', 'V16', 'V12', 'V21', 'V17']",0.5675675675675675,0.7924528301886793,0.6614173228346457,0.6347079206053945,6
"['V4', 'V14', 'V10', 'V12', 'V2', 'V19']",0.581081081081081,0.7962962962962963,0.671875,0.6346998197882873,6
"['V14', 'V10', 'V16', 'V12', 'V21', 'V20', 'V2', 'V19']",0.581081081081081,0.7962962962962963,0.671875,0.6346732744720714,8
"['V14', 'V10', 'V1', 'V2', 'V5', 'V3', 'V6', 'V8', 'Amount']",0.5945945945945946,0.7457627118644068,0.6616541353383458,0.6346582707613925,9
"['V14', 'V10', 'V8', 'V2']",0.581081081081081,0.7413793103448276,0.6515151515151515,0.6346281233278588,4
"['V14', 'V10', 'V8', 'V2']",0.581081081081081,0.7413793103448276,0.6515151515151515,0.6346281233278588,4
"['V14', 'V10', 'V21', 'V20', 'V17']",0.5675675675675675,0.7924528301886793,0.6614173228346457,0.6345860553588392,5
"['V4', 'V14', 'V16', 'V21', 'V20', 'V2', 'V19']",0.581081081081081,0.7962962962962963,0.671875,0.6345098365019713,7
"['V4', 'V14', 'V10', 'V12']",0.5675675675675675,0.7368421052631579,0.6412213740458015,0.6345028784955881,4
"['V4', 'V14', 'V16', 'V21', 'V20', 'V2']",0.581081081081081,0.7962962962962963,0.671875,0.6344922644806297,6
"['V14', 'V10', 'V21', 'V20', 'V17', 'V19']",0.5675675675675675,0.7924528301886793,0.6614173228346457,0.6344686626556638,6
"['V4', 'V14', 'V10', 'V12', 'V19']",0.5675675675675675,0.7924528301886793,0.6614173228346457,0.6344666098212675,5
"['V14', 'V10', 'V1', 'V2', 'V5', 'V3', 'V6', 'V4']",0.581081081081081,0.7166666666666667,0.6417910447761194,0.6344302840070195,8
"['V14', 'V10', 'V16', 'V12', 'V21', 'V20', 'V17', 'V2']",0.5675675675675675,0.7924528301886793,0.6614173228346457,0.6344219734397217,8
"['V4', 'V14', 'V10', 'V5', 'V12', 'V20', 'V2', 'V19']",0.581081081081081,0.7288135593220338,0.6466165413533834,0.6344208903279582,8
"['V4', 'V10', 'V16', 'V8', 'V5', 'V12', 'V21', 'V20', 'V19']",0.581081081081081,0.7818181818181819,0.6666666666666666,0.6343610738910217,9
"['V14', 'V10', 'V16', 'V12', 'V21', 'V17', 'V2', 'V19']",0.5675675675675675,0.7924528301886793,0.6614173228346457,0.63434070549835,8
"['V4', 'V14', 'V16', 'V12', 'V21', 'V19']",0.5675675675675675,0.7924528301886793,0.6614173228346457,0.6343354135786528,6
"['V4', 'V14', 'V21', 'V17', 'V2']",0.581081081081081,0.7962962962962963,0.671875,0.6342754145657474,5
"['V4', 'V10', 'V8', 'V5', 'V12', 'V21', 'V20', 'V17', 'V2']",0.5540540540540541,0.7884615384615384,0.6507936507936508,0.6342697497589601,9
"['V4', 'V14', 'V10', 'V5', 'V12', 'V20']",0.581081081081081,0.7413793103448276,0.6515151515151515,0.6342449994314583,6
"['V4', 'V14', 'V8', 'V20', 'V17', 'V2']",0.581081081081081,0.7818181818181819,0.6666666666666666,0.634242604073781,6
"['V4', 'V10', 'V8', 'V5', 'V12', 'V21', 'V20', 'V17', 'V2', 'V19']",0.5540540540540541,0.7884615384615384,0.6507936507936508,0.6342375099919314,10
"['V4', 'V14', 'V10', 'V12', 'V20']",0.581081081081081,0.7678571428571429,0.6615384615384615,0.6342122357561553,5
"['V4', 'V14', 'V16', 'V12', 'V21', 'V17', 'V2']",0.5675675675675675,0.7924528301886793,0.6614173228346457,0.6341839775746902,7
"['V4', 'V14', 'V10', 'V5', 'V12', 'V2', 'V19']",0.581081081081081,0.7288135593220338,0.6466165413533834,0.6341753904787036,7
"['V14', 'V10', 'V5', 'V12', 'V21', 'V20', 'V17', 'V2']",0.5945945945945946,0.8,0.6821705426356589,0.6341632770869983,8
"['V14', 'V10', 'V16', 'V12', 'V21', 'V17', 'V2']",0.5675675675675675,0.7924528301886793,0.6614173228346457,0.6341237206728377,7
"['V14', 'V10', 'V16', 'V5', 'V20', 'V2']",0.5945945945945946,0.8,0.6821705426356589,0.634111588377418,6
"['V4', 'V14', 'V21', 'V17', 'V2', 'V19']",0.581081081081081,0.7962962962962963,0.671875,0.6340632886816017,6
"['V14', 'V10', 'V16', 'V2']",0.581081081081081,0.7962962962962963,0.671875,0.6340116804467052,4
"['V14', 'V10', 'V16', 'V5', 'V20', 'V2', 'V19']",0.5945945945945946,0.8,0.6821705426356589,0.6339730904618077,7
"['V14', 'V10', 'V16', 'V12', 'V21', 'V17', 'V19']",0.581081081081081,0.7962962962962963,0.671875,0.6339119029755919,7
"['V4', 'V14', 'V5', 'V21', 'V17', 'V19']",0.581081081081081,0.7818181818181819,0.6666666666666666,0.6339049846928048,6
"['V4', 'V14', 'V16', 'V5', 'V12', 'V21', 'V2', 'V19']",0.5675675675675675,0.7924528301886793,0.6614173228346457,0.6338836604286081,8
"['V4', 'V14', 'V16', 'V8', 'V5', 'V12', 'V17']",0.581081081081081,0.7818181818181819,0.6666666666666666,0.6338803427829018,7
"['V4', 'V14', 'V16', 'V5', 'V21', 'V20', 'V17', 'V2']",0.581081081081081,0.7962962962962963,0.671875,0.6338572417335766,8
"['V4', 'V14', 'V8', 'V5', 'V12', 'V21', 'V20', 'V2', 'V19']",0.5675675675675675,0.7777777777777778,0.65625,0.6338349906804954,9
"['V4', 'V14', 'V16', 'V12', 'V21', 'V20', 'V17']",0.5675675675675675,0.7924528301886793,0.6614173228346457,0.6338042566859801,7
"['V4', 'V14', 'V16', 'V12', 'V21', 'V17', 'V19']",0.5675675675675675,0.7924528301886793,0.6614173228346457,0.6337900335690035,7
"['V4', 'V14', 'V8', 'V12', 'V21', 'V20', 'V2', 'V19']",0.5675675675675675,0.7924528301886793,0.6614173228346457,0.6337561922727145,8
"['V14', 'V10', 'V16', 'V5', 'V2', 'V19']",0.581081081081081,0.7962962962962963,0.671875,0.6337443765689523,6
"['V14', 'V10', 'V16', 'V12', 'V21', 'V20']",0.5675675675675675,0.7924528301886793,0.6614173228346457,0.6337025119581364,6
"['V4', 'V14', 'V16', 'V8', 'V5', 'V12', 'V17', 'V19']",0.581081081081081,0.7962962962962963,0.671875,0.6336969889868332,8
"['V14', 'V10', 'V16', 'V12', 'V2', 'V19']",0.5675675675675675,0.7924528301886793,0.6614173228346457,0.6336881952700455,6
"['V4', 'V14', 'V10', 'V5', 'V12']",0.581081081081081,0.7413793103448276,0.6515151515151515,0.6336646252373669,5
"['V14', 'V10', 'V16', 'V5', 'V12', 'V20', 'V2', 'V19']",0.581081081081081,0.7962962962962963,0.671875,0.6336577721274222,8
"['V14', 'V10', 'V16', 'V12', 'V21', 'V20', 'V17', 'V2', 'V19']",0.581081081081081,0.7962962962962963,0.671875,0.6336547178855151,9
"['V14', 'V10', 'V1', 'V2', 'V5', 'V3', 'V6', 'V16']",0.581081081081081,0.7962962962962963,0.671875,0.6335889395597554,8
"['V4', 'V14', 'V8', 'V20', 'V17', 'V2', 'V19']",0.581081081081081,0.7818181818181819,0.6666666666666666,0.6335806468363765,7
"['V14', 'V10', 'V16', 'V12', 'V21', 'V20', 'V17', 'V19']",0.581081081081081,0.7962962962962963,0.671875,0.6335567803159311,8
"['V14', 'V10', 'V16', 'V12', 'V21']",0.5675675675675675,0.7924528301886793,0.6614173228346457,0.6335217060870559,5
"['V4', 'V14', 'V12', 'V21', 'V17', 'V2', 'V19']",0.5675675675675675,0.7924528301886793,0.6614173228346457,0.6334898653055065,7
"['V4', 'V14', 'V16', 'V5', 'V12', 'V21', 'V17', 'V19']",0.581081081081081,0.7962962962962963,0.671875,0.6334786103061287,8
"['V14', 'V10', 'V16', 'V12', 'V21', 'V19']",0.5675675675675675,0.7924528301886793,0.6614173228346457,0.6334755823509096,6
"['V4', 'V14', 'V10', 'V12', 'V20', 'V19']",0.5675675675675675,0.7924528301886793,0.6614173228346457,0.6334599943355319,6
"['V14', 'V10', 'V16', 'V12', 'V21', 'V17']",0.581081081081081,0.7962962962962963,0.671875,0.6334534064239022,6
"['V4', 'V14', 'V10', 'V20', 'V2', 'V19']",0.5675675675675675,0.7241379310344828,0.6363636363636364,0.633452867669029,6
"['V14', 'V10', 'V8', 'V12']",0.5675675675675675,0.7636363636363637,0.6511627906976745,0.6334503752406349,4
"['V14', 'V10', 'V8', 'V12']",0.5675675675675675,0.7636363636363637,0.6511627906976745,0.6334503752406349,4
"['V4', 'V10', 'V16', 'V8', 'V5', 'V12', 'V21', 'V20', 'V2']",0.5675675675675675,0.7924528301886793,0.6614173228346457,0.633421128071895,9
"['V14', 'V10', 'V8', 'V5', 'V12', 'V20', 'V2', 'V19']",0.5675675675675675,0.7924528301886793,0.6614173228346457,0.6334053568886451,8
"['V14', 'V10', 'V16', 'V12', 'V21', 'V20', 'V19']",0.5675675675675675,0.7924528301886793,0.6614173228346457,0.6333910979729067,7
"['V4', 'V14', 'V16', 'V21', 'V17', 'V2', 'V19']",0.581081081081081,0.7962962962962963,0.671875,0.6333742671180406,7
"['V4', 'V14', 'V12', 'V21', 'V17', 'V2']",0.5675675675675675,0.7924528301886793,0.6614173228346457,0.6333423535383701,6
"['V4', 'V14', 'V16', 'V12', 'V21', 'V20', 'V17', 'V19']",0.5675675675675675,0.7924528301886793,0.6614173228346457,0.6332953082263769,8
"['V14', 'V10', 'V1', 'V2', 'V16']",0.5675675675675675,0.7924528301886793,0.6614173228346457,0.6332657419659269,5
"['V4', 'V10', 'V16', 'V8', 'V12', 'V21', 'V20', 'V2', 'V19']",0.5,0.7551020408163265,0.6016260162601627,0.6332552991819433,9
"['V14', 'V10', 'V16', 'V2', 'V19']",0.581081081081081,0.7962962962962963,0.671875,0.633220006636941,5
"['V14', 'V10', 'V21', 'V17', 'V2']",0.581081081081081,0.7962962962962963,0.671875,0.6331580478068394,5
"['V4', 'V14', 'V5', 'V21', 'V17']",0.581081081081081,0.7818181818181819,0.6666666666666666,0.6331344773548425,5
"['V14', 'V10', 'V21', 'V20', 'V17', 'V2', 'V19']",0.581081081081081,0.7962962962962963,0.671875,0.6331227484122021,7
"['V14', 'V10', 'V16', 'V5', 'V12', 'V20', 'V2']",0.581081081081081,0.7962962962962963,0.671875,0.6331091617052419,7
"['V4', 'V14', 'V16', 'V12', 'V21', 'V2']",0.5675675675675675,0.7924528301886793,0.6614173228346457,0.633104892013366,6
"['V4', 'V10', 'V16', 'V8', 'V5', 'V12', 'V21', 'V20', 'V17', 'V2', 'V19']",0.5675675675675675,0.7924528301886793,0.6614173228346457,0.6330934574601123,11
"['V14', 'V10', 'V21', 'V20', 'V17', 'V2']",0.581081081081081,0.7962962962962963,0.671875,0.6330859256109971,6
"['V4', 'V10', 'V16', 'V8', 'V5', 'V12', 'V21', 'V20', 'V17', 'V19']",0.581081081081081,0.7962962962962963,0.671875,0.633079641381899,10
"['V4', 'V14', 'V16', 'V5', 'V12', 'V21', 'V20', 'V17', 'V19']",0.5675675675675675,0.7924528301886793,0.6614173228346457,0.6330769582948552,9
"['V4', 'V14', 'V8', 'V12', 'V20', 'V17', 'V2', 'V19']",0.5675675675675675,0.7777777777777778,0.65625,0.6330627112638677,8
"['V4', 'V14', 'V10', 'V2', 'V19']",0.5675675675675675,0.7241379310344828,0.6363636363636364,0.6330360777608051,5
"['V4', 'V14', 'V10', 'V20', 'V19']",0.5675675675675675,0.7241379310344828,0.6363636363636364,0.633022271249569,5
"['V14', 'V10', 'V16', 'V12', 'V20', 'V17', 'V2', 'V19']",0.5675675675675675,0.7924528301886793,0.6614173228346457,0.6330218586350473,8
"['V4', 'V14', 'V16', 'V12', 'V21', 'V20', 'V2', 'V19']",0.5675675675675675,0.7924528301886793,0.6614173228346457,0.6330111270835675,8
"['V4', 'V14', 'V16', 'V5', 'V12', 'V21', 'V20', 'V19']",0.5675675675675675,0.7924528301886793,0.6614173228346457,0.6330105390512346,8
"['V4', 'V14', 'V16', 'V5', 'V12', 'V21', 'V20']",0.581081081081081,0.7962962962962963,0.671875,0.6329418212940852,7
"['V14', 'V10', 'V5', 'V12', 'V21', 'V20', 'V17']",0.581081081081081,0.7962962962962963,0.671875,0.6329052763872137,7
"['V4', 'V14', 'V16', 'V5', 'V12', 'V21', 'V17']",0.581081081081081,0.7962962962962963,0.671875,0.6329004698444805,7
"['V14', 'V10', 'V16', 'V12', 'V20', 'V2', 'V19']",0.581081081081081,0.7962962962962963,0.671875,0.6328944170314976,7
"['V14', 'V10', 'V5', 'V12', 'V21', 'V20', 'V17', 'V19']",0.581081081081081,0.7962962962962963,0.671875,0.6328902329406169,8
"['V4', 'V14', 'V16', 'V5', 'V12', 'V21', 'V19']",0.5675675675675675,0.7924528301886793,0.6614173228346457,0.6328452210855656,7
"['V14', 'V10', 'V5', 'V12', 'V21', 'V17', 'V19']",0.581081081081081,0.7962962962962963,0.671875,0.6328271593913886,7
"['V14', 'V10', 'V8', 'V12', 'V2', 'V19']",0.581081081081081,0.7962962962962963,0.671875,0.632811296116808,6
"['V14', 'V10', 'V5', 'V12', 'V21', 'V17']",0.581081081081081,0.7962962962962963,0.671875,0.6328092247206273,6
"['V4', 'V14', 'V16', 'V12', 'V21', 'V20', 'V2']",0.5675675675675675,0.7924528301886793,0.6614173228346457,0.6327981226282454,7
"['V4', 'V14', 'V16', 'V5', 'V21', 'V20', 'V2', 'V19']",0.581081081081081,0.7962962962962963,0.671875,0.6327842591440596,8
"['V14', 'V10', 'V16', 'V5', 'V17', 'V2']",0.5945945945945946,0.8,0.6821705426356589,0.6327771004966453,6
"['V4', 'V14', 'V8', 'V12', 'V20', 'V17', 'V2']",0.5675675675675675,0.7777777777777778,0.65625,0.6327362078167237,7
"['V14', 'V10', 'V16', 'V12', 'V20', 'V17', 'V2']",0.5675675675675675,0.7924528301886793,0.6614173228346457,0.6327196272457309,7
"['V4', 'V14', 'V8', 'V12', 'V21', 'V2', 'V19']",0.5945945945945946,0.7857142857142857,0.676923076923077,0.6326887488148657,7
"['V14', 'V10', 'V16']",0.5675675675675675,0.7924528301886793,0.6614173228346457,0.6326886227137796,3
"['V14', 'V10', 'V16']",0.5675675675675675,0.7924528301886793,0.6614173228346457,0.6326886227137796,3
"['V14', 'V10', 'V16']",0.5675675675675675,0.7924528301886793,0.6614173228346457,0.6326886227137796,3
"['V4', 'V14', 'V16', 'V12', 'V21', 'V20', 'V17', 'V2', 'V19']",0.5675675675675675,0.7924528301886793,0.6614173228346457,0.6326785083091331,9
"['V14', 'V10', 'V1', 'V2', 'V5', 'V3', 'V6', 'V21']",0.5945945945945946,0.7719298245614035,0.6717557251908397,0.6326749035539945,8
"['V4', 'V14', 'V12', 'V21', 'V17']",0.5675675675675675,0.7924528301886793,0.6614173228346457,0.6326518763296602,5
"['V4', 'V14', 'V16', 'V12', 'V21', 'V2', 'V19']",0.5675675675675675,0.7924528301886793,0.6614173228346457,0.6326452054683056,7
"['V4', 'V14', 'V16', 'V12', 'V21', 'V20', 'V17', 'V2']",0.5675675675675675,0.7924528301886793,0.6614173228346457,0.6326420042914368,8
"['V14', 'V10', 'V16', 'V12', 'V20', 'V2']",0.581081081081081,0.7962962962962963,0.671875,0.6326225201642618,6
"['V14', 'V10', 'V8', 'V5', 'V2', 'V19']",0.5675675675675675,0.7636363636363637,0.6511627906976745,0.6326167957219091,6
"['V4', 'V14', 'V16', 'V5', 'V12', 'V21', 'V2']",0.5675675675675675,0.7924528301886793,0.6614173228346457,0.6326103112755171,7
"['V14', 'V10', 'V21', 'V2', 'V19']",0.581081081081081,0.7678571428571429,0.6615384615384615,0.6326002999207798,5
"['V14', 'V10', 'V16', 'V5', 'V17', 'V2', 'V19']",0.5945945945945946,0.8,0.6821705426356589,0.6325812491296654,7
"['V4', 'V14', 'V16', 'V12', 'V21', 'V17', 'V2', 'V19']",0.5675675675675675,0.7924528301886793,0.6614173228346457,0.6325761987178624,8
"['V4', 'V14', 'V16', 'V5', 'V12', 'V21', 'V17', 'V2', 'V19']",0.5675675675675675,0.7924528301886793,0.6614173228346457,0.6325392665588009,9
"['V14', 'V10', 'V8', 'V6']",0.581081081081081,0.7413793103448276,0.6515151515151515,0.6325164460666394,4
"['V14', 'V10', 'V16', 'V5', 'V12', 'V2']",0.581081081081081,0.7962962962962963,0.671875,0.6325157657184853,6
"['V4', 'V14', 'V12', 'V21', 'V17', 'V19']",0.5675675675675675,0.7924528301886793,0.6614173228346457,0.6325012729952866,6
"['V4', 'V14', 'V16', 'V5', 'V12', 'V21', 'V20', 'V17', 'V2']",0.5675675675675675,0.7924528301886793,0.6614173228346457,0.6324912015989946,9
"['V14', 'V10', 'V16', 'V5', 'V2']",0.581081081081081,0.7962962962962963,0.671875,0.6324855790562006,5
"['V14', 'V10', 'V16', 'V5', 'V20', 'V19']",0.581081081081081,0.7962962962962963,0.671875,0.6324680293053818,6
"['V14', 'V10', 'V16', 'V17']",0.5675675675675675,0.7924528301886793,0.6614173228346457,0.6324608020501125,4
"['V14', 'V10', 'V16', 'V5', 'V20', 'V17', 'V2', 'V19']",0.5945945945945946,0.8,0.6821705426356589,0.6324436460335165,8
"['V14', 'V10', 'V8', 'Amount']",0.581081081081081,0.7413793103448276,0.6515151515151515,0.6324262740678772,4
"['V14', 'V10', 'V16', 'V5', 'V20']",0.581081081081081,0.7962962962962963,0.671875,0.6324036748231593,5
"['V14', 'V10', 'V16', 'V20']",0.5675675675675675,0.7924528301886793,0.6614173228346457,0.6323981939095941,4
"['V14', 'V10', 'V16', 'V5', 'V12', 'V2', 'V19']",0.581081081081081,0.7962962962962963,0.671875,0.6323510187933248,7
"['V4', 'V14', 'V10', 'V19']",0.5675675675675675,0.7241379310344828,0.6363636363636364,0.6322567457783111,4
"['V4', 'V14', 'V16', 'V5', 'V12', 'V21', 'V20', 'V17']",0.581081081081081,0.7962962962962963,0.671875,0.6322555407230479,8
"['V14', 'V10', 'V5', 'V20', 'V17', 'V19']",0.5945945945945946,0.8,0.6821705426356589,0.6322456497264825,6
"['V4', 'V14', 'V10', 'V5', 'V12', 'V20', 'V2']",0.581081081081081,0.7166666666666667,0.6417910447761194,0.6322294529569895,7
"['V14', 'V10', 'V1', 'V2', 'V5', 'V3', 'V6', 'V18']",0.581081081081081,0.7678571428571429,0.6615384615384615,0.6322124294281104,8
"['V4', 'V14', 'V8', 'V12', 'V21', 'V20', 'V2']",0.5675675675675675,0.7924528301886793,0.6614173228346457,0.6321703477147775,7
"['V4', 'V14', 'V16', 'V5', 'V21', 'V20', 'V17']",0.581081081081081,0.7962962962962963,0.671875,0.6321646311534154,7
"['V14', 'V10', 'V8', 'V12', 'V2']",0.581081081081081,0.7818181818181819,0.6666666666666666,0.6321498810847223,5
"['V14', 'V10', 'V16', 'V5', 'V12', 'V20', 'V17', 'V2', 'V19']",0.5675675675675675,0.7924528301886793,0.6614173228346457,0.6321477373126542,9
"['V14', 'V10', 'V16', 'V5', 'V20', 'V17', 'V2']",0.5945945945945946,0.8,0.6821705426356589,0.6321415393280082,7
"['V4', 'V14', 'V16', 'V5', 'V12', 'V21']",0.5675675675675675,0.7924528301886793,0.6614173228346457,0.6320688280284115,6
"['V14', 'V10', 'V16', 'V19']",0.5675675675675675,0.7924528301886793,0.6614173228346457,0.63204888898965,4
"['V14', 'V10', 'V1', 'V2', 'V5', 'V16']",0.581081081081081,0.7962962962962963,0.671875,0.6320414512221111,6
"['V4', 'V14', 'V16', 'V5', 'V21', 'V20', 'V2']",0.581081081081081,0.7962962962962963,0.671875,0.6320410504996753,7
"['V14', 'V10', 'V5', 'V20', 'V17']",0.5945945945945946,0.8,0.6821705426356589,0.6319928868298467,5
"['V14', 'V10', 'V16', 'V12', 'V2']",0.5675675675675675,0.7924528301886793,0.6614173228346457,0.631976449195839,5
"['V14', 'V10', 'V5', 'V17', 'V2', 'V19']",0.5945945945945946,0.8,0.6821705426356589,0.6319758635728552,6
"['V14', 'V10', 'V8', 'V3']",0.581081081081081,0.7413793103448276,0.6515151515151515,0.6319754987418225,4
"['V4', 'V14', 'V16', 'V5', 'V12', 'V21', 'V17', 'V2']",0.5675675675675675,0.7924528301886793,0.6614173228346457,0.6319684709875523,8
"['V4', 'V14', 'V10', 'V5', 'V12', 'V2']",0.581081081081081,0.7288135593220338,0.6466165413533834,0.6319508307323106,6
"['V14', 'V10', 'V16', 'V12', 'V17', 'V2', 'V19']",0.5675675675675675,0.7924528301886793,0.6614173228346457,0.6319349018641744,7
"['V14', 'V10', 'V16', 'V5', 'V12', 'V20', 'V17', 'V2']",0.5675675675675675,0.7924528301886793,0.6614173228346457,0.631924719855943,8
"['V14', 'V10', 'V16', 'V12', 'V21', 'V20', 'V17']",0.581081081081081,0.7962962962962963,0.671875,0.6319076245344538,7
"['V14', 'V10', 'V16', 'V20', 'V19']",0.5675675675675675,0.7924528301886793,0.6614173228346457,0.631897503020689,5
"['V14', 'V10', 'V16', 'V5', 'V12', 'V17', 'V2', 'V19']",0.581081081081081,0.7962962962962963,0.671875,0.6318946593665448,8
"['V14', 'V10', 'V21', 'V19']",0.5675675675675675,0.7636363636363637,0.6511627906976745,0.6318919076917406,4
"['V14', 'V10', 'V16', 'V17', 'V19']",0.5675675675675675,0.7924528301886793,0.6614173228346457,0.6318890139658804,5
"['V14', 'V10', 'V16', 'V5', 'V12', 'V17', 'V2']",0.581081081081081,0.7962962962962963,0.671875,0.6318771499696468,7
"['V4', 'V10', 'V16', 'V8', 'V5', 'V12', 'V21', 'V20', 'V17', 'V2']",0.5675675675675675,0.7924528301886793,0.6614173228346457,0.6317930102860059,10
"['V14', 'V10', 'V16', 'V12', 'V17', 'V2']",0.5675675675675675,0.7924528301886793,0.6614173228346457,0.6317443234835113,6
"['V4', 'V14', 'V10', 'V12', 'V20', 'V2']",0.581081081081081,0.7288135593220338,0.6466165413533834,0.6317283133861497,6
"['V4', 'V14', 'V8', 'V12', 'V21', 'V2']",0.581081081081081,0.7962962962962963,0.671875,0.6317142330519327,6
"['V14', 'V10', 'V8', 'V5', 'V20', 'V2']",0.581081081081081,0.7413793103448276,0.6515151515151515,0.6316760186600849,6
"['V14', 'V10', 'V16', 'V5', 'V19']",0.581081081081081,0.7962962962962963,0.671875,0.6316017246326278,5
"['V4', 'V14', 'V8', 'V5', 'V12', 'V17', 'V2']",0.5675675675675675,0.7924528301886793,0.6614173228346457,0.6315962525882527,7
"['V14', 'V10', 'V8', 'V5', 'V12', 'V2', 'V19']",0.5945945945945946,0.7857142857142857,0.676923076923077,0.6315617708470268,7
"['V14', 'V10', 'V5', 'V17', 'V2']",0.5945945945945946,0.8,0.6821705426356589,0.6315564265319429,5
"['V4', 'V14', 'V8', 'V5', 'V12', 'V17', 'V2', 'V19']",0.5675675675675675,0.7777777777777778,0.65625,0.6315108171554804,8
"['V14', 'V10', 'V16', 'V5', 'V17']",0.5945945945945946,0.8,0.6821705426356589,0.6315005265864132,5
"['V14', 'V10', 'V8', 'V5', 'V20', 'V2', 'V19']",0.5675675675675675,0.7636363636363637,0.6511627906976745,0.6314852627913881,7
"['V14', 'V10', 'V5', 'V17']",0.5945945945945946,0.8,0.6821705426356589,0.6314526012727867,4
"['V14', 'V10', 'V8', 'V20', 'V19']",0.5675675675675675,0.7636363636363637,0.6511627906976745,0.6314435752113224,5
"['V14', 'V10', 'V8', 'V5', 'V20', 'V19']",0.5675675675675675,0.7636363636363637,0.6511627906976745,0.6314091075529937,6
"['V14', 'V10', 'V16', 'V5', 'V12', 'V19']",0.5675675675675675,0.7924528301886793,0.6614173228346457,0.6313981607360695,6
"['V4', 'V14', 'V8', 'V5', 'V12', 'V20', 'V17', 'V2', 'V19']",0.581081081081081,0.7818181818181819,0.6666666666666666,0.6313956577999119,9
"['V14', 'V10', 'V8', 'V20']",0.581081081081081,0.7413793103448276,0.6515151515151515,0.6313544205153858,4
"['V14', 'V10', 'V8', 'V20']",0.581081081081081,0.7413793103448276,0.6515151515151515,0.6313544205153858,4
"['V4', 'V10', 'V16', 'V8', 'V12', 'V21', 'V20', 'V17', 'V2', 'V19']",0.5405405405405406,0.7692307692307693,0.6349206349206349,0.6312919829793457,10
"['V14', 'V10', 'V16', 'V5', 'V17', 'V19']",0.5945945945945946,0.8,0.6821705426356589,0.6312774702908255,6
"['V14', 'V10', 'V1', 'V2', 'V5', 'V17']",0.5945945945945946,0.8,0.6821705426356589,0.6312711830287414,6
"['V14', 'V10', 'V16', 'V5', 'V12']",0.5675675675675675,0.7924528301886793,0.6614173228346457,0.6312683355982084,5
"['V14', 'V10', 'V16', 'V17', 'V2', 'V19']",0.581081081081081,0.7962962962962963,0.671875,0.6312630509833341,6
"['V4', 'V14', 'V16', 'V5', 'V12', 'V21', 'V20', 'V2', 'V19']",0.5675675675675675,0.7924528301886793,0.6614173228346457,0.6312403769189571,9
"['V14', 'V10', 'V16', 'V5', 'V20', 'V17', 'V19']",0.5945945945945946,0.8,0.6821705426356589,0.6312360154728535,7
"['V14', 'V10', 'V8', 'V5', 'V2']",0.581081081081081,0.7413793103448276,0.6515151515151515,0.6312233707394361,5
"['V4', 'V14', 'V10', 'V20', 'V2']",0.5540540540540541,0.7068965517241379,0.6212121212121212,0.6312096239782012,5
"['V14', 'V10', 'V1', 'V2', 'V5', 'V3', 'V6', 'V17']",0.5945945945945946,0.7857142857142857,0.676923076923077,0.6312044967788759,8
"['V4', 'V14', 'V12', 'V21', 'V20', 'V17', 'V2']",0.5675675675675675,0.7924528301886793,0.6614173228346457,0.6311718551343012,7
"['V14', 'V10', 'V1', 'V2', 'V5', 'V3', 'V6', 'V8', 'V12']",0.5945945945945946,0.7857142857142857,0.676923076923077,0.6311614813007735,9
"['V14', 'V10', 'V8', 'V20', 'V2', 'V19']",0.5675675675675675,0.7636363636363637,0.6511627906976745,0.6311595112031679,6
"['V4', 'V14', 'V10', 'V20']",0.5675675675675675,0.711864406779661,0.631578947368421,0.6311463242975254,4
"['V14', 'V10', 'V16', 'V20', 'V17', 'V2']",0.581081081081081,0.7962962962962963,0.671875,0.6311222584711101,6
"['V4', 'V14', 'V21', 'V20', 'V17', 'V2', 'V19']",0.581081081081081,0.7962962962962963,0.671875,0.6311161884640434,7
"['V4', 'V14', 'V5', 'V21', 'V17', 'V2', 'V19']",0.581081081081081,0.7962962962962963,0.671875,0.6311102133579518,7
"['V14', 'V10', 'V16', 'V20', 'V17']",0.5675675675675675,0.7924528301886793,0.6614173228346457,0.6310968330777292,5
"['V14', 'V10', 'V17', 'V2', 'V19']",0.5675675675675675,0.7924528301886793,0.6614173228346457,0.6310906324585306,5
"['V14', 'V10', 'V16', 'V5', 'V20', 'V17']",0.5945945945945946,0.8,0.6821705426356589,0.6310794421283773,6
"['V14', 'V10', 'V17', 'V19']",0.5675675675675675,0.7924528301886793,0.6614173228346457,0.6310525614147255,4
"['V14', 'V10', 'V16', 'V20', 'V2', 'V19']",0.581081081081081,0.7962962962962963,0.671875,0.6310451333802489,6
"['V14', 'V10', 'V17']",0.5675675675675675,0.7924528301886793,0.6614173228346457,0.631042378682183,3
"['V14', 'V10', 'V17']",0.5675675675675675,0.7924528301886793,0.6614173228346457,0.631042378682183,3
"['V14', 'V10', 'V17']",0.5675675675675675,0.7924528301886793,0.6614173228346457,0.631042378682183,3
"['V4', 'V14', 'V21', 'V20', 'V17', 'V2']",0.581081081081081,0.7962962962962963,0.671875,0.6310373447408248,6
"['V14', 'V10', 'V8', 'V20', 'V2']",0.581081081081081,0.7413793103448276,0.6515151515151515,0.6310001848891961,5
"['V14', 'V10', 'V5', 'V17', 'V19']",0.5945945945945946,0.8,0.6821705426356589,0.6309686325435011,5
"['V4', 'V10', 'V16', 'V8', 'V21', 'V20', 'V2', 'V19']",0.527027027027027,0.78,0.6290322580645161,0.6309507818280612,8
"['V14', 'V10', 'V16', 'V17', 'V2']",0.581081081081081,0.7962962962962963,0.671875,0.6309322353014143,5
"['V14', 'V10', 'V16', 'V20', 'V17', 'V2', 'V19']",0.581081081081081,0.7962962962962963,0.671875,0.6309317333745702,7
"['V14', 'V10', 'V1', 'V2', 'V5', 'V3', 'V16']",0.581081081081081,0.7962962962962963,0.671875,0.6309302430584115,7
"['V14', 'V10', 'V12', 'V21', 'V17', 'V2', 'V19']",0.581081081081081,0.7962962962962963,0.671875,0.6309293405667642,7
"['V14', 'V10', 'V8', 'V5', 'V19']",0.5675675675675675,0.7636363636363637,0.6511627906976745,0.6309282850202208,5
"['V4', 'V14', 'V8', 'V5', 'V12', 'V21', 'V20', 'V19']",0.5675675675675675,0.7924528301886793,0.6614173228346457,0.6309214772208912,8
"['V14', 'V10', 'V8', 'V5']",0.581081081081081,0.7413793103448276,0.6515151515151515,0.630900899776042,4
"['V14', 'V10', 'V8', 'V5']",0.581081081081081,0.7413793103448276,0.6515151515151515,0.630900899776042,4
"['V4', 'V14', 'V8', 'V12', 'V21', 'V20', 'V19']",0.5540540540540541,0.7735849056603774,0.6456692913385826,0.630899413561068,7
"['V14', 'V10', 'V16', 'V5']",0.581081081081081,0.7962962962962963,0.671875,0.6308579490433457,4
"['V14', 'V10', 'V12', 'V21', 'V17', 'V2']",0.581081081081081,0.7962962962962963,0.671875,0.6307713639944933,6
"['V14', 'V10', 'V1', 'V2', 'V5', 'V18']",0.581081081081081,0.7678571428571429,0.6615384615384615,0.6307573531344169,6
"['V14', 'V10', 'V1', 'V2', 'V18']",0.5675675675675675,0.7924528301886793,0.6614173228346457,0.6307204100822392,5
"['V4', 'V14', 'V12', 'V21', 'V20', 'V17', 'V2', 'V19']",0.5675675675675675,0.7924528301886793,0.6614173228346457,0.6307148677133599,8
"['V4', 'V14', 'V8', 'V5', 'V12', 'V20', 'V17', 'V2']",0.581081081081081,0.7818181818181819,0.6666666666666666,0.6307145006842774,8
"['V14', 'V10', 'V8', 'V12', 'V20', 'V2', 'V19']",0.5675675675675675,0.7924528301886793,0.6614173228346457,0.630703438167201,7
"['V14', 'V10', 'V5', 'V20', 'V17', 'V2', 'V19']",0.5945945945945946,0.8,0.6821705426356589,0.630667180450661,7
"['V14', 'V10', 'V16', 'V20', 'V17', 'V19']",0.5675675675675675,0.7924528301886793,0.6614173228346457,0.6306518802823685,6
"['V14', 'V10', 'V12', 'V21', 'V17']",0.581081081081081,0.7962962962962963,0.671875,0.6306430770392607,5
"['V14', 'V10', 'V16', 'V5', 'V12', 'V20', 'V17', 'V19']",0.5675675675675675,0.7924528301886793,0.6614173228346457,0.630629624252673,8
"['V14', 'V10', 'V1', 'V16']",0.5675675675675675,0.7924528301886793,0.6614173228346457,0.6306205696434288,4
"['V14', 'V10', 'V8', 'V5', 'V12', 'V19']",0.5945945945945946,0.7719298245614035,0.6717557251908397,0.6306194820937471,6
"['V4', 'V14', 'V8', 'V5', 'V12', 'V21', 'V20', 'V2']",0.5675675675675675,0.7777777777777778,0.65625,0.6305949843396174,8
"['V14', 'V10', 'V12', 'V21', 'V20', 'V17', 'V2', 'V19']",0.581081081081081,0.7962962962962963,0.671875,0.6305852524979928,8
"['V4', 'V14', 'V10', 'V2']",0.5540540540540541,0.7068965517241379,0.6212121212121212,0.6305696313281408,4
"['V4', 'V14', 'V16', 'V5', 'V12', 'V21', 'V20', 'V17', 'V2', 'V19']",0.5675675675675675,0.7924528301886793,0.6614173228346457,0.6305483787558993,10
"['V14', 'V10', 'V16', 'V20', 'V2']",0.581081081081081,0.7962962962962963,0.671875,0.6305307607728615,5
"['V14', 'V10', 'V16', 'V12', 'V17']",0.5675675675675675,0.7924528301886793,0.6614173228346457,0.6305279379359147,5
"['V4', 'V14', 'V5', 'V21', 'V20', 'V17', 'V2', 'V19']",0.581081081081081,0.7962962962962963,0.671875,0.630527327681349,8
"['V4', 'V10', 'V16', 'V8', 'V5', 'V12', 'V21', 'V2', 'V19']",0.5675675675675675,0.7924528301886793,0.6614173228346457,0.6305161516067354,9
"['V14', 'V10', 'V1', 'V2', 'V5', 'V3', 'V18']",0.581081081081081,0.7678571428571429,0.6615384615384615,0.6305153294583588,7
"['V4', 'V14', 'V8', 'V5', 'V12', 'V21', 'V2', 'V19']",0.5675675675675675,0.7777777777777778,0.65625,0.6304397901199211,8
"['V4', 'V14', 'V5', 'V21', 'V20', 'V17', 'V2']",0.581081081081081,0.7962962962962963,0.671875,0.6304032470060643,7
"['V14', 'V10', 'V8', 'V12', 'V20', 'V19']",0.5675675675675675,0.7924528301886793,0.6614173228346457,0.6303800685840177,6
"['V14', 'V10', 'V1', 'V2', 'V5', 'V3', 'V6', 'V7']",0.581081081081081,0.7678571428571429,0.6615384615384615,0.6303718253706457,8
"['V14', 'V10', 'V1', 'V2', 'V5', 'V3', 'V21']",0.581081081081081,0.7678571428571429,0.6615384615384615,0.6303669776672174,7
"['V4', 'V14', 'V12', 'V21', 'V20', 'V17', 'V19']",0.5675675675675675,0.7924528301886793,0.6614173228346457,0.6303491887248764,7
"['V14', 'V10', 'V16', 'V5', 'V12', 'V20', 'V17']",0.5675675675675675,0.7924528301886793,0.6614173228346457,0.6303105113417957,7
"['V4', 'V10', 'V8', 'V5', 'V12', 'V21', 'V20', 'V2']",0.527027027027027,0.78,0.6290322580645161,0.6303102322947396,8
"['V14', 'V10', 'V16', 'V12', 'V20']",0.5675675675675675,0.7924528301886793,0.6614173228346457,0.6303042105275415,5
"['V4', 'V14', 'V5', 'V12', 'V21', 'V20', 'V17', 'V2', 'V19']",0.5675675675675675,0.7924528301886793,0.6614173228346457,0.6302775595562287,9
"['V14', 'V10', 'V8', 'V5', 'V12', 'V20', 'V19']",0.581081081081081,0.7962962962962963,0.671875,0.630263571382336,7
"['V4', 'V14', 'V5', 'V12', 'V21', 'V20', 'V17']",0.581081081081081,0.7962962962962963,0.671875,0.6302472480077411,7
"['V14', 'V10', 'V12', 'V21', 'V20', 'V17', 'V2']",0.581081081081081,0.7962962962962963,0.671875,0.6302085698726579,7
"['V4', 'V14', 'V5', 'V12', 'V21', 'V20', 'V17', 'V2']",0.5675675675675675,0.7924528301886793,0.6614173228346457,0.6301828586444365,8
"['V14', 'V10', 'V16', 'V5', 'V12', 'V17', 'V19']",0.5675675675675675,0.7924528301886793,0.6614173228346457,0.6301303519541215,7
"['V14', 'V10', 'V16', 'V5', 'V12', 'V20']",0.5675675675675675,0.7924528301886793,0.6614173228346457,0.6300764573145436,6
"['V14', 'V10', 'V8', 'V5', 'V20']",0.581081081081081,0.7413793103448276,0.6515151515151515,0.6300525932368337,5
"['V14', 'V10', 'V16', 'V12', 'V20', 'V19']",0.5675675675675675,0.7924528301886793,0.6614173228346457,0.6300427142935539,6
"['V4', 'V14', 'V5', 'V21', 'V17', 'V2']",0.581081081081081,0.7962962962962963,0.671875,0.6300206336016057,6
"['V14', 'V10', 'V5', 'V12', 'V20', 'V17', 'V2', 'V19']",0.581081081081081,0.7962962962962963,0.671875,0.6299843372491257,8
"['V14', 'V10', 'V16', 'V5', 'V12', 'V17']",0.5675675675675675,0.7924528301886793,0.6614173228346457,0.6299512655256364,6
"['V14', 'V10', 'V16', 'V5', 'V12', 'V20', 'V19']",0.5675675675675675,0.7924528301886793,0.6614173228346457,0.6299043180809455,7
"['V14', 'V10', 'V12', 'V21', 'V20', 'V17']",0.581081081081081,0.7962962962962963,0.671875,0.6298563449556072,6
"['V14', 'V10', 'V12', 'V21', 'V20', 'V17', 'V19']",0.581081081081081,0.7962962962962963,0.671875,0.6298310711398865,7
"['V14', 'V10', 'V16', 'V12', 'V17', 'V19']",0.5675675675675675,0.7924528301886793,0.6614173228346457,0.6297961545814711,6
"['V14', 'V10', 'V5', 'V12', 'V20', 'V17', 'V2']",0.581081081081081,0.7962962962962963,0.671875,0.6297844805200582,7
"['V14', 'V10', 'V16', 'V12']",0.5675675675675675,0.7924528301886793,0.6614173228346457,0.6297641698964314,4
"['V4', 'V10', 'V8', 'V5', 'V12', 'V21', 'V20', 'V2', 'V19']",0.5405405405405406,0.7843137254901961,0.64,0.6297273473892163,9
"['V4', 'V10', 'V16', 'V8', 'V5', 'V12', 'V21', 'V20']",0.5945945945945946,0.8,0.6821705426356589,0.6296964426249767,8
"['V4', 'V14', 'V12', 'V21', 'V20', 'V17']",0.5675675675675675,0.7924528301886793,0.6614173228346457,0.6296841150573526,6
"['V4', 'V10', 'V16', 'V5', 'V12', 'V21', 'V20', 'V2', 'V19']",0.5540540540540541,0.7884615384615384,0.6507936507936508,0.6296213238057543,9
"['V14', 'V10', 'V17', 'V2']",0.5675675675675675,0.7924528301886793,0.6614173228346457,0.6295809098457448,4
"['V14', 'V10', 'V21', 'V2']",0.5675675675675675,0.7636363636363637,0.6511627906976745,0.6295667973955443,4
"['V4', 'V14', 'V8', 'V5', 'V12', 'V21', 'V2']",0.5675675675675675,0.7924528301886793,0.6614173228346457,0.6295390989013464,7
"['V4', 'V14', 'V16', 'V19']",0.581081081081081,0.7962962962962963,0.671875,0.6294756273444236,4
"['V14', 'V10', 'V1', 'V2', 'V9']",0.581081081081081,0.7413793103448276,0.6515151515151515,0.6294734478685134,5
"['V4', 'V14', 'V16', 'V17', 'V2', 'V19']",0.581081081081081,0.7962962962962963,0.671875,0.629464623324891,6
"['V4', 'V14', 'V8', 'V5', 'V12', 'V21', 'V19']",0.5945945945945946,0.8,0.6821705426356589,0.6294601261502115,7
"['V14', 'V10', 'V5', 'V20', 'V17', 'V2']",0.5945945945945946,0.7719298245614035,0.6717557251908397,0.6294442929885339,6
"['V4', 'V14', 'V21', 'V20', 'V17']",0.581081081081081,0.7962962962962963,0.671875,0.6294289455270771,5
"['V4', 'V14', 'V5', 'V12', 'V21', 'V17', 'V19']",0.581081081081081,0.7962962962962963,0.671875,0.6293857842348846,7
"['V4', 'V14', 'V8', 'V5', 'V12', 'V20', 'V17']",0.581081081081081,0.7818181818181819,0.6666666666666666,0.6293210628341953,7
"['V4', 'V14', 'V21', 'V20', 'V17', 'V19']",0.581081081081081,0.7962962962962963,0.671875,0.6292911526900887,6
"['V4', 'V14', 'V16', 'V5', 'V12', 'V21', 'V20', 'V2']",0.5675675675675675,0.7924528301886793,0.6614173228346457,0.6292835897633178,8
"['V14', 'V10', 'V5', 'V21', 'V20', 'V19']",0.5675675675675675,0.7636363636363637,0.6511627906976745,0.6292569143495197,6
"['V4', 'V14', 'V8', 'V5', 'V12', 'V21']",0.5945945945945946,0.8,0.6821705426356589,0.6292462975951216,6
"['V14', 'V10', 'V5', 'V12', 'V17', 'V2']",0.581081081081081,0.7962962962962963,0.671875,0.629232030822983,6
"['V4', 'V14', 'V16', 'V17', 'V19']",0.581081081081081,0.7962962962962963,0.671875,0.6292012106604864,5
"['V4', 'V14', 'V8', 'V12', 'V21', 'V19']",0.581081081081081,0.7962962962962963,0.671875,0.629181774345756,6
"['V14', 'V10', 'V21']",0.5675675675675675,0.7636363636363637,0.6511627906976745,0.6291386887827136,3
"['V14', 'V10', 'V21']",0.5675675675675675,0.7636363636363637,0.6511627906976745,0.6291386887827136,3
"['V14', 'V10', 'V21']",0.5675675675675675,0.7636363636363637,0.6511627906976745,0.6291386887827136,3
"['V4', 'V14', 'V10', 'V5', 'V20', 'V2', 'V19']",0.581081081081081,0.7288135593220338,0.6466165413533834,0.6291326747352224,7
"['V4', 'V14', 'V8', 'V5', 'V12', 'V21', 'V20']",0.5675675675675675,0.7924528301886793,0.6614173228346457,0.6291003241757697,7
"['V4', 'V14', 'V16', 'V2']",0.5675675675675675,0.7924528301886793,0.6614173228346457,0.6291001405822071,4
"['V4', 'V14', 'V5', 'V12', 'V21', 'V20', 'V17', 'V19']",0.581081081081081,0.7962962962962963,0.671875,0.6290747146805127,8
"['V14', 'V10', 'V5', 'V12', 'V17', 'V2', 'V19']",0.581081081081081,0.7962962962962963,0.671875,0.6290728037494684,7
"['V4', 'V14', 'V8', 'V5', 'V20', 'V17']",0.581081081081081,0.7678571428571429,0.6615384615384615,0.6290724979406936,6
"['V14', 'V10', 'V1', 'V21']",0.5675675675675675,0.75,0.6461538461538462,0.6290560873124919,4
"['V14', 'V10', 'V8', 'V11']",0.5675675675675675,0.7368421052631579,0.6412213740458015,0.6290503498391973,4
"['V14', 'V10', 'V5', 'V21', 'V19']",0.581081081081081,0.7678571428571429,0.6615384615384615,0.6290457644474529,5
"['V14', 'V10', 'V1', 'V2', 'V5', 'V3', 'V17']",0.5945945945945946,0.8,0.6821705426356589,0.6289917140618723,7
"['V4', 'V10', 'V16', 'V21', 'V17', 'V2']",0.5135135135135135,0.76,0.6129032258064516,0.6289540571068123,6
"['V14', 'V10', 'V1', 'V2', 'V4']",0.5675675675675675,0.711864406779661,0.631578947368421,0.6289466120776934,5
"['V4', 'V10', 'V5', 'V12', 'V21', 'V20', 'V17', 'V2', 'V19']",0.5540540540540541,0.7884615384615384,0.6507936507936508,0.6289241448198286,9
"['V14', 'V10', 'V1', 'V2', 'V5', 'V3', 'V6', 'V8', 'V11']",0.581081081081081,0.7413793103448276,0.6515151515151515,0.6289237081898313,9
"['V4', 'V10', 'V8', 'V5', 'V12', 'V21', 'V17', 'V2']",0.5540540540540541,0.7884615384615384,0.6507936507936508,0.6289119431980111,8
"['V4', 'V14', 'V10', 'V5', 'V20', 'V19']",0.5945945945945946,0.7333333333333333,0.6567164179104478,0.628906958743227,6
"['V14', 'V10', 'V8', 'V5', 'V12']",0.5945945945945946,0.7719298245614035,0.6717557251908397,0.6289001945604975,5
"['V14', 'V10', 'V1', 'V2', 'V5', 'V21']",0.581081081081081,0.7543859649122807,0.6564885496183206,0.6288967407792947,6
"['V14', 'V10', 'V1', 'V18']",0.5675675675675675,0.7924528301886793,0.6614173228346457,0.628879731760283,4
"['V14', 'V10', 'V12', 'V21', 'V17', 'V19']",0.581081081081081,0.7962962962962963,0.671875,0.6288284291719216,6
"['V14', 'V10', 'V8', 'V12', 'V20', 'V2']",0.5675675675675675,0.7924528301886793,0.6614173228346457,0.6287920079784567,6
"['V4', 'V14', 'V8', 'V5', 'V20', 'V17', 'V19']",0.581081081081081,0.7678571428571429,0.6615384615384615,0.6287874081496905,7
"['V14', 'V10', 'V21', 'V20']",0.5675675675675675,0.75,0.6461538461538462,0.6287498746191927,4
"['V4', 'V14', 'V5', 'V12', 'V21', 'V17']",0.581081081081081,0.7962962962962963,0.671875,0.6287397652813426,6
"['V14', 'V10', 'V5', 'V12', 'V17', 'V19']",0.5675675675675675,0.7924528301886793,0.6614173228346457,0.6287388273881973,6
"['V14', 'V10', 'V5', 'V12', 'V17']",0.5675675675675675,0.7924528301886793,0.6614173228346457,0.6287255872351281,5
"['V4', 'V14', 'V8', 'V5', 'V12', 'V20', 'V17', 'V19']",0.581081081081081,0.7818181818181819,0.6666666666666666,0.6286965424111425,8
"['V14', 'V10', 'V4']",0.5540540540540541,0.7068965517241379,0.6212121212121212,0.6286878400083987,3
"['V4', 'V14', 'V10']",0.5540540540540541,0.7068965517241379,0.6212121212121212,0.6286878400083987,3
"['V14', 'V10', 'V4']",0.5540540540540541,0.7068965517241379,0.6212121212121212,0.6286878400083987,3
"['V14', 'V10', 'V16', 'V12', 'V19']",0.5675675675675675,0.7924528301886793,0.6614173228346457,0.6286659969258784,5
"['V14', 'V10', 'V12', 'V21', 'V2', 'V19']",0.581081081081081,0.7962962962962963,0.671875,0.6286409346304705,6
"['V14', 'V10', 'V12', 'V21', 'V19']",0.581081081081081,0.7962962962962963,0.671875,0.6286298927749912,5
"['V4', 'V10', 'V16', 'V8', 'V5', 'V21', 'V20', 'V2', 'V19']",0.5675675675675675,0.7924528301886793,0.6614173228346457,0.6286084257683063,9
"['V4', 'V10', 'V5', 'V12', 'V21', 'V20', 'V17', 'V2']",0.5540540540540541,0.7884615384615384,0.6507936507936508,0.6285980693734549,8
"['V14', 'V10', 'V12', 'V21']",0.581081081081081,0.7962962962962963,0.671875,0.6285451079373326,4
"['V4', 'V10', 'V16', 'V8', 'V12', 'V21', 'V20', 'V17', 'V2']",0.5405405405405406,0.7547169811320755,0.6299212598425197,0.6285290591159718,9
"['V4', 'V14', 'V8', 'V12', 'V21', 'V20']",0.5675675675675675,0.7924528301886793,0.6614173228346457,0.6284951555128475,6
"['V4', 'V14', 'V5', 'V12', 'V21', 'V17', 'V2', 'V19']",0.5675675675675675,0.7924528301886793,0.6614173228346457,0.6284757370708134,8
"['V4', 'V14', 'V8', 'V12', 'V21']",0.581081081081081,0.7962962962962963,0.671875,0.6284355352348223,5
"['V4', 'V14', 'V16', 'V2', 'V19']",0.5675675675675675,0.7924528301886793,0.6614173228346457,0.628434947291418,5
"['V14', 'V10', 'V1', 'V2', 'V21']",0.5675675675675675,0.75,0.6461538461538462,0.6284327384548075,5
"['V14', 'V10', 'V5', 'V12', 'V21', 'V20', 'V19']",0.581081081081081,0.7962962962962963,0.671875,0.6283997187186513,7
"['V4', 'V14', 'V10', 'V5', 'V2', 'V19']",0.5675675675675675,0.7241379310344828,0.6363636363636364,0.628394808389912,6
"['V4', 'V14', 'V16', 'V20', 'V17', 'V19']",0.581081081081081,0.7962962962962963,0.671875,0.6283649920158656,6
"['V14', 'V10', 'V21', 'V20', 'V19']",0.5675675675675675,0.7636363636363637,0.6511627906976745,0.6283605397607696,5
"['V4', 'V14', 'V10', 'V5', 'V19']",0.5945945945945946,0.7213114754098361,0.6518518518518519,0.6283493220832654,5
"['V4', 'V14', 'V5', 'V12', 'V21', 'V17', 'V2']",0.5675675675675675,0.7924528301886793,0.6614173228346457,0.6283274556556908,7
"['V4', 'V10', 'V16', 'V8', 'V5', 'V21', 'V20', 'V17', 'V2', 'V19']",0.5675675675675675,0.7924528301886793,0.6614173228346457,0.6283081204970753,10
"['V4', 'V10', 'V16', 'V5', 'V12', 'V21', 'V20', 'V17', 'V2', 'V19']",0.5540540540540541,0.7884615384615384,0.6507936507936508,0.6283034331239611,10
"['V14', 'V10', 'V5', 'V12', 'V21', 'V2', 'V19']",0.5945945945945946,0.8,0.6821705426356589,0.6282777155207951,7
"['V14', 'V10', 'V12', 'V21', 'V20', 'V2', 'V19']",0.5675675675675675,0.7924528301886793,0.6614173228346457,0.6282747816899927,7
"['V4', 'V14', 'V5', 'V21', 'V20', 'V17', 'V19']",0.581081081081081,0.7818181818181819,0.6666666666666666,0.6282344938720517,7
"['V4', 'V14', 'V16', 'V12', 'V2']",0.5675675675675675,0.7924528301886793,0.6614173228346457,0.6282248636512078,5
"['V14', 'V10', 'V12', 'V21', 'V20', 'V19']",0.581081081081081,0.7962962962962963,0.671875,0.6282195282790645,6
"['V14', 'V10', 'V9']",0.581081081081081,0.7413793103448276,0.6515151515151515,0.6282174094436339,3
"['V14', 'V10', 'V9']",0.581081081081081,0.7413793103448276,0.6515151515151515,0.6282174094436339,3
"['V14', 'V10', 'V5', 'V12', 'V21', 'V20', 'V2', 'V19']",0.5945945945945946,0.8,0.6821705426356589,0.6281672791682958,8
"['V4', 'V14', 'V5', 'V21', 'V20', 'V17']",0.581081081081081,0.7818181818181819,0.6666666666666666,0.6281671637235918,6
"['V14', 'V10', 'V5', 'V12', 'V21', 'V20', 'V2']",0.581081081081081,0.7962962962962963,0.671875,0.6281649419176442,7
"['V14', 'V10', 'V5', 'V12', 'V20', 'V17']",0.5675675675675675,0.7924528301886793,0.6614173228346457,0.6281621815561917,6
"['V4', 'V14', 'V16']",0.581081081081081,0.7818181818181819,0.6666666666666666,0.6281229770853345,3
"['V4', 'V14', 'V16', 'V12']",0.5675675675675675,0.7924528301886793,0.6614173228346457,0.6281043690590362,4
"['V14', 'V10', 'V20', 'V17', 'V2', 'V19']",0.581081081081081,0.7962962962962963,0.671875,0.6280406159506035,6
"['V14', 'V10', 'V5', 'V12', 'V20', 'V17', 'V19']",0.5675675675675675,0.7924528301886793,0.6614173228346457,0.6280080816199013,7
"['V14', 'V10', 'V20', 'V17', 'V2']",0.581081081081081,0.7962962962962963,0.671875,0.6279995247511374,5
"['V14', 'V10', 'V12', 'V21', 'V2']",0.581081081081081,0.7962962962962963,0.671875,0.6279918957846432,5
"['V4', 'V14', 'V16', 'V17', 'V2']",0.5675675675675675,0.7924528301886793,0.6614173228346457,0.6279899969068888,5
"['V14', 'V10', 'V8', 'V5', 'V12', 'V2']",0.5945945945945946,0.7719298245614035,0.6717557251908397,0.6279650173216685,6
"['V4', 'V14', 'V16', 'V5', 'V17', 'V2', 'V19']",0.581081081081081,0.7962962962962963,0.671875,0.6279631799150995,7
"['V14', 'V10', 'V12', 'V21', 'V20']",0.581081081081081,0.7962962962962963,0.671875,0.6279252240187975,5
"['V4', 'V14', 'V16', 'V20', 'V17', 'V2', 'V19']",0.581081081081081,0.7962962962962963,0.671875,0.6279076521488965,7
"['V4', 'V10', 'V16', 'V8', 'V5', 'V12', 'V21', 'V20', 'V17']",0.5945945945945946,0.8,0.6821705426356589,0.6278796363063649,9
"['V14', 'V10', 'V21', 'V20', 'V2']",0.5675675675675675,0.75,0.6461538461538462,0.6278765305684154,5
"['V14', 'V10', 'V20', 'V17']",0.5675675675675675,0.7924528301886793,0.6614173228346457,0.627861690966144,4
"['V14', 'V10', 'V5', 'V12', 'V21', 'V2']",0.581081081081081,0.7962962962962963,0.671875,0.627845918536142,6
"['V4', 'V10', 'V16', 'V5', 'V12', 'V21', 'V20', 'V19']",0.5675675675675675,0.7924528301886793,0.6614173228346457,0.6278243115253471,8
"['V4', 'V10', 'V8', 'V5', 'V12', 'V21', 'V17', 'V2', 'V19']",0.5405405405405406,0.7843137254901961,0.64,0.627802353334904,9
"['V14', 'V10', 'V18']",0.5675675675675675,0.7636363636363637,0.6511627906976745,0.6277386499413802,3
"['V14', 'V10', 'V18']",0.5675675675675675,0.7636363636363637,0.6511627906976745,0.6277386499413802,3
"['V14', 'V10', 'V8', 'V5', 'V12', 'V20', 'V2']",0.581081081081081,0.7678571428571429,0.6615384615384615,0.6276521985107162,7
"['V14', 'V10', 'V20', 'V17', 'V19']",0.5675675675675675,0.7924528301886793,0.6614173228346457,0.6276356796043274,5
"['V14', 'V10', 'V1', 'V2', 'V17']",0.5675675675675675,0.7924528301886793,0.6614173228346457,0.6276352760652577,5
"['V14', 'V10', 'V12', 'V21', 'V20', 'V2']",0.581081081081081,0.7962962962962963,0.671875,0.6275513177116379,6
"['V4', 'V14', 'V16', 'V5', 'V17', 'V19']",0.581081081081081,0.7818181818181819,0.6666666666666666,0.6275390321544619,6
"['V4', 'V10', 'V16', 'V8', 'V12', 'V21', 'V20', 'V2']",0.527027027027027,0.7647058823529411,0.624,0.6274998072314428,8
"['V14', 'V10', 'V16', 'V12', 'V20', 'V17', 'V19']",0.5675675675675675,0.7924528301886793,0.6614173228346457,0.6274987547815293,7
"['V4', 'V10', 'V16', 'V8', 'V12', 'V21', 'V17', 'V2', 'V19']",0.5135135135135135,0.76,0.6129032258064516,0.6274868122617504,9
"['V14', 'V10', 'V16', 'V12', 'V20', 'V17']",0.5675675675675675,0.7924528301886793,0.6614173228346457,0.6274673076432005,6
"['V4', 'V14', 'V8', 'V12', 'V20', 'V17']",0.581081081081081,0.7818181818181819,0.6666666666666666,0.6274645659937529,6
"['V4', 'V14', 'V16', 'V17']",0.5675675675675675,0.7777777777777778,0.65625,0.6274596702829984,4
"['V4', 'V14', 'V16', 'V5', 'V20', 'V17', 'V2', 'V19']",0.581081081081081,0.7962962962962963,0.671875,0.6274419313518039,8
"['V4', 'V10', 'V16', 'V8', 'V21', 'V20', 'V17', 'V2', 'V19']",0.527027027027027,0.78,0.6290322580645161,0.6274038130693853,9
"['V4', 'V14', 'V16', 'V20', 'V19']",0.581081081081081,0.7962962962962963,0.671875,0.6273805547790791,5
"['V14', 'V10', 'V8', 'V5', 'V12', 'V20']",0.581081081081081,0.7678571428571429,0.6615384615384615,0.6273602239381479,6
"['V4', 'V14', 'V10', 'V5']",0.581081081081081,0.7166666666666667,0.6417910447761194,0.6273377392955023,4
"['V4', 'V10', 'V16', 'V8', 'V5', 'V12', 'V21', 'V17', 'V2', 'V19']",0.5675675675675675,0.7924528301886793,0.6614173228346457,0.6273270417013649,10
"['V4', 'V10', 'V16', 'V8', 'V5', 'V12', 'V21', 'V2']",0.5675675675675675,0.7924528301886793,0.6614173228346457,0.6272999478983229,8
"['V4', 'V14', 'V10', 'V5', 'V20', 'V2']",0.5675675675675675,0.711864406779661,0.631578947368421,0.627266083536724,6
"['V4', 'V14', 'V16', 'V5', 'V20', 'V19']",0.5675675675675675,0.7924528301886793,0.6614173228346457,0.6272324483528613,6
"['V14', 'V10', 'V5', 'V12', 'V21', 'V20']",0.581081081081081,0.7678571428571429,0.6615384615384615,0.6271877301422919,6
"['V4', 'V14', 'V8', 'V20', 'V17', 'V19']",0.581081081081081,0.7818181818181819,0.6666666666666666,0.6271315874369912,6
"['V14', 'V10', 'V1', 'V17']",0.5675675675675675,0.7924528301886793,0.6614173228346457,0.6270432475718681,4
"['V14', 'V10', 'V5', 'V12', 'V21']",0.581081081081081,0.7962962962962963,0.671875,0.6270197143689368,5
"['V4', 'V14', 'V16', 'V20', 'V17']",0.581081081081081,0.7962962962962963,0.671875,0.6269718886212526,5
"['V4', 'V10', 'V16', 'V5', 'V21', 'V20', 'V17', 'V2', 'V19']",0.5540540540540541,0.7884615384615384,0.6507936507936508,0.6269421447379301,9
"['V4', 'V14', 'V16', 'V5']",0.5675675675675675,0.7777777777777778,0.65625,0.6269341981808993,4
"['V14', 'V10', 'V5', 'V21', 'V2', 'V19']",0.581081081081081,0.7678571428571429,0.6615384615384615,0.6269127255958415,6
"['V14', 'V10', 'V1', 'V2', 'V5', 'V4']",0.5675675675675675,0.711864406779661,0.631578947368421,0.6269073578881719,6
"['V4', 'V10', 'V21', 'V17', 'V2']",0.4864864864864865,0.75,0.5901639344262295,0.6268869725061059,5
"['V4', 'V14', 'V8', 'V20', 'V17']",0.581081081081081,0.7818181818181819,0.6666666666666666,0.6268756504550117,5
"['V4', 'V10', 'V16', 'V12', 'V21', 'V20', 'V2', 'V19']",0.5405405405405406,0.7843137254901961,0.64,0.6268587090207383,8
"['V4', 'V14', 'V16', 'V20', 'V17', 'V2']",0.5675675675675675,0.7924528301886793,0.6614173228346457,0.6268514866724426,6
"['V4', 'V14', 'V16', 'V12', 'V19']",0.5675675675675675,0.7924528301886793,0.6614173228346457,0.626839147054556,5
"['V4', 'V14', 'V16', 'V12', 'V2', 'V19']",0.5675675675675675,0.7924528301886793,0.6614173228346457,0.6268268964427325,6
"['V4', 'V10', 'V5', 'V12', 'V21', 'V20', 'V2']",0.5540540540540541,0.7884615384615384,0.6507936507936508,0.6268255659924463,7
"['V4', 'V14', 'V10', 'V5', 'V20']",0.581081081081081,0.7166666666666667,0.6417910447761194,0.6268225378914141,5
"['V4', 'V10', 'V16', 'V8', 'V12', 'V21', 'V20', 'V17', 'V19']",0.527027027027027,0.7647058823529411,0.624,0.6267149203565613,9
"['V4', 'V10', 'V16', 'V8', 'V5', 'V21', 'V20', 'V17', 'V2']",0.581081081081081,0.7962962962962963,0.671875,0.62670417614031,9
"['V4', 'V14', 'V8', 'V12', 'V20', 'V17', 'V19']",0.581081081081081,0.7818181818181819,0.6666666666666666,0.6266164911504475,7
"['V4', 'V10', 'V16', 'V8', 'V5', 'V12', 'V21', 'V17', 'V2']",0.5675675675675675,0.7924528301886793,0.6614173228346457,0.626592976997678,9
"['V4', 'V10', 'V21', 'V17', 'V2', 'V19']",0.4864864864864865,0.75,0.5901639344262295,0.6265145222456925,6
"['V4', 'V14', 'V16', 'V5', 'V20', 'V2']",0.581081081081081,0.7818181818181819,0.6666666666666666,0.6265095470705929,6
"['V4', 'V14', 'V16', 'V20', 'V2']",0.581081081081081,0.7962962962962963,0.671875,0.6264578865552628,5
"['V4', 'V14', 'V16', 'V5', 'V17', 'V2']",0.581081081081081,0.7962962962962963,0.671875,0.6264036066111155,6
"['V4', 'V14', 'V16', 'V20']",0.581081081081081,0.7962962962962963,0.671875,0.6263512625332363,4
"['V14', 'V10', 'V5', 'V12', 'V21', 'V19']",0.581081081081081,0.7962962962962963,0.671875,0.6263415741811347,6
"['V14', 'V10', 'V1', 'V9']",0.581081081081081,0.7413793103448276,0.6515151515151515,0.6263069783713852,4
"['V14', 'V10', 'V12', 'V20', 'V17', 'V2']",0.5675675675675675,0.7924528301886793,0.6614173228346457,0.626302041566615,6
"['V4', 'V10', 'V16', 'V21', 'V20', 'V2', 'V19']",0.527027027027027,0.78,0.6290322580645161,0.6262810605539602,7
"['V4', 'V10', 'V16', 'V8', 'V5', 'V21', 'V20', 'V2']",0.5675675675675675,0.7924528301886793,0.6614173228346457,0.6262486375486445,8
"['V4', 'V14', 'V16', 'V5', 'V20', 'V17', 'V2']",0.581081081081081,0.7962962962962963,0.671875,0.626246054354934,7
"['V4', 'V14', 'V16', 'V12', 'V20', 'V19']",0.5675675675675675,0.7924528301886793,0.6614173228346457,0.6262340557562259,6
"['V4', 'V10', 'V16', 'V5', 'V21', 'V20', 'V17', 'V2']",0.5540540540540541,0.7884615384615384,0.6507936507936508,0.6261624823411357,8
"['V4', 'V14', 'V16', 'V12', 'V20', 'V2', 'V19']",0.5675675675675675,0.7924528301886793,0.6614173228346457,0.6261568166689683,7
"['V14', 'V10', 'V21', 'V20', 'V2', 'V19']",0.581081081081081,0.7678571428571429,0.6615384615384615,0.6260716251571253,6
"['V4', 'V10', 'V8', 'V5', 'V21', 'V20', 'V17', 'V2']",0.581081081081081,0.7818181818181819,0.6666666666666666,0.6260589790205054,8
"['V14', 'V10', 'V1', 'V2', 'V5', 'V3', 'V9']",0.5945945945945946,0.7457627118644068,0.6616541353383458,0.6260488947937857,7
"['V4', 'V14', 'V16', 'V5', 'V20', 'V17', 'V19']",0.581081081081081,0.7818181818181819,0.6666666666666666,0.6260240680708703,7
"['V4', 'V14', 'V16', 'V12', 'V20']",0.5675675675675675,0.7924528301886793,0.6614173228346457,0.6259665563142762,5
"['V4', 'V10', 'V8', 'V5', 'V21', 'V20', 'V17', 'V2', 'V19']",0.5540540540540541,0.7735849056603774,0.6456692913385826,0.6259622159254268,9
"['V14', 'V10', 'V1', 'V4']",0.5675675675675675,0.711864406779661,0.631578947368421,0.6259549349579744,4
"['V4', 'V14', 'V16', 'V5', 'V19']",0.581081081081081,0.7962962962962963,0.671875,0.6259500407508858,5
"['V4', 'V10', 'V8', 'V5', 'V12', 'V21', 'V20']",0.581081081081081,0.7818181818181819,0.6666666666666666,0.6259318948577222,7
"['V14', 'V10', 'V5', 'V21', 'V2']",0.581081081081081,0.7543859649122807,0.6564885496183206,0.625922200553648,5
"['V4', 'V10', 'V8', 'V5', 'V12', 'V21', 'V20', 'V17', 'V19']",0.581081081081081,0.7818181818181819,0.6666666666666666,0.625905084105036,9
"['V4', 'V14', 'V16', 'V20', 'V2', 'V19']",0.581081081081081,0.7962962962962963,0.671875,0.6259039204533059,6
"['V14', 'V10', 'V5', 'V21']",0.581081081081081,0.7543859649122807,0.6564885496183206,0.6258935895903268,4
"['V4', 'V14', 'V16', 'V5', 'V17']",0.581081081081081,0.7818181818181819,0.6666666666666666,0.6258855264063169,5
"['V14', 'V10', 'V5', 'V21', 'V20']",0.581081081081081,0.7543859649122807,0.6564885496183206,0.625863276419822,5
"['V4', 'V10', 'V16', 'V8', 'V5', 'V12', 'V20', 'V17', 'V2', 'V19']",0.5405405405405406,0.7692307692307693,0.6349206349206349,0.6258510207030857,10
"['V4', 'V14', 'V16', 'V12', 'V17', 'V19']",0.5675675675675675,0.7924528301886793,0.6614173228346457,0.6258256728151592,6
"['V4', 'V14', 'V16', 'V5', 'V20', 'V2', 'V19']",0.581081081081081,0.7962962962962963,0.671875,0.6258252636779744,7
"['V4', 'V14', 'V16', 'V5', 'V12', 'V20', 'V17', 'V19']",0.5675675675675675,0.7924528301886793,0.6614173228346457,0.6258249485304219,8
"['V4', 'V10', 'V16', 'V21', 'V2', 'V19']",0.527027027027027,0.7647058823529411,0.624,0.6257735024560158,6
"['V4', 'V10', 'V8', 'V5', 'V12', 'V21', 'V2']",0.5135135135135135,0.7755102040816326,0.6178861788617886,0.6257554436029906,7
"['V4', 'V14', 'V16', 'V5', 'V12', 'V2', 'V19']",0.5675675675675675,0.7924528301886793,0.6614173228346457,0.6256214567972418,7
"['V4', 'V10', 'V16', 'V21', 'V20', 'V17', 'V2', 'V19']",0.5135135135135135,0.7755102040816326,0.6178861788617886,0.6255999760946317,8
"['V4', 'V14', 'V16', 'V12', 'V20', 'V17', 'V2', 'V19']",0.5675675675675675,0.7924528301886793,0.6614173228346457,0.6255974862133475,8
"['V4', 'V10', 'V16', 'V8', 'V5', 'V12', 'V20', 'V2', 'V19']",0.5405405405405406,0.7843137254901961,0.64,0.6255919920119067,9
"['V14', 'V10', 'V12', 'V17']",0.5675675675675675,0.7924528301886793,0.6614173228346457,0.6255870354676394,4
"['V4', 'V14', 'V16', 'V5', 'V2', 'V19']",0.581081081081081,0.7962962962962963,0.671875,0.6255840576148854,6
"['V4', 'V14', 'V16', 'V5', 'V20']",0.5675675675675675,0.7924528301886793,0.6614173228346457,0.6255625657968712,5
"['V4', 'V10', 'V16', 'V5', 'V12', 'V21', 'V20', 'V17', 'V2']",0.5540540540540541,0.7884615384615384,0.6507936507936508,0.625549340466211,9
"['V4', 'V14', 'V16', 'V5', 'V2']",0.5675675675675675,0.7924528301886793,0.6614173228346457,0.6255436007150139,5
"['V14', 'V10', 'V12', 'V20', 'V17', 'V2', 'V19']",0.5675675675675675,0.7924528301886793,0.6614173228346457,0.6255377980780745,7
"['V4', 'V10', 'V8', 'V12', 'V21', 'V20', 'V2', 'V19']",0.527027027027027,0.7647058823529411,0.624,0.6255084868550828,8
"['V4', 'V10', 'V8', 'V12', 'V21', 'V20', 'V2']",0.527027027027027,0.7647058823529411,0.624,0.625477112833083,7
"['V4', 'V10', 'V8', 'V5', 'V12', 'V21', 'V20', 'V19']",0.581081081081081,0.7818181818181819,0.6666666666666666,0.6254445350750959,8
"['V14', 'V10', 'V1', 'V2', 'V5', 'V3', 'V6', 'V20']",0.5945945945945946,0.7457627118644068,0.6616541353383458,0.625433453684178,8
"['V4', 'V10', 'V16', 'V5', 'V12', 'V21', 'V20', 'V2']",0.5540540540540541,0.7884615384615384,0.6507936507936508,0.6254239616184095,8
"['V4', 'V14', 'V8', 'V12', 'V17', 'V19']",0.5675675675675675,0.7777777777777778,0.65625,0.6254195880606052,6
"['V4', 'V14', 'V16', 'V12', 'V17', 'V2', 'V19']",0.5675675675675675,0.7924528301886793,0.6614173228346457,0.62541371397709,7
"['V4', 'V14', 'V10', 'V5', 'V2']",0.5675675675675675,0.711864406779661,0.631578947368421,0.6253991652492901,5
"['V4', 'V10', 'V16', 'V5', 'V12', 'V21', 'V20', 'V17', 'V19']",0.5675675675675675,0.7924528301886793,0.6614173228346457,0.625353423482264,9
"['V4', 'V14', 'V16', 'V12', 'V17']",0.5675675675675675,0.7924528301886793,0.6614173228346457,0.6253502495194019,5
"['V14', 'V10', 'V12', 'V20', 'V17']",0.5675675675675675,0.7924528301886793,0.6614173228346457,0.6253434838455038,5
"['V4', 'V10', 'V16', 'V8', 'V12', 'V21', 'V17', 'V2']",0.5135135135135135,0.76,0.6129032258064516,0.6253033675198624,8
"['V4', 'V14', 'V16', 'V5', 'V12', 'V19']",0.5675675675675675,0.7924528301886793,0.6614173228346457,0.6252313288550098,6
"['V14', 'V10', 'V8', 'V12', 'V20']",0.5675675675675675,0.7924528301886793,0.6614173228346457,0.6252101933464116,5
"['V14', 'V10', 'V12', 'V17', 'V19']",0.5675675675675675,0.7924528301886793,0.6614173228346457,0.6251679206180213,5
"['V14', 'V10', 'V5', 'V21', 'V20', 'V2']",0.581081081081081,0.7413793103448276,0.6515151515151515,0.6251470922633736,6
"['V14', 'V10', 'V1', 'V2', 'V3']",0.5675675675675675,0.75,0.6461538461538462,0.6251431996916943,5
"['V4', 'V10', 'V8', 'V21', 'V17', 'V2']",0.4864864864864865,0.75,0.5901639344262295,0.6251307636491524,6
"['V14', 'V16', 'V8', 'V5', 'V12', 'V21', 'V17']",0.5945945945945946,0.7857142857142857,0.676923076923077,0.6250591908409489,7
"['V14', 'V10', 'V1', 'V3']",0.5675675675675675,0.75,0.6461538461538462,0.6250563941861917,4
"['V4', 'V14', 'V16', 'V5', 'V20', 'V17']",0.581081081081081,0.7818181818181819,0.6666666666666666,0.625028863943814,6
"['V4', 'V10', 'V8', 'V5', 'V12', 'V21', 'V2', 'V19']",0.5405405405405406,0.7843137254901961,0.64,0.625028260986679,8
"['V4', 'V14', 'V16', 'V5', 'V12']",0.5675675675675675,0.7924528301886793,0.6614173228346457,0.6250207369895583,5
"['V14', 'V10', 'V1', 'V2', 'V5', 'V3', 'V6', 'V9']",0.5945945945945946,0.7457627118644068,0.6616541353383458,0.6249349707619762,8
"['V4', 'V14', 'V16', 'V5', 'V12', 'V2']",0.5675675675675675,0.7924528301886793,0.6614173228346457,0.6249002395133787,6
"['V4', 'V10', 'V16', 'V5', 'V12', 'V21', 'V20']",0.5675675675675675,0.7777777777777778,0.65625,0.6248975953537774,7
"['V4', 'V14', 'V8', 'V5', 'V12', 'V17', 'V19']",0.581081081081081,0.7818181818181819,0.6666666666666666,0.624869642659085,7
"['V14', 'V16', 'V8', 'V12', 'V21', 'V20', 'V19']",0.5945945945945946,0.7857142857142857,0.676923076923077,0.6248573379863982,7
"['V14', 'V10', 'V12', 'V20', 'V17', 'V19']",0.5675675675675675,0.7924528301886793,0.6614173228346457,0.6248357022001512,6
"['V4', 'V14', 'V16', 'V5', 'V12', 'V17', 'V19']",0.5675675675675675,0.7924528301886793,0.6614173228346457,0.6247966420727544,7
"['V14', 'V16', 'V8', 'V12', 'V21', 'V20']",0.5945945945945946,0.7857142857142857,0.676923076923077,0.6247834086284878,6
"['V4', 'V14', 'V16', 'V5', 'V12', 'V20']",0.5675675675675675,0.7924528301886793,0.6614173228346457,0.6247589675083688,6
"['V4', 'V14', 'V16', 'V5', 'V12', 'V17', 'V2', 'V19']",0.5675675675675675,0.7924528301886793,0.6614173228346457,0.6247112209301068,8
"['V4', 'V14', 'V16', 'V12', 'V20', 'V17', 'V19']",0.5675675675675675,0.7924528301886793,0.6614173228346457,0.6247092235818578,7
"['V4', 'V10', 'V8', 'V21', 'V17', 'V2', 'V19']",0.4864864864864865,0.75,0.5901639344262295,0.6246806950057698,7
"['V4', 'V10', 'V16', 'V8', 'V12', 'V21', 'V2', 'V19']",0.5135135135135135,0.76,0.6129032258064516,0.624676572944871,8
"['V4', 'V14', 'V16', 'V5', 'V12', 'V17', 'V2']",0.5675675675675675,0.7924528301886793,0.6614173228346457,0.6246712486805243,7
"['V4', 'V10', 'V8', 'V5', 'V12', 'V21', 'V20', 'V17']",0.581081081081081,0.7818181818181819,0.6666666666666666,0.6246539392689426,8
"['V14', 'V10', 'V12', 'V17', 'V2', 'V19']",0.5675675675675675,0.7924528301886793,0.6614173228346457,0.6246262309622,6
"['V14', 'V16', 'V8', 'V12', 'V21', 'V17']",0.5945945945945946,0.7857142857142857,0.676923076923077,0.6245709071026158,6
"['V4', 'V10', 'V16', 'V8', 'V21', 'V2', 'V19']",0.5,0.7551020408163265,0.6016260162601627,0.624535428881797,7
"['V4', 'V14', 'V16', 'V12', 'V20', 'V2']",0.5675675675675675,0.7924528301886793,0.6614173228346457,0.6245339227398072,6
"['V4', 'V10', 'V8', 'V12', 'V21', 'V20', 'V17', 'V2', 'V19']",0.5,0.7551020408163265,0.6016260162601627,0.6245213225417652,9
"['V4', 'V10', 'V5', 'V12', 'V21', 'V20', 'V2', 'V19']",0.5540540540540541,0.7884615384615384,0.6507936507936508,0.6245201964577014,8
"['V14', 'V8', 'V5', 'V12', 'V21', 'V17', 'V19']",0.5945945945945946,0.7857142857142857,0.676923076923077,0.6244611013678589,7
"['V14', 'V10', 'V12', 'V17', 'V2']",0.5675675675675675,0.7924528301886793,0.6614173228346457,0.6244530258731301,5
"['V14', 'V16', 'V8', 'V5', 'V12', 'V21', 'V20', 'V17', 'V19']",0.5945945945945946,0.7857142857142857,0.676923076923077,0.6244140235737379,9
"['V14', 'V10', 'V5', 'V12', 'V2', 'V19']",0.5675675675675675,0.7636363636363637,0.6511627906976745,0.6243931579674254,6
"['V14', 'V10', 'V5', 'V12', 'V20', 'V19']",0.5675675675675675,0.7924528301886793,0.6614173228346457,0.6243532454424608,6
"['V14', 'V10', 'V5', 'V12', 'V19']",0.5675675675675675,0.7924528301886793,0.6614173228346457,0.6242939123758372,5
"['V4', 'V14', 'V16', 'V5', 'V12', 'V17']",0.5675675675675675,0.7777777777777778,0.65625,0.624277867087468,6
"['V4', 'V10', 'V8', 'V12', 'V21', 'V20', 'V17', 'V2']",0.5,0.7551020408163265,0.6016260162601627,0.6242684678324825,8
"['V14', 'V10', 'V5', 'V21', 'V20', 'V2', 'V19']",0.581081081081081,0.7678571428571429,0.6615384615384615,0.6242627935268708,7
"['V4', 'V14', 'V16', 'V5', 'V12', 'V20', 'V2', 'V19']",0.5675675675675675,0.7924528301886793,0.6614173228346457,0.6241541365523469,8
"['V14', 'V8', 'V12', 'V21', 'V17', 'V19']",0.5945945945945946,0.7857142857142857,0.676923076923077,0.6241455015274596,6
"['V4', 'V14', 'V8', 'V12', 'V17']",0.581081081081081,0.7818181818181819,0.6666666666666666,0.624143675736235,5
"['V14', 'V10', 'V1', 'V2', 'V5', 'V3', 'V20']",0.5945945945945946,0.7457627118644068,0.6616541353383458,0.6240950609106378,7
"['V14', 'V8', 'V12', 'V21', 'V17']",0.5945945945945946,0.7857142857142857,0.676923076923077,0.6240492925546584,5
"['V14', 'V10', 'V1', 'V2', 'V5', 'V6']",0.5945945945945946,0.7457627118644068,0.6616541353383458,0.6240431365894773,6
"['V4', 'V10', 'V16', 'V5', 'V21', 'V20', 'V2', 'V19']",0.5405405405405406,0.7843137254901961,0.64,0.6239563005166391,8
"['V14', 'V16', 'V8', 'V12', 'V21', 'V17', 'V19']",0.5945945945945946,0.7857142857142857,0.676923076923077,0.6239545248458126,7
"['V4', 'V14', 'V16', 'V12', 'V20', 'V17', 'V2']",0.5675675675675675,0.7924528301886793,0.6614173228346457,0.6239491265248153,7
"['V14', 'V10', 'V1', 'V2', 'V5', 'V9']",0.5945945945945946,0.7457627118644068,0.6616541353383458,0.6239318398200677,6
"['V4', 'V14', 'V16', 'V12', 'V17', 'V2']",0.5675675675675675,0.7924528301886793,0.6614173228346457,0.6239299051720218,6
"['V4', 'V10', 'V5', 'V12', 'V21', 'V20', 'V17']",0.5675675675675675,0.7924528301886793,0.6614173228346457,0.623923644178685,7
"['V4', 'V10', 'V16', 'V8', 'V5', 'V12', 'V20', 'V19']",0.5540540540540541,0.7735849056603774,0.6456692913385826,0.6238699407443012,8
"['V14', 'V10', 'V1', 'V2', 'V5', 'V12']",0.5945945945945946,0.7719298245614035,0.6717557251908397,0.6238179295557245,6
"['V14', 'V16', 'V8', 'V5', 'V12', 'V21', 'V17', 'V19']",0.5945945945945946,0.7857142857142857,0.676923076923077,0.6238124190649613,8
"['V14', 'V8', 'V5', 'V12', 'V21', 'V17']",0.5945945945945946,0.7857142857142857,0.676923076923077,0.6238117756985253,6
"['V4', 'V14', 'V16', 'V5', 'V12', 'V20', 'V19']",0.5675675675675675,0.7924528301886793,0.6614173228346457,0.6237715084077783,7
"['V14', 'V16', 'V8', 'V12', 'V21', 'V20', 'V17']",0.5945945945945946,0.7857142857142857,0.676923076923077,0.6237558445672486,7
"['V14', 'V16', 'V8', 'V12', 'V21', 'V20', 'V17', 'V19']",0.5945945945945946,0.7857142857142857,0.676923076923077,0.6237391449792704,8
"['V4', 'V10', 'V16', 'V8', 'V12', 'V21', 'V20', 'V17']",0.5540540540540541,0.7592592592592593,0.640625,0.6236902208936342,8
"['V4', 'V14', 'V16', 'V5', 'V12', 'V20', 'V17']",0.5675675675675675,0.7924528301886793,0.6614173228346457,0.6236799561320409,7
"['V14', 'V10', 'V5', 'V12', 'V20', 'V2', 'V19']",0.5675675675675675,0.7924528301886793,0.6614173228346457,0.6236515699662282,7
"['V14', 'V10', 'V1', 'V2', 'V5', 'V3']",0.5945945945945946,0.7457627118644068,0.6616541353383458,0.6236447783774631,6
"['V4', 'V14', 'V12', 'V17', 'V2']",0.5540540540540541,0.7884615384615384,0.6507936507936508,0.6236131257260559,5
"['V14', 'V16', 'V8', 'V5', 'V12', 'V21', 'V19']",0.5945945945945946,0.7857142857142857,0.676923076923077,0.6235484328610245,7
"['V14', 'V10', 'V1', 'V2', 'V5', 'V3', 'V6', 'V11']",0.581081081081081,0.7413793103448276,0.6515151515151515,0.6235476966223361,8
"['V4', 'V14', 'V8', 'V5', 'V12', 'V17']",0.581081081081081,0.7818181818181819,0.6666666666666666,0.6235465382537584,6
"['V14', 'V10', 'V1', 'V2', 'V6']",0.5945945945945946,0.7457627118644068,0.6616541353383458,0.6234911314671284,5
"['V4', 'V10', 'V5', 'V21', 'V20', 'V17', 'V2']",0.5540540540540541,0.7884615384615384,0.6507936507936508,0.6234834063923285,7
"['V14', 'V10', 'V7']",0.581081081081081,0.7413793103448276,0.6515151515151515,0.6234702035849162,3
"['V14', 'V10', 'V7']",0.581081081081081,0.7413793103448276,0.6515151515151515,0.6234702035849162,3
"['V4', 'V10', 'V16', 'V8', 'V21', 'V20', 'V2']",0.527027027027027,0.78,0.6290322580645161,0.6234688113823066,7
"['V14', 'V10', 'V5', 'V2', 'V19']",0.5675675675675675,0.7636363636363637,0.6511627906976745,0.6234491830328158,5
"['V14', 'V10', 'V12', 'V2', 'V19']",0.5675675675675675,0.7924528301886793,0.6614173228346457,0.6234488901121991,5
"['V4', 'V10', 'V16', 'V8', 'V21', 'V20', 'V17', 'V2']",0.5135135135135135,0.7755102040816326,0.6178861788617886,0.6234441773402264,8
"['V14', 'V16', 'V8', 'V5', 'V12', 'V21', 'V20', 'V17']",0.5945945945945946,0.7857142857142857,0.676923076923077,0.6234359782945479,8
"['V14', 'V10', 'V1', 'V2', 'V5', 'V19']",0.581081081081081,0.7678571428571429,0.6615384615384615,0.6234025226608897,6
"['V4', 'V10', 'V16', 'V5', 'V12', 'V21', 'V17', 'V2', 'V19']",0.5540540540540541,0.7884615384615384,0.6507936507936508,0.6233965155987636,9
"['V14', 'V10', 'V1', 'V2', 'V20']",0.581081081081081,0.7413793103448276,0.6515151515151515,0.6233797489042429,5
"['V4', 'V10', 'V8', 'V5', 'V21', 'V20', 'V2']",0.5405405405405406,0.7843137254901961,0.64,0.6233563835267534,7
"['V4', 'V10', 'V5', 'V21', 'V20', 'V17', 'V2', 'V19']",0.5540540540540541,0.7884615384615384,0.6507936507936508,0.6233234452097661,8
"['V14', 'V16', 'V8', 'V5', 'V12', 'V21']",0.5945945945945946,0.7857142857142857,0.676923076923077,0.6233157825722524,6
"['V14', 'V10', 'V1', 'V2', 'V5', 'V20']",0.5945945945945946,0.7457627118644068,0.6616541353383458,0.6232911883636092,6
"['V4', 'V10', 'V16', 'V5', 'V12', 'V21', 'V2', 'V19']",0.5540540540540541,0.7884615384615384,0.6507936507936508,0.6232604807627069,8
"['V4', 'V10', 'V16', 'V8', 'V12', 'V21', 'V20', 'V19']",0.5675675675675675,0.7777777777777778,0.65625,0.6231968279478312,8
"['V4', 'V14', 'V12', 'V17', 'V2', 'V19']",0.5675675675675675,0.7924528301886793,0.6614173228346457,0.6231785795176911,6
"['V14', 'V16', 'V8', 'V5', 'V12', 'V21', 'V20', 'V19']",0.5945945945945946,0.7857142857142857,0.676923076923077,0.6231635944386806,8
"['V14', 'V16', 'V8', 'V5', 'V12', 'V21', 'V20']",0.5945945945945946,0.7857142857142857,0.676923076923077,0.6231203694278947,7
"['V4', 'V14', 'V16', 'V12', 'V20', 'V17']",0.5675675675675675,0.7924528301886793,0.6614173228346457,0.6230899064598393,6
"['V14', 'V10', 'V1', 'V2']",0.581081081081081,0.7413793103448276,0.6515151515151515,0.6230824763564184,4
"['V4', 'V10', 'V16', 'V8', 'V5', 'V12', 'V20', 'V2']",0.5540540540540541,0.7735849056603774,0.6456692913385826,0.6230689368008452,8
"['V14', 'V10', 'V1', 'V2', 'V5', 'V3', 'V7']",0.581081081081081,0.7543859649122807,0.6564885496183206,0.6230489200561755,7
"['V14', 'V10', 'V1', 'V2', 'V5', 'V3', 'V19']",0.581081081081081,0.7678571428571429,0.6615384615384615,0.6230294640583423,7
"['V14', 'V10', 'V1', 'V2', 'V5', 'V3', 'V11']",0.581081081081081,0.7413793103448276,0.6515151515151515,0.6229840794718133,7
"['V4', 'V14', 'V16', 'V5', 'V12', 'V20', 'V2']",0.5675675675675675,0.7924528301886793,0.6614173228346457,0.6229737316151528,7
"['V14', 'V10', 'V1', 'V2', 'V19']",0.5675675675675675,0.7636363636363637,0.6511627906976745,0.6229587558323253,5
"['V14', 'V10', 'V1', 'V2', 'V5', 'V3', 'V6']",0.5945945945945946,0.7457627118644068,0.6616541353383458,0.6229280880237709,7
"['V14', 'V10', 'V1', 'V2', 'V5', 'V3', 'V6', 'V19']",0.581081081081081,0.7678571428571429,0.6615384615384615,0.6228561958234529,8
"['V4', 'V14', 'V16', 'V5', 'V12', 'V20', 'V17', 'V2', 'V19']",0.5675675675675675,0.7924528301886793,0.6614173228346457,0.6228558164228578,9
"['V4', 'V10', 'V16', 'V8', 'V5', 'V21', 'V20', 'V19']",0.5945945945945946,0.7857142857142857,0.676923076923077,0.6228441077468581,8
"['V14', 'V10', 'V5', 'V20', 'V2', 'V19']",0.581081081081081,0.7678571428571429,0.6615384615384615,0.6228373892480343,6
"['V14', 'V16', 'V8', 'V5', 'V12', 'V21', 'V20', 'V2']",0.5945945945945946,0.7857142857142857,0.676923076923077,0.6228212568167059,8
"['V4', 'V10', 'V16', 'V5', 'V12', 'V21', 'V20', 'V17']",0.5675675675675675,0.7924528301886793,0.6614173228346457,0.6227801948970013,8
"['V4', 'V10', 'V16', 'V5', 'V21', 'V20', 'V2']",0.5405405405405406,0.7843137254901961,0.64,0.6227171518430539,7
"['V14', 'V16', 'V8', 'V12', 'V21']",0.5945945945945946,0.7857142857142857,0.676923076923077,0.6226186536239895,5
"['V4', 'V14', 'V5', 'V12', 'V17', 'V2']",0.5675675675675675,0.7924528301886793,0.6614173228346457,0.622581816922987,6
"['V4', 'V14', 'V16', 'V5', 'V12', 'V20', 'V17', 'V2']",0.5675675675675675,0.7924528301886793,0.6614173228346457,0.6225792199158315,8
"['V4', 'V14', 'V5', 'V12', 'V17', 'V2', 'V19']",0.5675675675675675,0.7924528301886793,0.6614173228346457,0.6225681202409786,7
"['V14', 'V10', 'V2', 'V19']",0.5675675675675675,0.7636363636363637,0.6511627906976745,0.6225375125878283,4
"['V14', 'V16', 'V8', 'V12', 'V21', 'V17', 'V2']",0.5945945945945946,0.7857142857142857,0.676923076923077,0.6225057774240318,7
"['V14', 'V16', 'V8', 'V12', 'V21', 'V19']",0.5945945945945946,0.7857142857142857,0.676923076923077,0.622458003569071,6
"['V4', 'V14', 'V5', 'V12', 'V20', 'V17', 'V2', 'V19']",0.5675675675675675,0.7924528301886793,0.6614173228346457,0.6224517088090474,8
"['V14', 'V16', 'V8', 'V12', 'V21', 'V17', 'V2', 'V19']",0.5945945945945946,0.7857142857142857,0.676923076923077,0.6224445008214979,8
"['V14', 'V10', 'V12', 'V20', 'V2', 'V19']",0.5675675675675675,0.7924528301886793,0.6614173228346457,0.6224312468036459,6
"['V14', 'V16', 'V8', 'V5', 'V12', 'V21', 'V20', 'V17', 'V2', 'V19']",0.5945945945945946,0.7857142857142857,0.676923076923077,0.6224058241211227,10
"['V14', 'V10', 'V1', 'V19']",0.5675675675675675,0.7636363636363637,0.6511627906976745,0.6223989238277228,4
"['V14', 'V10', 'V1', 'V5']",0.581081081081081,0.7413793103448276,0.6515151515151515,0.6223970891890804,4
"['V14', 'V10', 'V1', 'V2', 'V5', 'V11']",0.581081081081081,0.7413793103448276,0.6515151515151515,0.6223746087080166,6
"['V14', 'V10', 'V19']",0.5675675675675675,0.7636363636363637,0.6511627906976745,0.6223696442755533,3
"['V14', 'V10', 'V19']",0.5675675675675675,0.7636363636363637,0.6511627906976745,0.6223696442755533,3
"['V14', 'V10', 'V19']",0.5675675675675675,0.7636363636363637,0.6511627906976745,0.6223696442755533,3
"['V4', 'V14', 'V5', 'V12', 'V20', 'V17', 'V2']",0.5675675675675675,0.7924528301886793,0.6614173228346457,0.6223369728400716,7
"['V14', 'V10', 'V12', 'V20', 'V19']",0.5675675675675675,0.7924528301886793,0.6614173228346457,0.6223369529214924,5
"['V4', 'V10', 'V16', 'V21', 'V17', 'V2', 'V19']",0.5135135135135135,0.76,0.6129032258064516,0.6222590760409326,7
"['V4', 'V10', 'V16', 'V8', 'V12', 'V21', 'V2']",0.5135135135135135,0.76,0.6129032258064516,0.6222437060298244,7
"['V14', 'V10', 'V2']",0.581081081081081,0.7413793103448276,0.6515151515151515,0.62223580255663,3
"['V14', 'V10', 'V2']",0.581081081081081,0.7413793103448276,0.6515151515151515,0.62223580255663,3
"['V14', 'V10', 'V2']",0.581081081081081,0.7413793103448276,0.6515151515151515,0.62223580255663,3
"['V4', 'V14', 'V17', 'V2']",0.5675675675675675,0.7924528301886793,0.6614173228346457,0.6222103215596025,4
"['V14', 'V10', 'V1', 'V2', 'V12']",0.5675675675675675,0.7636363636363637,0.6511627906976745,0.6222035750747456,5
"['V4', 'V10', 'V21', 'V20', 'V17', 'V2', 'V19']",0.4864864864864865,0.75,0.5901639344262295,0.6222002701273006,7
"['V14', 'V16', 'V8', 'V12', 'V21', 'V2', 'V19']",0.5945945945945946,0.7857142857142857,0.676923076923077,0.62217457023873,7
"['V4', 'V10', 'V16', 'V21', 'V20', 'V17', 'V2']",0.5135135135135135,0.7755102040816326,0.6178861788617886,0.6221628753621764,7
"['V4', 'V14', 'V17', 'V2', 'V19']",0.5675675675675675,0.7924528301886793,0.6614173228346457,0.6221340770819703,5
"['V14', 'V10', 'V1', 'V2', 'V5', 'V3', 'V6', 'V12']",0.581081081081081,0.7678571428571429,0.6615384615384615,0.6220944433261515,8
"['V4', 'V10', 'V16', 'V5', 'V12', 'V21', 'V17', 'V2']",0.5540540540540541,0.7884615384615384,0.6507936507936508,0.6220890887994829,8
"['V4', 'V10', 'V16', 'V12', 'V21', 'V20', 'V17', 'V2', 'V19']",0.527027027027027,0.78,0.6290322580645161,0.622075133439263,9
"['V4', 'V10', 'V5', 'V12', 'V21', 'V20']",0.5675675675675675,0.7777777777777778,0.65625,0.6220606146812075,6
"['V4', 'V10', 'V21', 'V20', 'V17', 'V2']",0.4864864864864865,0.75,0.5901639344262295,0.6220589710343458,6
"['V4', 'V10', 'V5', 'V12', 'V21', 'V20', 'V19']",0.5675675675675675,0.7636363636363637,0.6511627906976745,0.6220564900347441,7
"['V14', 'V10', 'V1', 'V2', 'V5']",0.5945945945945946,0.7457627118644068,0.6616541353383458,0.6220460575900548,5
"['V4', 'V10', 'V5', 'V12', 'V21', 'V20', 'V17', 'V19']",0.5540540540540541,0.7735849056603774,0.6456692913385826,0.622020082681991,8
"['V4', 'V10', 'V16', 'V8', 'V5', 'V12', 'V20', 'V17', 'V19']",0.5540540540540541,0.7884615384615384,0.6507936507936508,0.6219885244905347,9
"['V14', 'V16', 'V8', 'V12', 'V21', 'V2']",0.5945945945945946,0.7857142857142857,0.676923076923077,0.6219830704928903,6
"['V14', 'V10', 'V12', 'V20', 'V2']",0.5675675675675675,0.7636363636363637,0.6511627906976745,0.6219594568286213,5
"['V14', 'V10', 'V5', 'V12', 'V20', 'V2']",0.581081081081081,0.7678571428571429,0.6615384615384615,0.6219411196932738,6
"['V14', 'V10', 'V5', 'V12', 'V2']",0.581081081081081,0.7678571428571429,0.6615384615384615,0.6218967432365111,5
"['V14', 'V8', 'V5', 'V12', 'V21', 'V20', 'V17']",0.5945945945945946,0.7857142857142857,0.676923076923077,0.6218926741524912,7
"['V14', 'V10', 'V12', 'V2']",0.5675675675675675,0.7636363636363637,0.6511627906976745,0.6218204088210141,4
"['V14', 'V16', 'V8', 'V5', 'V12', 'V21', 'V17', 'V2', 'V19']",0.5945945945945946,0.7857142857142857,0.676923076923077,0.6218097121061666,9
"['V4', 'V14', 'V5', 'V17', 'V2', 'V19']",0.581081081081081,0.7818181818181819,0.6666666666666666,0.6217893826637079,6
"['V4', 'V14', 'V5', 'V21', 'V19']",0.5405405405405406,0.6896551724137931,0.6060606060606061,0.6217646092043835,5
"['V4', 'V10', 'V16', 'V8', 'V5', 'V12', 'V2', 'V19']",0.5405405405405406,0.7843137254901961,0.64,0.6217347196897844,8
"['V14', 'V10', 'V1', 'V2', 'V5', 'V3', 'V6', 'Amount']",0.5945945945945946,0.7586206896551724,0.6666666666666666,0.6216729976339685,8
"['V14', 'V10', 'V5', 'V2']",0.581081081081081,0.7413793103448276,0.6515151515151515,0.6216151191245962,4
"['V4', 'V10', 'V8', 'V5', 'V21', 'V20', 'V2', 'V19']",0.5405405405405406,0.7843137254901961,0.64,0.6216036077118295,8
"['V4', 'V10', 'V16', 'V21', 'V2']",0.527027027027027,0.7647058823529411,0.624,0.6215726596820074,5
"['V14', 'V8', 'V12', 'V21', 'V20', 'V17']",0.5945945945945946,0.7857142857142857,0.676923076923077,0.6215239771150134,6
"['V4', 'V10', 'V16', 'V12', 'V21', 'V2', 'V19']",0.5,0.7708333333333334,0.6065573770491803,0.6214920844093327,7
"['V4', 'V10', 'V5', 'V21', 'V20', 'V2', 'V19']",0.5405405405405406,0.7843137254901961,0.64,0.6214732326658078,7
"['V4', 'V14', 'V20', 'V17', 'V2']",0.581081081081081,0.7962962962962963,0.671875,0.6214409429775932,5
"['V4', 'V14', 'V12', 'V21', 'V19']",0.5675675675675675,0.7924528301886793,0.6614173228346457,0.621423146882379,5
"['V4', 'V14', 'V5', 'V17', 'V2']",0.581081081081081,0.7818181818181819,0.6666666666666666,0.6214201100614152,5
"['V14', 'V10', 'V12', 'V20']",0.5675675675675675,0.7924528301886793,0.6614173228346457,0.6213926852537037,4
"['V4', 'V10', 'V16', 'V8', 'V5', 'V12', 'V20', 'V17', 'V2']",0.5540540540540541,0.7884615384615384,0.6507936507936508,0.6213761547924794,9
"['V4', 'V14', 'V8', 'V12', 'V2', 'V19']",0.581081081081081,0.7818181818181819,0.6666666666666666,0.6213728735661206,6
"['V14', 'V8', 'V5', 'V12', 'V21', 'V20', 'V17', 'V19']",0.5945945945945946,0.7857142857142857,0.676923076923077,0.6213693651345005,8
"['V14', 'V10', 'V1']",0.581081081081081,0.7413793103448276,0.6515151515151515,0.621368371613909,3
"['V14', 'V10', 'V1']",0.581081081081081,0.7413793103448276,0.6515151515151515,0.621368371613909,3
"['V4', 'V14', 'V8', 'V17', 'V19']",0.5540540540540541,0.7592592592592593,0.640625,0.6213597127275176,5
"['V4', 'V10', 'V21', 'V2']",0.44594594594594594,0.7333333333333333,0.5546218487394958,0.6213579132379048,4
"['V4', 'V14', 'V12', 'V20', 'V17', 'V2']",0.5675675675675675,0.7924528301886793,0.6614173228346457,0.6213532436513483,6
"['V4', 'V10', 'V16', 'V5', 'V12', 'V21', 'V2']",0.5405405405405406,0.7843137254901961,0.64,0.6213444372025034,7
"['V4', 'V10', 'V16', 'V12', 'V20', 'V2', 'V19']",0.5135135135135135,0.76,0.6129032258064516,0.6213354172032673,7
"['V14', 'V10', 'V1', 'V2', 'V7']",0.581081081081081,0.7413793103448276,0.6515151515151515,0.6213323600592511,5
"['V4', 'V10', 'V21', 'V20', 'V2']",0.4594594594594595,0.7391304347826086,0.5666666666666667,0.6213087000598675,5
"['V4', 'V14', 'V5', 'V12', 'V17', 'V19']",0.581081081081081,0.7818181818181819,0.6666666666666666,0.6212995265223158,6
"['V14', 'V10', 'V3']",0.5675675675675675,0.7368421052631579,0.6412213740458015,0.6212762162688641,3
"['V14', 'V10', 'V3']",0.5675675675675675,0.7368421052631579,0.6412213740458015,0.6212762162688641,3
"['V4', 'V14', 'V5', 'V12', 'V17']",0.581081081081081,0.7818181818181819,0.6666666666666666,0.621262884881323,5
"['V14', 'V16', 'V8', 'V5', 'V12', 'V21', 'V17', 'V2']",0.5945945945945946,0.7857142857142857,0.676923076923077,0.6212520177685403,8
"['V14', 'V10', 'V20', 'V2', 'V19']",0.581081081081081,0.7678571428571429,0.6615384615384615,0.6212405935893001,5
"['V14', 'V10', 'V20', 'V19']",0.5675675675675675,0.7636363636363637,0.6511627906976745,0.621225177719817,4
"['V4', 'V10', 'V16', 'V8', 'V21', 'V17', 'V2']",0.5,0.7551020408163265,0.6016260162601627,0.6212213845200606,7
"['V4', 'V14', 'V12', 'V20', 'V17']",0.5675675675675675,0.7924528301886793,0.6614173228346457,0.6212066033680292,5
"['V14', 'V10', 'V1', 'V7']",0.5675675675675675,0.7368421052631579,0.6412213740458015,0.621196013286932,4
"['V14', 'V10', 'V12']",0.5675675675675675,0.7636363636363637,0.6511627906976745,0.6211657262770446,3
"['V14', 'V10', 'V12']",0.5675675675675675,0.7636363636363637,0.6511627906976745,0.6211657262770446,3
"['V14', 'V10', 'V12']",0.5675675675675675,0.7636363636363637,0.6511627906976745,0.6211657262770446,3
"['V4', 'V14', 'V8', 'V17']",0.5675675675675675,0.7636363636363637,0.6511627906976745,0.6211551629374567,4
"['V14', 'V16', 'V8', 'V5', 'V12', 'V21', 'V20', 'V2', 'V19']",0.5945945945945946,0.7857142857142857,0.676923076923077,0.62113100331541,9
"['V14', 'V10', 'V1', 'V2', 'V5', 'V3', 'V12']",0.581081081081081,0.7962962962962963,0.671875,0.6211069958556067,7
"['V4', 'V10', 'V8', 'V12', 'V21', 'V2', 'V19']",0.4864864864864865,0.7346938775510204,0.5853658536585366,0.6210742441659743,7
"['V4', 'V14', 'V20', 'V17', 'V2', 'V19']",0.581081081081081,0.7962962962962963,0.671875,0.621063272881373,6
"['V4', 'V10', 'V16', 'V8', 'V12', 'V20', 'V2', 'V19']",0.5135135135135135,0.76,0.6129032258064516,0.6210632217081394,8
"['V4', 'V10', 'V8', 'V12', 'V21', 'V2']",0.4864864864864865,0.7346938775510204,0.5853658536585366,0.6210525254898814,6
"['V4', 'V14', 'V21', 'V19']",0.5405405405405406,0.6896551724137931,0.6060606060606061,0.620967318729891,4
"['V14', 'V10', 'V1', 'V2', 'V5', 'V7']",0.581081081081081,0.7543859649122807,0.6564885496183206,0.6209474126045919,6
"['V4', 'V14', 'V12', 'V20', 'V17', 'V19']",0.5675675675675675,0.7924528301886793,0.6614173228346457,0.6209201637691151,6
"['V4', 'V10', 'V5', 'V21', 'V20', 'V2']",0.5405405405405406,0.7843137254901961,0.64,0.6209175802022313,6
"['V4', 'V10', 'V21', 'V20', 'V2', 'V19']",0.4594594594594595,0.7391304347826086,0.5666666666666667,0.6209038466307402,6
"['V4', 'V14', 'V8', 'V5', 'V17', 'V19']",0.581081081081081,0.7678571428571429,0.6615384615384615,0.6208906227465232,6
"['V4', 'V14', 'V12', 'V20', 'V17', 'V2', 'V19']",0.5675675675675675,0.7924528301886793,0.6614173228346457,0.6208700351858253,7
"['V14', 'V10', 'V5', 'V19']",0.5675675675675675,0.7636363636363637,0.6511627906976745,0.6208364297375218,4
"['V14', 'V10', 'V1', 'V11']",0.581081081081081,0.7413793103448276,0.6515151515151515,0.6207770486938814,4
"['V14', 'V16', 'V8', 'V5', 'V12', 'V21', 'V2', 'V19']",0.5945945945945946,0.7857142857142857,0.676923076923077,0.6207525084382212,8
"['V14', 'V10', 'V20', 'V2']",0.581081081081081,0.7413793103448276,0.6515151515151515,0.6207477489486135,4
"['V14', 'V10', 'V1', 'V2', 'V11']",0.5675675675675675,0.7368421052631579,0.6412213740458015,0.62069128279873,5
"['V14', 'V16', 'V8', 'V12', 'V21', 'V20', 'V17', 'V2', 'V19']",0.5945945945945946,0.7857142857142857,0.676923076923077,0.6206787793179788,9
"['V14', 'V16', 'V8', 'V5', 'V12', 'V21', 'V20', 'V17', 'V2']",0.5945945945945946,0.7857142857142857,0.676923076923077,0.6206696885715068,9
"['V14', 'V16', 'V8', 'V12', 'V21', 'V20', 'V17', 'V2']",0.5945945945945946,0.7857142857142857,0.676923076923077,0.6206426770925282,8
"['V4', 'V10', 'V16', 'V5', 'V12', 'V20', 'V19']",0.5540540540540541,0.7735849056603774,0.6456692913385826,0.6206359918039425,7
"['V4', 'V10', 'V16', 'V12', 'V21', 'V20', 'V2']",0.527027027027027,0.7647058823529411,0.624,0.6206346076034207,7
"['V14', 'V10', 'V1', 'V2', 'V5', 'Amount']",0.5945945945945946,0.7457627118644068,0.6616541353383458,0.6206243246218028,6
"['V14', 'V10', 'V5', 'V12']",0.581081081081081,0.7678571428571429,0.6615384615384615,0.6206099213428206,4
"['V4', 'V14', 'V12', 'V21', 'V20', 'V19']",0.5540540540540541,0.7884615384615384,0.6507936507936508,0.6205523613579146,6
"['V4', 'V14', 'V12', 'V17', 'V19']",0.5540540540540541,0.7735849056603774,0.6456692913385826,0.6205281087311146,5
"['V4', 'V10', 'V16', 'V8', 'V5', 'V21', 'V17', 'V2', 'V19']",0.5540540540540541,0.7884615384615384,0.6507936507936508,0.6205103711204025,9
"['V14', 'V10', 'V1', 'V6']",0.581081081081081,0.7413793103448276,0.6515151515151515,0.620499463750846,4
"['V14', 'V10', 'V1', 'V12']",0.5675675675675675,0.7777777777777778,0.65625,0.6204532302971503,4
"['V14', 'V16', 'V8', 'V21', 'V20', 'V19']",0.5540540540540541,0.7454545454545455,0.6356589147286822,0.6204515154242316,6
"['V4', 'V14', 'V5', 'V12', 'V20', 'V17', 'V19']",0.5675675675675675,0.7924528301886793,0.6614173228346457,0.6204233075997451,7
"['V4', 'V14', 'V12', 'V21']",0.5675675675675675,0.7924528301886793,0.6614173228346457,0.6204084554337876,4
"['V4', 'V10', 'V5', 'V12', 'V21', 'V17', 'V2']",0.5135135135135135,0.7755102040816326,0.6178861788617886,0.6203699879346632,7
"['V14', 'V16', 'V8', 'V12', 'V21', 'V20', 'V2']",0.5945945945945946,0.7857142857142857,0.676923076923077,0.6203369508062082,7
"['V4', 'V10', 'V16', 'V8', 'V21', 'V17', 'V2', 'V19']",0.5135135135135135,0.76,0.6129032258064516,0.62030802200849,8
"['V4', 'V10', 'V8', 'V5', 'V21', 'V17', 'V2']",0.5540540540540541,0.7884615384615384,0.6507936507936508,0.6202907584326817,7
"['V14', 'V16', 'V8', 'V5', 'V12', 'V21', 'V2']",0.5945945945945946,0.7857142857142857,0.676923076923077,0.6202836894460741,7
"['V4', 'V10', 'V21', 'V2', 'V19']",0.4594594594594595,0.7391304347826086,0.5666666666666667,0.6202375849927471,5
"['V4', 'V14', 'V12', 'V17']",0.5540540540540541,0.7735849056603774,0.6456692913385826,0.620196505042566,4
"['V4', 'V14', 'V12', 'V21', 'V2', 'V19']",0.5675675675675675,0.7777777777777778,0.65625,0.620098139372071,6
"['V14', 'V16', 'V8', 'V21', 'V20']",0.5540540540540541,0.7454545454545455,0.6356589147286822,0.6200259166791589,5
"['V4', 'V14', 'V5', 'V12', 'V20', 'V17']",0.5675675675675675,0.7924528301886793,0.6614173228346457,0.6200149495438131,6
"['V14', 'V16', 'V8', 'V12', 'V21', 'V20', 'V2', 'V19']",0.5945945945945946,0.7857142857142857,0.676923076923077,0.6200109639692113,8
"['V4', 'V10', 'V16', 'V8', 'V21', 'V2']",0.5135135135135135,0.7755102040816326,0.6178861788617886,0.6200080139563717,6
"['V4', 'V10', 'V16', 'V8', 'V5', 'V21', 'V20', 'V17', 'V19']",0.5540540540540541,0.7735849056603774,0.6456692913385826,0.6199932952886653,9
"['V4', 'V14', 'V5', 'V20', 'V17', 'V2']",0.581081081081081,0.7962962962962963,0.671875,0.6199784136726163,6
"['V4', 'V10', 'V8', 'V5', 'V21', 'V17', 'V2', 'V19']",0.5675675675675675,0.7924528301886793,0.6614173228346457,0.6199613319987735,8
"['V14', 'V8', 'V12', 'V21', 'V20', 'V17', 'V19']",0.5945945945945946,0.7857142857142857,0.676923076923077,0.6198434086439574,7
"['V4', 'V10', 'V16', 'V8', 'V5', 'V21', 'V2']",0.5540540540540541,0.7884615384615384,0.6507936507936508,0.6198350762420418,7
"['V4', 'V10', 'V5', 'V12', 'V21', 'V17', 'V2', 'V19']",0.5135135135135135,0.7755102040816326,0.6178861788617886,0.6197911290288847,8
"['V4', 'V14', 'V8', 'V5', 'V17']",0.581081081081081,0.7678571428571429,0.6615384615384615,0.6197333104870386,5
"['V4', 'V10', 'V16', 'V12', 'V21', 'V17', 'V2', 'V19']",0.527027027027027,0.78,0.6290322580645161,0.6197182966528945,8
"['V4', 'V14', 'V5', 'V20', 'V17', 'V2', 'V19']",0.581081081081081,0.7962962962962963,0.671875,0.6197167483788038,7
"['V14', 'V10', 'V1', 'V2', 'Amount']",0.5945945945945946,0.7457627118644068,0.6616541353383458,0.6196920156997895,5
"['V14', 'V10', 'V5', 'V20', 'V19']",0.5675675675675675,0.7636363636363637,0.6511627906976745,0.6196915301691845,5
"['V4', 'V10', 'V8', 'V12', 'V21', 'V17', 'V2', 'V19']",0.5,0.74,0.5967741935483871,0.6196490094733059,8
"['V4', 'V10', 'V16', 'V8', 'V5', 'V21', 'V17', 'V2']",0.5675675675675675,0.7924528301886793,0.6614173228346457,0.6196335994476446,8
"['V4', 'V10', 'V8', 'V5', 'V12', 'V20', 'V17', 'V2', 'V19']",0.527027027027027,0.78,0.6290322580645161,0.6196290476079216,9
"['V4', 'V10', 'V16', 'V5', 'V21', 'V20', 'V17', 'V19']",0.5540540540540541,0.7735849056603774,0.6456692913385826,0.619611718176912,8
"['V4', 'V14', 'V12', 'V21', 'V2']",0.5675675675675675,0.7777777777777778,0.65625,0.619574003666757,5
"['V4', 'V14', 'V8', 'V5', 'V12', 'V20', 'V2', 'V19']",0.5675675675675675,0.7636363636363637,0.6511627906976745,0.6195576431125612,8
"['V4', 'V10', 'V16', 'V8', 'V12', 'V21', 'V20']",0.5675675675675675,0.7636363636363637,0.6511627906976745,0.6195420976611171,7
"['V4', 'V10', 'V8', 'V12', 'V21', 'V17', 'V2']",0.5,0.74,0.5967741935483871,0.6195381906470863,7
"['V4', 'V14', 'V8', 'V5', 'V21', 'V19']",0.5405405405405406,0.6896551724137931,0.6060606060606061,0.6195094855079413,6
"['V14', 'V10', 'V12', 'V19']",0.5675675675675675,0.7636363636363637,0.6511627906976745,0.6195042561924703,4
"['V4', 'V10', 'V16', 'V5', 'V12', 'V20', 'V17', 'V2', 'V19']",0.5540540540540541,0.7884615384615384,0.6507936507936508,0.6194864789530182,9
"['V4', 'V10', 'V16', 'V8', 'V5', 'V21', 'V2', 'V19']",0.5540540540540541,0.7884615384615384,0.6507936507936508,0.6194668974807569,8
"['V14', 'V10', 'V6']",0.581081081081081,0.7413793103448276,0.6515151515151515,0.6194599599371938,3
"['V14', 'V10', 'V6']",0.581081081081081,0.7413793103448276,0.6515151515151515,0.6194599599371938,3
"['V4', 'V10', 'V16', 'V8', 'V5', 'V21', 'V20']",0.5945945945945946,0.7857142857142857,0.676923076923077,0.6194317839750499,7
"['V4', 'V10', 'V5', 'V21', 'V17', 'V2']",0.5540540540540541,0.7884615384615384,0.6507936507936508,0.6194246214186152,6
"['V4', 'V10', 'V5', 'V12', 'V21', 'V2', 'V19']",0.5135135135135135,0.7755102040816326,0.6178861788617886,0.6194213443088453,7
"['V4', 'V14', 'V5', 'V12', 'V21', 'V20', 'V19']",0.5675675675675675,0.7924528301886793,0.6614173228346457,0.6194208891077605,7
"['V4', 'V14', 'V12', 'V21', 'V20', 'V2', 'V19']",0.5675675675675675,0.7777777777777778,0.65625,0.619371798890671,7
"['V14', 'V10', 'V11']",0.5675675675675675,0.7368421052631579,0.6412213740458015,0.6193686496270787,3
"['V14', 'V10', 'V11']",0.5675675675675675,0.7368421052631579,0.6412213740458015,0.6193686496270787,3
"['V4', 'V10', 'V16', 'V8', 'V5', 'V12', 'V20']",0.5540540540540541,0.7735849056603774,0.6456692913385826,0.6193487151599006,7
"['V14', 'V8', 'V5', 'V12', 'V21', 'V20', 'V17', 'V2']",0.5945945945945946,0.7857142857142857,0.676923076923077,0.6192968104851014,8
"['V14', 'V8', 'V5', 'V12', 'V21', 'V17', 'V2']",0.5945945945945946,0.7857142857142857,0.676923076923077,0.6192870662685597,7
"['V4', 'V10', 'V16', 'V5', 'V21', 'V20', 'V19']",0.581081081081081,0.7818181818181819,0.6666666666666666,0.6192851170580553,7
"['V4', 'V14', 'V5', 'V12', 'V21', 'V19']",0.5675675675675675,0.7924528301886793,0.6614173228346457,0.6192799288164732,6
"['V14', 'V10', 'V1', 'V20']",0.581081081081081,0.7413793103448276,0.6515151515151515,0.6192401729365007,4
"['V14', 'V10', 'V5', 'V12', 'V20']",0.581081081081081,0.7678571428571429,0.6615384615384615,0.6191935958427778,5
"['V14', 'V10', 'V5', 'V20', 'V2']",0.5945945945945946,0.7457627118644068,0.6616541353383458,0.6191859542338254,5
"['V4', 'V14', 'V5', 'V12', 'V21', 'V20', 'V2', 'V19']",0.5675675675675675,0.7777777777777778,0.65625,0.6191853826146098,8
"['V4', 'V10', 'V8', 'V21', 'V2']",0.44594594594594594,0.7333333333333333,0.5546218487394958,0.6190878041500579,5
"['V4', 'V10', 'V12', 'V21', 'V20', 'V2', 'V19']",0.5,0.7708333333333334,0.6065573770491803,0.6190537468222402,7
"['V4', 'V14', 'V5', 'V12', 'V21']",0.5675675675675675,0.7924528301886793,0.6614173228346457,0.6190100645543359,5
"['V4', 'V10', 'V16', 'V12', 'V20', 'V17', 'V2', 'V19']",0.5135135135135135,0.7755102040816326,0.6178861788617886,0.6190094463800749,8
"['V14', 'V8', 'V12', 'V21', 'V17', 'V2', 'V19']",0.5945945945945946,0.7857142857142857,0.676923076923077,0.6189885689021551,7
"['V14', 'V8', 'V5', 'V12', 'V21', 'V20', 'V17', 'V2', 'V19']",0.5945945945945946,0.7857142857142857,0.676923076923077,0.6189833783712676,9
"['V4', 'V14', 'V5', 'V12', 'V21', 'V2', 'V19']",0.5675675675675675,0.7777777777777778,0.65625,0.618885656131985,7
"['V4', 'V10', 'V8', 'V21', 'V20', 'V17', 'V2']",0.47297297297297297,0.7446808510638298,0.5785123966942148,0.6188402230290527,7
"['V4', 'V10', 'V8', 'V5', 'V12', 'V20', 'V17', 'V2']",0.527027027027027,0.78,0.6290322580645161,0.6188292249599808,8
"['V4', 'V14', 'V8', 'V12', 'V20', 'V2', 'V19']",0.5540540540540541,0.7592592592592593,0.640625,0.6187874773713324,7
"['V14', 'V8', 'V12', 'V21', 'V17', 'V2']",0.5945945945945946,0.7857142857142857,0.676923076923077,0.6187860402585341,6
"['V4', 'V10', 'V16', 'V5', 'V21', 'V17', 'V2', 'V19']",0.5540540540540541,0.7884615384615384,0.6507936507936508,0.6187783192097642,8
"['V4', 'V14', 'V20', 'V17']",0.581081081081081,0.7818181818181819,0.6666666666666666,0.6187648382208916,4
"['V4', 'V14', 'V20', 'V17', 'V19']",0.5675675675675675,0.7777777777777778,0.65625,0.6187223616730223,5
"['V14', 'V10', 'V1', 'V2', 'V5', 'V3', 'Amount']",0.5945945945945946,0.7586206896551724,0.6666666666666666,0.6186363326168376,7
"['V4', 'V10', 'V8', 'V21', 'V20', 'V17', 'V2', 'V19']",0.47297297297297297,0.7446808510638298,0.5785123966942148,0.6185579066390304,8
"['V4', 'V14', 'V8', 'V12', 'V2']",0.5675675675675675,0.7636363636363637,0.6511627906976745,0.6185491075011873,5
"['V4', 'V10', 'V5', 'V21', 'V17', 'V2', 'V19']",0.5540540540540541,0.7884615384615384,0.6507936507936508,0.6185445033009612,7
"['V14', 'V10', 'V5']",0.581081081081081,0.7413793103448276,0.6515151515151515,0.6185194676115651,3
"['V14', 'V10', 'V5']",0.581081081081081,0.7413793103448276,0.6515151515151515,0.6185194676115651,3
"['V14', 'V10', 'V5']",0.581081081081081,0.7413793103448276,0.6515151515151515,0.6185194676115651,3
"['V14', 'V10', 'V20']",0.581081081081081,0.7413793103448276,0.6515151515151515,0.6184783329286101,3
"['V14', 'V10', 'V20']",0.581081081081081,0.7413793103448276,0.6515151515151515,0.6184783329286101,3
"['V14', 'V10', 'V20']",0.581081081081081,0.7413793103448276,0.6515151515151515,0.6184783329286101,3
"['V4', 'V14', 'V12', 'V21', 'V20']",0.5675675675675675,0.7924528301886793,0.6614173228346457,0.6184220903979852,5
"['V4', 'V10', 'V16', 'V8', 'V5', 'V12', 'V20', 'V17']",0.5675675675675675,0.7924528301886793,0.6614173228346457,0.6183245759441633,8
"['V4', 'V10', 'V16', 'V20', 'V2', 'V19']",0.527027027027027,0.78,0.6290322580645161,0.618226179196788,6
"['V4', 'V14', 'V12', 'V21', 'V20', 'V2']",0.5675675675675675,0.7777777777777778,0.65625,0.6181471498041268,6
"['V4', 'V14', 'V5', 'V20', 'V17']",0.581081081081081,0.7678571428571429,0.6615384615384615,0.618124782171805,5
"['V4', 'V10', 'V16', 'V8', 'V5', 'V21', 'V20', 'V17']",0.5540540540540541,0.7735849056603774,0.6456692913385826,0.6180767309413713,8
"['V14', 'V8', 'V5', 'V12', 'V21', 'V17', 'V2', 'V19']",0.5945945945945946,0.7857142857142857,0.676923076923077,0.6180379533942978,8
"['V4', 'V14', 'V5', 'V20', 'V17', 'V19']",0.581081081081081,0.7678571428571429,0.6615384615384615,0.6180087002950758,6
"['V4', 'V10', 'V16', 'V12', 'V21', 'V2']",0.5135135135135135,0.76,0.6129032258064516,0.6179718800154885,6
"['V4', 'V14', 'V5', 'V17', 'V19']",0.581081081081081,0.7678571428571429,0.6615384615384615,0.6178636701109305,5
"['V4', 'V10', 'V16', 'V8', 'V5', 'V12', 'V17', 'V2', 'V19']",0.527027027027027,0.7647058823529411,0.624,0.6178025324866706,9
"['V4', 'V14', 'V5', 'V21']",0.5135135135135135,0.6909090909090909,0.5891472868217055,0.6177625777621809,4
"['V4', 'V10', 'V16', 'V5', 'V21', 'V17', 'V2']",0.5540540540540541,0.7884615384615384,0.6507936507936508,0.6177559578431149,7
"['V4', 'V10', 'V16', 'V5', 'V21', 'V2', 'V19']",0.5405405405405406,0.7843137254901961,0.64,0.6177523990327758,7
"['V4', 'V10', 'V16', 'V12', 'V21', 'V20', 'V17', 'V19']",0.527027027027027,0.7647058823529411,0.624,0.6177483935796287,8
"['V4', 'V10', 'V16', 'V12', 'V21', 'V20', 'V17', 'V2']",0.5135135135135135,0.7755102040816326,0.6178861788617886,0.6177429270910675,8
"['V14', 'V16', 'V8', 'V21', 'V20', 'V17']",0.5945945945945946,0.7586206896551724,0.6666666666666666,0.6175854622076102,6
"['V14', 'V16', 'V8', 'V21', 'V20', 'V2', 'V19']",0.5540540540540541,0.7592592592592593,0.640625,0.6175617190121506,7
"['V4', 'V14', 'V5', 'V12', 'V21', 'V20']",0.5675675675675675,0.7924528301886793,0.6614173228346457,0.6175410775605689,6
"['V4', 'V10', 'V12', 'V21', 'V20', 'V17', 'V2', 'V19']",0.5135135135135135,0.7755102040816326,0.6178861788617886,0.6175178016453641,8
"['V14', 'V16', 'V8', 'V5', 'V21', 'V20', 'V2', 'V19']",0.5540540540540541,0.7592592592592593,0.640625,0.6174850140581405,8
"['V4', 'V10', 'V16', 'V5', 'V12', 'V20', 'V17', 'V2']",0.5540540540540541,0.7884615384615384,0.6507936507936508,0.6174807055853382,8
"['V4', 'V10', 'V16', 'V8', 'V5', 'V20', 'V17', 'V2', 'V19']",0.5540540540540541,0.7735849056603774,0.6456692913385826,0.6174801925160456,9
"['V14', 'V10', 'Amount']",0.5675675675675675,0.7368421052631579,0.6412213740458015,0.6174771241625695,3
"['V14', 'V10', 'Amount']",0.5675675675675675,0.7368421052631579,0.6412213740458015,0.6174771241625695,3
"['V14', 'V10', 'V5', 'V20']",0.581081081081081,0.7413793103448276,0.6515151515151515,0.6174231040321113,4
"['V4', 'V10', 'V16', 'V5', 'V12', 'V20', 'V2', 'V19']",0.5405405405405406,0.7843137254901961,0.64,0.6173587240711057,8
"['V14', 'V16', 'V8', 'V21', 'V20', 'V17', 'V19']",0.5945945945945946,0.7586206896551724,0.6666666666666666,0.6173512193653399,7
"['V4', 'V10', 'V16', 'V12', 'V21', 'V17', 'V2']",0.527027027027027,0.78,0.6290322580645161,0.6171999416156514,7
"['V4', 'V10', 'V16', 'V12', 'V2', 'V19']",0.5135135135135135,0.76,0.6129032258064516,0.6171909971391549,6
"['V14', 'V8', 'V21', 'V17']",0.581081081081081,0.7678571428571429,0.6615384615384615,0.6171877838377559,4
"['V4', 'V10', 'V12', 'V21', 'V17', 'V2', 'V19']",0.5,0.7551020408163265,0.6016260162601627,0.617144569988878,7
"['V4', 'V10', 'V12', 'V21', 'V20', 'V2']",0.5,0.7708333333333334,0.6065573770491803,0.6171404090265524,6
"['V4', 'V14', 'V8', 'V5', 'V21', 'V20', 'V19']",0.5405405405405406,0.7272727272727273,0.6201550387596899,0.6171060206509352,7
"['V4', 'V14', 'V8', 'V12', 'V20', 'V19']",0.5540540540540541,0.7884615384615384,0.6507936507936508,0.6170771954096451,6
"['V4', 'V10', 'V12', 'V21', 'V20', 'V17', 'V2']",0.5135135135135135,0.7755102040816326,0.6178861788617886,0.6170209494630495,7
"['V4', 'V10', 'V5', 'V12', 'V20', 'V17', 'V2', 'V19']",0.527027027027027,0.78,0.6290322580645161,0.617006527942755,8
"['V4', 'V10', 'V16', 'V5', 'V12', 'V20']",0.5540540540540541,0.7884615384615384,0.6507936507936508,0.6169784010094599,6
"['V4', 'V14', 'V8', 'V5', 'V12', 'V20', 'V19']",0.5540540540540541,0.7735849056603774,0.6456692913385826,0.6169327698009233,7
"['V4', 'V14', 'V5', 'V17']",0.5675675675675675,0.7636363636363637,0.6511627906976745,0.6169304876988982,4
"['V4', 'V10', 'V5', 'V12', 'V21', 'V2']",0.5135135135135135,0.7755102040816326,0.6178861788617886,0.6169208723915771,6
"['V4', 'V10', 'V16', 'V21', 'V20', 'V2']",0.5405405405405406,0.7843137254901961,0.64,0.6168961654059573,6
"['V14', 'V10', 'V1', 'Amount']",0.581081081081081,0.7413793103448276,0.6515151515151515,0.616848447970381,4
"['V4', 'V10', 'V16', 'V5', 'V21', 'V20', 'V17']",0.5540540540540541,0.7735849056603774,0.6456692913385826,0.6167816391110448,7
"['V4', 'V10', 'V16', 'V8', 'V12', 'V20', 'V17', 'V2', 'V19']",0.5,0.7551020408163265,0.6016260162601627,0.6167582509918916,9
"['V14', 'V16', 'V8', 'V21', 'V20', 'V17', 'V2']",0.5675675675675675,0.75,0.6461538461538462,0.6166503888624316,7
"['V4', 'V14', 'V5', 'V12', 'V21', 'V20', 'V2']",0.5675675675675675,0.7777777777777778,0.65625,0.6166096350537369,7
"['V14', 'V16', 'V8', 'V21', 'V20', 'V2']",0.5540540540540541,0.7592592592592593,0.640625,0.6165175228151836,6
"['V4', 'V10', 'V16', 'V8', 'V12', 'V2', 'V19']",0.5,0.7551020408163265,0.6016260162601627,0.6165046903230038,7
"['V4', 'V10', 'V16', 'V12', 'V20', 'V2']",0.527027027027027,0.7647058823529411,0.624,0.616433603785678,6
"['V14', 'V16', 'V8', 'V5', 'V21', 'V20', 'V17']",0.5945945945945946,0.7586206896551724,0.6666666666666666,0.6164044245591298,7
"['V14', 'V16', 'V8', 'V5', 'V21', 'V20', 'V17', 'V2']",0.581081081081081,0.7543859649122807,0.6564885496183206,0.6163952139887207,8
"['V4', 'V14', 'V5', 'V12', 'V21', 'V2']",0.5675675675675675,0.7777777777777778,0.65625,0.6163831601316836,6
"['V14', 'V16', 'V8', 'V5', 'V21', 'V20', 'V2']",0.5540540540540541,0.7592592592592593,0.640625,0.6163719535005288,7
"['V14', 'V16', 'V8', 'V5', 'V21', 'V20', 'V17', 'V2', 'V19']",0.581081081081081,0.7543859649122807,0.6564885496183206,0.6163195243226538,9
"['V14', 'V16', 'V8', 'V5', 'V21', 'V20', 'V17', 'V19']",0.5945945945945946,0.7586206896551724,0.6666666666666666,0.6162920382706012,8
"['V4', 'V10', 'V16', 'V5', 'V12', 'V20', 'V17', 'V19']",0.5405405405405406,0.7843137254901961,0.64,0.616285876410643,8
"['V4', 'V10', 'V16', 'V12', 'V21', 'V20', 'V17']",0.527027027027027,0.7647058823529411,0.624,0.6162853062159463,7
"['V4', 'V14', 'V8', 'V12', 'V20', 'V2']",0.5540540540540541,0.7592592592592593,0.640625,0.6162733951158254,6
"['V4', 'V10', 'V16', 'V8', 'V20', 'V2', 'V19']",0.527027027027027,0.78,0.6290322580645161,0.6162620229333609,7
"['V4', 'V14', 'V8', 'V21', 'V19']",0.5405405405405406,0.6779661016949152,0.6015037593984962,0.6162362944712634,5
"['V4', 'V10', 'V5', 'V12', 'V20', 'V17', 'V2']",0.527027027027027,0.78,0.6290322580645161,0.6162188342071278,7
"['V14', 'V16', 'V8', 'V5', 'V21', 'V17', 'V19']",0.5945945945945946,0.7586206896551724,0.6666666666666666,0.6161180932325683,7
"['V14', 'V16', 'V8', 'V12', 'V20', 'V19']",0.581081081081081,0.7678571428571429,0.6615384615384615,0.6161165032276865,6
"['V14', 'V16', 'V8', 'V12', 'V20']",0.581081081081081,0.7678571428571429,0.6615384615384615,0.6160741023908839,5
"['V14', 'V16', 'V8', 'V5', 'V21', 'V17']",0.5945945945945946,0.7586206896551724,0.6666666666666666,0.6160689202929498,6
"['V4', 'V10', 'V16', 'V8', 'V5', 'V20', 'V2', 'V19']",0.5540540540540541,0.7735849056603774,0.6456692913385826,0.6160640147081433,8
"['V14', 'V16', 'V8', 'V5', 'V12', 'V20']",0.581081081081081,0.7818181818181819,0.6666666666666666,0.6160116639764778,6
"['V4', 'V14', 'V12', 'V20', 'V2', 'V19']",0.5540540540540541,0.7735849056603774,0.6456692913385826,0.6159901081472511,6
"['V4', 'V10', 'V8', 'V21', 'V2', 'V19']",0.4594594594594595,0.7391304347826086,0.5666666666666667,0.615973845636721,6
"['V14', 'V16', 'V8', 'V21', 'V20', 'V17', 'V2', 'V19']",0.5675675675675675,0.75,0.6461538461538462,0.6159054383404731,8
"['V4', 'V10', 'V12', 'V21', 'V2']",0.4864864864864865,0.75,0.5901639344262295,0.6158947289244299,5
"['V4', 'V14', 'V8', 'V21', 'V20', 'V19']",0.5405405405405406,0.7017543859649122,0.6106870229007634,0.6157745081887085,6
"['V4', 'V10', 'V12', 'V21', 'V17', 'V2']",0.5,0.7551020408163265,0.6016260162601627,0.6157354930575238,6
"['V14', 'V16', 'V5', 'V12', 'V21', 'V20', 'V17', 'V2', 'V19']",0.581081081081081,0.7818181818181819,0.6666666666666666,0.6157293487326537,9
"['V14', 'V16', 'V8', 'V5', 'V12', 'V20', 'V2']",0.581081081081081,0.7818181818181819,0.6666666666666666,0.6156650412121625,7
"['V4', 'V10', 'V16', 'V12', 'V20', 'V17', 'V19']",0.5,0.7708333333333334,0.6065573770491803,0.6156357245777476,7
"['V4', 'V10', 'V16', 'V5', 'V21', 'V2']",0.527027027027027,0.78,0.6290322580645161,0.6155811998467099,6
"['V14', 'V16', 'V8', 'V5', 'V12', 'V20', 'V19']",0.581081081081081,0.7818181818181819,0.6666666666666666,0.6155753886587085,7
"['V4', 'V10', 'V16', 'V8', 'V12', 'V20', 'V17', 'V19']",0.5135135135135135,0.76,0.6129032258064516,0.6155624004557545,8
"['V4', 'V10', 'V16', 'V12', 'V17', 'V2', 'V19']",0.5135135135135135,0.76,0.6129032258064516,0.6155512565305268,7
"['V4', 'V10', 'V16', 'V5', 'V12', 'V20', 'V17']",0.5405405405405406,0.7843137254901961,0.64,0.6155070809963847,7
"['V4', 'V14', 'V5', 'V12', 'V20', 'V2', 'V19']",0.5675675675675675,0.7777777777777778,0.65625,0.6155010155922713,7
"['V14', 'V16', 'V8', 'V5', 'V21', 'V19']",0.5675675675675675,0.75,0.6461538461538462,0.6154164759497969,6
"['V4', 'V10', 'V16', 'V8', 'V5', 'V12', 'V17', 'V2']",0.527027027027027,0.7647058823529411,0.624,0.6153678876670418,8
"['V4', 'V10', 'V16', 'V8', 'V12', 'V20', 'V2']",0.527027027027027,0.7647058823529411,0.624,0.6153465745567803,7
"['V4', 'V14', 'V8', 'V5', 'V21', 'V2', 'V19']",0.527027027027027,0.6964285714285714,0.6,0.6153377719806358,7
"['V4', 'V14', 'V8', 'V12', 'V19']",0.581081081081081,0.7818181818181819,0.6666666666666666,0.6153054295444976,5
"['V4', 'V10', 'V16', 'V5', 'V21', 'V20']",0.581081081081081,0.7818181818181819,0.6666666666666666,0.6152668930661352,6
"['V14', 'V8', 'V5', 'V21', 'V17']",0.581081081081081,0.7678571428571429,0.6615384615384615,0.6152324152593615,5
"['V4', 'V10', 'V16', 'V8', 'V12', 'V20', 'V17', 'V2']",0.527027027027027,0.7647058823529411,0.624,0.6152290474816811,8
"['V4', 'V10', 'V12', 'V21', 'V2', 'V19']",0.5,0.7551020408163265,0.6016260162601627,0.6152218945814298,6
"['V4', 'V14', 'V5', 'V21', 'V2']",0.5,0.6851851851851852,0.578125,0.6152137715676972,5
"['V14', 'V8', 'V12', 'V21', 'V20', 'V17', 'V2', 'V19']",0.5945945945945946,0.7857142857142857,0.676923076923077,0.6152049325602608,8
"['V4', 'V10', 'V16', 'V5', 'V20', 'V17', 'V2', 'V19']",0.5540540540540541,0.7735849056603774,0.6456692913385826,0.6151842431515908,8
"['V4', 'V10', 'V8', 'V5', 'V12', 'V20', 'V2']",0.5135135135135135,0.7755102040816326,0.6178861788617886,0.6151748775863933,7
"['V4', 'V10', 'V16', 'V5', 'V12', 'V20', 'V2']",0.5540540540540541,0.7884615384615384,0.6507936507936508,0.6151236837038774,7
"['V4', 'V14', 'V8', 'V5', 'V21', 'V20']",0.527027027027027,0.6842105263157895,0.5954198473282443,0.6151216225652973,6
"['V4', 'V14', 'V8', 'V5', 'V21', 'V20', 'V2', 'V19']",0.5405405405405406,0.7272727272727273,0.6201550387596899,0.6151009131623694,8
"['V14', 'V8', 'V12', 'V21', 'V20', 'V17', 'V2']",0.5945945945945946,0.7857142857142857,0.676923076923077,0.6150884305794528,7
"['V4', 'V10', 'V16', 'V12', 'V21', 'V20', 'V19']",0.5405405405405406,0.7692307692307693,0.6349206349206349,0.6150696447079298,7
"['V4', 'V14', 'V8', 'V21', 'V2', 'V19']",0.527027027027027,0.6964285714285714,0.6,0.6150315695141964,6
"['V4', 'V14', 'V8', 'V5', 'V12', 'V19']",0.581081081081081,0.7818181818181819,0.6666666666666666,0.6150255934245386,6
"['V4', 'V10', 'V16', 'V8', 'V5', 'V12', 'V2']",0.5405405405405406,0.7692307692307693,0.6349206349206349,0.6150252699390509,7
"['V14', 'V16', 'V8', 'V5', 'V21', 'V20']",0.5675675675675675,0.75,0.6461538461538462,0.6150220175938025,6
"['V4', 'V14', 'V8', 'V5', 'V21']",0.5135135135135135,0.6909090909090909,0.5891472868217055,0.6149976092783863,5
"['V14', 'V16', 'V8', 'V12', 'V17', 'V19']",0.581081081081081,0.7818181818181819,0.6666666666666666,0.6149864054167911,6
"['V14', 'V16', 'V8', 'V12', 'V20', 'V17', 'V19']",0.581081081081081,0.7818181818181819,0.6666666666666666,0.6149030708614943,7
"['V4', 'V10', 'V16', 'V21', 'V20', 'V17', 'V19']",0.5135135135135135,0.76,0.6129032258064516,0.6149016262573341,7
"['V4', 'V14', 'V8', 'V5', 'V12', 'V20']",0.5540540540540541,0.7735849056603774,0.6456692913385826,0.6148359291270274,6
"['V14', 'V16', 'V8', 'V12', 'V17']",0.581081081081081,0.7818181818181819,0.6666666666666666,0.6148355386569564,5
"['V14', 'V16', 'V5', 'V12', 'V21', 'V20', 'V17', 'V2']",0.581081081081081,0.7818181818181819,0.6666666666666666,0.6148339378674467,8
"['V14', 'V16', 'V8', 'V5', 'V21']",0.5540540540540541,0.7454545454545455,0.6356589147286822,0.6148020582816024,5
"['V14', 'V8', 'V5', 'V21', 'V17', 'V19']",0.581081081081081,0.7678571428571429,0.6615384615384615,0.6147831042310223,6
"['V4', 'V10', 'V16', 'V5', 'V20', 'V2', 'V19']",0.5540540540540541,0.7735849056603774,0.6456692913385826,0.6147710097458795,7
"['V14', 'V16', 'V8', 'V21', 'V17', 'V2']",0.5945945945945946,0.7586206896551724,0.6666666666666666,0.6147549109406544,6
"['V14', 'V16', 'V8', 'V5', 'V21', 'V20', 'V19']",0.5675675675675675,0.75,0.6461538461538462,0.6147375443124925,7
"['V4', 'V10', 'V16', 'V8', 'V21', 'V20', 'V17', 'V19']",0.4864864864864865,0.75,0.5901639344262295,0.6147149445858469,8
"['V4', 'V14', 'V8', 'V12']",0.581081081081081,0.7962962962962963,0.671875,0.6147007086718699,4
"['V14', 'V16', 'V8', 'V5', 'V12', 'V20', 'V2', 'V19']",0.581081081081081,0.7818181818181819,0.6666666666666666,0.6146938479236118,8
"['V4', 'V14', 'V17', 'V19']",0.5540540540540541,0.7735849056603774,0.6456692913385826,0.614621519439576,4
"['V4', 'V14', 'V12', 'V2', 'V19']",0.5675675675675675,0.7777777777777778,0.65625,0.6145943181544831,5
"['V4', 'V10', 'V16', 'V5', 'V12', 'V2', 'V19']",0.5405405405405406,0.7843137254901961,0.64,0.6145722788186955,7
"['V14', 'V16', 'V8', 'V5', 'V12']",0.581081081081081,0.7678571428571429,0.6615384615384615,0.6145620584479029,5
"['V4', 'V10', 'V16', 'V8', 'V12', 'V17', 'V2', 'V19']",0.5,0.7551020408163265,0.6016260162601627,0.614536219319762,8
"['V14', 'V16', 'V8', 'V12']",0.581081081081081,0.7818181818181819,0.6666666666666666,0.6145278653743586,4
"['V14', 'V16', 'V8', 'V12', 'V20', 'V17']",0.581081081081081,0.7818181818181819,0.6666666666666666,0.6145273320336366,6
"['V4', 'V14', 'V8', 'V5', 'V12', 'V2', 'V19']",0.5675675675675675,0.7777777777777778,0.65625,0.6145024518605944,7
"['V14', 'V16', 'V8', 'V5', 'V21', 'V17', 'V2', 'V19']",0.581081081081081,0.7543859649122807,0.6564885496183206,0.6144807669065421,8
"['V4', 'V10', 'V16', 'V8', 'V5', 'V20', 'V17', 'V2']",0.5540540540540541,0.7735849056603774,0.6456692913385826,0.6144491983846789,8
"['V14', 'V16', 'V8', 'V12', 'V19']",0.581081081081081,0.7678571428571429,0.6615384615384615,0.6144445800190023,5
"['V4', 'V10', 'V16', 'V8', 'V12', 'V2']",0.527027027027027,0.7647058823529411,0.624,0.6143872744683704,6
"['V14', 'V16', 'V8', 'V5', 'V12', 'V19']",0.581081081081081,0.7678571428571429,0.6615384615384615,0.614369456422047,6
"['V4', 'V14', 'V8', 'V21', 'V20', 'V2', 'V19']",0.5405405405405406,0.7017543859649122,0.6106870229007634,0.6143679770883841,7
"['V4', 'V10', 'V8', 'V5', 'V12', 'V17', 'V2']",0.527027027027027,0.7647058823529411,0.624,0.6143556487942833,7
"['V14', 'V16', 'V8', 'V21', 'V17', 'V2', 'V19']",0.5945945945945946,0.7586206896551724,0.6666666666666666,0.614347098864054,7
"['V14', 'V16', 'V8', 'V5', 'V12', 'V20', 'V17', 'V2', 'V19']",0.581081081081081,0.7818181818181819,0.6666666666666666,0.6143462369709993,9
"['V14', 'V16', 'V8', 'V5', 'V12', 'V20', 'V17', 'V19']",0.581081081081081,0.7818181818181819,0.6666666666666666,0.6142541773598835,8
"['V4', 'V14', 'V5', 'V12', 'V20', 'V19']",0.5675675675675675,0.7777777777777778,0.65625,0.6142018619758557,6
"['V14', 'V8', 'V21', 'V17', 'V19']",0.581081081081081,0.7678571428571429,0.6615384615384615,0.6141962600857516,5
"['V14', 'V16', 'V8', 'V5', 'V12', 'V20', 'V17', 'V2']",0.581081081081081,0.7818181818181819,0.6666666666666666,0.6141844933661283,8
"['V4', 'V14', 'V8', 'V5', 'V12']",0.5675675675675675,0.7777777777777778,0.65625,0.6140693246464954,5
"['V4', 'V14', 'V12', 'V20', 'V19']",0.5540540540540541,0.7735849056603774,0.6456692913385826,0.614057366632063,5
"['V4', 'V10', 'V16', 'V12', 'V20', 'V17', 'V2']",0.527027027027027,0.78,0.6290322580645161,0.6140374423773498,7
"['V4', 'V14', 'V21']",0.5135135135135135,0.6785714285714286,0.5846153846153846,0.6140349984139231,3
"['V14', 'V12', 'V21', 'V17', 'V19']",0.581081081081081,0.7818181818181819,0.6666666666666666,0.6139945274670654,5
"['V14', 'V8', 'V5', 'V21', 'V20', 'V17', 'V19']",0.581081081081081,0.7678571428571429,0.6615384615384615,0.6139581379119466,7
"['V4', 'V10', 'V8', 'V5', 'V12', 'V17', 'V2', 'V19']",0.527027027027027,0.7647058823529411,0.624,0.613899732683377,8
"['V14', 'V16', 'V8', 'V5', 'V12', 'V2']",0.581081081081081,0.7818181818181819,0.6666666666666666,0.613899680403319,6
"['V14', 'V8', 'V5', 'V21', 'V20', 'V17']",0.581081081081081,0.7678571428571429,0.6615384615384615,0.6138355883267325,6
"['V4', 'V10', 'V16', 'V8', 'V5', 'V12', 'V21']",0.5675675675675675,0.7636363636363637,0.6511627906976745,0.6138160279674325,7
"['V14', 'V8', 'V21', 'V17', 'V2']",0.581081081081081,0.7678571428571429,0.6615384615384615,0.6137653983618903,5
"['V14', 'V16', 'V8', 'V5', 'V12', 'V20', 'V17']",0.581081081081081,0.7818181818181819,0.6666666666666666,0.6137618902734044,7
"['V4', 'V10', 'V16', 'V8', 'V5', 'V20', 'V2']",0.5540540540540541,0.7735849056603774,0.6456692913385826,0.613737746904358,7
"['V4', 'V14', 'V17']",0.5675675675675675,0.7777777777777778,0.65625,0.6137168206383606,3
"['V14', 'V16', 'V8', 'V5', 'V12', 'V17']",0.581081081081081,0.7818181818181819,0.6666666666666666,0.6136973545669788,6
"['V14', 'V8', 'V5', 'V21', 'V20', 'V17', 'V2', 'V19']",0.581081081081081,0.7678571428571429,0.6615384615384615,0.6136110539922366,8
"['V14', 'V16', 'V8', 'V20', 'V19']",0.5675675675675675,0.75,0.6461538461538462,0.6135875305864352,5
"['V4', 'V14', 'V8', 'V12', 'V20']",0.5675675675675675,0.7924528301886793,0.6614173228346457,0.6135563523152939,5
"['V14', 'V16', 'V8', 'V20']",0.5675675675675675,0.75,0.6461538461538462,0.6135467007912216,4
"['V14', 'V8', 'V21', 'V20', 'V17', 'V19']",0.581081081081081,0.7678571428571429,0.6615384615384615,0.6134905217531825,6
"['V4', 'V10', 'V16', 'V8', 'V12', 'V17', 'V2']",0.5,0.7551020408163265,0.6016260162601627,0.6134339552227637,7
"['V14', 'V16', 'V8', 'V5', 'V12', 'V17', 'V19']",0.581081081081081,0.7818181818181819,0.6666666666666666,0.6134311228634673,7
"['V4', 'V10', 'V5', 'V12', 'V17', 'V2']",0.527027027027027,0.78,0.6290322580645161,0.6134110723459536,6
"['V4', 'V10', 'V16', 'V21', 'V20', 'V17']",0.5135135135135135,0.76,0.6129032258064516,0.6134067020597758,6
"['V4', 'V10', 'V8', 'V12', 'V20', 'V17', 'V2', 'V19']",0.5135135135135135,0.76,0.6129032258064516,0.613397541921051,8
"['V4', 'V14', 'V8', 'V5', 'V12', 'V2']",0.5540540540540541,0.7735849056603774,0.6456692913385826,0.613379116808766,6
"['V4', 'V14', 'V8', 'V5', 'V12', 'V20', 'V2']",0.5540540540540541,0.7735849056603774,0.6456692913385826,0.6133147204530296,7
"['V14', 'V16', 'V5', 'V12', 'V20', 'V17', 'V2', 'V19']",0.581081081081081,0.7818181818181819,0.6666666666666666,0.6133088492802882,8
"['V4', 'V10', 'V16', 'V12', 'V20', 'V19']",0.5540540540540541,0.7735849056603774,0.6456692913385826,0.6132630079942774,6
"['V4', 'V10', 'V16', 'V8', 'V12', 'V20', 'V19']",0.5540540540540541,0.7735849056603774,0.6456692913385826,0.6132540871760485,7
"['V4', 'V10', 'V8', 'V5', 'V12', 'V20', 'V2', 'V19']",0.5135135135135135,0.7755102040816326,0.6178861788617886,0.6132464937629089,8
"['V4', 'V10', 'V8', 'V21', 'V20', 'V2', 'V19']",0.4594594594594595,0.7391304347826086,0.5666666666666667,0.6132258446606333,7
"['V14', 'V16', 'V8', 'V5', 'V21', 'V17', 'V2']",0.5675675675675675,0.75,0.6461538461538462,0.6132173836705502,7
"['V4', 'V10', 'V12', 'V20', 'V17', 'V2', 'V19']",0.5,0.7708333333333334,0.6065573770491803,0.6132126558208297,7
"['V14', 'V8', 'V21', 'V17', 'V2', 'V19']",0.5945945945945946,0.7719298245614035,0.6717557251908397,0.6132115665385806,6
"['V14', 'V8', 'V12', 'V21', 'V19']",0.5945945945945946,0.7857142857142857,0.676923076923077,0.6131942668061615,5
"['V14', 'V16', 'V8', 'V5', 'V12', 'V2', 'V19']",0.581081081081081,0.7818181818181819,0.6666666666666666,0.6131475296420349,7
"['V14', 'V8', 'V5', 'V12', 'V21', 'V19']",0.5945945945945946,0.7857142857142857,0.676923076923077,0.6131428226731135,6
"['V14', 'V8', 'V5', 'V21', 'V17', 'V2']",0.581081081081081,0.7678571428571429,0.6615384615384615,0.6130265552131511,6
"['V4', 'V10', 'V16', 'V12', 'V2']",0.5135135135135135,0.76,0.6129032258064516,0.6129900183585117,5
"['V4', 'V10', 'V8', 'V12', 'V21', 'V20', 'V17', 'V19']",0.5135135135135135,0.7450980392156863,0.608,0.612878830307861,8
"['V4', 'V10', 'V16', 'V5', 'V12', 'V2']",0.5540540540540541,0.7884615384615384,0.6507936507936508,0.6128766696722008,6
"['V4', 'V10', 'V16', 'V8', 'V5', 'V12', 'V21', 'V19']",0.5675675675675675,0.7368421052631579,0.6412213740458015,0.6128648768477604,8
"['V4', 'V10', 'V8', 'V21', 'V20', 'V2']",0.44594594594594594,0.7333333333333333,0.5546218487394958,0.6127873348027796,6
"['V4', 'V10', 'V5', 'V12', 'V20', 'V17', 'V19']",0.527027027027027,0.7647058823529411,0.624,0.6127845982816713,7
"['V4', 'V10', 'V16', 'V5', 'V12', 'V17', 'V2', 'V19']",0.5540540540540541,0.7884615384615384,0.6507936507936508,0.6127508212311703,8
"['V4', 'V10', 'V5', 'V12', 'V20', 'V2']",0.4864864864864865,0.7659574468085106,0.5950413223140496,0.6127381701058465,6
"['V4', 'V10', 'V8', 'V12', 'V21', 'V20']",0.527027027027027,0.7358490566037735,0.6141732283464567,0.612644649299059,6
"['V4', 'V10', 'V16', 'V8', 'V12', 'V20', 'V17']",0.5135135135135135,0.76,0.6129032258064516,0.6126381221795569,7
"['V4', 'V10', 'V5', 'V12', 'V20', 'V2', 'V19']",0.5,0.7708333333333334,0.6065573770491803,0.6126280888949477,7
"['V4', 'V10', 'V8', 'V12', 'V20', 'V17', 'V2']",0.5135135135135135,0.76,0.6129032258064516,0.6125766482411554,7
"['V14', 'V5', 'V12', 'V21', 'V20', 'V17', 'V2']",0.581081081081081,0.7818181818181819,0.6666666666666666,0.6125761257595076,7
"['V4', 'V10', 'V5', 'V12', 'V17', 'V2', 'V19']",0.527027027027027,0.78,0.6290322580645161,0.6125686208998421,7
"['V4', 'V14', 'V5', 'V12', 'V2', 'V19']",0.5675675675675675,0.7777777777777778,0.65625,0.6125554606057643,6
"['V14', 'V16', 'V12', 'V21', 'V20', 'V17', 'V19']",0.581081081081081,0.7818181818181819,0.6666666666666666,0.612544789482842,7
"['V4', 'V10', 'V16', 'V21', 'V20', 'V19']",0.5135135135135135,0.76,0.6129032258064516,0.6125163897388813,6
"['V4', 'V14', 'V12', 'V2']",0.5675675675675675,0.7777777777777778,0.65625,0.6124764486015167,4
"['V4', 'V10', 'V5', 'V12', 'V20', 'V17']",0.5405405405405406,0.7843137254901961,0.64,0.6124575846188057,6
"['V14', 'V8', 'V5', 'V21', 'V20', 'V17', 'V2']",0.581081081081081,0.7678571428571429,0.6615384615384615,0.612416443377422,7
"['V4', 'V10', 'V16', 'V8', 'V5', 'V12', 'V21', 'V17']",0.5540540540540541,0.7592592592592593,0.640625,0.6123457558926394,8
"['V4', 'V14', 'V21', 'V2']",0.5,0.6851851851851852,0.578125,0.6123327587588585,4
"['V14', 'V16', 'V8', 'V5', 'V12', 'V17', 'V2']",0.581081081081081,0.7818181818181819,0.6666666666666666,0.6123228715530148,7
"['V4', 'V14', 'V5', 'V21', 'V2', 'V19']",0.527027027027027,0.6964285714285714,0.6,0.6123122082845263,6
"['V14', 'V16', 'V8', 'V5', 'V21', 'V2', 'V19']",0.5540540540540541,0.7454545454545455,0.6356589147286822,0.6122829884188257,7
"['V14', 'V16', 'V8', 'V12', 'V17', 'V2']",0.581081081081081,0.7818181818181819,0.6666666666666666,0.612278524350667,6
"['V14', 'V16', 'V8', 'V21']",0.5675675675675675,0.75,0.6461538461538462,0.6122487022767468,4
"['V14', 'V16', 'V8', 'V12', 'V2']",0.581081081081081,0.7818181818181819,0.6666666666666666,0.6122236445646054,5
"['V4', 'V10', 'V12', 'V17', 'V2', 'V19']",0.5,0.74,0.5967741935483871,0.6122101237058689,6
"['V4', 'V14', 'V21', 'V2', 'V19']",0.527027027027027,0.6964285714285714,0.6,0.612198457180068,5
"['V14', 'V16', 'V12', 'V21', 'V20', 'V17', 'V2', 'V19']",0.581081081081081,0.7818181818181819,0.6666666666666666,0.612179025265492,8
"['V14', 'V16', 'V5', 'V12', 'V21', 'V17', 'V2']",0.581081081081081,0.7818181818181819,0.6666666666666666,0.6121707657379845,7
"['V4', 'V10', 'V16', 'V8', 'V5', 'V12', 'V21', 'V17', 'V19']",0.5540540540540541,0.7592592592592593,0.640625,0.6121629857435181,9
"['V14', 'V8', 'V5', 'V12', 'V21']",0.5945945945945946,0.7857142857142857,0.676923076923077,0.6121569190653995,5
"['V14', 'V16', 'V8', 'V21', 'V17', 'V19']",0.5945945945945946,0.7586206896551724,0.6666666666666666,0.6121568765459389,6
"['V4', 'V10', 'V16', 'V8', 'V21', 'V20', 'V19']",0.527027027027027,0.7647058823529411,0.624,0.6121557526667666,7
"['V4', 'V10', 'V16', 'V12', 'V17', 'V2']",0.527027027027027,0.7647058823529411,0.624,0.6121160064122861,6
"['V4', 'V10', 'V16', 'V5', 'V12', 'V17', 'V2']",0.5540540540540541,0.7884615384615384,0.6507936507936508,0.6121112366089797,7
"['V4', 'V10', 'V8', 'V12', 'V21', 'V20', 'V19']",0.527027027027027,0.7358490566037735,0.6141732283464567,0.6120637284390631,7
"['V14', 'V16', 'V8', 'V21', 'V19']",0.5675675675675675,0.75,0.6461538461538462,0.612037727579222,5
"['V4', 'V10', 'V16', 'V5', 'V20', 'V17', 'V2']",0.5405405405405406,0.7692307692307693,0.6349206349206349,0.6119914532654315,7
"['V4', 'V10', 'V8', 'V5', 'V12', 'V20', 'V17', 'V19']",0.5405405405405406,0.7843137254901961,0.64,0.61196477286945,8
"['V14', 'V16', 'V8', 'V21', 'V17']",0.5945945945945946,0.7586206896551724,0.6666666666666666,0.6119064833496899,5
"['V4', 'V10', 'V12', 'V20', 'V2', 'V19']",0.5,0.7551020408163265,0.6016260162601627,0.6118710258052297,6
"['V14', 'V8', 'V12', 'V21']",0.5945945945945946,0.7857142857142857,0.676923076923077,0.611842506210288,4
"['V4', 'V10', 'V8', 'V5', 'V21', 'V2', 'V19']",0.527027027027027,0.78,0.6290322580645161,0.6117804259114654,7
"['V4', 'V10', 'V12', 'V20', 'V17', 'V2']",0.5,0.7551020408163265,0.6016260162601627,0.6117513181025753,6
"['V14', 'V12', 'V21', 'V17']",0.581081081081081,0.7818181818181819,0.6666666666666666,0.6117458328743538,4
"['V14', 'V16', 'V12', 'V21', 'V20', 'V17', 'V2']",0.581081081081081,0.7818181818181819,0.6666666666666666,0.6117416387339959,7
"['V14', 'V16', 'V8', 'V12', 'V17', 'V2', 'V19']",0.581081081081081,0.7818181818181819,0.6666666666666666,0.6117320354414948,7
"['V4', 'V10', 'V8', 'V12', 'V21', 'V20', 'V17']",0.5135135135135135,0.7450980392156863,0.608,0.6117320058473673,7
"['V4', 'V10', 'V16', 'V8', 'V21', 'V20', 'V17']",0.5135135135135135,0.76,0.6129032258064516,0.6116885776365749,7
"['V4', 'V10', 'V8', 'V12', 'V20', 'V2']",0.5135135135135135,0.76,0.6129032258064516,0.6116287594483758,6
"['V4', 'V10', 'V12', 'V17', 'V2']",0.4864864864864865,0.7346938775510204,0.5853658536585366,0.6115042160028991,5
"['V14', 'V8', 'V5', 'V21', 'V17', 'V2', 'V19']",0.5945945945945946,0.7719298245614035,0.6717557251908397,0.611480897947403,7
"['V4', 'V14', 'V8', 'V5', 'V21', 'V2']",0.527027027027027,0.6964285714285714,0.6,0.6113364885410029,6
"['V14', 'V8', 'V21', 'V20', 'V17', 'V2']",0.581081081081081,0.7678571428571429,0.6615384615384615,0.6113329413307497,6
"['V4', 'V10', 'V16', 'V20', 'V17', 'V2', 'V19']",0.5135135135135135,0.7755102040816326,0.6178861788617886,0.6113312272373449,7
"['V4', 'V14', 'V5', 'V12', 'V2']",0.5540540540540541,0.7884615384615384,0.6507936507936508,0.6113073816160172,5
"['V4', 'V10', 'V16', 'V8', 'V20', 'V17', 'V2', 'V19']",0.5135135135135135,0.7755102040816326,0.6178861788617886,0.6112927819667086,8
"['V4', 'V10', 'V8', 'V5', 'V12', 'V20', 'V19']",0.5540540540540541,0.7884615384615384,0.6507936507936508,0.6112587062494177,7
"['V14', 'V16', 'V8', 'V12', 'V20', 'V2']",0.581081081081081,0.7818181818181819,0.6666666666666666,0.6112339564777868,6
"['V4', 'V14', 'V5', 'V12', 'V20']",0.5540540540540541,0.7735849056603774,0.6456692913385826,0.611211165775189,5
"['V14', 'V16', 'V8', 'V12', 'V20', 'V2', 'V19']",0.581081081081081,0.7818181818181819,0.6666666666666666,0.6112061481110369,7
"['V14', 'V16', 'V8', 'V5', 'V20', 'V2']",0.5540540540540541,0.7454545454545455,0.6356589147286822,0.6111838205566079,6
"['V14', 'V8', 'V21', 'V20', 'V17']",0.581081081081081,0.7678571428571429,0.6615384615384615,0.6111744502026749,5
"['V14', 'V16', 'V8', 'V5', 'V12', 'V17', 'V2', 'V19']",0.581081081081081,0.7818181818181819,0.6666666666666666,0.6111594604396031,8
"['V4', 'V14', 'V5', 'V12', 'V19']",0.5675675675675675,0.7777777777777778,0.65625,0.6111364488748126,5
"['V14', 'V8', 'V21', 'V20', 'V17', 'V2', 'V19']",0.581081081081081,0.7678571428571429,0.6615384615384615,0.6111228820462451,7
"['V14', 'V16', 'V8', 'V5', 'V20', 'V2', 'V19']",0.5540540540540541,0.7454545454545455,0.6356589147286822,0.6110856592488035,7
"['V4', 'V14', 'V12', 'V19']",0.581081081081081,0.7818181818181819,0.6666666666666666,0.6110570257661344,4
"['V14', 'V16', 'V8', 'V5', 'V21', 'V2']",0.5540540540540541,0.7454545454545455,0.6356589147286822,0.6110410952175523,6
"['V4', 'V10', 'V16', 'V12', 'V20', 'V17']",0.5135135135135135,0.7755102040816326,0.6178861788617886,0.6110334145766416,6
"['V4', 'V10', 'V12', 'V20', 'V2']",0.5,0.7551020408163265,0.6016260162601627,0.6109934827561898,5
"['V4', 'V10', 'V8', 'V5', 'V12', 'V20', 'V17']",0.5540540540540541,0.7884615384615384,0.6507936507936508,0.6109035145204889,7
"['V14', 'V16', 'V8', 'V12', 'V2', 'V19']",0.581081081081081,0.7818181818181819,0.6666666666666666,0.6108749770660573,6
"['V14', 'V8', 'V12', 'V21', 'V2', 'V19']",0.5945945945945946,0.7857142857142857,0.676923076923077,0.6107767709305388,6
"['V14', 'V8', 'V5', 'V12', 'V21', 'V20', 'V2', 'V19']",0.5945945945945946,0.7857142857142857,0.676923076923077,0.6107206434007388,8
"['V14', 'V8', 'V12', 'V21', 'V20', 'V19']",0.5945945945945946,0.7857142857142857,0.676923076923077,0.6107104093313761,6
"['V4', 'V14', 'V12', 'V20']",0.5675675675675675,0.7924528301886793,0.6614173228346457,0.6107057609247074,4
"['V4', 'V14', 'V12']",0.581081081081081,0.7962962962962963,0.671875,0.6106925346009464,3
"['V4', 'V10', 'V8', 'V12', 'V20', 'V2', 'V19']",0.5135135135135135,0.76,0.6129032258064516,0.610631676637693,7
"['V4', 'V10', 'V16', 'V12', 'V21', 'V20']",0.5540540540540541,0.7592592592592593,0.640625,0.6106072405162116,6
"['V4', 'V10', 'V8', 'V5', 'V12', 'V20']",0.5540540540540541,0.7884615384615384,0.6507936507936508,0.6105616325408487,6
"['V4', 'V14', 'V5', 'V21', 'V20', 'V2', 'V19']",0.5405405405405406,0.7272727272727273,0.6201550387596899,0.6104656257254674,7
"['V4', 'V10', 'V5', 'V21', 'V20', 'V17', 'V19']",0.527027027027027,0.75,0.6190476190476191,0.6104053627416027,7
"['V14', 'V8', 'V12', 'V17', 'V19']",0.581081081081081,0.7818181818181819,0.6666666666666666,0.6104009285623031,5
"['V4', 'V10', 'V16', 'V5', 'V20', 'V2']",0.5405405405405406,0.7692307692307693,0.6349206349206349,0.6103880579994545,6
"['V4', 'V14', 'V5', 'V12', 'V20', 'V2']",0.5675675675675675,0.7924528301886793,0.6614173228346457,0.6103873036894343,6
"['V4', 'V10', 'V8', 'V5', 'V21', 'V2']",0.5,0.7708333333333334,0.6065573770491803,0.6103538061886253,6
"['V14', 'V8', 'V12', 'V17']",0.581081081081081,0.7818181818181819,0.6666666666666666,0.6103462104852126,4
"['V14', 'V16', 'V12', 'V21', 'V20', 'V17']",0.581081081081081,0.7818181818181819,0.6666666666666666,0.6103054964289552,6
"['V4', 'V10', 'V5', 'V21', 'V2', 'V19']",0.5135135135135135,0.7755102040816326,0.6178861788617886,0.6102885747542899,6
"['V14', 'V16', 'V8', 'V5', 'V20', 'V17', 'V2', 'V19']",0.5540540540540541,0.7454545454545455,0.6356589147286822,0.610256505787646,8
"['V14', 'V16', 'V8', 'V5', 'V20', 'V17', 'V2']",0.5540540540540541,0.7454545454545455,0.6356589147286822,0.6102494506306957,7
"['V14', 'V16', 'V5', 'V12', 'V21', 'V20']",0.581081081081081,0.7818181818181819,0.6666666666666666,0.6101734390613526,6
"['V4', 'V10', 'V5', 'V12', 'V20']",0.5135135135135135,0.7755102040816326,0.6178861788617886,0.6101593159039908,5
"['V14', 'V8', 'V5', 'V12', 'V21', 'V2', 'V19']",0.5945945945945946,0.7857142857142857,0.676923076923077,0.6101520907877556,7
"['V14', 'V16', 'V5', 'V12', 'V20', 'V17', 'V2']",0.581081081081081,0.7818181818181819,0.6666666666666666,0.6100016773638206,7
"['V4', 'V14', 'V12', 'V20', 'V2']",0.5540540540540541,0.7884615384615384,0.6507936507936508,0.6100004769635464,5
"['V14', 'V16', 'V8', 'V12', 'V20', 'V17', 'V2', 'V19']",0.581081081081081,0.7818181818181819,0.6666666666666666,0.6099720968645193,8
"['V14', 'V16', 'V8', 'V12', 'V20', 'V17', 'V2']",0.581081081081081,0.7818181818181819,0.6666666666666666,0.6099550996246932,7
"['V14', 'V8', 'V12', 'V21', 'V20', 'V2', 'V19']",0.5945945945945946,0.7857142857142857,0.676923076923077,0.6099123205969222,7
"['V4', 'V14', 'V5', 'V12']",0.5675675675675675,0.7777777777777778,0.65625,0.6098961019526619,4
"['V4', 'V10', 'V16', 'V8', 'V12', 'V20']",0.5540540540540541,0.7735849056603774,0.6456692913385826,0.6098958845716375,6
"['V4', 'V10', 'V8', 'V12', 'V17', 'V2']",0.5135135135135135,0.76,0.6129032258064516,0.6098840430464748,6
"['V14', 'V16', 'V5', 'V12', 'V21', 'V20', 'V2', 'V19']",0.581081081081081,0.7818181818181819,0.6666666666666666,0.6098798185357565,8
"['V14', 'V16', 'V5', 'V12', 'V21', 'V20', 'V2']",0.581081081081081,0.7818181818181819,0.6666666666666666,0.6098451744688207,7
"['V14', 'V5', 'V12', 'V21', 'V20', 'V17', 'V2', 'V19']",0.581081081081081,0.7818181818181819,0.6666666666666666,0.6098237085553059,8
"['V14', 'V16', 'V12', 'V21', 'V20', 'V19']",0.581081081081081,0.7818181818181819,0.6666666666666666,0.6097837953329854,6
"['V14', 'V8', 'V12', 'V21', 'V20']",0.5945945945945946,0.7857142857142857,0.676923076923077,0.6097135644322129,5
"['V14', 'V16', 'V5', 'V12', 'V21', 'V20', 'V19']",0.581081081081081,0.7818181818181819,0.6666666666666666,0.6097127537885696,7
"['V14', 'V16', 'V8', 'V20', 'V2', 'V19']",0.5405405405405406,0.7407407407407407,0.625,0.6096949479618232,6
"['V14', 'V5', 'V12', 'V21', 'V17', 'V2']",0.581081081081081,0.7818181818181819,0.6666666666666666,0.6096885887447124,6
"['V14', 'V8', 'V5', 'V12', 'V20', 'V17', 'V2']",0.581081081081081,0.7818181818181819,0.6666666666666666,0.6095848950953962,7
"['V4', 'V14', 'V5', 'V21', 'V20', 'V2']",0.5135135135135135,0.6909090909090909,0.5891472868217055,0.6095804658014158,6
"['V14', 'V8', 'V5', 'V12', 'V20', 'V17', 'V2', 'V19']",0.581081081081081,0.7818181818181819,0.6666666666666666,0.6094771001470134,8
"['V4', 'V10', 'V12', 'V2', 'V19']",0.4864864864864865,0.75,0.5901639344262295,0.6094495715908356,5
"['V14', 'V8', 'V5', 'V12', 'V21', 'V20', 'V19']",0.5945945945945946,0.7857142857142857,0.676923076923077,0.6094310732234127,7
"['V4', 'V10', 'V8', 'V12', 'V17', 'V2', 'V19']",0.5135135135135135,0.76,0.6129032258064516,0.6094196604736601,7
"['V14', 'V5', 'V12', 'V21', 'V17']",0.581081081081081,0.7818181818181819,0.6666666666666666,0.6093318757383681,5
"['V14', 'V16', 'V8', 'V20', 'V2']",0.5405405405405406,0.7407407407407407,0.625,0.6093164234226275,5
"['V4', 'V10', 'V5', 'V12', 'V20', 'V19']",0.5135135135135135,0.7755102040816326,0.6178861788617886,0.6093136789197738,6
"['V14', 'V16', 'V12', 'V21', 'V20', 'V2', 'V19']",0.581081081081081,0.7818181818181819,0.6666666666666666,0.6092733033265265,7
"['V4', 'V10', 'V12', 'V2']",0.4864864864864865,0.7346938775510204,0.5853658536585366,0.6091795984680747,4
"['V14', 'V16', 'V5', 'V12', 'V20', 'V2']",0.581081081081081,0.7818181818181819,0.6666666666666666,0.6091442193179866,6
"['V14', 'V16', 'V12', 'V21', 'V17', 'V19']",0.581081081081081,0.7818181818181819,0.6666666666666666,0.6090720749629156,6
"['V14', 'V16', 'V8', 'V20', 'V17', 'V2', 'V19']",0.5540540540540541,0.7454545454545455,0.6356589147286822,0.6090385122111079,7
"['V14', 'V16', 'V5', 'V12', 'V21']",0.581081081081081,0.7818181818181819,0.6666666666666666,0.6090378586167895,5
"['V14', 'V8', 'V5', 'V12', 'V17']",0.581081081081081,0.7818181818181819,0.6666666666666666,0.6089915427806536,5
"['V14', 'V8', 'V5', 'V12', 'V17', 'V19']",0.581081081081081,0.7818181818181819,0.6666666666666666,0.6089178725815818,6
"['V14', 'V16', 'V5', 'V12', 'V21', 'V19']",0.581081081081081,0.7818181818181819,0.6666666666666666,0.6088943297591097,6
"['V14', 'V16', 'V8', 'V5', 'V20', 'V19']",0.5540540540540541,0.7454545454545455,0.6356589147286822,0.6088175378584565,6
"['V14', 'V16', 'V8', 'V20', 'V17', 'V2']",0.5540540540540541,0.7454545454545455,0.6356589147286822,0.608766101174248,6
"['V14', 'V16', 'V8', 'V21', 'V2', 'V19']",0.5540540540540541,0.7454545454545455,0.6356589147286822,0.6087233469617632,6
"['V14', 'V16', 'V8', 'V5', 'V20']",0.5540540540540541,0.7454545454545455,0.6356589147286822,0.6087122890459147,5
"['V14', 'V16', 'V12', 'V21', 'V20']",0.581081081081081,0.7818181818181819,0.6666666666666666,0.6086921180048744,5
"['V14', 'V8', 'V5', 'V12', 'V17', 'V2']",0.581081081081081,0.7818181818181819,0.6666666666666666,0.6086756002426944,6
"['V4', 'V10', 'V5', 'V21', 'V2']",0.4864864864864865,0.7659574468085106,0.5950413223140496,0.6086753371686557,5
"['V14', 'V16', 'V5', 'V12', 'V21', 'V2']",0.581081081081081,0.7818181818181819,0.6666666666666666,0.6085118409860762,6
"['V14', 'V8', 'V5', 'V12', 'V21', 'V20']",0.5945945945945946,0.7857142857142857,0.676923076923077,0.6084555834673052,6
"['V4', 'V10', 'V8', 'V17', 'V2', 'V19']",0.4594594594594595,0.7391304347826086,0.5666666666666667,0.6084398591079379,6
"['V4', 'V10', 'V16', 'V8', 'V5', 'V12']",0.5540540540540541,0.7592592592592593,0.640625,0.6084346294560926,6
"['V14', 'V16', 'V12', 'V21', 'V17']",0.581081081081081,0.7818181818181819,0.6666666666666666,0.6084192217438736,5
"['V14', 'V8', 'V5', 'V20', 'V17', 'V2', 'V19']",0.581081081081081,0.7678571428571429,0.6615384615384615,0.6083864919769125,7
"['V4', 'V14', 'V8', 'V5', 'V21', 'V20', 'V2']",0.527027027027027,0.6842105263157895,0.5954198473282443,0.6083653164033196,7
"['V14', 'V5', 'V12', 'V21', 'V17', 'V19']",0.581081081081081,0.7818181818181819,0.6666666666666666,0.608331164364064,6
"['V4', 'V14', 'V8', 'V21']",0.5135135135135135,0.6666666666666666,0.5801526717557252,0.6083108918926959,4
"['V4', 'V10', 'V5', 'V21', 'V20', 'V17']",0.527027027027027,0.7222222222222222,0.609375,0.6082738729891136,6
"['V4', 'V10', 'V8', 'V5', 'V12', 'V2']",0.5135135135135135,0.7755102040816326,0.6178861788617886,0.6082736075157988,6
"['V4', 'V10', 'V8', 'V5', 'V20', 'V17', 'V2']",0.5405405405405406,0.7692307692307693,0.6349206349206349,0.6082343520430192,7
"['V14', 'V16', 'V5', 'V12', 'V21', 'V20', 'V17']",0.581081081081081,0.7818181818181819,0.6666666666666666,0.6082335182813859,7
"['V14', 'V16', 'V12', 'V21', 'V20', 'V2']",0.581081081081081,0.7818181818181819,0.6666666666666666,0.608215590811186,6
"['V14', 'V5', 'V12', 'V21', 'V17', 'V2', 'V19']",0.581081081081081,0.7818181818181819,0.6666666666666666,0.6081967521881881,7
"['V14', 'V16', 'V5', 'V12', 'V21', 'V17']",0.581081081081081,0.7818181818181819,0.6666666666666666,0.608189542786565,6
"['V14', 'V8', 'V5', 'V12', 'V17', 'V2', 'V19']",0.581081081081081,0.7818181818181819,0.6666666666666666,0.6081867668540856,7
"['V4', 'V10', 'V16', 'V8', 'V5', 'V12', 'V19']",0.5540540540540541,0.7592592592592593,0.640625,0.6081687852808398,7
"['V14', 'V16', 'V5', 'V12', 'V21', 'V2', 'V19']",0.581081081081081,0.7818181818181819,0.6666666666666666,0.6080812505485831,7
"['V14', 'V16', 'V5', 'V12', 'V21', 'V20', 'V17', 'V19']",0.581081081081081,0.7818181818181819,0.6666666666666666,0.6080534159579011,8
"['V4', 'V14', 'V21', 'V20', 'V2', 'V19']",0.5405405405405406,0.7272727272727273,0.6201550387596899,0.6080382108363559,6
"['V14', 'V5', 'V12', 'V21', 'V19']",0.581081081081081,0.7818181818181819,0.6666666666666666,0.6080236177506559,5
"['V14', 'V16', 'V5', 'V12', 'V20']",0.581081081081081,0.7818181818181819,0.6666666666666666,0.6080206811051649,5
"['V4', 'V10', 'V16', 'V8', 'V12', 'V21', 'V17', 'V19']",0.5,0.7115384615384616,0.5873015873015873,0.6080032922682462,8
"['V4', 'V10', 'V8', 'V5', 'V12', 'V21', 'V17']",0.5675675675675675,0.7368421052631579,0.6412213740458015,0.6079573364371175,7
"['V4', 'V10', 'V16', 'V8', 'V5', 'V12', 'V17', 'V19']",0.5540540540540541,0.7592592592592593,0.640625,0.607924358194418,8
"['V4', 'V10', 'V5', 'V20', 'V17', 'V2']",0.527027027027027,0.7647058823529411,0.624,0.6079111142455019,6
"['V4', 'V14', 'V5', 'V21', 'V20']",0.5135135135135135,0.6785714285714286,0.5846153846153846,0.6078539536577034,5
"['V14', 'V12', 'V21', 'V17', 'V2']",0.581081081081081,0.7818181818181819,0.6666666666666666,0.6078531000140347,5
"['V4', 'V10', 'V8', 'V5', 'V12', 'V2', 'V19']",0.5,0.7708333333333334,0.6065573770491803,0.607846284829358,7
"['V4', 'V10', 'V8', 'V5', 'V20', 'V17', 'V2', 'V19']",0.527027027027027,0.7647058823529411,0.624,0.6078134555208613,8
"['V14', 'V12', 'V21', 'V19']",0.581081081081081,0.7818181818181819,0.6666666666666666,0.6078109042867978,4
"['V14', 'V12', 'V21', 'V20', 'V17', 'V19']",0.581081081081081,0.7818181818181819,0.6666666666666666,0.6077784270746881,6
"['V14', 'V16', 'V5', 'V12', 'V21', 'V17', 'V2', 'V19']",0.581081081081081,0.7818181818181819,0.6666666666666666,0.6077587471615459,8
"['V14', 'V16', 'V12', 'V21', 'V2']",0.581081081081081,0.7818181818181819,0.6666666666666666,0.6077536848842835,5
"['V14', 'V16', 'V5', 'V12', 'V20', 'V19']",0.581081081081081,0.7818181818181819,0.6666666666666666,0.6077328454647652,6
"['V4', 'V10', 'V8', 'V17', 'V2']",0.4594594594594595,0.7391304347826086,0.5666666666666667,0.6076875917983147,5
"['V4', 'V10', 'V8', 'V5', 'V12', 'V21', 'V17', 'V19']",0.5675675675675675,0.7368421052631579,0.6412213740458015,0.6076343912558004,8
"['V14', 'V16', 'V12', 'V21']",0.581081081081081,0.7818181818181819,0.6666666666666666,0.607625074799309,4
"['V14', 'V12', 'V21', 'V17', 'V2', 'V19']",0.581081081081081,0.7818181818181819,0.6666666666666666,0.6076132106116775,6
"['V4', 'V10', 'V16', 'V8', 'V5', 'V12', 'V17']",0.5540540540540541,0.7592592592592593,0.640625,0.607564983731557,7
"['V14', 'V16', 'V5', 'V12', 'V21', 'V17', 'V19']",0.581081081081081,0.7818181818181819,0.6666666666666666,0.6075340146936921,7
"['V4', 'V10', 'V16', 'V8', 'V21', 'V20']",0.527027027027027,0.7647058823529411,0.624,0.6075274688908958,6
"['V14', 'V16', 'V8', 'V5', 'V19']",0.5675675675675675,0.75,0.6461538461538462,0.6075261418312567,5
"['V14', 'V16', 'V8', 'V5']",0.5540540540540541,0.7454545454545455,0.6356589147286822,0.6075199924160077,4
"['V14', 'V8', 'V5', 'V12', 'V20', 'V17', 'V19']",0.581081081081081,0.7818181818181819,0.6666666666666666,0.6075154482538613,7
"['V4', 'V10', 'V16', 'V12', 'V20']",0.5405405405405406,0.7692307692307693,0.6349206349206349,0.6074742570659912,5
"['V14', 'V16', 'V5', 'V12', 'V20', 'V17']",0.581081081081081,0.7818181818181819,0.6666666666666666,0.607462883083674,6
"['V14', 'V16', 'V12', 'V20']",0.581081081081081,0.7818181818181819,0.6666666666666666,0.6074493136098392,4
"['V4', 'V10', 'V16', 'V20', 'V2']",0.5135135135135135,0.7755102040816326,0.6178861788617886,0.6074409840305952,5
"['V4', 'V10', 'V8', 'V20', 'V17', 'V2', 'V19']",0.4594594594594595,0.7555555555555555,0.5714285714285714,0.6074231069865628,7
"['V4', 'V10', 'V5', 'V12', 'V2']",0.5,0.7708333333333334,0.6065573770491803,0.6074008934150378,5
"['V4', 'V10', 'V5', 'V21', 'V20', 'V19']",0.5405405405405406,0.7407407407407407,0.625,0.6073715941509037,6
"['V4', 'V10', 'V8', 'V12', 'V2', 'V19']",0.5,0.7551020408163265,0.6016260162601627,0.607369788679018,6
"['V14', 'V8', 'V5', 'V12', 'V21', 'V2']",0.5945945945945946,0.7857142857142857,0.676923076923077,0.6073493146612275,6
"['V14', 'V16', 'V21', 'V20', 'V2', 'V19']",0.5540540540540541,0.7592592592592593,0.640625,0.6073003891689147,6
"['V14', 'V16', 'V5', 'V12', 'V20', 'V2', 'V19']",0.581081081081081,0.7818181818181819,0.6666666666666666,0.6072352591499115,7
"['V4', 'V10', 'V5', 'V20', 'V17', 'V2', 'V19']",0.5,0.7551020408163265,0.6016260162601627,0.6072288373948508,7
"['V14', 'V12', 'V21', 'V20', 'V17']",0.581081081081081,0.7818181818181819,0.6666666666666666,0.6072106622618921,5
"['V4', 'V10', 'V16', 'V20', 'V17', 'V2']",0.5,0.7708333333333334,0.6065573770491803,0.6072093791981177,6
"['V14', 'V16', 'V12', 'V21', 'V19']",0.581081081081081,0.7818181818181819,0.6666666666666666,0.6071743648348533,5
"['V14', 'V8', 'V5', 'V20', 'V17', 'V2']",0.5675675675675675,0.7636363636363637,0.6511627906976745,0.6071670324609864,6
"['V14', 'V8', 'V5', 'V12', 'V20', 'V17']",0.581081081081081,0.7818181818181819,0.6666666666666666,0.6071646468431293,6
"['V4', 'V10', 'V16', 'V21', 'V20']",0.5135135135135135,0.76,0.6129032258064516,0.6071176447066371,5
"['V14', 'V16', 'V21', 'V20', 'V17', 'V2']",0.581081081081081,0.7678571428571429,0.6615384615384615,0.6071162249761497,6
"['V4', 'V14', 'V8', 'V21', 'V2']",0.527027027027027,0.6964285714285714,0.6,0.6070451529742804,5
"['V14', 'V16', 'V5', 'V12', 'V17', 'V2', 'V19']",0.581081081081081,0.7818181818181819,0.6666666666666666,0.6069997221013322,7
"['V14', 'V16', 'V5', 'V21', 'V20', 'V17', 'V2']",0.5945945945945946,0.7857142857142857,0.676923076923077,0.6069714326424875,7
"['V4', 'V10', 'V8', 'V12', 'V2']",0.5,0.7551020408163265,0.6016260162601627,0.6069293415283603,5
"['V14', 'V8', 'V12', 'V21', 'V2']",0.5945945945945946,0.7857142857142857,0.676923076923077,0.6069112319561591,5
"['V4', 'V10', 'V5', 'V12', 'V2', 'V19']",0.527027027027027,0.78,0.6290322580645161,0.6068890791335991,6
"['V14', 'V16', 'V8', 'V21', 'V2']",0.5540540540540541,0.7454545454545455,0.6356589147286822,0.6068779157246468,5
"['V4', 'V10', 'V16', 'V8', 'V20', 'V17', 'V2']",0.5,0.7708333333333334,0.6065573770491803,0.6068769326900416,7
"['V14', 'V16', 'V12', 'V21', 'V2', 'V19']",0.581081081081081,0.7818181818181819,0.6666666666666666,0.6068543872368858,6
"['V14', 'V5', 'V12', 'V17', 'V19']",0.581081081081081,0.7818181818181819,0.6666666666666666,0.6068248101113579,5
"['V4', 'V10', 'V16', 'V8', 'V12', 'V21', 'V19']",0.527027027027027,0.7222222222222222,0.609375,0.6068071535768519,7
"['V14', 'V5', 'V12', 'V17']",0.581081081081081,0.7818181818181819,0.6666666666666666,0.6067457743740708,4
"['V14', 'V16', 'V5', 'V21', 'V20']",0.581081081081081,0.7678571428571429,0.6615384615384615,0.606743343337014,5
"['V4', 'V10', 'V16', 'V8', 'V20', 'V2']",0.527027027027027,0.78,0.6290322580645161,0.6067411881785727,6
"['V14', 'V16', 'V5', 'V12', 'V20', 'V17', 'V19']",0.581081081081081,0.7818181818181819,0.6666666666666666,0.6067053156441248,7
"['V14', 'V16', 'V12', 'V20', 'V19']",0.581081081081081,0.7818181818181819,0.6666666666666666,0.606697395277466,5
"['V14', 'V8', 'V12', 'V17', 'V2']",0.581081081081081,0.7818181818181819,0.6666666666666666,0.6066935916065777,5
"['V14', 'V5', 'V12', 'V21', 'V20', 'V17']",0.581081081081081,0.7818181818181819,0.6666666666666666,0.6066694374355059,6
"['V14', 'V16', 'V5', 'V21', 'V20', 'V19']",0.581081081081081,0.7678571428571429,0.6615384615384615,0.6066117416028057,6
"['V14', 'V16', 'V5', 'V12', 'V17']",0.581081081081081,0.7818181818181819,0.6666666666666666,0.6065815423482203,5
"['V14', 'V16', 'V21', 'V20', 'V2']",0.5540540540540541,0.7592592592592593,0.640625,0.6065581841710069,5
"['V14', 'V16', 'V5', 'V12', 'V2', 'V19']",0.581081081081081,0.7818181818181819,0.6666666666666666,0.6065196119298168,6
"['V14', 'V16', 'V5', 'V12', 'V2']",0.581081081081081,0.7818181818181819,0.6666666666666666,0.6065037786906318,5
"['V4', 'V14', 'V21', 'V20', 'V2']",0.5,0.6851851851851852,0.578125,0.6065006167021398,5
"['V14', 'V16', 'V12', 'V20', 'V17']",0.581081081081081,0.7818181818181819,0.6666666666666666,0.606492361014072,5
"['V14', 'V16', 'V5', 'V12', 'V17', 'V2']",0.581081081081081,0.7818181818181819,0.6666666666666666,0.6064119399917518,6
"['V14', 'V8', 'V12', 'V17', 'V2', 'V19']",0.581081081081081,0.7818181818181819,0.6666666666666666,0.6063644243707578,6
"['V14', 'V5', 'V12', 'V21', 'V20', 'V17', 'V19']",0.581081081081081,0.7818181818181819,0.6666666666666666,0.6063573642200492,7
"['V14', 'V16', 'V5', 'V21', 'V20', 'V17', 'V2', 'V19']",0.5945945945945946,0.7857142857142857,0.676923076923077,0.6063466112255494,8
"['V4', 'V10', 'V16', 'V8', 'V12', 'V21', 'V17']",0.5135135135135135,0.7169811320754716,0.5984251968503937,0.6063292160780589,7
"['V14', 'V12', 'V21', 'V20', 'V17', 'V2']",0.581081081081081,0.7818181818181819,0.6666666666666666,0.6063170264989753,6
"['V4', 'V10', 'V16', 'V8', 'V12', 'V21']",0.5405405405405406,0.7272727272727273,0.6201550387596899,0.6063026730010784,6
"['V14', 'V16', 'V5', 'V12']",0.581081081081081,0.7818181818181819,0.6666666666666666,0.6063021672576361,4
"['V14', 'V16', 'V12', 'V20', 'V17', 'V19']",0.581081081081081,0.7818181818181819,0.6666666666666666,0.6061631068061227,6
"['V4', 'V14', 'V5', 'V21', 'V20', 'V19']",0.5405405405405406,0.7142857142857143,0.6153846153846154,0.6061611563863973,6
"['V14', 'V16', 'V5', 'V12', 'V17', 'V19']",0.581081081081081,0.7818181818181819,0.6666666666666666,0.6061378670265033,6
"['V14', 'V16', 'V12', 'V17', 'V2', 'V19']",0.581081081081081,0.7818181818181819,0.6666666666666666,0.6061181626248329,6
"['V4', 'V10', 'V8', 'V20', 'V17', 'V2']",0.4594594594594595,0.7555555555555555,0.5714285714285714,0.6061152071018235,6
"['V4', 'V10', 'V8', 'V5', 'V21', 'V20', 'V17', 'V19']",0.527027027027027,0.7358490566037735,0.6141732283464567,0.6061076090344624,8
"['V14', 'V5', 'V12', 'V17', 'V2', 'V19']",0.581081081081081,0.7818181818181819,0.6666666666666666,0.6060804395234987,6
"['V14', 'V12', 'V21', 'V20', 'V17', 'V2', 'V19']",0.581081081081081,0.7818181818181819,0.6666666666666666,0.6060579312315565,7
"['V14', 'V16', 'V21', 'V20', 'V17', 'V2', 'V19']",0.581081081081081,0.7678571428571429,0.6615384615384615,0.6060410751547748,7
"['V4', 'V10', 'V8', 'V5', 'V12', 'V21', 'V19']",0.5540540540540541,0.7592592592592593,0.640625,0.6060352087962857,7
"['V14', 'V16', 'V5', 'V21', 'V20', 'V17']",0.5945945945945946,0.7586206896551724,0.6666666666666666,0.6059788420497212,6
"['V14', 'V16', 'V12', 'V17']",0.581081081081081,0.7818181818181819,0.6666666666666666,0.6059440877921198,4
"['V14', 'V16', 'V8', 'V20', 'V17']",0.5945945945945946,0.7586206896551724,0.6666666666666666,0.6059335822480596,5
"['V14', 'V16', 'V8', 'V19']",0.5675675675675675,0.75,0.6461538461538462,0.6059194631922152,4
"['V14', 'V8', 'V5', 'V12', 'V21', 'V20', 'V2']",0.5945945945945946,0.7857142857142857,0.676923076923077,0.6059083766369803,7
"['V4', 'V10', 'V16', 'V5', 'V12', 'V19']",0.5405405405405406,0.7692307692307693,0.6349206349206349,0.6057922203571733,6
"['V4', 'V10', 'V5', 'V21', 'V20']",0.527027027027027,0.7358490566037735,0.6141732283464567,0.6057803128003888,5
"['V14', 'V16', 'V5', 'V12', 'V19']",0.581081081081081,0.7818181818181819,0.6666666666666666,0.6057164513322818,5
"['V14', 'V16', 'V5', 'V21', 'V20', 'V17', 'V19']",0.5945945945945946,0.7586206896551724,0.6666666666666666,0.6056662411410091,7
"['V14', 'V16', 'V20', 'V2', 'V19']",0.5405405405405406,0.7547169811320755,0.6299212598425197,0.6056558633032885,5
"['V14', 'V16', 'V8', 'V20', 'V17', 'V19']",0.5945945945945946,0.7586206896551724,0.6666666666666666,0.6056222890842621,6
"['V14', 'V16', 'V5', 'V21', 'V19']",0.581081081081081,0.7543859649122807,0.6564885496183206,0.6055833824749823,5
"['V4', 'V10', 'V16', 'V8', 'V5', 'V20', 'V19']",0.527027027027027,0.75,0.6190476190476191,0.6055754370374709,7
"['V14', 'V5', 'V12', 'V21', 'V2', 'V19']",0.581081081081081,0.7818181818181819,0.6666666666666666,0.6055441518881166,6
"['V4', 'V10', 'V16', 'V5', 'V12']",0.5405405405405406,0.7692307692307693,0.6349206349206349,0.6055187251662477,5
"['V14', 'V16', 'V8', 'V17']",0.5945945945945946,0.7457627118644068,0.6616541353383458,0.6055149099530199,4
"['V14', 'V16', 'V12', 'V17', 'V19']",0.581081081081081,0.7818181818181819,0.6666666666666666,0.6054613025692042,5
"['V14', 'V5', 'V12', 'V17', 'V2']",0.581081081081081,0.7818181818181819,0.6666666666666666,0.6053928488069349,5
"['V14', 'V16', 'V8', 'V5', 'V20', 'V17']",0.581081081081081,0.7543859649122807,0.6564885496183206,0.6053061952376882,6
"['V14', 'V16', 'V12', 'V21', 'V17', 'V2', 'V19']",0.581081081081081,0.7818181818181819,0.6666666666666666,0.6053037058601561,7
"['V14', 'V16', 'V12', 'V21', 'V17', 'V2']",0.581081081081081,0.7818181818181819,0.6666666666666666,0.6051380567588793,6
"['V14', 'V16', 'V8', 'V17', 'V19']",0.5945945945945946,0.7457627118644068,0.6616541353383458,0.6051267483001495,5
"['V14', 'V16', 'V12']",0.581081081081081,0.7818181818181819,0.6666666666666666,0.6051053549518439,3
"['V14', 'V16', 'V12', 'V20', 'V17', 'V2', 'V19']",0.581081081081081,0.7818181818181819,0.6666666666666666,0.6050827282060196,7
"['V14', 'V16', 'V8', 'V5', 'V20', 'V17', 'V19']",0.581081081081081,0.7543859649122807,0.6564885496183206,0.6050244416643055,7
"['V4', 'V10', 'V16', 'V5', 'V12', 'V21', 'V19']",0.5540540540540541,0.7735849056603774,0.6456692913385826,0.6050134085443102,7
"['V14', 'V12', 'V17']",0.581081081081081,0.7818181818181819,0.6666666666666666,0.6049331190855641,3
"['V4', 'V10', 'V8', 'V5', 'V21', 'V20', 'V17']",0.527027027027027,0.75,0.6190476190476191,0.6048231164507344,7
"['V14', 'V16', 'V12', 'V17', 'V2']",0.581081081081081,0.7818181818181819,0.6666666666666666,0.6047903196708685,5
"['V14', 'V16', 'V12', 'V19']",0.581081081081081,0.7818181818181819,0.6666666666666666,0.6047540559560236,4
"['V4', 'V10', 'V16', 'V5', 'V12', 'V21']",0.5540540540540541,0.7735849056603774,0.6456692913385826,0.6047376409971624,6
"['V14', 'V16', 'V5', 'V21']",0.581081081081081,0.7543859649122807,0.6564885496183206,0.6046987230309555,4
"['V4', 'V10', 'V16', 'V2', 'V19']",0.5,0.7551020408163265,0.6016260162601627,0.6046914581011923,5
"['V4', 'V10', 'V5', 'V12', 'V17']",0.5,0.7551020408163265,0.6016260162601627,0.6046788716897394,5
"['V14', 'V5', 'V12', 'V20', 'V17', 'V2', 'V19']",0.581081081081081,0.7818181818181819,0.6666666666666666,0.604632933192459,7
"['V4', 'V14', 'V8', 'V21', 'V20']",0.5135135135135135,0.6785714285714286,0.5846153846153846,0.6046315137836956,5
"['V4', 'V10', 'V16', 'V8', 'V12', 'V19']",0.5540540540540541,0.7454545454545455,0.6356589147286822,0.6046123156340245,6
"['V4', 'V10', 'V16', 'V5', 'V12', 'V17', 'V19']",0.5405405405405406,0.7692307692307693,0.6349206349206349,0.6046017995264932,7
"['V14', 'V12', 'V17', 'V19']",0.581081081081081,0.7818181818181819,0.6666666666666666,0.6045933483832571,4
"['V14', 'V8', 'V12', 'V21', 'V20', 'V2']",0.5945945945945946,0.7857142857142857,0.676923076923077,0.60459226791196,6
"['V4', 'V10', 'V16', 'V5', 'V12', 'V17']",0.5405405405405406,0.7692307692307693,0.6349206349206349,0.6044622255441857,6
"['V14', 'V5', 'V12', 'V21']",0.581081081081081,0.7818181818181819,0.6666666666666666,0.6044602115109542,4
"['V4', 'V14', 'V8', 'V21', 'V20', 'V2']",0.5135135135135135,0.6785714285714286,0.5846153846153846,0.6044555651012207,6
"['V14', 'V5', 'V12', 'V20', 'V17', 'V2']",0.581081081081081,0.7818181818181819,0.6666666666666666,0.6044339238161167,6
"['V4', 'V10', 'V12', 'V21', 'V20', 'V17']",0.5135135135135135,0.7450980392156863,0.608,0.604415199731866,6
"['V14', 'V5', 'V12', 'V21', 'V20', 'V19']",0.581081081081081,0.7818181818181819,0.6666666666666666,0.6043872998910652,6
"['V4', 'V10', 'V12', 'V21', 'V20', 'V17', 'V19']",0.5135135135135135,0.7450980392156863,0.608,0.60438341961032,7
"['V14', 'V16', 'V8', 'V5', 'V17']",0.581081081081081,0.7543859649122807,0.6564885496183206,0.6043525948369166,5
"['V14', 'V16', 'V20', 'V2']",0.5405405405405406,0.7547169811320755,0.6299212598425197,0.6042590573797131,4
"['V14', 'V16', 'V21', 'V20', 'V17', 'V19']",0.5945945945945946,0.7586206896551724,0.6666666666666666,0.6042333452421178,6
"['V14', 'V16', 'V12', 'V20', 'V2', 'V19']",0.581081081081081,0.7818181818181819,0.6666666666666666,0.6042213755461987,6
"['V14', 'V16', 'V8', 'V5', 'V17', 'V19']",0.581081081081081,0.7543859649122807,0.6564885496183206,0.6042053517835032,6
"['V14', 'V16', 'V21', 'V20', 'V17']",0.5945945945945946,0.7586206896551724,0.6666666666666666,0.6041710954666388,5
"['V14', 'V16', 'V12', 'V2', 'V19']",0.581081081081081,0.7818181818181819,0.6666666666666666,0.6041576775961467,5
"['V14', 'V16', 'V12', 'V2']",0.581081081081081,0.7818181818181819,0.6666666666666666,0.6041510454286225,4
"['V4', 'V10', 'V12', 'V21', 'V20']",0.527027027027027,0.7358490566037735,0.6141732283464567,0.6041111893604099,5
"['V14', 'V16', 'V8', 'V5', 'V17', 'V2', 'V19']",0.5675675675675675,0.7368421052631579,0.6412213740458015,0.6040950342655357,7
"['V4', 'V10', 'V12', 'V21', 'V20', 'V19']",0.527027027027027,0.7358490566037735,0.6141732283464567,0.6040835366820188,6
"['V14', 'V8', 'V5', 'V21', 'V19']",0.527027027027027,0.7647058823529411,0.624,0.604081623653947,5
"['V14', 'V8', 'V12', 'V20', 'V17', 'V19']",0.581081081081081,0.7818181818181819,0.6666666666666666,0.6040748314191692,6
"['V14', 'V8', 'V12', 'V20', 'V17']",0.581081081081081,0.7818181818181819,0.6666666666666666,0.6040727630834967,5
"['V14', 'V5', 'V12', 'V20', 'V17']",0.581081081081081,0.7818181818181819,0.6666666666666666,0.6038794398880144,5
"['V14', 'V16', 'V20', 'V19']",0.581081081081081,0.7678571428571429,0.6615384615384615,0.6038410567575107,4
"['V14', 'V16', 'V12', 'V20', 'V2']",0.581081081081081,0.7818181818181819,0.6666666666666666,0.6038107531794802,5
"['V4', 'V10', 'V16', 'V8', 'V12', 'V17', 'V19']",0.5135135135135135,0.7307692307692307,0.6031746031746031,0.6037917366970188,7
"['V14', 'V5', 'V12', 'V21', 'V2']",0.581081081081081,0.7818181818181819,0.6666666666666666,0.6037706506235258,5
"['V4', 'V10', 'V16', 'V8', 'V12', 'V17']",0.5135135135135135,0.7307692307692307,0.6031746031746031,0.603758279683303,6
"['V4', 'V10', 'V8', 'V5', 'V21', 'V20']",0.527027027027027,0.7358490566037735,0.6141732283464567,0.603756470169674,6
"['V14', 'V5', 'V12', 'V20', 'V17', 'V19']",0.581081081081081,0.7818181818181819,0.6666666666666666,0.6037147199516876,6
"['V4', 'V10', 'V8', 'V5', 'V12', 'V17', 'V19']",0.5540540540540541,0.7592592592592593,0.640625,0.6037067540133696,7
"['V14', 'V16', 'V5', 'V21', 'V17']",0.581081081081081,0.7543859649122807,0.6564885496183206,0.6036907154619251,5
"['V4', 'V10', 'V8', 'V5', 'V21', 'V20', 'V19']",0.5405405405405406,0.7407407407407407,0.625,0.6036799071898572,7
"['V4', 'V10', 'V8', 'V5', 'V12', 'V17']",0.5405405405405406,0.7547169811320755,0.6299212598425197,0.6036507668619042,6
"['V4', 'V10', 'V5', 'V12', 'V17', 'V19']",0.5,0.7551020408163265,0.6016260162601627,0.603593357963297,6
"['V14', 'V16', 'V5', 'V20', 'V17', 'V2']",0.5945945945945946,0.7857142857142857,0.676923076923077,0.6035629525897832,6
"['V4', 'V14', 'V21', 'V20']",0.5135135135135135,0.6785714285714286,0.5846153846153846,0.6035130107500882,4
"['V14', 'V16', 'V12', 'V20', 'V17', 'V2']",0.581081081081081,0.7818181818181819,0.6666666666666666,0.6035093249876493,6
"['V14', 'V16', 'V5', 'V21', 'V20', 'V2']",0.5675675675675675,0.7636363636363637,0.6511627906976745,0.6034903421874918,6
"['V4', 'V10', 'V16', 'V8', 'V5', 'V20']",0.5540540540540541,0.7592592592592593,0.640625,0.603439549913738,6
"['V4', 'V10', 'V16', 'V8', 'V2', 'V19']",0.5135135135135135,0.7755102040816326,0.6178861788617886,0.6033574504456766,6
"['V14', 'V5', 'V12', 'V21', 'V20']",0.581081081081081,0.7818181818181819,0.6666666666666666,0.6033363080916357,5
"['V14', 'V16', 'V5', 'V20', 'V17', 'V2', 'V19']",0.5945945945945946,0.7719298245614035,0.6717557251908397,0.6033254905442965,7
"['V14', 'V16', 'V8', 'V17', 'V2', 'V19']",0.5945945945945946,0.7457627118644068,0.6616541353383458,0.6032934505267058,6
"['V14', 'V16', 'V5', 'V21', 'V17', 'V19']",0.581081081081081,0.7543859649122807,0.6564885496183206,0.6032881149894014,6
"['V14', 'V12', 'V21']",0.581081081081081,0.7818181818181819,0.6666666666666666,0.6032798438674287,3
"['V14', 'V5', 'V21', 'V20', 'V17', 'V2']",0.581081081081081,0.7818181818181819,0.6666666666666666,0.6032560426787968,6
"['V4', 'V10', 'V8', 'V5', 'V12', 'V21']",0.5405405405405406,0.7407407407407407,0.625,0.603198365578312,6
"['V14', 'V16', 'V21', 'V20', 'V19']",0.581081081081081,0.7678571428571429,0.6615384615384615,0.6031807839110046,5
"['V14', 'V8', 'V12', 'V20', 'V17', 'V2']",0.581081081081081,0.7818181818181819,0.6666666666666666,0.6030907896350731,6
"['V14', 'V16', 'V20']",0.581081081081081,0.7678571428571429,0.6615384615384615,0.603022556305415,3
"['V4', 'V14', 'V21', 'V20', 'V19']",0.5405405405405406,0.6896551724137931,0.6060606060606061,0.6030129885861806,5
"['V14', 'V16', 'V8', 'V5', 'V2']",0.5540540540540541,0.7454545454545455,0.6356589147286822,0.6029330856257048,5
"['V14', 'V16', 'V5', 'V21', 'V20', 'V2', 'V19']",0.5540540540540541,0.7592592592592593,0.640625,0.6029309228006285,7
"['V14', 'V8', 'V5', 'V17', 'V2', 'V19']",0.5675675675675675,0.75,0.6461538461538462,0.6028957562575296,6
"['V14', 'V21', 'V20', 'V17', 'V2']",0.5675675675675675,0.7636363636363637,0.6511627906976745,0.6028769505932587,5
"['V14', 'V16', 'V8', 'V17', 'V2']",0.5945945945945946,0.7457627118644068,0.6616541353383458,0.6027811783166998,5
"['V14', 'V16', 'V8']",0.5675675675675675,0.75,0.6461538461538462,0.6027257227576115,3
"['V14', 'V12', 'V21', 'V2', 'V19']",0.581081081081081,0.7818181818181819,0.6666666666666666,0.6027163502118857,5
"['V4', 'V10', 'V16', 'V8', 'V12']",0.5405405405405406,0.7407407407407407,0.625,0.602618437968617,5
"['V14', 'V16', 'V8', 'V5', 'V2', 'V19']",0.5540540540540541,0.7454545454545455,0.6356589147286822,0.6026159853987415,6
"['V14', 'V16', 'V8', 'V5', 'V17', 'V2']",0.581081081081081,0.7413793103448276,0.6515151515151515,0.6026075788082876,6
"['V14', 'V16', 'V5', 'V21', 'V17', 'V2', 'V19']",0.581081081081081,0.7678571428571429,0.6615384615384615,0.6026031286441762,7
"['V14', 'V12', 'V21', 'V20', 'V19']",0.581081081081081,0.7818181818181819,0.6666666666666666,0.602497856830045,5
"['V14', 'V12', 'V21', 'V20', 'V2', 'V19']",0.581081081081081,0.7818181818181819,0.6666666666666666,0.6024672067379585,6
"['V4', 'V10', 'V16', 'V5', 'V12', 'V21', 'V17', 'V19']",0.5405405405405406,0.7692307692307693,0.6349206349206349,0.6024185087018543,8
"['V4', 'V10', 'V16', 'V5', 'V12', 'V21', 'V17']",0.5405405405405406,0.7692307692307693,0.6349206349206349,0.6024128683504852,7
"['V4', 'V10', 'V16', 'V5', 'V20', 'V19']",0.527027027027027,0.7647058823529411,0.624,0.6023686082862654,6
"['V14', 'V16', 'V21', 'V20']",0.581081081081081,0.7543859649122807,0.6564885496183206,0.602312378685192,4
"['V14', 'V5', 'V21', 'V19']",0.527027027027027,0.7647058823529411,0.624,0.6022721820213436,4
"['V14', 'V21', 'V17', 'V19']",0.581081081081081,0.7678571428571429,0.6615384615384615,0.6021955284718649,4
"['V4', 'V10', 'V16', 'V8', 'V17', 'V2', 'V19']",0.5,0.7708333333333334,0.6065573770491803,0.6021848112358553,7
"['V4', 'V10', 'V16', 'V20', 'V17', 'V19']",0.5,0.7551020408163265,0.6016260162601627,0.6021473330083382,6
"['V14', 'V8', 'V20', 'V17', 'V2', 'V19']",0.5675675675675675,0.75,0.6461538461538462,0.6020214123949578,6
"['V4', 'V10', 'V16', 'V8', 'V5', 'V20', 'V17', 'V19']",0.527027027027027,0.7647058823529411,0.624,0.6020199035993742,8
"['V4', 'V10', 'V16', 'V12', 'V19']",0.5405405405405406,0.7272727272727273,0.6201550387596899,0.601951632471442,5
"['V14', 'V16', 'V8', 'V2', 'V19']",0.5540540540540541,0.7321428571428571,0.6307692307692307,0.60193749117708,5
"['V4', 'V10', 'V16', 'V8', 'V20', 'V19']",0.5135135135135135,0.76,0.6129032258064516,0.6019134345649846,6
"['V14', 'V8', 'V17']",0.581081081081081,0.7678571428571429,0.6615384615384615,0.601832643051747,3
"['V14', 'V8', 'V12', 'V2', 'V19']",0.581081081081081,0.7818181818181819,0.6666666666666666,0.6018273757484652,5
"['V14', 'V16', 'V5', 'V20', 'V2']",0.5540540540540541,0.7592592592592593,0.640625,0.6018136344313909,5
"['V14', 'V16', 'V20', 'V17']",0.5945945945945946,0.7586206896551724,0.6666666666666666,0.6018093794007998,4
"['V4', 'V10', 'V12', 'V20', 'V17', 'V19']",0.5,0.74,0.5967741935483871,0.6018052684477802,6
"['V14', 'V12', 'V17', 'V2', 'V19']",0.581081081081081,0.7818181818181819,0.6666666666666666,0.6017289326271517,5
"['V14', 'V16', 'V5', 'V20', 'V2', 'V19']",0.5540540540540541,0.7592592592592593,0.640625,0.6017098621467198,6
"['V4', 'V10', 'V8', 'V12', 'V21', 'V17']",0.4864864864864865,0.7058823529411765,0.576,0.6016810946138594,6
"['V14', 'V16', 'V20', 'V17', 'V19']",0.5945945945945946,0.7586206896551724,0.6666666666666666,0.6016775326585543,5
"['V14', 'V8', 'V5', 'V17', 'V2']",0.5675675675675675,0.7368421052631579,0.6412213740458015,0.6016296039531298,5
"['V14', 'V8', 'V17', 'V19']",0.581081081081081,0.7678571428571429,0.6615384615384615,0.6016274108019888,4
"['V14', 'V12', 'V17', 'V2']",0.581081081081081,0.7818181818181819,0.6666666666666666,0.6015821593764761,4
"['V14', 'V16', 'V5', 'V21', 'V17', 'V2']",0.581081081081081,0.7678571428571429,0.6615384615384615,0.6015166245591494,6
"['V4', 'V10', 'V8', 'V5', 'V12', 'V19']",0.5135135135135135,0.7450980392156863,0.608,0.6015147965326163,6
"['V4', 'V10', 'V16', 'V5', 'V20', 'V17', 'V19']",0.527027027027027,0.7647058823529411,0.624,0.6014701880729489,7
"['V14', 'V8', 'V12', 'V20', 'V17', 'V2', 'V19']",0.581081081081081,0.7818181818181819,0.6666666666666666,0.6014437658895644,7
"['V10', 'V16', 'V8', 'V5', 'V12', 'V21', 'V20', 'V2', 'V19']",0.581081081081081,0.7962962962962963,0.671875,0.6014052464494757,9
"['V10', 'V16', 'V8', 'V5', 'V12', 'V21', 'V20', 'V2']",0.581081081081081,0.7962962962962963,0.671875,0.6013444165809937,8
"['V4', 'V10', 'V8', 'V2']",0.44594594594594594,0.7333333333333333,0.5546218487394958,0.6013148933554399,4
"['V14', 'V12', 'V21', 'V2']",0.581081081081081,0.7818181818181819,0.6666666666666666,0.6012985905508063,4
"['V14', 'V21', 'V20', 'V17', 'V2', 'V19']",0.5945945945945946,0.7857142857142857,0.676923076923077,0.6012305095304857,6
"['V10', 'V16', 'V8', 'V5', 'V12', 'V21', 'V20', 'V17', 'V2']",0.581081081081081,0.7962962962962963,0.671875,0.6011450016448924,9
"['V4', 'V10', 'V5', 'V12', 'V19']",0.5,0.7551020408163265,0.6016260162601627,0.601052407671732,5
"['V4', 'V10', 'V12', 'V20', 'V17']",0.4864864864864865,0.7346938775510204,0.5853658536585366,0.6010287340420424,5
"['V14', 'V5', 'V21', 'V20', 'V17', 'V2', 'V19']",0.5945945945945946,0.7857142857142857,0.676923076923077,0.600991771336476,7
"['V4', 'V10', 'V12', 'V20', 'V19']",0.527027027027027,0.75,0.6190476190476191,0.6009813021327143,5
"['V4', 'V10', 'V8', 'V12', 'V21']",0.4864864864864865,0.7058823529411765,0.576,0.6009513951115062,5
"['V14', 'V8', 'V20', 'V17', 'V19']",0.581081081081081,0.7166666666666667,0.6417910447761194,0.6009389279493318,5
"['V4', 'V10', 'V16', 'V8', 'V20', 'V17', 'V19']",0.5,0.7551020408163265,0.6016260162601627,0.6009233624943394,7
"['V4', 'V10', 'V12', 'V20']",0.527027027027027,0.75,0.6190476190476191,0.600915118551195,4
"['V4', 'V10', 'V16', 'V20', 'V19']",0.5135135135135135,0.76,0.6129032258064516,0.6008942201844211,5
"['V4', 'V10', 'V8', 'V12', 'V21', 'V17', 'V19']",0.4864864864864865,0.7058823529411765,0.576,0.6008696570988161,7
"['V4', 'V10', 'V16', 'V8', 'V5', 'V17', 'V2', 'V19']",0.5540540540540541,0.7884615384615384,0.6507936507936508,0.6008590279667603,8
"['V4', 'V10', 'V5', 'V12', 'V21', 'V19']",0.5405405405405406,0.7547169811320755,0.6299212598425197,0.6008435945935745,6
"['V14', 'V16', 'V20', 'V17', 'V2', 'V19']",0.581081081081081,0.7543859649122807,0.6564885496183206,0.6008378065682516,6
"['V4', 'V10', 'V16', 'V12', 'V17', 'V19']",0.5,0.7254901960784313,0.592,0.6008178022926814,6
"['V10', 'V16', 'V8', 'V5', 'V12', 'V21', 'V20', 'V19']",0.581081081081081,0.7818181818181819,0.6666666666666666,0.6008025957982229,8
"['V14', 'V16', 'V20', 'V17', 'V2']",0.581081081081081,0.7543859649122807,0.6564885496183206,0.6008003306895694,5
"['V10', 'V8', 'V5', 'V12', 'V21', 'V20', 'V17', 'V2', 'V19']",0.581081081081081,0.7962962962962963,0.671875,0.6007775681314008,9
"['V14', 'V12', 'V20', 'V17']",0.581081081081081,0.7818181818181819,0.6666666666666666,0.6007201623247652,4
"['V14', 'V5', 'V20', 'V17', 'V2']",0.581081081081081,0.7678571428571429,0.6615384615384615,0.6007186341495833,5
"['V4', 'V10', 'V5', 'V12']",0.5,0.7551020408163265,0.6016260162601627,0.6007054963468355,4
"['V10', 'V16', 'V8', 'V5', 'V12', 'V21', 'V2']",0.581081081081081,0.7962962962962963,0.671875,0.6006939690721487,7
"['V14', 'V12', 'V20', 'V17', 'V19']",0.581081081081081,0.7818181818181819,0.6666666666666666,0.6006656853932363,5
"['V4', 'V10', 'V16', 'V17', 'V2', 'V19']",0.5,0.7551020408163265,0.6016260162601627,0.600632877673118,6
"['V14', 'V16', 'V5', 'V20', 'V17', 'V19']",0.581081081081081,0.7543859649122807,0.6564885496183206,0.6006137127309403,6
"['V14', 'V5', 'V21', 'V17']",0.5945945945945946,0.7719298245614035,0.6717557251908397,0.600607518723135,4
"['V4', 'V10', 'V8', 'V5', 'V12']",0.5135135135135135,0.76,0.6129032258064516,0.6005244524446679,5
"['V14', 'V5', 'V20', 'V17', 'V2', 'V19']",0.581081081081081,0.7678571428571429,0.6615384615384615,0.6004307986922448,6
"['V4', 'V10', 'V16', 'V2']",0.4864864864864865,0.7659574468085106,0.5950413223140496,0.6004251793934581,4
"['V14', 'V5', 'V12', 'V21', 'V20', 'V2', 'V19']",0.581081081081081,0.7818181818181819,0.6666666666666666,0.6004005605930784,7
"['V14', 'V8', 'V20', 'V17']",0.581081081081081,0.7413793103448276,0.6515151515151515,0.600283467357346,4
"['V14', 'V5', 'V21', 'V17', 'V19']",0.5945945945945946,0.7719298245614035,0.6717557251908397,0.6002768567028574,5
"['V14', 'V8', 'V5', 'V17']",0.581081081081081,0.7678571428571429,0.6615384615384615,0.6002558240913807,4
"['V14', 'V8', 'V5', 'V17', 'V19']",0.581081081081081,0.7678571428571429,0.6615384615384615,0.6002493893648307,5
"['V4', 'V10', 'V16', 'V12', 'V21', 'V17', 'V19']",0.5,0.7254901960784313,0.592,0.6001888423097443,7
"['V4', 'V14', 'V8', 'V2', 'V19']",0.527027027027027,0.6842105263157895,0.5954198473282443,0.6001777104431311,5
"['V4', 'V10', 'V16', 'V8', 'V5', 'V2', 'V19']",0.5540540540540541,0.7735849056603774,0.6456692913385826,0.6001498386394125,7
"['V14', 'V8', 'V5', 'V12', 'V19']",0.581081081081081,0.7818181818181819,0.6666666666666666,0.6001442427583502,5
"['V4', 'V10', 'V5', 'V12', 'V21']",0.527027027027027,0.75,0.6190476190476191,0.6001341116887187,5
"['V14', 'V5', 'V21', 'V20', 'V17']",0.5945945945945946,0.7719298245614035,0.6717557251908397,0.6000292016104364,5
"['V4', 'V10', 'V16', 'V12']",0.5540540540540541,0.7454545454545455,0.6356589147286822,0.5999940867283441,4
"['V4', 'V10', 'V8', 'V12', 'V21', 'V19']",0.4864864864864865,0.7058823529411765,0.576,0.599945330814973,6
"['V14', 'V5', 'V21', 'V20', 'V17', 'V19']",0.5945945945945946,0.7719298245614035,0.6717557251908397,0.599936962865003,6
"['V4', 'V10', 'V8', 'V2', 'V19']",0.4594594594594595,0.7391304347826086,0.5666666666666667,0.5999361797305152,5
"['V14', 'V16', 'V17']",0.5945945945945946,0.7586206896551724,0.6666666666666666,0.5999240849335101,3
"['V10', 'V8', 'V5', 'V12', 'V21', 'V17', 'V2', 'V19']",0.581081081081081,0.7962962962962963,0.671875,0.5999181684670919,8
"['V14', 'V16', 'V5', 'V20', 'V17']",0.581081081081081,0.7543859649122807,0.6564885496183206,0.599872164320077,5
"['V10', 'V16', 'V8', 'V5', 'V12', 'V21', 'V17', 'V2']",0.581081081081081,0.7962962962962963,0.671875,0.5998285726279652,8
"['V14', 'V21', 'V17']",0.5945945945945946,0.7719298245614035,0.6717557251908397,0.5998268092556734,3
"['V10', 'V8', 'V5', 'V12', 'V21', 'V20', 'V17', 'V2']",0.581081081081081,0.7962962962962963,0.671875,0.5998102034946574,8
"['V4', 'V10', 'V16', 'V12', 'V21', 'V17']",0.5,0.7254901960784313,0.592,0.5997872298468645,6
"['V14', 'V5', 'V12', 'V2', 'V19']",0.581081081081081,0.7818181818181819,0.6666666666666666,0.5997865374277768,5
"['V4', 'V10', 'V16', 'V8', 'V17', 'V2']",0.5,0.7708333333333334,0.6065573770491803,0.5997742559366601,6
"['V4', 'V10', 'V16', 'V5', 'V20', 'V17']",0.527027027027027,0.7647058823529411,0.624,0.5997685260519465,6
"['V14', 'V16', 'V8', 'V2']",0.5405405405405406,0.7272727272727273,0.6201550387596899,0.599741451028104,4
"['V14', 'V8', 'V5', 'V20', 'V17', 'V19']",0.581081081081081,0.7166666666666667,0.6417910447761194,0.5997237052141356,6
"['V10', 'V16', 'V8', 'V5', 'V12', 'V21', 'V20', 'V17', 'V19']",0.581081081081081,0.7818181818181819,0.6666666666666666,0.5996750887580395,9
"['V4', 'V10', 'V16', 'V12', 'V17']",0.4864864864864865,0.72,0.5806451612903226,0.5996598745387846,5
"['V14', 'V16', 'V5', 'V20']",0.581081081081081,0.7543859649122807,0.6564885496183206,0.5996353428467254,4
"['V14', 'V16', 'V21', 'V17']",0.5945945945945946,0.7586206896551724,0.6666666666666666,0.5995052233395203,4
"['V14', 'V5', 'V12', 'V21', 'V20', 'V2']",0.581081081081081,0.7818181818181819,0.6666666666666666,0.5995048542615923,6
"['V10', 'V16', 'V8', 'V5', 'V12', 'V21', 'V17', 'V2', 'V19']",0.581081081081081,0.7962962962962963,0.671875,0.5994881776972214,9
"['V14', 'V8', 'V17', 'V2']",0.5675675675675675,0.75,0.6461538461538462,0.5994488735389296,4
"['V14', 'V8', 'V20', 'V17', 'V2']",0.5540540540540541,0.7321428571428571,0.6307692307692307,0.5994278587058781,5
"['V14', 'V8', 'V17', 'V2', 'V19']",0.581081081081081,0.7543859649122807,0.6564885496183206,0.5994134511469081,5
"['V10', 'V16', 'V8', 'V5', 'V12', 'V21', 'V2', 'V19']",0.581081081081081,0.7962962962962963,0.671875,0.5993540137590867,8
"['V10', 'V8', 'V5', 'V12', 'V21', 'V17', 'V2']",0.581081081081081,0.7962962962962963,0.671875,0.5992864806618973,7
"['V4', 'V10', 'V5', 'V12', 'V21', 'V17']",0.527027027027027,0.7647058823529411,0.624,0.5992782372360109,6
"['V4', 'V10', 'V16', 'V12', 'V21', 'V19']",0.5135135135135135,0.7169811320754716,0.5984251968503937,0.5992551171908103,6
"['V4', 'V10', 'V16', 'V5', 'V20']",0.5405405405405406,0.7547169811320755,0.6299212598425197,0.5992475340443663,5
"['V10', 'V16', 'V8', 'V5', 'V12', 'V21', 'V20', 'V17', 'V2', 'V19']",0.581081081081081,0.7962962962962963,0.671875,0.5992226350128734,10
"['V10', 'V8', 'V5', 'V12', 'V21', 'V20', 'V17']",0.581081081081081,0.7818181818181819,0.6666666666666666,0.5991829713491628,7
"['V4', 'V10', 'V8', 'V12', 'V20', 'V17']",0.5,0.7254901960784313,0.592,0.5991486879008675,6
"['V4', 'V10', 'V5', 'V12', 'V21', 'V17', 'V19']",0.527027027027027,0.7647058823529411,0.624,0.5990844405016676,7
"['V14', 'V16', 'V21', 'V17', 'V19']",0.5945945945945946,0.7586206896551724,0.6666666666666666,0.5990688426232026,5
"['V4', 'V10', 'V16', 'V5', 'V2', 'V19']",0.5405405405405406,0.7843137254901961,0.64,0.5990159797931676,6
"['V14', 'V16', 'V5', 'V20', 'V19']",0.5675675675675675,0.75,0.6461538461538462,0.5989408741736114,5
"['V14', 'V8', 'V5', 'V20', 'V17']",0.5675675675675675,0.711864406779661,0.631578947368421,0.598928979288887,5
"['V14', 'V12', 'V20', 'V17', 'V2']",0.581081081081081,0.7818181818181819,0.6666666666666666,0.5988065024283642,5
"['V14', 'V12', 'V20', 'V17', 'V2', 'V19']",0.581081081081081,0.7818181818181819,0.6666666666666666,0.5988004655163457,6
"['V10', 'V16', 'V8', 'V5', 'V12', 'V21', 'V20']",0.581081081081081,0.7818181818181819,0.6666666666666666,0.5987505577989202,7
"['V4', 'V10', 'V8', 'V12', 'V20', 'V17', 'V19']",0.5,0.7254901960784313,0.592,0.5987476393515073,7
"['V4', 'V10', 'V16', 'V8', 'V20']",0.5135135135135135,0.76,0.6129032258064516,0.5987117779206468,5
"['V14', 'V16', 'V5', 'V21', 'V2', 'V19']",0.5540540540540541,0.7454545454545455,0.6356589147286822,0.5986303832620193,6
"['V14', 'V5', 'V21', 'V17', 'V2']",0.5675675675675675,0.7636363636363637,0.6511627906976745,0.5986114747855585,5
"['V14', 'V8', 'V12', 'V19']",0.581081081081081,0.7818181818181819,0.6666666666666666,0.5985621552587284,4
"['V4', 'V10', 'V16', 'V8', 'V5', 'V17', 'V2']",0.5405405405405406,0.7692307692307693,0.6349206349206349,0.5985445881655713,7
"['V14', 'V16', 'V21', 'V17', 'V2', 'V19']",0.581081081081081,0.7543859649122807,0.6564885496183206,0.5984837026895216,6
"['V4', 'V10', 'V8', 'V12', 'V20']",0.5,0.7254901960784313,0.592,0.598453710353612,5
"['V14', 'V16', 'V17', 'V19']",0.5945945945945946,0.7586206896551724,0.6666666666666666,0.5983830995762903,4
"['V4', 'V10', 'V16', 'V5', 'V2']",0.5405405405405406,0.7843137254901961,0.64,0.5983746270633319,5
"['V4', 'V14', 'V8', 'V5', 'V20', 'V2', 'V19']",0.527027027027027,0.7090909090909091,0.6046511627906976,0.5983351366753982,7
"['V14', 'V12', 'V21', 'V20']",0.581081081081081,0.7818181818181819,0.6666666666666666,0.5983221127889585,4
"['V4', 'V10', 'V8', 'V5', 'V17', 'V2']",0.5,0.7708333333333334,0.6065573770491803,0.5983171220350142,6
"['V4', 'V10', 'V8', 'V12', 'V17', 'V19']",0.4864864864864865,0.72,0.5806451612903226,0.5982457865660297,6
"['V10', 'V8', 'V5', 'V12', 'V21', 'V20', 'V2']",0.581081081081081,0.7962962962962963,0.671875,0.5982387114760535,7
"['V14', 'V5', 'V21', 'V17', 'V2', 'V19']",0.581081081081081,0.7678571428571429,0.6615384615384615,0.5982296524785613,6
"['V14', 'V16', 'V21', 'V17', 'V2']",0.581081081081081,0.7543859649122807,0.6564885496183206,0.5982186417261826,5
"['V10', 'V16', 'V8', 'V5', 'V12', 'V21', 'V20', 'V17']",0.581081081081081,0.7818181818181819,0.6666666666666666,0.598190370280091,8
"['V10', 'V8', 'V5', 'V12', 'V21', 'V20', 'V17', 'V19']",0.581081081081081,0.7818181818181819,0.6666666666666666,0.5981791117775088,8
"['V4', 'V10', 'V16', 'V8', 'V5', 'V20', 'V17']",0.5135135135135135,0.76,0.6129032258064516,0.5981226688755602,7
"['V4', 'V10', 'V8', 'V12', 'V20', 'V19']",0.5,0.7254901960784313,0.592,0.5981226026488096,6
"['V4', 'V10', 'V16', 'V8', 'V20', 'V17']",0.5,0.7551020408163265,0.6016260162601627,0.5981213960783324,6
"['V14', 'V12', 'V19']",0.581081081081081,0.7818181818181819,0.6666666666666666,0.5980902836770947,3
"['V4', 'V10', 'V16', 'V17', 'V2']",0.5,0.7708333333333334,0.6065573770491803,0.5980889326679257,5
"['V4', 'V10', 'V16', 'V5', 'V17', 'V2', 'V19']",0.5540540540540541,0.7735849056603774,0.6456692913385826,0.5980846225601875,7
"['V4', 'V10', 'V8', 'V12', 'V17']",0.4864864864864865,0.72,0.5806451612903226,0.5980589646092999,5
"['V4', 'V10', 'V8', 'V20', 'V2']",0.44594594594594594,0.75,0.559322033898305,0.5978800982007189,5
"['V10', 'V8', 'V5', 'V12', 'V21', 'V20', 'V19']",0.581081081081081,0.7818181818181819,0.6666666666666666,0.5978794742013528,7
"['V14', 'V5', 'V12', 'V19']",0.581081081081081,0.7818181818181819,0.6666666666666666,0.5978705278277724,4
"['V4', 'V10', 'V16', 'V20', 'V17']",0.5,0.7551020408163265,0.6016260162601627,0.597789088634813,5
"['V14', 'V16', 'V5', 'V17']",0.581081081081081,0.7543859649122807,0.6564885496183206,0.5977389939060089,4
"['V4', 'V14', 'V8', 'V5', 'V20', 'V19']",0.5405405405405406,0.7272727272727273,0.6201550387596899,0.5977304787242355,6
"['V14', 'V8', 'V5', 'V12']",0.581081081081081,0.7818181818181819,0.6666666666666666,0.5976949853432226,4
"['V4', 'V10', 'V8', 'V5', 'V17', 'V2', 'V19']",0.5,0.7708333333333334,0.6065573770491803,0.5976851659215661,7
"['V14', 'V21', 'V20', 'V17']",0.581081081081081,0.7678571428571429,0.6615384615384615,0.5976562056708575,4
"['V4', 'V14', 'V8', 'V20', 'V2', 'V19']",0.527027027027027,0.6964285714285714,0.6,0.597607767858953,6
"['V14', 'V16', 'V21', 'V19']",0.5675675675675675,0.75,0.6461538461538462,0.5974453222825552,4
"['V14', 'V16', 'V5', 'V17', 'V2', 'V19']",0.581081081081081,0.7543859649122807,0.6564885496183206,0.5974124143723937,6
"['V10', 'V8', 'V5', 'V12', 'V21', 'V2']",0.581081081081081,0.7962962962962963,0.671875,0.5973368932739367,6
"['V14', 'V16', 'V5', 'V21', 'V2']",0.5675675675675675,0.75,0.6461538461538462,0.5973192845371527,5
"['V14', 'V16', 'V5', 'V17', 'V2']",0.581081081081081,0.7543859649122807,0.6564885496183206,0.5972802357353518,5
"['V14', 'V8', 'V12']",0.581081081081081,0.7818181818181819,0.6666666666666666,0.5972687107936623,3
"['V4', 'V10', 'V12', 'V21', 'V17']",0.4594594594594595,0.7083333333333334,0.5573770491803278,0.5972407102735489,5
"['V14', 'V21', 'V20', 'V17', 'V19']",0.581081081081081,0.7678571428571429,0.6615384615384615,0.5971218371282867,5
"['V4', 'V10', 'V16', 'V12', 'V21']",0.527027027027027,0.7222222222222222,0.609375,0.5971080240651543,5
"['V14', 'V12', 'V21', 'V20', 'V2']",0.581081081081081,0.7818181818181819,0.6666666666666666,0.5970880069653616,5
"['V14', 'V8', 'V21', 'V19']",0.527027027027027,0.7358490566037735,0.6141732283464567,0.5969993785909729,4
"['V14', 'V16', 'V5', 'V17', 'V19']",0.581081081081081,0.7543859649122807,0.6564885496183206,0.5969983716344566,5
"['V14', 'V16', 'V5', 'V19']",0.5675675675675675,0.75,0.6461538461538462,0.5969863087153694,4
"['V14', 'V8', 'V5', 'V12', 'V20', 'V2', 'V19']",0.581081081081081,0.7818181818181819,0.6666666666666666,0.5969747845309782,7
"['V14', 'V16', 'V21', 'V2', 'V19']",0.5540540540540541,0.7454545454545455,0.6356589147286822,0.5969089908373164,5
"['V14', 'V21', 'V19']",0.5405405405405406,0.7407407407407407,0.625,0.596859349146531,3
"['V10', 'V8', 'V5', 'V12', 'V21', 'V2', 'V19']",0.581081081081081,0.7962962962962963,0.671875,0.5968222442296859,7
"['V4', 'V10', 'V16', 'V8', 'V5', 'V2']",0.5405405405405406,0.7692307692307693,0.6349206349206349,0.5968187119557457,6
"['V4', 'V10', 'V12', 'V17']",0.4864864864864865,0.72,0.5806451612903226,0.5967834272168312,4
"['V4', 'V10', 'V8', 'V12']",0.4864864864864865,0.72,0.5806451612903226,0.5967689606623818,4
"['V4', 'V10', 'V8', 'V20', 'V2', 'V19']",0.4594594594594595,0.7555555555555555,0.5714285714285714,0.5966422950269471,6
"['V14', 'V5', 'V12']",0.581081081081081,0.7818181818181819,0.6666666666666666,0.5965671349752619,3
"['V4', 'V10', 'V16', 'V5', 'V17', 'V2']",0.5405405405405406,0.7692307692307693,0.6349206349206349,0.5964818741169944,6
"['V14', 'V16', 'V19']",0.5675675675675675,0.75,0.6461538461538462,0.5964558750214743,3
"['V14', 'V21', 'V17', 'V2']",0.581081081081081,0.7678571428571429,0.6615384615384615,0.5964550864512423,4
"['V10', 'V16', 'V8', 'V5', 'V12', 'V20', 'V2', 'V19']",0.5675675675675675,0.7924528301886793,0.6614173228346457,0.5964215782579253,8
"['V10', 'V8', 'V5', 'V12', 'V20', 'V17', 'V2']",0.581081081081081,0.7962962962962963,0.671875,0.5963935892585696,7
"['V14', 'V5', 'V12', 'V20', 'V2', 'V19']",0.581081081081081,0.7818181818181819,0.6666666666666666,0.5963770031163205,6
"['V4', 'V10', 'V16', 'V8', 'V2']",0.4864864864864865,0.7659574468085106,0.5950413223140496,0.596303385173251,5
"['V14', 'V21', 'V17', 'V2', 'V19']",0.5945945945945946,0.7719298245614035,0.6717557251908397,0.5962627550562515,5
"['V10', 'V8', 'V12', 'V21', 'V17', 'V2', 'V19']",0.5,0.7708333333333334,0.6065573770491803,0.5961800299257854,7
"['V10', 'V8', 'V5', 'V12', 'V21', 'V20']",0.581081081081081,0.7818181818181819,0.6666666666666666,0.5961686669990578,6
"['V10', 'V8', 'V12', 'V21', 'V20', 'V2']",0.5135135135135135,0.7755102040816326,0.6178861788617886,0.5961650587603421,6
"['V4', 'V10', 'V5', 'V17', 'V2']",0.5135135135135135,0.76,0.6129032258064516,0.5961235615999055,5
"['V14', 'V16', 'V21']",0.5675675675675675,0.75,0.6461538461538462,0.5960225724111744,3
"['V10', 'V16', 'V8', 'V5', 'V12', 'V20', 'V17', 'V2']",0.5675675675675675,0.7924528301886793,0.6614173228346457,0.5960176950229944,8
"['V4', 'V14', 'V2', 'V19']",0.527027027027027,0.6964285714285714,0.6,0.595992233641491,4
"['V14', 'V12', 'V20', 'V2', 'V19']",0.581081081081081,0.7818181818181819,0.6666666666666666,0.5959487895714961,5
"['V4', 'V10', 'V16', 'V20']",0.5,0.7551020408163265,0.6016260162601627,0.5959257962865306,4
"['V4', 'V10', 'V12']",0.44594594594594594,0.7021276595744681,0.5454545454545454,0.5959037640377358,3
"['V10', 'V8', 'V5', 'V12', 'V21', 'V20', 'V2', 'V19']",0.581081081081081,0.7962962962962963,0.671875,0.5958949761301839,8
"['V14', 'V5', 'V17', 'V19']",0.5945945945945946,0.7719298245614035,0.6717557251908397,0.5958092985574392,4
"['V14', 'V12', 'V20', 'V19']",0.581081081081081,0.7818181818181819,0.6666666666666666,0.5958038278068636,4
"['V4', 'V10', 'V12', 'V21', 'V17', 'V19']",0.4594594594594595,0.6938775510204082,0.5528455284552846,0.595774714951452,6
"['V14', 'V5', 'V17']",0.5945945945945946,0.7719298245614035,0.6717557251908397,0.5957737002405962,3
"['V14', 'V16', 'V17', 'V2', 'V19']",0.581081081081081,0.7543859649122807,0.6564885496183206,0.5957300075929135,5
"['V14', 'V16', 'V17', 'V2']",0.581081081081081,0.7543859649122807,0.6564885496183206,0.5957294818034555,4
"['V4', 'V10', 'V12', 'V21', 'V19']",0.44594594594594594,0.6875,0.5409836065573771,0.5956387647999902,5
"['V4', 'V14', 'V8', 'V5', 'V2', 'V19']",0.527027027027027,0.6842105263157895,0.5954198473282443,0.5956044667619065,6
"['V14', 'V17', 'V19']",0.581081081081081,0.7678571428571429,0.6615384615384615,0.5955452508520738,3
"['V4', 'V10', 'V12', 'V17', 'V19']",0.4594594594594595,0.7083333333333334,0.5573770491803278,0.5955279616556791,5
"['V4', 'V10', 'V12', 'V19']",0.44594594594594594,0.6875,0.5409836065573771,0.5954240600403657,4
"['V14', 'V20', 'V17']",0.581081081081081,0.7678571428571429,0.6615384615384615,0.5954176400517485,3
"['V10', 'V16', 'V8', 'V5', 'V12', 'V21', 'V19']",0.581081081081081,0.7962962962962963,0.671875,0.5954149784590383,7
"['V4', 'V10', 'V8', 'V12', 'V19']",0.4864864864864865,0.72,0.5806451612903226,0.5953309474387719,5
"['V10', 'V16', 'V12', 'V21', 'V20', 'V17', 'V2', 'V19']",0.5405405405405406,0.7692307692307693,0.6349206349206349,0.5952958763111621,8
"['V4', 'V10', 'V12', 'V21']",0.4864864864864865,0.7058823529411765,0.576,0.5952065450071342,4
"['V10', 'V8', 'V12', 'V21', 'V20', 'V2', 'V19']",0.5135135135135135,0.7755102040816326,0.6178861788617886,0.5951982893089677,7
"['V10', 'V8', 'V12', 'V21', 'V20', 'V17', 'V2', 'V19']",0.5,0.7708333333333334,0.6065573770491803,0.5951905463796283,8
"['V10', 'V8', 'V12', 'V21', 'V2', 'V19']",0.5,0.7708333333333334,0.6065573770491803,0.5951394706004832,6
"['V10', 'V8', 'V5', 'V12', 'V21', 'V17']",0.581081081081081,0.7962962962962963,0.671875,0.5951174210771111,6
"['V14', 'V16', 'V21', 'V2']",0.5675675675675675,0.75,0.6461538461538462,0.5951103629418685,4
"['V10', 'V8', 'V12', 'V21', 'V2']",0.5,0.7708333333333334,0.6065573770491803,0.5951084812570265,5
"['V14', 'V8', 'V5', 'V12', 'V2', 'V19']",0.581081081081081,0.7818181818181819,0.6666666666666666,0.5950678201555589,6
"['V10', 'V8', 'V5', 'V12', 'V21', 'V17', 'V19']",0.581081081081081,0.7962962962962963,0.671875,0.5950058508911635,7
"['V14', 'V5', 'V17', 'V2']",0.5675675675675675,0.7636363636363637,0.6511627906976745,0.5948947342323211,4
"['V10', 'V8', 'V12', 'V21', 'V17', 'V2']",0.5,0.7708333333333334,0.6065573770491803,0.594893481399188,6
"['V10', 'V16', 'V8', 'V5', 'V12', 'V21', 'V17']",0.581081081081081,0.7962962962962963,0.671875,0.5948490999627565,7
"['V14', 'V8', 'V5', 'V12', 'V20', 'V19']",0.581081081081081,0.7818181818181819,0.6666666666666666,0.5948402991884296,6
"['V14', 'V20', 'V17', 'V19']",0.581081081081081,0.7678571428571429,0.6615384615384615,0.5947910407845739,4
"['V10', 'V16', 'V8', 'V5', 'V12', 'V20', 'V2']",0.581081081081081,0.7962962962962963,0.671875,0.5947552658889445,7
"['V10', 'V16', 'V8', 'V12', 'V21', 'V20', 'V17', 'V19']",0.5405405405405406,0.7843137254901961,0.64,0.5946641993631132,8
"['V14', 'V5', 'V21']",0.5135135135135135,0.6909090909090909,0.5891472868217055,0.5946463035562952,3
"['V10', 'V16', 'V8', 'V12', 'V21', 'V2', 'V19']",0.5405405405405406,0.7843137254901961,0.64,0.5946276236055624,7
"['V14', 'V17', 'V2']",0.5675675675675675,0.7636363636363637,0.6511627906976745,0.5945859307172049,3
"['V14', 'V8', 'V12', 'V20', 'V19']",0.581081081081081,0.7818181818181819,0.6666666666666666,0.59456611209906,5
"['V14', 'V12', 'V2', 'V19']",0.581081081081081,0.7818181818181819,0.6666666666666666,0.5945629080213021,4
"['V10', 'V16', 'V12', 'V21', 'V20', 'V17', 'V19']",0.5405405405405406,0.7692307692307693,0.6349206349206349,0.5945507683375294,7
"['V10', 'V16', 'V5', 'V12', 'V21', 'V20', 'V17', 'V19']",0.581081081081081,0.7962962962962963,0.671875,0.5945477453563239,8
"['V10', 'V16', 'V12', 'V21', 'V17', 'V2', 'V19']",0.527027027027027,0.78,0.6290322580645161,0.5944992126486076,7
"['V10', 'V8', 'V12', 'V21', 'V20', 'V17', 'V2']",0.5,0.7708333333333334,0.6065573770491803,0.5944242011768377,7
"['V14', 'V20', 'V17', 'V2']",0.5675675675675675,0.7636363636363637,0.6511627906976745,0.5944156575878011,4
"['V14', 'V16', 'V5']",0.5675675675675675,0.75,0.6461538461538462,0.5944079311565548,3
"['V10', 'V16', 'V8', 'V12', 'V21', 'V20', 'V19']",0.5675675675675675,0.7777777777777778,0.65625,0.5942837265803924,7
"['V10', 'V16', 'V8', 'V5', 'V12', 'V20', 'V17', 'V2', 'V19']",0.5675675675675675,0.7924528301886793,0.6614173228346457,0.5942762549778483,9
"['V4', 'V10', 'V5', 'V17', 'V2', 'V19']",0.5,0.7551020408163265,0.6016260162601627,0.5942204887043759,6
"['V10', 'V5', 'V12', 'V21', 'V20', 'V17', 'V19']",0.581081081081081,0.7818181818181819,0.6666666666666666,0.5942170502059076,7
"['V10', 'V16', 'V8', 'V12', 'V21', 'V20', 'V2', 'V19']",0.5405405405405406,0.7843137254901961,0.64,0.5941483603865348,8
"['V14', 'V5', 'V12', 'V20', 'V19']",0.581081081081081,0.7818181818181819,0.6666666666666666,0.5940478707947093,5
"['V14', 'V5', 'V20', 'V17']",0.581081081081081,0.7678571428571429,0.6615384615384615,0.5940355783882563,4
"['V14', 'V8', 'V12', 'V2']",0.5675675675675675,0.7777777777777778,0.65625,0.5940136558434985,4
"['V10', 'V16', 'V8', 'V12', 'V21', 'V20', 'V17', 'V2']",0.527027027027027,0.78,0.6290322580645161,0.5940010456173714,8
"['V14', 'V8', 'V5', 'V12', 'V20', 'V2']",0.581081081081081,0.7818181818181819,0.6666666666666666,0.5939427307381098,6
"['V14', 'V8', 'V12', 'V20', 'V2', 'V19']",0.581081081081081,0.7818181818181819,0.6666666666666666,0.5939250454618171,6
"['V10', 'V8', 'V5', 'V12', 'V20', 'V17', 'V2', 'V19']",0.581081081081081,0.7962962962962963,0.671875,0.593922206364368,8
"['V10', 'V16', 'V8', 'V12', 'V21', 'V20', 'V17', 'V2', 'V19']",0.527027027027027,0.78,0.6290322580645161,0.5938873871717981,9
"['V14', 'V20', 'V17', 'V2', 'V19']",0.581081081081081,0.7678571428571429,0.6615384615384615,0.5938741179981747,5
"['V14', 'V5', 'V12', 'V2']",0.581081081081081,0.7818181818181819,0.6666666666666666,0.5938537814484643,4
"['V14', 'V5', 'V17', 'V2', 'V19']",0.581081081081081,0.7678571428571429,0.6615384615384615,0.5938388277243604,5
"['V14', 'V5', 'V20', 'V17', 'V19']",0.5945945945945946,0.7719298245614035,0.6717557251908397,0.5938071019231088,5
"['V4', 'V14', 'V5', 'V19']",0.527027027027027,0.6610169491525424,0.5864661654135338,0.5937872729196846,4
"['V10', 'V16', 'V8', 'V12', 'V21', 'V17', 'V2', 'V19']",0.527027027027027,0.78,0.6290322580645161,0.5937131772773346,8
"['V14', 'V8', 'V5', 'V12', 'V20']",0.581081081081081,0.7678571428571429,0.6615384615384615,0.59365964535034,5
"['V4', 'V14', 'V5', 'V20', 'V19']",0.5405405405405406,0.7272727272727273,0.6201550387596899,0.5936285402191703,5
"['V4', 'V14', 'V8', 'V20', 'V19']",0.5405405405405406,0.7017543859649122,0.6106870229007634,0.5936037012966549,5
"['V4', 'V14', 'V8', 'V5', 'V19']",0.527027027027027,0.6610169491525424,0.5864661654135338,0.5934642640546843,5
"['V10', 'V16', 'V5', 'V12', 'V21', 'V20', 'V17', 'V2', 'V19']",0.581081081081081,0.7962962962962963,0.671875,0.5934386753124669,9
"['V10', 'V16', 'V12', 'V21', 'V17', 'V2']",0.527027027027027,0.78,0.6290322580645161,0.5933687130754357,6
"['V10', 'V16', 'V8', 'V5', 'V12', 'V21', 'V17', 'V19']",0.581081081081081,0.7962962962962963,0.671875,0.5933337664652035,8
"['V4', 'V10', 'V17', 'V2']",0.4594594594594595,0.723404255319149,0.5619834710743802,0.593326960181868,4
"['V10', 'V16', 'V12', 'V21', 'V20', 'V17', 'V2']",0.5405405405405406,0.7692307692307693,0.6349206349206349,0.5932693907565081,7
"['V10', 'V16', 'V5', 'V12', 'V21', 'V20', 'V19']",0.581081081081081,0.7962962962962963,0.671875,0.5931864284111918,7
"['V10', 'V16', 'V8', 'V12', 'V21', 'V17', 'V19']",0.5405405405405406,0.7843137254901961,0.64,0.5931808183179054,7
"['V14', 'V8', 'V12', 'V20', 'V2']",0.581081081081081,0.7818181818181819,0.6666666666666666,0.5931616897821073,5
"['V10', 'V16', 'V12', 'V20', 'V17', 'V2', 'V19']",0.5135135135135135,0.7755102040816326,0.6178861788617886,0.5931550549371988,7
"['V10', 'V16', 'V12', 'V21', 'V20', 'V17']",0.5405405405405406,0.7692307692307693,0.6349206349206349,0.5931528886708021,6
"['V10', 'V16', 'V5', 'V12', 'V21', 'V20', 'V17', 'V2']",0.581081081081081,0.7962962962962963,0.671875,0.5931011434544676,8
"['V4', 'V14', 'V8', 'V5', 'V20', 'V2']",0.5,0.6727272727272727,0.5736434108527132,0.593072701843294,6
"['V4', 'V10', 'V20', 'V17', 'V2', 'V19']",0.4594594594594595,0.7555555555555555,0.5714285714285714,0.5930577258322328,6
"['V4', 'V10', 'V8', 'V5', 'V20', 'V2', 'V19']",0.47297297297297297,0.7446808510638298,0.5785123966942148,0.5929273645206334,7
"['V14', 'V16', 'V5', 'V2', 'V19']",0.5540540540540541,0.7454545454545455,0.6356589147286822,0.5929001140922547,5
"['V10', 'V5', 'V12', 'V21', 'V20', 'V17']",0.581081081081081,0.7818181818181819,0.6666666666666666,0.5928763913584962,6
"['V14', 'V17', 'V2', 'V19']",0.581081081081081,0.7678571428571429,0.6615384615384615,0.592851078157634,4
"['V4', 'V10', 'V20', 'V17', 'V2']",0.4594594594594595,0.7555555555555555,0.5714285714285714,0.5928468204603854,5
"['V10', 'V16', 'V12', 'V17', 'V2', 'V19']",0.5135135135135135,0.7755102040816326,0.6178861788617886,0.5928405884578393,6
"['V4', 'V14', 'V8', 'V2']",0.5,0.6727272727272727,0.5736434108527132,0.592820601756005,4
"['V14', 'V8', 'V5', 'V12', 'V2']",0.5675675675675675,0.7777777777777778,0.65625,0.5928138091101797,5
"['V10', 'V16', 'V5', 'V12', 'V21', 'V20', 'V2', 'V19']",0.581081081081081,0.7962962962962963,0.671875,0.592813506516105,8
"['V10', 'V16', 'V8', 'V12', 'V21', 'V2']",0.5405405405405406,0.7843137254901961,0.64,0.5927958662804222,6
"['V10', 'V16', 'V5', 'V12', 'V21', 'V17', 'V2', 'V19']",0.581081081081081,0.7962962962962963,0.671875,0.5927816679350787,8
"['V10', 'V16', 'V5', 'V12', 'V21', 'V2', 'V19']",0.581081081081081,0.7962962962962963,0.671875,0.5927439423119465,7
"['V10', 'V5', 'V12', 'V21', 'V20', 'V19']",0.581081081081081,0.7818181818181819,0.6666666666666666,0.5926993020267316,6
"['V14', 'V5', 'V12', 'V20']",0.581081081081081,0.7818181818181819,0.6666666666666666,0.592687363732624,4
"['V10', 'V16', 'V8', 'V5', 'V12', 'V21']",0.581081081081081,0.7962962962962963,0.671875,0.5926528142566224,6
"['V4', 'V14', 'V8', 'V5', 'V2']",0.5,0.6727272727272727,0.5736434108527132,0.5926298578682879,5
"['V10', 'V5', 'V12', 'V21', 'V20', 'V17', 'V2']",0.581081081081081,0.7962962962962963,0.671875,0.5926192852037105,7
"['V10', 'V16', 'V5', 'V12', 'V21', 'V17', 'V2']",0.581081081081081,0.7962962962962963,0.671875,0.5926125721166763,7
"['V10', 'V16', 'V5', 'V12', 'V21', 'V20']",0.581081081081081,0.7818181818181819,0.6666666666666666,0.5925907929350798,6
"['V10', 'V16', 'V8', 'V12', 'V21', 'V20']",0.581081081081081,0.7818181818181819,0.6666666666666666,0.5925324533999183,6
"['V10', 'V16', 'V5', 'V12', 'V21', 'V20', 'V17']",0.581081081081081,0.7818181818181819,0.6666666666666666,0.5924591545108158,7
"['V10', 'V5', 'V12', 'V21', 'V20']",0.581081081081081,0.7818181818181819,0.6666666666666666,0.5923771832562312,5
"['V10', 'V16', 'V8', 'V12', 'V21', 'V20', 'V2']",0.5540540540540541,0.7735849056603774,0.6456692913385826,0.5923579326804341,7
"['V14', 'V12', 'V20']",0.581081081081081,0.7818181818181819,0.6666666666666666,0.5923479784237983,3
"['V10', 'V16', 'V8', 'V12', 'V21', 'V17']",0.5405405405405406,0.7843137254901961,0.64,0.5923215035915346,6
"['V14', 'V8', 'V12', 'V20']",0.581081081081081,0.7818181818181819,0.6666666666666666,0.5922972554780178,4
"['V10', 'V5', 'V12', 'V21', 'V17', 'V2', 'V19']",0.581081081081081,0.7962962962962963,0.671875,0.5922664863168542,7
"['V10', 'V8', 'V5', 'V12', 'V21', 'V19']",0.581081081081081,0.7962962962962963,0.671875,0.5922628455299302,6
"['V14', 'V16', 'V5', 'V2']",0.5540540540540541,0.7454545454545455,0.6356589147286822,0.5922374667368905,4
"['V4', 'V14', 'V20', 'V19']",0.5405405405405406,0.7017543859649122,0.6106870229007634,0.5922314881156472,4
"['V4', 'V14', 'V5', 'V2', 'V19']",0.5135135135135135,0.6909090909090909,0.5891472868217055,0.5921764751064477,5
"['V14', 'V12', 'V2']",0.581081081081081,0.7818181818181819,0.6666666666666666,0.5921594720083712,3
"['V14', 'V8', 'V5', 'V21', 'V20', 'V19']",0.527027027027027,0.7358490566037735,0.6141732283464567,0.5921124511619443,6
"['V10', 'V16', 'V12', 'V21', 'V17']",0.5405405405405406,0.7843137254901961,0.64,0.5920816618192353,5
"['V14', 'V8', 'V5', 'V21']",0.527027027027027,0.6964285714285714,0.6,0.5920241208571643,4
"['V10', 'V8', 'V12', 'V21', 'V20', 'V17', 'V19']",0.5135135135135135,0.7755102040816326,0.6178861788617886,0.5918143288398002,7
"['V10', 'V16', 'V5', 'V12', 'V21', 'V2']",0.581081081081081,0.7962962962962963,0.671875,0.5918055814492775,6
"['V10', 'V5', 'V12', 'V21', 'V20', 'V17', 'V2', 'V19']",0.581081081081081,0.7962962962962963,0.671875,0.5918052028030143,8
"['V10', 'V16', 'V12', 'V20', 'V17', 'V19']",0.527027027027027,0.78,0.6290322580645161,0.5917974291357381,6
"['V10', 'V16', 'V8', 'V5', 'V12', 'V20', 'V17', 'V19']",0.581081081081081,0.7962962962962963,0.671875,0.5917911463302656,8
"['V14', 'V5', 'V12', 'V20', 'V2']",0.581081081081081,0.7818181818181819,0.6666666666666666,0.5917830908199272,5
"['V10', 'V5', 'V12', 'V21', 'V17', 'V2']",0.581081081081081,0.7962962962962963,0.671875,0.5917715529240102,6
"['V10', 'V8', 'V5', 'V12', 'V21']",0.5675675675675675,0.7924528301886793,0.6614173228346457,0.5916582207420376,5
"['V10', 'V16', 'V8', 'V12', 'V21', 'V20', 'V17']",0.5405405405405406,0.7692307692307693,0.6349206349206349,0.5916357997086177,7
"['V10', 'V16', 'V12', 'V20', 'V17', 'V2']",0.5,0.7708333333333334,0.6065573770491803,0.5915220471170843,6
"['V10', 'V12', 'V21', 'V20', 'V2', 'V19']",0.5,0.7708333333333334,0.6065573770491803,0.5915110936969121,6
"['V14', 'V12', 'V20', 'V2']",0.581081081081081,0.7818181818181819,0.6666666666666666,0.5913974477818654,4
"['V10', 'V16', 'V12', 'V21', 'V2', 'V19']",0.5135135135135135,0.7755102040816326,0.6178861788617886,0.5913538199201719,6
"['V10', 'V16', 'V5', 'V12', 'V21', 'V20', 'V2']",0.581081081081081,0.7962962962962963,0.671875,0.5913467901595836,7
"['V4', 'V14', 'V5', 'V20', 'V2', 'V19']",0.5405405405405406,0.7017543859649122,0.6106870229007634,0.5913384618997071,6
"['V10', 'V16', 'V12', 'V17', 'V2']",0.5,0.7708333333333334,0.6065573770491803,0.5912962385362486,5
"['V10', 'V16', 'V8', 'V12', 'V21', 'V19']",0.5675675675675675,0.7924528301886793,0.6614173228346457,0.5912566000568793,6
"['V4', 'V10', 'V8', 'V5', 'V20', 'V2']",0.47297297297297297,0.7446808510638298,0.5785123966942148,0.5911974082691874,6
"['V10', 'V12', 'V21', 'V17', 'V2']",0.4864864864864865,0.7659574468085106,0.5950413223140496,0.5911959910444358,5
"['V10', 'V8', 'V12', 'V21', 'V20']",0.5135135135135135,0.7755102040816326,0.6178861788617886,0.59109657257228,5
"['V10', 'V8', 'V12', 'V21', 'V20', 'V19']",0.5135135135135135,0.7755102040816326,0.6178861788617886,0.5910917375876683,6
"['V10', 'V16', 'V12', 'V21', 'V20', 'V2', 'V19']",0.527027027027027,0.7647058823529411,0.624,0.5910205376042519,7
"['V4', 'V10', 'V21', 'V20', 'V17']",0.47297297297297297,0.7142857142857143,0.5691056910569106,0.5908888108098471,5
"['V4', 'V10', 'V21', 'V20', 'V17', 'V19']",0.47297297297297297,0.7142857142857143,0.5691056910569106,0.5908881196893966,6
"['V10', 'V16', 'V8', 'V12', 'V21']",0.581081081081081,0.7818181818181819,0.6666666666666666,0.5908851439559567,5
"['V10', 'V12', 'V21', 'V2', 'V19']",0.5,0.7708333333333334,0.6065573770491803,0.5906282678135046,5
"['V4', 'V14', 'V20', 'V2', 'V19']",0.527027027027027,0.6964285714285714,0.6,0.5905787291694174,5
"['V10', 'V16', 'V12', 'V21', 'V20', 'V2']",0.5405405405405406,0.7692307692307693,0.6349206349206349,0.5905732130634747,6
"['V10', 'V16', 'V8', 'V5', 'V12', 'V20']",0.581081081081081,0.7818181818181819,0.6666666666666666,0.5905463591569744,6
"['V10', 'V12', 'V21', 'V17', 'V2', 'V19']",0.5,0.7708333333333334,0.6065573770491803,0.5905399700396537,6
"['V10', 'V12', 'V2', 'V19']",0.4864864864864865,0.7659574468085106,0.5950413223140496,0.5904597033730824,4
"['V10', 'V16', 'V8', 'V12', 'V21', 'V17', 'V2']",0.527027027027027,0.78,0.6290322580645161,0.590388119250413,7
"['V10', 'V16', 'V12', 'V20', 'V2', 'V19']",0.527027027027027,0.78,0.6290322580645161,0.5903598226991106,6
"['V10', 'V12', 'V21', 'V20', 'V2']",0.5135135135135135,0.76,0.6129032258064516,0.5903067800044464,5
"['V10', 'V16', 'V8', 'V5', 'V12', 'V20', 'V17']",0.581081081081081,0.7818181818181819,0.6666666666666666,0.5903032988608135,7
"['V4', 'V10', 'V5', 'V20', 'V2', 'V19']",0.47297297297297297,0.7446808510638298,0.5785123966942148,0.59028696360319,6
"['V10', 'V16', 'V12', 'V2', 'V19']",0.5135135135135135,0.7755102040816326,0.6178861788617886,0.590282597765385,5
"['V10', 'V5', 'V12', 'V21', 'V2']",0.581081081081081,0.7962962962962963,0.671875,0.5902131587148329,5
"['V10', 'V12', 'V20', 'V17', 'V2', 'V19']",0.4864864864864865,0.7659574468085106,0.5950413223140496,0.5901494922500383,6
"['V4', 'V14', 'V8', 'V5', 'V20']",0.5135135135135135,0.6785714285714286,0.5846153846153846,0.5900950325294402,5
"['V4', 'V14', 'V8', 'V20', 'V2']",0.5,0.6727272727272727,0.5736434108527132,0.5900843778838788,5
"['V10', 'V12', 'V17', 'V2', 'V19']",0.4864864864864865,0.7659574468085106,0.5950413223140496,0.5899866099241411,5
"['V10', 'V12', 'V20', 'V2', 'V19']",0.4864864864864865,0.7659574468085106,0.5950413223140496,0.589904136460723,5
"['V10', 'V5', 'V12', 'V21', 'V2', 'V19']",0.581081081081081,0.7962962962962963,0.671875,0.5898112312877083,6
"['V10', 'V16', 'V8', 'V5', 'V12', 'V20', 'V19']",0.581081081081081,0.7962962962962963,0.671875,0.5897627866876652,7
"['V4', 'V10', 'V8', 'V21', 'V20', 'V17', 'V19']",0.47297297297297297,0.7,0.5645161290322581,0.5897367068978354,7
"['V10', 'V16', 'V12', 'V20', 'V17']",0.5135135135135135,0.7755102040816326,0.6178861788617886,0.5897156086652919,5
"['V14', 'V8', 'V5', 'V21', 'V2', 'V19']",0.5135135135135135,0.7307692307692307,0.6031746031746031,0.5896941614180108,6
"['V10', 'V16', 'V5', 'V12', 'V21', 'V17', 'V19']",0.581081081081081,0.7818181818181819,0.6666666666666666,0.5895984875889067,7
"['V14', 'V16', 'V2', 'V19']",0.5540540540540541,0.7454545454545455,0.6356589147286822,0.5895265487568186,4
"['V10', 'V12', 'V2']",0.4864864864864865,0.7659574468085106,0.5950413223140496,0.5894843780541138,3
"['V10', 'V12', 'V21', 'V2']",0.5135135135135135,0.7755102040816326,0.6178861788617886,0.5893955093542083,4
"['V4', 'V10', 'V8', 'V21', 'V20', 'V17']",0.47297297297297297,0.7,0.5645161290322581,0.5893592076853434,6
"['V10', 'V12', 'V21', 'V20', 'V17', 'V2', 'V19']",0.5135135135135135,0.7755102040816326,0.6178861788617886,0.5893394383654562,7
"['V10', 'V16', 'V5', 'V12', 'V20', 'V2', 'V19']",0.5675675675675675,0.7924528301886793,0.6614173228346457,0.5892132158839716,7
"['V10', 'V16', 'V5', 'V12', 'V21', 'V17']",0.581081081081081,0.7818181818181819,0.6666666666666666,0.5891226359799755,6
"['V10', 'V8', 'V12', 'V21']",0.5,0.7551020408163265,0.6016260162601627,0.588878436813519,4
"['V10', 'V12', 'V21', 'V20', 'V17', 'V2']",0.5135135135135135,0.76,0.6129032258064516,0.5888595106208814,6
"['V10', 'V12', 'V17', 'V2']",0.4864864864864865,0.7659574468085106,0.5950413223140496,0.5888471870041522,4
"['V10', 'V16', 'V5', 'V12', 'V17', 'V2', 'V19']",0.5540540540540541,0.7884615384615384,0.6507936507936508,0.5888346779035226,7
"['V10', 'V16', 'V12', 'V21', 'V17', 'V19']",0.5405405405405406,0.7843137254901961,0.64,0.5888090257378134,6
"['V10', 'V12', 'V21', 'V20', 'V17', 'V19']",0.5135135135135135,0.76,0.6129032258064516,0.5887540517110118,6
"['V10', 'V12', 'V20', 'V2']",0.4864864864864865,0.7659574468085106,0.5950413223140496,0.5886955538916866,4
"['V10', 'V16', 'V5', 'V12', 'V20', 'V17', 'V2']",0.5675675675675675,0.7924528301886793,0.6614173228346457,0.5886619345051111,7
"['V10', 'V8', 'V5', 'V12', 'V20', 'V2', 'V19']",0.5405405405405406,0.7843137254901961,0.64,0.5886118920131724,7
"['V10', 'V5', 'V12', 'V17', 'V2', 'V19']",0.5675675675675675,0.7924528301886793,0.6614173228346457,0.5886034225480117,6
"['V10', 'V16', 'V5', 'V12', 'V20', 'V17', 'V2', 'V19']",0.5540540540540541,0.7884615384615384,0.6507936507936508,0.5885753574376068,8
"['V10', 'V16', 'V12', 'V21', 'V20']",0.5675675675675675,0.7777777777777778,0.65625,0.5885580762561923,5
"['V10', 'V12', 'V20', 'V19']",0.4864864864864865,0.7659574468085106,0.5950413223140496,0.5883269889016569,4
"['V4', 'V10', 'V17', 'V2', 'V19']",0.44594594594594594,0.717391304347826,0.55,0.588279411302545,5
"['V10', 'V16', 'V12', 'V21', 'V20', 'V19']",0.5540540540540541,0.7735849056603774,0.6456692913385826,0.588252632839777,6
"['V14', 'V5', 'V21', 'V2']",0.5135135135135135,0.6909090909090909,0.5891472868217055,0.5881774576657917,4
"['V10', 'V8', 'V5', 'V12', 'V20', 'V2']",0.5405405405405406,0.7843137254901961,0.64,0.5881551562649818,6
"['V10', 'V16', 'V5', 'V12', 'V2', 'V19']",0.5675675675675675,0.7924528301886793,0.6614173228346457,0.588139900928898,6
"['V4', 'V14', 'V5', 'V20']",0.5,0.6727272727272727,0.5736434108527132,0.5881395553612706,4
"['V10', 'V5', 'V12', 'V20', 'V17', 'V2', 'V19']",0.5675675675675675,0.7924528301886793,0.6614173228346457,0.5881048253532356,7
"['V10', 'V5', 'V12', 'V17', 'V2']",0.5675675675675675,0.7924528301886793,0.6614173228346457,0.5880888476363872,5
"['V4', 'V16', 'V8', 'V5', 'V12', 'V17', 'V19']",0.5,0.74,0.5967741935483871,0.5880544639109522,7
"['V10', 'V8', 'V12', 'V21', 'V17', 'V19']",0.5,0.7551020408163265,0.6016260162601627,0.5880464835901954,6
"['V10', 'V12', 'V21', 'V20', 'V17']",0.5135135135135135,0.76,0.6129032258064516,0.5880343069681082,5
"['V14', 'V8', 'V5', 'V21', 'V20']",0.5135135135135135,0.7307692307692307,0.6031746031746031,0.5880190082616154,5
"['V10', 'V8', 'V12', 'V21', 'V19']",0.5,0.7551020408163265,0.6016260162601627,0.5880006305166762,5
"['V14', 'V16', 'V2']",0.5540540540540541,0.7454545454545455,0.6356589147286822,0.5879643875432636,3
"['V10', 'V5', 'V12', 'V20', 'V17', 'V2']",0.5675675675675675,0.7924528301886793,0.6614173228346457,0.5879238097188995,6
"['V4', 'V14', 'V8', 'V19']",0.527027027027027,0.6724137931034483,0.5909090909090909,0.5878930207147272,4
"['V4', 'V14', 'V19']",0.527027027027027,0.6724137931034483,0.5909090909090909,0.5878494964688665,3
"['V10', 'V16', 'V5', 'V12', 'V20', 'V19']",0.5675675675675675,0.7924528301886793,0.6614173228346457,0.5878126575927887,6
"['V10', 'V12', 'V20', 'V17', 'V2']",0.5,0.7708333333333334,0.6065573770491803,0.5877751333694299,5
"['V10', 'V16', 'V12', 'V21', 'V19']",0.5540540540540541,0.7884615384615384,0.6507936507936508,0.5877348347435409,5
"['V14', 'V8', 'V21', 'V20', 'V19']",0.5135135135135135,0.7169811320754716,0.5984251968503937,0.5877298705381927,5
"['V10', 'V12', 'V20', 'V17', 'V19']",0.5,0.7708333333333334,0.6065573770491803,0.587700361762875,5
"['V10', 'V16', 'V5', 'V21', 'V2', 'V19']",0.5,0.7708333333333334,0.6065573770491803,0.5876846758385575,6
"['V10', 'V16', 'V12', 'V20', 'V19']",0.5540540540540541,0.7884615384615384,0.6507936507936508,0.5876009314291234,5
"['V10', 'V16', 'V12', 'V2']",0.527027027027027,0.78,0.6290322580645161,0.5875255130523556,4
"['V10', 'V16', 'V12', 'V21', 'V2']",0.5405405405405406,0.7692307692307693,0.6349206349206349,0.5875205237497293,5
"['V10', 'V16', 'V5', 'V12', 'V2']",0.5675675675675675,0.7924528301886793,0.6614173228346457,0.5874664078523268,5
"['V4', 'V10', 'V21', 'V20', 'V19']",0.43243243243243246,0.6956521739130435,0.5333333333333333,0.5873792412826656,5
"['V10', 'V5', 'V12', 'V20', 'V17']",0.5675675675675675,0.7924528301886793,0.6614173228346457,0.5873714350886338,5
"['V10', 'V16', 'V12', 'V17']",0.5135135135135135,0.7755102040816326,0.6178861788617886,0.5873576326913114,4
"['V4', 'V14', 'V8', 'V5']",0.5135135135135135,0.6551724137931034,0.5757575757575758,0.5873112074068968,4
"['V10', 'V16', 'V5', 'V21', 'V2']",0.5135135135135135,0.7755102040816326,0.6178861788617886,0.5873000999828509,5
"['V10', 'V16', 'V12', 'V21']",0.5540540540540541,0.7735849056603774,0.6456692913385826,0.5872469836567438,4
"['V10', 'V8', 'V12', 'V21', 'V17']",0.5,0.7708333333333334,0.6065573770491803,0.5872322779549122,5
"['V10', 'V12', 'V21', 'V20']",0.5,0.7708333333333334,0.6065573770491803,0.5872251066651742,4
"['V4', 'V16', 'V8', 'V5', 'V12', 'V21', 'V20', 'V17', 'V2', 'V19']",0.5135135135135135,0.7450980392156863,0.608,0.5872203607878279,10
"['V4', 'V14', 'V5', 'V2']",0.5,0.6851851851851852,0.578125,0.5871750374416617,4
"['V10', 'V12', 'V20']",0.47297297297297297,0.7608695652173914,0.5833333333333334,0.5871744428684332,3
"['V10', 'V16', 'V12', 'V20', 'V2']",0.527027027027027,0.78,0.6290322580645161,0.5871742578317952,5
"['V4', 'V14', 'V5']",0.5135135135135135,0.6551724137931034,0.5757575757575758,0.5871487228005279,3
"['V10', 'V16', 'V5', 'V12', 'V20', 'V2']",0.5675675675675675,0.7924528301886793,0.6614173228346457,0.5870907893091555,6
"['V10', 'V16', 'V8', 'V5', 'V12', 'V2', 'V19']",0.5675675675675675,0.7924528301886793,0.6614173228346457,0.5870764286451841,7
"['V14', 'V8', 'V5', 'V21', 'V20', 'V2', 'V19']",0.5135135135135135,0.7307692307692307,0.6031746031746031,0.5870592681059392,7
"['V10', 'V16', 'V8', 'V5', 'V21', 'V20', 'V2', 'V19']",0.5135135135135135,0.7755102040816326,0.6178861788617886,0.5870229062852457,8
"['V10', 'V5', 'V12', 'V20', 'V17', 'V19']",0.5675675675675675,0.7924528301886793,0.6614173228346457,0.5869992147606797,6
"['V10', 'V12', 'V21', 'V20', 'V19']",0.5,0.7708333333333334,0.6065573770491803,0.5869810688105608,5
"['V10', 'V8', 'V5', 'V12', 'V20', 'V17', 'V19']",0.581081081081081,0.7962962962962963,0.671875,0.5869051966496367,7
"['V10', 'V16', 'V8', 'V5', 'V12', 'V2']",0.5675675675675675,0.7924528301886793,0.6614173228346457,0.586896480263542,6
"['V10', 'V16', 'V5', 'V12', 'V21', 'V19']",0.581081081081081,0.7818181818181819,0.6666666666666666,0.5868733819508443,6
"['V10', 'V16', 'V5', 'V12', 'V21']",0.581081081081081,0.7818181818181819,0.6666666666666666,0.5868477028219468,5
"['V10', 'V8', 'V12', 'V21', 'V20', 'V17']",0.5135135135135135,0.7755102040816326,0.6178861788617886,0.5868296787577431,6
"['V10', 'V12', 'V17', 'V19']",0.5,0.7708333333333334,0.6065573770491803,0.5867761244124505,4
"['V10', 'V12', 'V20', 'V17']",0.5,0.7708333333333334,0.6065573770491803,0.58671143722646,4
"['V10', 'V8', 'V5', 'V12', 'V20', 'V17']",0.581081081081081,0.7962962962962963,0.671875,0.5866939424633193,6
"['V4', 'V10', 'V16', 'V8', 'V5', 'V21']",0.5135135135135135,0.7037037037037037,0.59375,0.5866435264591742,6
"['V4', 'V14', 'V5', 'V20', 'V2']",0.5,0.6727272727272727,0.5736434108527132,0.5865865453121187,5
"['V4', 'V10', 'V8', 'V21', 'V20']",0.44594594594594594,0.7021276595744681,0.5454545454545454,0.586475704112368,5
"['V4', 'V10', 'V16', 'V8', 'V5', 'V21', 'V17', 'V19']",0.5135135135135135,0.7037037037037037,0.59375,0.5864451035406943,8
"['V10', 'V16', 'V12', 'V17', 'V19']",0.527027027027027,0.78,0.6290322580645161,0.5864108329916463,5
"['V14', 'V21', 'V20', 'V19']",0.5405405405405406,0.7272727272727273,0.6201550387596899,0.5863437206736192,4
"['V10', 'V8', 'V5', 'V12', 'V17', 'V2']",0.5675675675675675,0.7924528301886793,0.6614173228346457,0.5863163531135592,6
"['V10', 'V16', 'V5', 'V12', 'V20']",0.5675675675675675,0.7924528301886793,0.6614173228346457,0.5862967587008282,5
"['V10', 'V16', 'V8', 'V5', 'V21', 'V20', 'V2']",0.5135135135135135,0.7755102040816326,0.6178861788617886,0.5862913659728941,7
"['V4', 'V16', 'V8', 'V12', 'V21', 'V17', 'V19']",0.5135135135135135,0.7450980392156863,0.608,0.586192105117028,7
"['V4', 'V10', 'V8', 'V21', 'V20', 'V19']",0.44594594594594594,0.7021276595744681,0.5454545454545454,0.5860469605730226,6
"['V10', 'V16', 'V8', 'V5', 'V21', 'V2', 'V19']",0.5405405405405406,0.7843137254901961,0.64,0.5860299925810406,7
"['V4', 'V16', 'V8', 'V5', 'V12', 'V21', 'V17', 'V2', 'V19']",0.5135135135135135,0.7450980392156863,0.608,0.5859851402826836,9
"['V4', 'V16', 'V8', 'V12', 'V21', 'V20', 'V17', 'V2', 'V19']",0.5135135135135135,0.7450980392156863,0.608,0.5859722401950522,9
"['V10', 'V5', 'V12', 'V21', 'V20', 'V2', 'V19']",0.581081081081081,0.7962962962962963,0.671875,0.585965850721547,7
"['V4', 'V16', 'V8', 'V5', 'V12', 'V21', 'V20', 'V17', 'V2']",0.5,0.74,0.5967741935483871,0.585937808936319,9
"['V10', 'V16', 'V5', 'V12', 'V17', 'V2']",0.5675675675675675,0.7924528301886793,0.6614173228346457,0.585905531059946,6
"['V10', 'V16', 'V12', 'V19']",0.5540540540540541,0.7884615384615384,0.6507936507936508,0.5858941652498114,4
"['V4', 'V10', 'V5', 'V20', 'V2']",0.4594594594594595,0.7391304347826086,0.5666666666666667,0.5858519460621215,5
"['V10', 'V16', 'V8', 'V12', 'V20']",0.5675675675675675,0.7924528301886793,0.6614173228346457,0.5858200184980029,5
"['V4', 'V10', 'V16', 'V8', 'V5', 'V21', 'V17']",0.5135135135135135,0.7037037037037037,0.59375,0.5858037335999411,7
"['V10', 'V16', 'V8', 'V5', 'V21', 'V2']",0.5405405405405406,0.7843137254901961,0.64,0.5857897858627593,6
"['V10', 'V16', 'V8', 'V12', 'V20', 'V2', 'V19']",0.527027027027027,0.78,0.6290322580645161,0.5857850659569992,7
"['V10', 'V12', 'V17']",0.5,0.7708333333333334,0.6065573770491803,0.5857238685558804,3
"['V4', 'V14', 'V2']",0.5,0.6851851851851852,0.578125,0.5857195985217758,3
"['V4', 'V10', 'V21', 'V20']",0.43243243243243246,0.6956521739130435,0.5333333333333333,0.585705856566557,4
"['V4', 'V10', 'V8', 'V5', 'V20', 'V17', 'V19']",0.5135135135135135,0.7307692307692307,0.6031746031746031,0.5857031469185642,7
"['V10', 'V5', 'V12', 'V21', 'V20', 'V2']",0.581081081081081,0.7962962962962963,0.671875,0.5856329631825269,6
"['V10', 'V16', 'V8', 'V5', 'V12', 'V17', 'V2', 'V19']",0.5675675675675675,0.7924528301886793,0.6614173228346457,0.5855897234270957,8
"['V10', 'V16', 'V5', 'V12', 'V20', 'V17']",0.5675675675675675,0.7924528301886793,0.6614173228346457,0.5855579082682004,6
"['V10', 'V12', 'V21', 'V19']",0.5,0.7708333333333334,0.6065573770491803,0.5855445326937404,4
"['V4', 'V10', 'V5', 'V20', 'V17', 'V19']",0.5135135135135135,0.7307692307692307,0.6031746031746031,0.585517542956486,6
"['V4', 'V10', 'V16', 'V8', 'V5', 'V21', 'V19']",0.5135135135135135,0.7037037037037037,0.59375,0.5855070427847543,7
"['V10', 'V8', 'V5', 'V21', 'V20', 'V2', 'V19']",0.47297297297297297,0.7608695652173914,0.5833333333333334,0.5854869195655373,7
"['V4', 'V16', 'V8', 'V12', 'V21', 'V17', 'V2']",0.5,0.7254901960784313,0.592,0.5854575493631253,7
"['V10', 'V16', 'V8', 'V12']",0.5405405405405406,0.7843137254901961,0.64,0.5854568668980759,4
"['V10', 'V12', 'V21']",0.5,0.7708333333333334,0.6065573770491803,0.5854289380835123,3
"['V10', 'V16', 'V8', 'V12', 'V20', 'V19']",0.5675675675675675,0.7924528301886793,0.6614173228346457,0.585417346458751,6
"['V10', 'V16', 'V8', 'V5', 'V21', 'V20', 'V17', 'V2']",0.581081081081081,0.7962962962962963,0.671875,0.5853521160297159,8
"['V10', 'V16', 'V8', 'V5', 'V12', 'V17', 'V2']",0.5675675675675675,0.7924528301886793,0.6614173228346457,0.5853422702233763,7
"['V10', 'V16', 'V8', 'V12', 'V2']",0.527027027027027,0.78,0.6290322580645161,0.5853337303380651,5
"['V10', 'V16', 'V12']",0.5675675675675675,0.7924528301886793,0.6614173228346457,0.5853269640138076,3
"['V10', 'V16', 'V12', 'V20']",0.5675675675675675,0.7777777777777778,0.65625,0.5852811968179298,4
"['V10', 'V16', 'V5', 'V21', 'V17', 'V2', 'V19']",0.5675675675675675,0.7924528301886793,0.6614173228346457,0.5851809133410022,7
"['V4', 'V16', 'V8', 'V12', 'V17', 'V19']",0.5135135135135135,0.7450980392156863,0.608,0.585158026367164,6
"['V10', 'V16', 'V8', 'V12', 'V2', 'V19']",0.527027027027027,0.78,0.6290322580645161,0.5851453770168116,6
"['V10', 'V16', 'V8', 'V12', 'V20', 'V2']",0.527027027027027,0.78,0.6290322580645161,0.5851376166452642,6
"['V10', 'V16', 'V5', 'V21', 'V20', 'V2', 'V19']",0.5,0.7708333333333334,0.6065573770491803,0.5851088820889321,7
"['V4', 'V16', 'V8', 'V12', 'V21', 'V20', 'V17', 'V19']",0.5135135135135135,0.7450980392156863,0.608,0.5850986321890692,8
"['V4', 'V16', 'V8', 'V5', 'V12', 'V21', 'V17', 'V19']",0.5,0.74,0.5967741935483871,0.5850773223938436,8
"['V10', 'V16', 'V8', 'V12', 'V19']",0.527027027027027,0.78,0.6290322580645161,0.5850659842503264,5
"['V10', 'V5', 'V12', 'V21', 'V17', 'V19']",0.581081081081081,0.7818181818181819,0.6666666666666666,0.5850115877552566,6
"['V4', 'V10', 'V16', 'V8', 'V21', 'V19']",0.5,0.7115384615384616,0.5873015873015873,0.585007000551069,6
"['V10', 'V5', 'V12', 'V21', 'V17']",0.581081081081081,0.7818181818181819,0.6666666666666666,0.5850001477558247,5
"['V10', 'V16', 'V5', 'V12', 'V20', 'V17', 'V19']",0.5675675675675675,0.7924528301886793,0.6614173228346457,0.5849939141319584,7
"['V4', 'V16', 'V8', 'V5', 'V12', 'V21', 'V17', 'V2']",0.5135135135135135,0.7450980392156863,0.608,0.5849732496780539,8
"['V10', 'V8', 'V5', 'V12', 'V17', 'V2', 'V19']",0.5675675675675675,0.7924528301886793,0.6614173228346457,0.5848917358919032,7
"['V4', 'V14', 'V20']",0.5,0.6727272727272727,0.5736434108527132,0.5848863093113671,3
"['V10', 'V5', 'V21', 'V2', 'V19']",0.4864864864864865,0.7659574468085106,0.5950413223140496,0.5848826862547304,5
"['V4', 'V10', 'V8', 'V5', 'V20', 'V17']",0.5135135135135135,0.7307692307692307,0.6031746031746031,0.5848093036600811,6
"['V10', 'V16', 'V5', 'V21', 'V20', 'V2']",0.5135135135135135,0.7755102040816326,0.6178861788617886,0.5847997341383643,6
"['V4', 'V16', 'V8', 'V12', 'V21', 'V20', 'V17', 'V2']",0.5,0.74,0.5967741935483871,0.5847894006269084,8
"['V4', 'V14', 'V8', 'V20']",0.5,0.6727272727272727,0.5736434108527132,0.5847253144010564,4
"['V14', 'V5', 'V21', 'V2', 'V19']",0.5135135135135135,0.76,0.6129032258064516,0.5846852976250445,5
"['V10', 'V12', 'V19']",0.4594594594594595,0.7555555555555555,0.5714285714285714,0.5846345808852318,3
"['V14', 'V5', 'V21', 'V20', 'V2', 'V19']",0.5135135135135135,0.76,0.6129032258064516,0.5846024221094694,6
"['V4', 'V16', 'V8', 'V12', 'V21', 'V17', 'V2', 'V19']",0.5135135135135135,0.7450980392156863,0.608,0.5845900395067033,8
"['V4', 'V16', 'V8', 'V12', 'V21', 'V17']",0.5,0.74,0.5967741935483871,0.5845836385391077,6
"['V10', 'V5', 'V12', 'V2', 'V19']",0.5405405405405406,0.7843137254901961,0.64,0.5845547570194776,5
"['V14', 'V8', 'V5', 'V19']",0.5135135135135135,0.7307692307692307,0.6031746031746031,0.5844910695598337,4
"['V10', 'V16', 'V8', 'V12', 'V20', 'V17', 'V2']",0.527027027027027,0.78,0.6290322580645161,0.5844327426654851,7
"['V10', 'V16', 'V8', 'V5', 'V21', 'V17', 'V2']",0.581081081081081,0.7962962962962963,0.671875,0.5844016427629244,7
"['V14', 'V8', 'V21', 'V20', 'V2', 'V19']",0.5135135135135135,0.7307692307692307,0.6031746031746031,0.5843914511247512,6
"['V10', 'V5', 'V12', 'V17', 'V19']",0.527027027027027,0.78,0.6290322580645161,0.5843901070509306,5
"['V10', 'V16', 'V8', 'V5', 'V21', 'V20', 'V17', 'V2', 'V19']",0.581081081081081,0.7962962962962963,0.671875,0.5843696230461836,9
"['V4', 'V16', 'V8', 'V12', 'V21', 'V20', 'V2', 'V19']",0.5,0.7254901960784313,0.592,0.5843633990200899,8
"['V4', 'V10', 'V5', 'V20', 'V17']",0.5135135135135135,0.7307692307692307,0.6031746031746031,0.5843402050117756,5
"['V10', 'V5', 'V21', 'V20', 'V17', 'V2', 'V19']",0.5540540540540541,0.7884615384615384,0.6507936507936508,0.5843337474349628,7
"['V4', 'V16', 'V8', 'V12', 'V21', 'V2', 'V19']",0.5,0.74,0.5967741935483871,0.5842629879204202,7
"['V14', 'V8', 'V5', 'V21', 'V20', 'V2']",0.5135135135135135,0.7169811320754716,0.5984251968503937,0.5842626408085998,6
"['V10', 'V8', 'V5', 'V21', 'V2', 'V19']",0.47297297297297297,0.7608695652173914,0.5833333333333334,0.5842402822000334,6
"['V4', 'V16', 'V8', 'V5', 'V12', 'V20', 'V17', 'V2', 'V19']",0.5135135135135135,0.7450980392156863,0.608,0.5842328105062295,9
"['V10', 'V16', 'V8', 'V5', 'V21', 'V17', 'V2', 'V19']",0.581081081081081,0.7962962962962963,0.671875,0.5841900211969584,8
"['V4', 'V16', 'V8', 'V5', 'V12', 'V17', 'V2', 'V19']",0.5135135135135135,0.7450980392156863,0.608,0.5841419828950015,8
"['V10', 'V5', 'V12', 'V20', 'V19']",0.581081081081081,0.7962962962962963,0.671875,0.5841400287980686,5
"['V10', 'V8', 'V5', 'V21', 'V20', 'V2']",0.47297297297297297,0.7608695652173914,0.5833333333333334,0.5840979632778092,6
"['V10', 'V5', 'V21', 'V17', 'V2', 'V19']",0.527027027027027,0.78,0.6290322580645161,0.5840294676750781,6
"['V10', 'V8', 'V5', 'V12', 'V2']",0.5405405405405406,0.7843137254901961,0.64,0.5839952023654892,5
"['V10', 'V5', 'V21', 'V20', 'V17', 'V2']",0.5405405405405406,0.7843137254901961,0.64,0.5839474403612083,6
"['V10', 'V8', 'V5', 'V12', 'V20']",0.5675675675675675,0.7924528301886793,0.6614173228346457,0.5839351887958317,5
"['V10', 'V5', 'V21', 'V17', 'V2']",0.5135135135135135,0.7755102040816326,0.6178861788617886,0.583928082509504,5
"['V10', 'V8', 'V12', 'V20', 'V2']",0.4864864864864865,0.7659574468085106,0.5950413223140496,0.5839134749578907,5
"['V10', 'V12', 'V21', 'V17']",0.5,0.7551020408163265,0.6016260162601627,0.5838534483395194,4
"['V10', 'V16', 'V8', 'V12', 'V20', 'V17', 'V19']",0.527027027027027,0.78,0.6290322580645161,0.5838341061372673,7
"['V10', 'V8', 'V12', 'V2']",0.4864864864864865,0.7659574468085106,0.5950413223140496,0.5838216814343307,4
"['V4', 'V16', 'V8', 'V12', 'V21', 'V20', 'V17']",0.5,0.74,0.5967741935483871,0.5838155831013913,7
"['V10', 'V16', 'V5', 'V12', 'V17', 'V19']",0.5675675675675675,0.7924528301886793,0.6614173228346457,0.58379848730464,6
"['V10', 'V16', 'V8', 'V12', 'V20', 'V17', 'V2', 'V19']",0.527027027027027,0.78,0.6290322580645161,0.5837836490103945,8
"['V4', 'V10', 'V8', 'V5', 'V2', 'V19']",0.44594594594594594,0.75,0.559322033898305,0.5836084138994913,6
"['V14', 'V8', 'V5', 'V21', 'V2']",0.5135135135135135,0.6785714285714286,0.5846153846153846,0.5836040926328299,5
"['V4', 'V10', 'V16', 'V8', 'V21', 'V17']",0.4864864864864865,0.7058823529411765,0.576,0.5835356933652234,6
"['V4', 'V10', 'V16', 'V8', 'V21', 'V17', 'V19']",0.4864864864864865,0.7058823529411765,0.576,0.5834956333603519,7
"['V10', 'V16', 'V8', 'V5', 'V12', 'V19']",0.5675675675675675,0.7924528301886793,0.6614173228346457,0.5834903844630224,6
"['V4', 'V16', 'V8', 'V12', 'V20', 'V17', 'V19']",0.5135135135135135,0.7450980392156863,0.608,0.5834775169699862,7
"['V10', 'V16', 'V5', 'V12']",0.5675675675675675,0.7924528301886793,0.6614173228346457,0.5834535458342652,4
"['V10', 'V16', 'V5', 'V21', 'V17', 'V2']",0.5540540540540541,0.7884615384615384,0.6507936507936508,0.5834507292215828,6
"['V10', 'V16', 'V8', 'V12', 'V17', 'V2', 'V19']",0.5135135135135135,0.7755102040816326,0.6178861788617886,0.5834098551844444,7
"['V10', 'V12', 'V21', 'V17', 'V19']",0.5,0.7551020408163265,0.6016260162601627,0.5834057865210067,5
"['V10', 'V5', 'V21', 'V20', 'V2', 'V19']",0.47297297297297297,0.7608695652173914,0.5833333333333334,0.5832863661966472,6
"['V10', 'V5', 'V12', 'V20', 'V2', 'V19']",0.5675675675675675,0.7924528301886793,0.6614173228346457,0.5832535558159959,6
"['V10', 'V5', 'V12', 'V2']",0.527027027027027,0.78,0.6290322580645161,0.5832485855286543,4
"['V4', 'V16', 'V8', 'V5', 'V12', 'V17']",0.527027027027027,0.75,0.6190476190476191,0.5832104744944503,6
"['V10', 'V8', 'V5', 'V21', 'V2']",0.4594594594594595,0.7555555555555555,0.5714285714285714,0.5832078615817278,5
"['V10', 'V8', 'V5', 'V12', 'V20', 'V19']",0.5675675675675675,0.7924528301886793,0.6614173228346457,0.583149189069911,6
"['V4', 'V16', 'V8', 'V12', 'V21', 'V20', 'V19']",0.5135135135135135,0.7450980392156863,0.608,0.5831263573853569,7
"['V10', 'V16', 'V8', 'V12', 'V20', 'V17']",0.5135135135135135,0.7755102040816326,0.6178861788617886,0.5830583855004429,6
"['V10', 'V8', 'V5', 'V21', 'V17', 'V2']",0.5675675675675675,0.7924528301886793,0.6614173228346457,0.58302069467437,6
"['V10', 'V5', 'V12', 'V20', 'V2']",0.5675675675675675,0.7924528301886793,0.6614173228346457,0.5829901959808669,5
"['V10', 'V16', 'V5', 'V12', 'V19']",0.5675675675675675,0.7924528301886793,0.6614173228346457,0.5829890420347639,5
"['V10', 'V8', 'V5', 'V12', 'V2', 'V19']",0.5405405405405406,0.7843137254901961,0.64,0.5829723292433784,6
"['V10', 'V8', 'V5', 'V12', 'V19']",0.5540540540540541,0.7884615384615384,0.6507936507936508,0.5829686144743069,5
"['V10', 'V8', 'V5', 'V12']",0.5540540540540541,0.7884615384615384,0.6507936507936508,0.5829225832012401,4
"['V10', 'V16', 'V8', 'V5', 'V12', 'V17', 'V19']",0.5675675675675675,0.7924528301886793,0.6614173228346457,0.5829224656497304,7
"['V4', 'V16', 'V8', 'V12', 'V20', 'V17', 'V2', 'V19']",0.5135135135135135,0.7450980392156863,0.608,0.5828612708205969,8
"['V14', 'V8', 'V5', 'V2', 'V19']",0.5135135135135135,0.7307692307692307,0.6031746031746031,0.5828570905657815,5
"['V14', 'V5', 'V21', 'V20', 'V2']",0.5135135135135135,0.7169811320754716,0.5984251968503937,0.582853669102534,5
"['V10', 'V16', 'V5', 'V12', 'V17']",0.5675675675675675,0.7924528301886793,0.6614173228346457,0.5828419449257258,5
"['V4', 'V16', 'V8', 'V5', 'V12', 'V20', 'V17', 'V19']",0.5135135135135135,0.7450980392156863,0.608,0.5827912320089415,8
"['V10', 'V16', 'V8', 'V12', 'V17', 'V19']",0.5135135135135135,0.7755102040816326,0.6178861788617886,0.5827851388114191,6
"['V4', 'V16', 'V8', 'V5', 'V12', 'V21', 'V17']",0.5,0.74,0.5967741935483871,0.5827501987837312,7
"['V10', 'V16', 'V5', 'V21', 'V20', 'V17', 'V2']",0.5675675675675675,0.7924528301886793,0.6614173228346457,0.5827343164894736,7
"['V10', 'V16', 'V8', 'V12', 'V17', 'V2']",0.5135135135135135,0.7755102040816326,0.6178861788617886,0.5827033849418254,6
"['V4', 'V16', 'V8', 'V5', 'V12', 'V20', 'V17', 'V2']",0.5135135135135135,0.7450980392156863,0.608,0.5826797405147045,8
"['V4', 'V16', 'V8', 'V5', 'V12', 'V21', 'V20', 'V17']",0.5135135135135135,0.7450980392156863,0.608,0.5826570016655719,8
"['V4', 'V14', 'V20', 'V2']",0.5,0.6727272727272727,0.5736434108527132,0.5826495083606997,4
"['V4', 'V16', 'V8', 'V5', 'V12', 'V21', 'V2', 'V19']",0.4864864864864865,0.7346938775510204,0.5853658536585366,0.5826403815310894,8
"['V4', 'V10', 'V16', 'V8', 'V21']",0.5,0.7115384615384616,0.5873015873015873,0.5825770499491166,5
"['V4', 'V16', 'V8', 'V5', 'V12', 'V21', 'V20', 'V17', 'V19']",0.5135135135135135,0.7450980392156863,0.608,0.58255661562942,9
"['V4', 'V16', 'V8', 'V5', 'V12', 'V17', 'V2']",0.5135135135135135,0.7450980392156863,0.608,0.5825532005715024,7
"['V10', 'V5', 'V12', 'V17']",0.5405405405405406,0.7843137254901961,0.64,0.5825244684174538,4
"['V10', 'V16', 'V5', 'V21', 'V20', 'V17', 'V2', 'V19']",0.5675675675675675,0.7924528301886793,0.6614173228346457,0.5825239365021891,8
"['V4', 'V16', 'V8', 'V12', 'V20', 'V2', 'V19']",0.5135135135135135,0.7450980392156863,0.608,0.5825086481885743,7
"['V10', 'V16', 'V8', 'V5', 'V12', 'V17']",0.5675675675675675,0.7924528301886793,0.6614173228346457,0.58247023822125,6
"['V4', 'V16', 'V8', 'V5', 'V12', 'V21', 'V20', 'V2', 'V19']",0.4864864864864865,0.7346938775510204,0.5853658536585366,0.5822788650936861,9
"['V4', 'V16', 'V8', 'V12', 'V21', 'V2']",0.5135135135135135,0.7450980392156863,0.608,0.5822355685702065,6
"['V4', 'V10', 'V20', 'V2', 'V19']",0.43243243243243246,0.7111111111111111,0.5378151260504201,0.5821992363781434,5
"['V10', 'V8', 'V5', 'V12', 'V17', 'V19']",0.5675675675675675,0.7924528301886793,0.6614173228346457,0.5821905792364911,6
"['V4', 'V16', 'V8', 'V12', 'V17']",0.5,0.74,0.5967741935483871,0.5821483285870768,5
"['V14', 'V8', 'V21', 'V2', 'V19']",0.5135135135135135,0.7169811320754716,0.5984251968503937,0.582146158561901,5
"['V14', 'V5', 'V21', 'V20', 'V19']",0.5135135135135135,0.7307692307692307,0.6031746031746031,0.5821410833526351,5
"['V10', 'V16', 'V8', 'V5', 'V12']",0.5675675675675675,0.7924528301886793,0.6614173228346457,0.5821219769438982,5
"['V10', 'V8', 'V12', 'V20', 'V19']",0.4864864864864865,0.7659574468085106,0.5950413223140496,0.5821185081309684,5
"['V10', 'V8', 'V12', 'V20', 'V2', 'V19']",0.4864864864864865,0.7659574468085106,0.5950413223140496,0.582052914570515,6
"['V4', 'V16', 'V8', 'V12', 'V20', 'V19']",0.5135135135135135,0.7450980392156863,0.608,0.582008931669897,6
"['V14', 'V8', 'V5', 'V20', 'V2', 'V19']",0.5135135135135135,0.7307692307692307,0.6031746031746031,0.581970495282435,6
"['V10', 'V8', 'V5', 'V21', 'V17', 'V2', 'V19']",0.5540540540540541,0.7884615384615384,0.6507936507936508,0.581926454208561,7
"['V14', 'V8', 'V5', 'V20', 'V19']",0.5135135135135135,0.7169811320754716,0.5984251968503937,0.5819173761101644,5
"['V10', 'V5', 'V12', 'V21', 'V19']",0.581081081081081,0.7818181818181819,0.6666666666666666,0.5819132277176343,5
"['V4', 'V16', 'V8', 'V5', 'V12', 'V20', 'V17']",0.527027027027027,0.75,0.6190476190476191,0.5818874952747563,7
"['V10', 'V8', 'V5', 'V12', 'V17']",0.5675675675675675,0.7924528301886793,0.6614173228346457,0.5818727721251279,5
"['V4', 'V16', 'V8', 'V12', 'V19']",0.5135135135135135,0.7450980392156863,0.608,0.5817657232967495,5
"['V10', 'V5', 'V12', 'V20']",0.581081081081081,0.7962962962962963,0.671875,0.5817275557882335,4
"['V10', 'V8', 'V12', 'V2', 'V19']",0.4864864864864865,0.7659574468085106,0.5950413223140496,0.5817129677652632,5
"['V10', 'V5', 'V21', 'V2']",0.4864864864864865,0.7659574468085106,0.5950413223140496,0.5816801570055918,4
"['V10', 'V8', 'V12', 'V20', 'V17', 'V19']",0.5135135135135135,0.7755102040816326,0.6178861788617886,0.581659815521178,6
"['V4', 'V16', 'V8', 'V12', 'V21', 'V20']",0.5135135135135135,0.7450980392156863,0.608,0.5816544697145967,6
"['V14', 'V5', 'V21', 'V20']",0.5135135135135135,0.7307692307692307,0.6031746031746031,0.5816376331320308,4
"['V4', 'V16', 'V8', 'V12', 'V21', 'V19']",0.5135135135135135,0.7450980392156863,0.608,0.5816156482938946,6
"['V10', 'V8', 'V12', 'V17', 'V2']",0.4864864864864865,0.7659574468085106,0.5950413223140496,0.5815832043647343,5
"['V10', 'V8', 'V12', 'V17', 'V2', 'V19']",0.4864864864864865,0.7659574468085106,0.5950413223140496,0.5814477736362054,6
"['V10', 'V16', 'V8', 'V12', 'V17']",0.5135135135135135,0.7755102040816326,0.6178861788617886,0.5814415195341093,5
"['V10', 'V5', 'V21', 'V20', 'V2']",0.47297297297297297,0.7608695652173914,0.5833333333333334,0.5813645342222977,5
"['V4', 'V14', 'V8']",0.5135135135135135,0.6666666666666666,0.5801526717557252,0.5813105186169156,3
"['V10', 'V8', 'V12', 'V20', 'V17']",0.5135135135135135,0.7755102040816326,0.6178861788617886,0.5812877999373087,5
"['V4', 'V16', 'V8', 'V12', 'V20', 'V17']",0.5,0.74,0.5967741935483871,0.5811919707457835,6
"['V10', 'V16', 'V8', 'V5', 'V21', 'V20', 'V19']",0.527027027027027,0.78,0.6290322580645161,0.5811867371128602,7
"['V4', 'V10', 'V20', 'V2']",0.43243243243243246,0.7111111111111111,0.5378151260504201,0.5811285151789194,4
"['V10', 'V5', 'V12', 'V21']",0.581081081081081,0.7818181818181819,0.6666666666666666,0.5811118181197257,4
"['V10', 'V8', 'V12', 'V20', 'V17', 'V2']",0.4864864864864865,0.7659574468085106,0.5950413223140496,0.5809169236345925,6
"['V4', 'V16', 'V8', 'V12', 'V17', 'V2', 'V19']",0.5135135135135135,0.7450980392156863,0.608,0.5807275425855096,7
"['V4', 'V16', 'V8', 'V12', 'V2', 'V19']",0.5,0.74,0.5967741935483871,0.5807266803927921,6
"['V10', 'V8', 'V12', 'V19']",0.4864864864864865,0.7659574468085106,0.5950413223140496,0.5807158902387871,4
"['V10', 'V16', 'V8', 'V5', 'V21', 'V20']",0.527027027027027,0.78,0.6290322580645161,0.5806628047045314,6
"['V10', 'V8', 'V12', 'V20']",0.5,0.7708333333333334,0.6065573770491803,0.5806554032047934,4
"['V4', 'V16', 'V8', 'V5', 'V12', 'V21', 'V20', 'V2']",0.4864864864864865,0.7346938775510204,0.5853658536585366,0.5806190589321826,8
"['V10', 'V5', 'V12', 'V19']",0.527027027027027,0.78,0.6290322580645161,0.5805730730519358,4
"['V4', 'V16', 'V8', 'V12', 'V17', 'V2']",0.5,0.74,0.5967741935483871,0.5805272851388579,6
"['V10', 'V8', 'V5', 'V21', 'V20', 'V17', 'V2']",0.581081081081081,0.7962962962962963,0.671875,0.5802639823185118,7
"['V10', 'V5', 'V12']",0.527027027027027,0.78,0.6290322580645161,0.5802564458241022,3
"['V10', 'V16', 'V5', 'V21', 'V20']",0.5405405405405406,0.7843137254901961,0.64,0.5801820129961128,5
"['V4', 'V16', 'V8', 'V5', 'V12', 'V21', 'V20', 'V19']",0.5135135135135135,0.7450980392156863,0.608,0.5801762459986851,8
"['V10', 'V8', 'V12', 'V20', 'V17', 'V2', 'V19']",0.4864864864864865,0.7659574468085106,0.5950413223140496,0.5801711056838323,7
"['V4', 'V16', 'V8', 'V12', 'V21']",0.5135135135135135,0.7450980392156863,0.608,0.5801031473783202,5
"['V14', 'V8', 'V5']",0.5135135135135135,0.6666666666666666,0.5801526717557252,0.5800410279449512,3
"['V14', 'V21', 'V20', 'V2', 'V19']",0.5135135135135135,0.7307692307692307,0.6031746031746031,0.5798890103441254,5
"['V10', 'V16', 'V5', 'V21', 'V20', 'V19']",0.527027027027027,0.78,0.6290322580645161,0.5798090164979407,6
"['V10', 'V8', 'V5', 'V21', 'V20', 'V17', 'V2', 'V19']",0.581081081081081,0.7962962962962963,0.671875,0.5798073264977905,8
"['V10', 'V16', 'V8', 'V5', 'V21', 'V20', 'V17']",0.5675675675675675,0.7924528301886793,0.6614173228346457,0.5797905528875046,7
"['V4', 'V16', 'V12', 'V21', 'V2', 'V19']",0.5,0.74,0.5967741935483871,0.5797704392255237,6
"['V4', 'V16', 'V8', 'V12', 'V20', 'V17', 'V2']",0.5,0.74,0.5967741935483871,0.579747725003082,7
"['V10', 'V8', 'V12']",0.4864864864864865,0.7659574468085106,0.5950413223140496,0.5797006794038838,3
"['V4', 'V16', 'V8', 'V12', 'V2']",0.5135135135135135,0.7450980392156863,0.608,0.5796840213304578,5
"['V10', 'V8', 'V12', 'V17']",0.4864864864864865,0.7659574468085106,0.5950413223140496,0.579624477900444,4
"['V10', 'V16', 'V5', 'V21', 'V20', 'V17', 'V19']",0.5675675675675675,0.7924528301886793,0.6614173228346457,0.5796131697630399,7
"['V4', 'V16', 'V8', 'V5', 'V12', 'V21', 'V19']",0.5135135135135135,0.7450980392156863,0.608,0.5795094448470949,7
"['V10', 'V5', 'V21', 'V20']",0.4864864864864865,0.7659574468085106,0.5950413223140496,0.5794260659004694,4
"['V4', 'V16', 'V8', 'V12', 'V21', 'V20', 'V2']",0.5135135135135135,0.7450980392156863,0.608,0.5793701610154535,7
"['V4', 'V16', 'V8', 'V12']",0.5135135135135135,0.7450980392156863,0.608,0.5793454329519705,4
"['V4', 'V16', 'V8', 'V12', 'V20']",0.5135135135135135,0.7450980392156863,0.608,0.579275666850024,5
"['V4', 'V16', 'V8', 'V5', 'V12', 'V21', 'V2']",0.5,0.74,0.5967741935483871,0.5790362860574588,7
"['V10', 'V8', 'V5', 'V21', 'V20']",0.4864864864864865,0.7659574468085106,0.5950413223140496,0.5790138600257474,5
"['V10', 'V8', 'V5', 'V21', 'V20', 'V19']",0.5,0.7708333333333334,0.6065573770491803,0.5789856653801716,6
"['V10', 'V8', 'V12', 'V17', 'V19']",0.4864864864864865,0.7659574468085106,0.5950413223140496,0.5788564384182733,5
"['V4', 'V16', 'V12', 'V21', 'V20', 'V19']",0.5,0.74,0.5967741935483871,0.5788320468453769,6
"['V10', 'V16', 'V5', 'V21', 'V20', 'V17']",0.5540540540540541,0.7735849056603774,0.6456692913385826,0.5787712183065608,6
"['V14', 'V5', 'V19']",0.5135135135135135,0.7450980392156863,0.608,0.5787690622231539,3
"['V4', 'V16', 'V8', 'V5', 'V12', 'V21', 'V20']",0.5135135135135135,0.7450980392156863,0.608,0.5787354887983251,7
"['V4', 'V16', 'V12', 'V21', 'V19']",0.5,0.74,0.5967741935483871,0.5787158390487468,5
"['V14', 'V8', 'V19']",0.5135135135135135,0.7169811320754716,0.5984251968503937,0.5785272843903895,3
"['V10', 'V16', 'V8', 'V5', 'V21', 'V20', 'V17', 'V19']",0.581081081081081,0.7962962962962963,0.671875,0.5785195560536457,8
"['V4', 'V10', 'V8', 'V5', 'V2']",0.43243243243243246,0.7441860465116279,0.5470085470085471,0.5784900904426301,5
"['V10', 'V16', 'V8', 'V5', 'V20', 'V2']",0.5405405405405406,0.7843137254901961,0.64,0.5784417630052219,6
"['V10', 'V5', 'V21', 'V20', 'V17', 'V19']",0.5540540540540541,0.7884615384615384,0.6507936507936508,0.5783555901123852,6
"['V10', 'V5', 'V21', 'V20', 'V17']",0.5540540540540541,0.7884615384615384,0.6507936507936508,0.578291519637658,5
"['V4', 'V16', 'V8', 'V21', 'V20', 'V17']",0.4594594594594595,0.7391304347826086,0.5666666666666667,0.5781419835644142,6
"['V4', 'V16', 'V5', 'V12', 'V21', 'V17', 'V19']",0.5135135135135135,0.7450980392156863,0.608,0.5781388673185173,7
"['V4', 'V16', 'V12', 'V17', 'V19']",0.4864864864864865,0.7346938775510204,0.5853658536585366,0.5780070070134998,5
"['V4', 'V10', 'V16', 'V5', 'V19']",0.5135135135135135,0.7307692307692307,0.6031746031746031,0.5779860364827849,5
"['V4', 'V10', 'V16', 'V5', 'V21', 'V19']",0.5,0.7115384615384616,0.5873015873015873,0.5778698702132102,6
"['V4', 'V10', 'V16', 'V21', 'V19']",0.4864864864864865,0.7058823529411765,0.576,0.5778210128589967,5
"['V4', 'V10', 'V16', 'V5']",0.5135135135135135,0.7307692307692307,0.6031746031746031,0.5778110919982028,4
"['V4', 'V10', 'V16', 'V5', 'V21']",0.5,0.7115384615384616,0.5873015873015873,0.5777834472876394,5
"['V4', 'V10', 'V16', 'V21']",0.4864864864864865,0.7058823529411765,0.576,0.5777576373829695,4
"['V10', 'V16', 'V8', 'V5', 'V20', 'V2', 'V19']",0.5405405405405406,0.7843137254901961,0.64,0.5777113810736295,7
"['V4', 'V16', 'V12', 'V21', 'V20']",0.5135135135135135,0.7450980392156863,0.608,0.5776783666730044,5
"['V4', 'V16', 'V12', 'V21', 'V20', 'V17']",0.5,0.74,0.5967741935483871,0.5776300530666764,6
"['V4', 'V16', 'V12', 'V21', 'V17', 'V2']",0.4864864864864865,0.7346938775510204,0.5853658536585366,0.5775758873306075,6
"['V4', 'V16', 'V8', 'V5', 'V12', 'V19']",0.5135135135135135,0.7450980392156863,0.608,0.5775220584092466,6
"['V4', 'V10', 'V16', 'V21', 'V17', 'V19']",0.4864864864864865,0.7058823529411765,0.576,0.5774578838686499,6
"['V4', 'V16', 'V12', 'V21', 'V17', 'V2', 'V19']",0.5,0.74,0.5967741935483871,0.577350227033518,7
"['V4', 'V10', 'V8', 'V5', 'V21', 'V17']",0.4864864864864865,0.6666666666666666,0.5625,0.5773406113852574,6
"['V4', 'V16', 'V12', 'V21']",0.5,0.74,0.5967741935483871,0.5773395093265146,4
"['V4', 'V16', 'V12', 'V21', 'V20', 'V17', 'V2', 'V19']",0.5,0.74,0.5967741935483871,0.5773163581150342,8
"['V4', 'V10', 'V16', 'V21', 'V17']",0.4864864864864865,0.7058823529411765,0.576,0.5772784619986995,5
"['V4', 'V10', 'V16', 'V5', 'V21', 'V17']",0.5,0.6981132075471698,0.5826771653543307,0.577260932631667,6
"['V4', 'V16', 'V8', 'V5', 'V12', 'V20', 'V19']",0.5135135135135135,0.7450980392156863,0.608,0.5772019022749842,7
"['V4', 'V16', 'V5', 'V12', 'V21', 'V17']",0.5135135135135135,0.7450980392156863,0.608,0.5771920045976894,6
"['V4', 'V16', 'V12', 'V21', 'V20', 'V2', 'V19']",0.5,0.74,0.5967741935483871,0.5771908556139562,7
"['V4', 'V16', 'V8', 'V12', 'V20', 'V2']",0.5,0.74,0.5967741935483871,0.5771775574023679,6
"['V4', 'V16', 'V8', 'V5', 'V12', 'V20', 'V2', 'V19']",0.4864864864864865,0.7346938775510204,0.5853658536585366,0.5771689653453467,8
"['V4', 'V16', 'V12', 'V21', 'V2']",0.5,0.74,0.5967741935483871,0.577135462488779,5
"['V4', 'V16', 'V8', 'V5', 'V12', 'V2', 'V19']",0.5,0.74,0.5967741935483871,0.5770552018133611,7
"['V4', 'V10', 'V16', 'V8', 'V19']",0.5,0.7115384615384616,0.5873015873015873,0.5770512849803219,5
"['V4', 'V10', 'V16', 'V5', 'V21', 'V17', 'V19']",0.5,0.7115384615384616,0.5873015873015873,0.5769420913534961,7
"['V4', 'V16', 'V12', 'V21', 'V17', 'V19']",0.5,0.74,0.5967741935483871,0.5768129088587665,6
"['V10', 'V8', 'V5', 'V21', 'V20', 'V17', 'V19']",0.5540540540540541,0.7884615384615384,0.6507936507936508,0.5767708645277079,7
"['V10', 'V5', 'V21', 'V20', 'V19']",0.5,0.7708333333333334,0.6065573770491803,0.5767545249169215,5
"['V4', 'V16', 'V5', 'V12', 'V21', 'V20', 'V17', 'V19']",0.5135135135135135,0.7450980392156863,0.608,0.5767519533489592,8
"['V4', 'V16', 'V8', 'V5', 'V21', 'V20', 'V17']",0.44594594594594594,0.7333333333333333,0.5546218487394958,0.5767316541906079,7
"['V10', 'V16', 'V8', 'V5', 'V20', 'V17', 'V2']",0.5540540540540541,0.7884615384615384,0.6507936507936508,0.5766931058524656,7
"['V4', 'V16', 'V12', 'V21', 'V20', 'V17', 'V19']",0.5,0.74,0.5967741935483871,0.57662139586843,7
"['V4', 'V10', 'V8', 'V5', 'V20', 'V19']",0.4594594594594595,0.7083333333333334,0.5573770491803278,0.5766159786727977,6
"['V4', 'V10', 'V16', 'V8', 'V5']",0.5135135135135135,0.7169811320754716,0.5984251968503937,0.5766052266302181,5
"['V4', 'V16', 'V12', 'V21', 'V20', 'V17', 'V2']",0.4864864864864865,0.7346938775510204,0.5853658536585366,0.5764505001064233,7
"['V4', 'V10', 'V16', 'V5', 'V17']",0.5,0.7254901960784313,0.592,0.5764503268130896,5
"['V4', 'V10', 'V16', 'V8']",0.5,0.7115384615384616,0.5873015873015873,0.5764395651969104,4
"['V4', 'V10', 'V5', 'V2', 'V19']",0.44594594594594594,0.7333333333333333,0.5546218487394958,0.5764087939458891,5
"['V4', 'V16', 'V5', 'V12', 'V21', 'V17', 'V2', 'V19']",0.4864864864864865,0.7346938775510204,0.5853658536585366,0.5764083412180089,8
"['V4', 'V10', 'V8', 'V5', 'V21', 'V17', 'V19']",0.5,0.6727272727272727,0.5736434108527132,0.5762529193121821,7
"['V14', 'V8', 'V20', 'V2', 'V19']",0.5135135135135135,0.7169811320754716,0.5984251968503937,0.5760912922658367,5
"['V4', 'V16', 'V12', 'V21', 'V17']",0.5,0.74,0.5967741935483871,0.5759999763236033,5
"['V4', 'V16', 'V5', 'V12', 'V21', 'V20', 'V17']",0.5135135135135135,0.7450980392156863,0.608,0.575947792168296,7
"['V4', 'V10', 'V16', 'V8', 'V5', 'V19']",0.5135135135135135,0.7169811320754716,0.5984251968503937,0.5759294228827009,6
"['V4', 'V16', 'V5', 'V12', 'V21', 'V19']",0.5135135135135135,0.7450980392156863,0.608,0.5759055383786794,6
"['V4', 'V10', 'V8', 'V5', 'V20']",0.4594594594594595,0.7083333333333334,0.5573770491803278,0.5758807941987605,5
"['V4', 'V10', 'V16', 'V8', 'V5', 'V17', 'V19']",0.5135135135135135,0.7307692307692307,0.6031746031746031,0.5758492521385481,7
"['V10', 'V8', 'V5', 'V21', 'V20', 'V17']",0.5540540540540541,0.7884615384615384,0.6507936507936508,0.5758072131814778,6
"['V4', 'V16', 'V8', 'V5', 'V12']",0.5135135135135135,0.7450980392156863,0.608,0.5757389023251539,5
"['V4', 'V16', 'V8', 'V5', 'V12', 'V20']",0.5135135135135135,0.7450980392156863,0.608,0.5756861367216419,6
"['V4', 'V10', 'V2', 'V19']",0.43243243243243246,0.7111111111111111,0.5378151260504201,0.5756841066926912,4
"['V10', 'V16', 'V5', 'V20', 'V17', 'V2', 'V19']",0.5675675675675675,0.7924528301886793,0.6614173228346457,0.5756746794866404,7
"['V4', 'V16', 'V8', 'V5', 'V12', 'V20', 'V2']",0.5,0.74,0.5967741935483871,0.5756539505758699,7
"['V4', 'V8', 'V5', 'V12', 'V21', 'V20', 'V17', 'V2']",0.5,0.74,0.5967741935483871,0.5756511989774321,8
"['V10', 'V16', 'V5', 'V20', 'V17', 'V2']",0.5540540540540541,0.7884615384615384,0.6507936507936508,0.5755808030180959,6
"['V4', 'V16', 'V5', 'V12', 'V21', 'V20', 'V19']",0.5,0.74,0.5967741935483871,0.5754388753009134,7
"['V4', 'V16', 'V8', 'V5', 'V12', 'V21']",0.5135135135135135,0.7450980392156863,0.608,0.5754218543552722,6
"['V4', 'V10', 'V16', 'V5', 'V17', 'V19']",0.5135135135135135,0.7169811320754716,0.5984251968503937,0.5754054725941905,6
"['V4', 'V16', 'V5', 'V12', 'V21', 'V20', 'V17', 'V2', 'V19']",0.4864864864864865,0.7346938775510204,0.5853658536585366,0.5753968956243476,9
"['V10', 'V16', 'V5', 'V20', 'V2']",0.527027027027027,0.78,0.6290322580645161,0.575386177619955,5
"['V10', 'V16', 'V8', 'V5', 'V20', 'V17', 'V2', 'V19']",0.5675675675675675,0.7924528301886793,0.6614173228346457,0.5753659341930091,8
"['V4', 'V16', 'V8', 'V5', 'V12', 'V2']",0.5,0.74,0.5967741935483871,0.5753532523786076,6
"['V14', 'V8', 'V20', 'V19']",0.5,0.6981132075471698,0.5826771653543307,0.5753262445480498,4
"['V14', 'V20', 'V2', 'V19']",0.5135135135135135,0.7450980392156863,0.608,0.5750949724726635,4
"['V4', 'V16', 'V5', 'V12', 'V21', 'V2', 'V19']",0.4864864864864865,0.7346938775510204,0.5853658536585366,0.5750537090924025,7
"['V4', 'V10', 'V16', 'V8', 'V5', 'V17']",0.5135135135135135,0.7307692307692307,0.6031746031746031,0.5750362472164171,6
"['V4', 'V16', 'V5', 'V12', 'V21', 'V20', 'V17', 'V2']",0.4864864864864865,0.7346938775510204,0.5853658536585366,0.5750252625455826,8
"['V4', 'V16', 'V5', 'V12', 'V21', 'V17', 'V2']",0.4864864864864865,0.7346938775510204,0.5853658536585366,0.5749498298317246,7
"['V4', 'V16', 'V12', 'V21', 'V20', 'V2']",0.5,0.74,0.5967741935483871,0.5749167744980362,6
"['V14', 'V8', 'V5', 'V2']",0.5135135135135135,0.6785714285714286,0.5846153846153846,0.5747585111003859,4
"['V4', 'V10', 'V16', 'V8', 'V17', 'V19']",0.5,0.7115384615384616,0.5873015873015873,0.5747421250526834,6
"['V10', 'V16', 'V5', 'V20', 'V2', 'V19']",0.527027027027027,0.78,0.6290322580645161,0.5745975477634965,6
"['V14', 'V8', 'V2', 'V19']",0.5135135135135135,0.7037037037037037,0.59375,0.5745778144085795,4
"['V14', 'V5', 'V2', 'V19']",0.5135135135135135,0.7307692307692307,0.6031746031746031,0.5745776890572901,4
"['V14', 'V8', 'V5', 'V20', 'V2']",0.5135135135135135,0.6666666666666666,0.5801526717557252,0.5745746392282642,5
"['V4', 'V10', 'V16', 'V17', 'V19']",0.4864864864864865,0.7058823529411765,0.576,0.5745138112843061,5
"['V4', 'V8', 'V5', 'V12', 'V21', 'V20', 'V17', 'V2', 'V19']",0.5,0.74,0.5967741935483871,0.5743597836910604,9
"['V4', 'V16', 'V5', 'V12', 'V21', 'V20']",0.5135135135135135,0.7450980392156863,0.608,0.5743114265671836,6
"['V14', 'V21', 'V2', 'V19']",0.5135135135135135,0.7169811320754716,0.5984251968503937,0.5743049805200681,4
"['V4', 'V10', 'V16', 'V19']",0.5,0.7115384615384616,0.5873015873015873,0.5742526046400265,4
"['V4', 'V10', 'V16']",0.5,0.7115384615384616,0.5873015873015873,0.5739396565651016,3
"['V14', 'V20', 'V19']",0.527027027027027,0.7222222222222222,0.609375,0.573749011477374,3
"['V4', 'V10', 'V16', 'V8', 'V17']",0.5,0.7115384615384616,0.5873015873015873,0.57374606542978,5
"['V4', 'V16', 'V5', 'V12', 'V21']",0.5135135135135135,0.7450980392156863,0.608,0.5737010159141689,5
"['V14', 'V8', 'V5', 'V20']",0.5135135135135135,0.7169811320754716,0.5984251968503937,0.5736056002773366,4
"['V4', 'V10', 'V16', 'V17']",0.4864864864864865,0.7058823529411765,0.576,0.573475662655557,4
"['V4', 'V16', 'V8', 'V21', 'V20', 'V17', 'V19']",0.4594594594594595,0.7391304347826086,0.5666666666666667,0.5732801863665957,7
"['V4', 'V16', 'V5', 'V12', 'V20', 'V17', 'V19']",0.5135135135135135,0.7450980392156863,0.608,0.5732541934433735,7
"['V10', 'V16', 'V21', 'V20', 'V17', 'V2', 'V19']",0.5,0.7551020408163265,0.6016260162601627,0.5731640638381477,7
"['V14', 'V8', 'V21']",0.4864864864864865,0.6428571428571429,0.5538461538461539,0.5730470219954154,3
"['V14', 'V8', 'V21', 'V20']",0.4864864864864865,0.6428571428571429,0.5538461538461539,0.5730262696288972,4
"['V4', 'V16', 'V8', 'V5', 'V21', 'V17']",0.44594594594594594,0.717391304347826,0.55,0.5730258311356762,6
"['V4', 'V16', 'V5', 'V12', 'V21', 'V20', 'V2', 'V19']",0.4864864864864865,0.7346938775510204,0.5853658536585366,0.5729573733553535,8
"['V4', 'V16', 'V8', 'V20', 'V17', 'V2', 'V19']",0.47297297297297297,0.7446808510638298,0.5785123966942148,0.572956300676364,7
"['V4', 'V10', 'V2']",0.43243243243243246,0.7111111111111111,0.5378151260504201,0.5726153280951074,3
"['V4', 'V16', 'V12', 'V20', 'V19']",0.5,0.74,0.5967741935483871,0.5725306474129425,5
"['V4', 'V16', 'V8', 'V21', 'V17']",0.44594594594594594,0.717391304347826,0.55,0.5721995956670984,5
"['V4', 'V16', 'V8', 'V20', 'V17']",0.4594594594594595,0.7391304347826086,0.5666666666666667,0.5721963681191725,5
"['V4', 'V16', 'V12', 'V20', 'V17', 'V19']",0.5,0.74,0.5967741935483871,0.5721373126148687,6
"['V4', 'V16', 'V5', 'V12', 'V20', 'V17']",0.5135135135135135,0.7450980392156863,0.608,0.5721022902482104,6
"['V4', 'V16', 'V12', 'V19']",0.5,0.74,0.5967741935483871,0.5720178594690734,4
"['V10', 'V16', 'V21', 'V20', 'V17', 'V2']",0.5,0.7551020408163265,0.6016260162601627,0.5719199979626591,6
"['V4', 'V8', 'V12', 'V21', 'V20', 'V17', 'V2']",0.47297297297297297,0.7291666666666666,0.5737704918032787,0.5718079531997611,7
"['V4', 'V16', 'V12', 'V2', 'V19']",0.5,0.74,0.5967741935483871,0.5717764304957856,5
"['V4', 'V16', 'V12', 'V20', 'V17']",0.5,0.74,0.5967741935483871,0.5717091058739608,5
"['V4', 'V16', 'V12', 'V20']",0.5,0.74,0.5967741935483871,0.5716768490108487,4
"['V10', 'V5', 'V20', 'V17', 'V2', 'V19']",0.5405405405405406,0.7843137254901961,0.64,0.5715622647637753,6
"['V4', 'V16', 'V8', 'V5', 'V21', 'V20', 'V17', 'V19']",0.4594594594594595,0.7391304347826086,0.5666666666666667,0.5715586241827689,8
"['V14', 'V5', 'V20', 'V2', 'V19']",0.5135135135135135,0.7307692307692307,0.6031746031746031,0.571547025645511,5
"['V14', 'V21', 'V20']",0.5,0.6491228070175439,0.5648854961832062,0.5715457435520181,3
"['V4', 'V16', 'V5', 'V12']",0.5135135135135135,0.7450980392156863,0.608,0.5714463471902095,4
"['V4', 'V16', 'V12', 'V20', 'V2', 'V19']",0.5,0.74,0.5967741935483871,0.5713040928676446,6
"['V10', 'V16', 'V21', 'V2', 'V19']",0.5,0.7708333333333334,0.6065573770491803,0.5712595788575862,5
"['V10', 'V16', 'V8', 'V21', 'V20', 'V2']",0.5,0.7708333333333334,0.6065573770491803,0.5712354634780992,6
"['V10', 'V5', 'V20', 'V17', 'V2']",0.5540540540540541,0.7884615384615384,0.6507936507936508,0.571163858697759,5
"['V4', 'V10', 'V5', 'V20', 'V19']",0.47297297297297297,0.7,0.5645161290322581,0.5710006992821284,5
"['V4', 'V16', 'V5', 'V12', 'V21', 'V20', 'V2']",0.4864864864864865,0.7346938775510204,0.5853658536585366,0.5708642874609324,7
"['V10', 'V16', 'V21', 'V20', 'V2']",0.5,0.7708333333333334,0.6065573770491803,0.5707975461388691,5
"['V10', 'V8', 'V5', 'V20', 'V17', 'V2']",0.527027027027027,0.78,0.6290322580645161,0.5707228691131289,6
"['V4', 'V8', 'V12', 'V21', 'V17', 'V2']",0.4864864864864865,0.7346938775510204,0.5853658536585366,0.5706497024019254,6
"['V10', 'V8', 'V5', 'V20', 'V17', 'V2', 'V19']",0.527027027027027,0.78,0.6290322580645161,0.5706450395583971,7
"['V4', 'V16', 'V8', 'V21', 'V17', 'V2', 'V19']",0.4594594594594595,0.7391304347826086,0.5666666666666667,0.5706300805182628,7
"['V10', 'V16', 'V21', 'V20', 'V2', 'V19']",0.5,0.7708333333333334,0.6065573770491803,0.570599130762969,6
"['V10', 'V16', 'V21', 'V17', 'V2']",0.5,0.7708333333333334,0.6065573770491803,0.5705693359737737,5
"['V10', 'V16', 'V21', 'V17', 'V2', 'V19']",0.5,0.7708333333333334,0.6065573770491803,0.5705238515454433,6
"['V4', 'V8', 'V5', 'V12', 'V21', 'V17', 'V2', 'V19']",0.5,0.74,0.5967741935483871,0.5704798073532322,8
"['V4', 'V10', 'V5', 'V21', 'V17', 'V19']",0.4864864864864865,0.6666666666666666,0.5625,0.5704793778454073,6
"['V4', 'V16', 'V5', 'V12', 'V21', 'V2']",0.4864864864864865,0.7346938775510204,0.5853658536585366,0.5704598330965709,6
"['V4', 'V10', 'V5', 'V21', 'V17']",0.4864864864864865,0.6666666666666666,0.5625,0.5704222812407578,5
"['V4', 'V8', 'V5', 'V12', 'V21', 'V17', 'V2']",0.5,0.74,0.5967741935483871,0.5703705046221093,7
"['V4', 'V16', 'V5', 'V12', 'V17']",0.5135135135135135,0.7450980392156863,0.608,0.5703239937655349,5
"['V4', 'V16', 'V5', 'V12', 'V17', 'V19']",0.5135135135135135,0.7450980392156863,0.608,0.5703157038682117,6
"['V14', 'V5', 'V20', 'V19']",0.5135135135135135,0.7169811320754716,0.5984251968503937,0.5702242250593298,4
"['V4', 'V10', 'V8', 'V5', 'V21', 'V19']",0.5,0.6607142857142857,0.5692307692307692,0.5702237555134907,6
"['V4', 'V16', 'V8', 'V21', 'V17', 'V19']",0.44594594594594594,0.717391304347826,0.55,0.5702209911428049,6
"['V4', 'V16', 'V8', 'V21', 'V20', 'V17', 'V2', 'V19']",0.47297297297297297,0.7446808510638298,0.5785123966942148,0.5701179936728419,8
"['V10', 'V16', 'V8', 'V21', 'V20', 'V2', 'V19']",0.5,0.7708333333333334,0.6065573770491803,0.5701160751646895,7
"['V4', 'V16', 'V12', 'V17', 'V2']",0.5,0.74,0.5967741935483871,0.5700861994897797,5
"['V4', 'V16', 'V12']",0.5,0.74,0.5967741935483871,0.5700569743541006,3
"['V4', 'V16', 'V8', 'V5', 'V20', 'V17']",0.43243243243243246,0.7272727272727273,0.5423728813559322,0.5700053305660212,6
"['V4', 'V16', 'V8', 'V21', 'V17', 'V2']",0.43243243243243246,0.7272727272727273,0.5423728813559322,0.5698863629402163,6
"['V4', 'V16', 'V5', 'V12', 'V20', 'V17', 'V2', 'V19']",0.4864864864864865,0.7346938775510204,0.5853658536585366,0.5698109682384682,8
"['V14', 'V21', 'V20', 'V2']",0.527027027027027,0.6842105263157895,0.5954198473282443,0.5697609939722473,4
"['V4', 'V16', 'V12', 'V17']",0.5,0.74,0.5967741935483871,0.569747713619112,4
"['V4', 'V8', 'V12', 'V21', 'V17', 'V2', 'V19']",0.4864864864864865,0.7346938775510204,0.5853658536585366,0.5696719971320303,7
"['V10', 'V16', 'V8', 'V21', 'V20', 'V17', 'V2', 'V19']",0.5,0.7708333333333334,0.6065573770491803,0.5696447278171043,8
"['V4', 'V10', 'V8', 'V21', 'V17']",0.44594594594594594,0.673469387755102,0.5365853658536586,0.5694879294542312,5
"['V4', 'V16', 'V5', 'V12', 'V17', 'V2', 'V19']",0.4864864864864865,0.7346938775510204,0.5853658536585366,0.5694405186303892,7
"['V4', 'V16', 'V8', 'V17']",0.44594594594594594,0.7333333333333333,0.5546218487394958,0.5693341433048864,4
"['V4', 'V10', 'V5', 'V20']",0.4594594594594595,0.6938775510204082,0.5528455284552846,0.5693053455650857,4
"['V14', 'V5', 'V2']",0.5135135135135135,0.6785714285714286,0.5846153846153846,0.5692985815219876,3
"['V4', 'V8', 'V5', 'V12', 'V20', 'V17', 'V2']",0.4864864864864865,0.7346938775510204,0.5853658536585366,0.5692702060278239,7
"['V4', 'V16', 'V12', 'V20', 'V2']",0.5,0.74,0.5967741935483871,0.5692127791816696,5
"['V4', 'V16', 'V12', 'V2']",0.5,0.74,0.5967741935483871,0.5691930985870963,4
"['V10', 'V16', 'V21', 'V2']",0.5,0.7708333333333334,0.6065573770491803,0.5690289999868098,4
"['V4', 'V16', 'V12', 'V17', 'V2', 'V19']",0.5,0.74,0.5967741935483871,0.5689593813279419,6
"['V4', 'V8', 'V12', 'V21', 'V20', 'V17', 'V2', 'V19']",0.4864864864864865,0.7346938775510204,0.5853658536585366,0.5689193079743193,8
"['V4', 'V16', 'V8', 'V5', 'V21', 'V17', 'V19']",0.44594594594594594,0.717391304347826,0.55,0.5689095204998693,7
"['V4', 'V16', 'V21', 'V20', 'V17', 'V19']",0.44594594594594594,0.7333333333333333,0.5546218487394958,0.5688669325444284,6
"['V4', 'V16', 'V8', 'V21', 'V20', 'V17', 'V2']",0.43243243243243246,0.7272727272727273,0.5423728813559322,0.5688612551990392,7
"['V4', 'V21', 'V20', 'V17', 'V2', 'V19']",0.43243243243243246,0.7111111111111111,0.5378151260504201,0.5688560305812325,6
"['V14', 'V2', 'V19']",0.5135135135135135,0.7169811320754716,0.5984251968503937,0.5687829311076604,3
"['V4', 'V12', 'V21', 'V20', 'V17', 'V2']",0.4864864864864865,0.7346938775510204,0.5853658536585366,0.5686999376743156,6
"['V14', 'V5', 'V20', 'V2']",0.5135135135135135,0.6785714285714286,0.5846153846153846,0.5686718279466418,4
"['V4', 'V16', 'V5', 'V12', 'V19']",0.5,0.74,0.5967741935483871,0.5685910221538227,5
"['V14', 'V5', 'V20']",0.5135135135135135,0.6909090909090909,0.5891472868217055,0.5685082002764192,3
"['V10', 'V16', 'V8', 'V21', 'V20', 'V17', 'V2']",0.5,0.7708333333333334,0.6065573770491803,0.5685019963919506,7
"['V14', 'V8', 'V21', 'V20', 'V2']",0.527027027027027,0.6610169491525424,0.5864661654135338,0.5684660970778896,5
"['V4', 'V5', 'V12', 'V21', 'V20', 'V17', 'V2', 'V19']",0.47297297297297297,0.7291666666666666,0.5737704918032787,0.5683816410011476,8
"['V4', 'V16', 'V8', 'V5', 'V21', 'V17', 'V2', 'V19']",0.47297297297297297,0.7291666666666666,0.5737704918032787,0.5682025163275564,8
"['V4', 'V5', 'V12', 'V21', 'V20', 'V17', 'V2']",0.47297297297297297,0.7291666666666666,0.5737704918032787,0.5681869916066804,7
"['V4', 'V8', 'V5', 'V12', 'V20', 'V17', 'V19']",0.4864864864864865,0.72,0.5806451612903226,0.5681759385577543,7
"['V16', 'V8', 'V5', 'V12', 'V17']",0.44594594594594594,0.717391304347826,0.55,0.5680764146566251,5
"['V4', 'V16', 'V8', 'V17', 'V2', 'V19']",0.4594594594594595,0.7391304347826086,0.5666666666666667,0.5680347806634979,6
"['V10', 'V16', 'V21', 'V20', 'V17']",0.5,0.7551020408163265,0.6016260162601627,0.5679534796278212,5
"['V4', 'V12', 'V21', 'V20', 'V17', 'V2', 'V19']",0.4864864864864865,0.7346938775510204,0.5853658536585366,0.567833538415355,7
"['V4', 'V21', 'V20', 'V17', 'V2']",0.43243243243243246,0.7111111111111111,0.5378151260504201,0.5678160609230046,5
"['V4', 'V16', 'V5', 'V12', 'V20']",0.5,0.74,0.5967741935483871,0.5678136525496823,5
"['V4', 'V10', 'V8', 'V20', 'V17', 'V19']",0.4594594594594595,0.6938775510204082,0.5528455284552846,0.5678096788134225,6
"['V10', 'V16', 'V8', 'V5', 'V20', 'V19']",0.5,0.7708333333333334,0.6065573770491803,0.567784282624576,6
"['V10', 'V16', 'V8', 'V5', 'V20']",0.5,0.7708333333333334,0.6065573770491803,0.5677792387742192,5
"['V10', 'V16', 'V8', 'V21', 'V2']",0.5,0.7708333333333334,0.6065573770491803,0.56777217682546,5
"['V4', 'V16', 'V8', 'V20', 'V17', 'V19']",0.44594594594594594,0.7333333333333333,0.5546218487394958,0.5677546069741701,6
"['V4', 'V16', 'V8', 'V5', 'V21', 'V20', 'V17', 'V2']",0.44594594594594594,0.717391304347826,0.55,0.567749631127091,8
"['V4', 'V16', 'V8', 'V5', 'V21', 'V17', 'V2']",0.44594594594594594,0.717391304347826,0.55,0.5677436200830939,7
"['V4', 'V10', 'V8', 'V20', 'V17']",0.4594594594594595,0.6938775510204082,0.5528455284552846,0.567658742263916,5
"['V4', 'V12', 'V21', 'V17', 'V2']",0.4864864864864865,0.7346938775510204,0.5853658536585366,0.567658166415293,5
"['V10', 'V16', 'V8', 'V21', 'V20']",0.5,0.7708333333333334,0.6065573770491803,0.5676159178211693,5
"['V4', 'V8', 'V5', 'V12', 'V20', 'V17', 'V2', 'V19']",0.4864864864864865,0.7346938775510204,0.5853658536585366,0.5675596271637344,8
"['V4', 'V16', 'V12', 'V20', 'V17', 'V2', 'V19']",0.5,0.74,0.5967741935483871,0.5675266631115338,7
"['V4', 'V16', 'V5', 'V12', 'V20', 'V19']",0.5,0.74,0.5967741935483871,0.5675099686484851,6
"['V16', 'V5', 'V12', 'V21', 'V20', 'V17']",0.4864864864864865,0.7346938775510204,0.5853658536585366,0.5674599365819382,6
"['V4', 'V8', 'V5', 'V12', 'V20', 'V17']",0.47297297297297297,0.7142857142857143,0.5691056910569106,0.5674248953480027,6
"['V10', 'V16', 'V5', 'V20', 'V19']",0.5,0.7708333333333334,0.6065573770491803,0.5673611546361331,5
"['V16', 'V8', 'V5', 'V12', 'V20', 'V17']",0.4594594594594595,0.723404255319149,0.5619834710743802,0.5673569235558125,6
"['V4', 'V16', 'V8', 'V5', 'V17']",0.44594594594594594,0.7333333333333333,0.5546218487394958,0.5673529018308012,5
"['V4', 'V10', 'V8', 'V21', 'V17', 'V19']",0.4594594594594595,0.68,0.5483870967741935,0.567352672915496,6
"['V4', 'V16', 'V8', 'V17', 'V19']",0.43243243243243246,0.7111111111111111,0.5378151260504201,0.5673469422242892,5
"['V10', 'V16', 'V8', 'V21', 'V20', 'V17']",0.5,0.7708333333333334,0.6065573770491803,0.5673121510070808,6
"['V4', 'V12', 'V21', 'V17', 'V2', 'V19']",0.4864864864864865,0.7346938775510204,0.5853658536585366,0.5673059874965818,6
"['V4', 'V8', 'V12', 'V21', 'V17']",0.4864864864864865,0.7346938775510204,0.5853658536585366,0.5671813546445819,5
"['V16', 'V8', 'V5', 'V12', 'V17', 'V19']",0.44594594594594594,0.717391304347826,0.55,0.5671739279253679,6
"['V4', 'V16', 'V8', 'V20', 'V17', 'V2']",0.43243243243243246,0.7272727272727273,0.5423728813559322,0.5670755719847513,6
"['V10', 'V16', 'V8', 'V21', 'V2', 'V19']",0.4864864864864865,0.7659574468085106,0.5950413223140496,0.567058025028435,6
"['V4', 'V16', 'V12', 'V20', 'V17', 'V2']",0.4864864864864865,0.7346938775510204,0.5853658536585366,0.5669600633674399,6
"['V10', 'V16', 'V8', 'V5', 'V17', 'V2']",0.527027027027027,0.78,0.6290322580645161,0.5669094649878889,6
"['V4', 'V16', 'V8', 'V17', 'V2']",0.43243243243243246,0.7272727272727273,0.5423728813559322,0.5668995056905163,5
"['V4', 'V10', 'V5', 'V2']",0.4189189189189189,0.7209302325581395,0.5299145299145299,0.5668771677467916,4
"['V4', 'V16', 'V17', 'V2', 'V19']",0.4594594594594595,0.7391304347826086,0.5666666666666667,0.5668104703723644,5
"['V10', 'V16', 'V8', 'V21', 'V20', 'V17', 'V19']",0.5,0.7708333333333334,0.6065573770491803,0.5668096079308225,7
"['V16', 'V8', 'V5', 'V12', 'V21', 'V20', 'V17']",0.4864864864864865,0.7346938775510204,0.5853658536585366,0.5667937492002858,7
"['V4', 'V8', 'V12', 'V21', 'V17', 'V19']",0.4864864864864865,0.7346938775510204,0.5853658536585366,0.5667771810108266,6
"['V10', 'V16', 'V5', 'V20']",0.5,0.7708333333333334,0.6065573770491803,0.5667001124180356,4
"['V4', 'V16', 'V8', 'V5', 'V20', 'V17', 'V19']",0.43243243243243246,0.7272727272727273,0.5423728813559322,0.5666734028260559,7
"['V10', 'V16', 'V8', 'V21', 'V17', 'V2']",0.5,0.7708333333333334,0.6065573770491803,0.5666726690474659,6
"['V10', 'V16', 'V8', 'V21', 'V17', 'V2', 'V19']",0.5,0.7708333333333334,0.6065573770491803,0.5666662565565878,7
"['V4', 'V8', 'V5', 'V12', 'V17', 'V2']",0.5,0.74,0.5967741935483871,0.566648027523019,6
"['V16', 'V5', 'V12', 'V21', 'V17']",0.4864864864864865,0.7346938775510204,0.5853658536585366,0.5666345385210545,5
"['V4', 'V20', 'V17', 'V2', 'V19']",0.43243243243243246,0.7111111111111111,0.5378151260504201,0.5666317429036195,5
"['V16', 'V8', 'V5', 'V12', 'V20', 'V17', 'V19']",0.44594594594594594,0.717391304347826,0.55,0.5666242979363209,7
"['V10', 'V16', 'V21', 'V20']",0.4864864864864865,0.7659574468085106,0.5950413223140496,0.5665332386641082,4
"['V4', 'V8', 'V12', 'V20', 'V17', 'V2']",0.4864864864864865,0.7346938775510204,0.5853658536585366,0.5665306068811485,6
"['V4', 'V8', 'V5', 'V12', 'V17', 'V2', 'V19']",0.4864864864864865,0.7346938775510204,0.5853658536585366,0.566528179996579,7
"['V10', 'V16', 'V21', 'V20', 'V19']",0.4864864864864865,0.7659574468085106,0.5950413223140496,0.5664976568486434,5
"['V4', 'V16', 'V5', 'V12', 'V17', 'V2']",0.4864864864864865,0.7346938775510204,0.5853658536585366,0.5664582833455267,6
"['V4', 'V16', 'V8', 'V5', 'V21', 'V20', 'V17', 'V2', 'V19']",0.4594594594594595,0.723404255319149,0.5619834710743802,0.5664476305203158,9
"['V4', 'V16', 'V21', 'V20', 'V17']",0.44594594594594594,0.7333333333333333,0.5546218487394958,0.5664057325168074,5
"['V4', 'V10', 'V20', 'V17']",0.4594594594594595,0.6938775510204082,0.5528455284552846,0.566277922766597,4
"['V10', 'V16', 'V8', 'V5', 'V2', 'V19']",0.5135135135135135,0.7755102040816326,0.6178861788617886,0.5661556186129143,6
"['V10', 'V16', 'V8', 'V5', 'V17', 'V2', 'V19']",0.5405405405405406,0.7843137254901961,0.64,0.5661474239842187,7
"['V4', 'V21', 'V17', 'V2', 'V19']",0.43243243243243246,0.7111111111111111,0.5378151260504201,0.5661441818939903,5
"['V4', 'V8', 'V12', 'V21', 'V20', 'V17']",0.4864864864864865,0.7346938775510204,0.5853658536585366,0.5661427630116989,6
"['V4', 'V8', 'V12', 'V20', 'V17']",0.4864864864864865,0.7346938775510204,0.5853658536585366,0.5660553176596842,5
"['V10', 'V16', 'V8', 'V21', 'V20', 'V19']",0.5,0.7708333333333334,0.6065573770491803,0.5660254953444042,6
"['V10', 'V16', 'V21', 'V20', 'V17', 'V19']",0.4864864864864865,0.7659574468085106,0.5950413223140496,0.5659327664754236,6
"['V10', 'V16', 'V8', 'V5', 'V2']",0.5,0.7708333333333334,0.6065573770491803,0.5658985729415753,5
"['V4', 'V8', 'V12', 'V17', 'V2']",0.4864864864864865,0.7346938775510204,0.5853658536585366,0.5658673957310746,5
"['V4', 'V8', 'V12', 'V21', 'V20', 'V17', 'V19']",0.4864864864864865,0.7346938775510204,0.5853658536585366,0.5658396560299641,7
"['V4', 'V8', 'V12', 'V20', 'V17', 'V2', 'V19']",0.4864864864864865,0.7346938775510204,0.5853658536585366,0.5657051965332646,7
"['V16', 'V8', 'V5', 'V12', 'V21', 'V20', 'V17', 'V19']",0.4864864864864865,0.7346938775510204,0.5853658536585366,0.5656789851888954,8
"['V16', 'V8', 'V5', 'V12', 'V21', 'V17']",0.4864864864864865,0.7346938775510204,0.5853658536585366,0.5656401152949645,6
"['V4', 'V10', 'V20', 'V17', 'V19']",0.4594594594594595,0.6938775510204082,0.5528455284552846,0.5655867853414455,5
"['V10', 'V16', 'V8', 'V5', 'V21']",0.5540540540540541,0.7592592592592593,0.640625,0.5655412856783858,5
"['V4', 'V16', 'V8', 'V5', 'V17', 'V19']",0.43243243243243246,0.7111111111111111,0.5378151260504201,0.5654847699032085,6
"['V4', 'V16', 'V5', 'V12', 'V20', 'V2', 'V19']",0.4864864864864865,0.7346938775510204,0.5853658536585366,0.5654222660068705,7
"['V10', 'V16', 'V8', 'V5', 'V21', 'V19']",0.5540540540540541,0.7592592592592593,0.640625,0.5653479055068165,6
"['V4', 'V8', 'V5', 'V12', 'V21', 'V17', 'V19']",0.5,0.74,0.5967741935483871,0.5653343616084687,7
"['V4', 'V20', 'V17', 'V2']",0.43243243243243246,0.7272727272727273,0.5423728813559322,0.5653242948992324,4
"['V4', 'V16', 'V5', 'V12', 'V2', 'V19']",0.4864864864864865,0.7346938775510204,0.5853658536585366,0.5653229078219011,6
"['V4', 'V21', 'V17', 'V2']",0.43243243243243246,0.7111111111111111,0.5378151260504201,0.5652029402607451,4
"['V4', 'V8', 'V5', 'V12', 'V21', 'V20', 'V17']",0.5,0.7254901960784313,0.592,0.5651477896748082,7
"['V4', 'V16', 'V5', 'V21', 'V20', 'V17']",0.44594594594594594,0.7333333333333333,0.5546218487394958,0.5650696862251605,6
"['V10', 'V16', 'V5', 'V20', 'V17', 'V19']",0.5540540540540541,0.7884615384615384,0.6507936507936508,0.5650642394819198,6
"['V10', 'V16', 'V8', 'V5', 'V20', 'V17']",0.5405405405405406,0.7843137254901961,0.64,0.5650114530833578,6
"['V4', 'V16', 'V5', 'V12', 'V20', 'V17', 'V2']",0.4864864864864865,0.7346938775510204,0.5853658536585366,0.5649708136833919,7
"['V16', 'V5', 'V12', 'V21', 'V20', 'V17', 'V19']",0.4864864864864865,0.7346938775510204,0.5853658536585366,0.5649427699943583,7
"['V4', 'V5', 'V12', 'V21', 'V17', 'V2', 'V19']",0.47297297297297297,0.7291666666666666,0.5737704918032787,0.5648287348921684,7
"['V4', 'V8', 'V12', 'V20', 'V17', 'V19']",0.4864864864864865,0.7346938775510204,0.5853658536585366,0.5647721595304311,6
"['V4', 'V16', 'V8', 'V5', 'V20', 'V17', 'V2']",0.44594594594594594,0.7333333333333333,0.5546218487394958,0.5647448741636437,7
"['V4', 'V5', 'V12', 'V21', 'V17', 'V2']",0.47297297297297297,0.7291666666666666,0.5737704918032787,0.5647323286651146,6
"['V10', 'V16', 'V5', 'V20', 'V17']",0.5405405405405406,0.7843137254901961,0.64,0.5646700442696237,5
"['V4', 'V16', 'V5', 'V21', 'V20', 'V17', 'V19']",0.44594594594594594,0.7333333333333333,0.5546218487394958,0.5646495706594796,7
"['V4', 'V10', 'V21', 'V17']",0.4594594594594595,0.68,0.5483870967741935,0.5644505121874257,4
"['V4', 'V5', 'V12', 'V21', 'V17']",0.5,0.74,0.5967741935483871,0.5643646227356263,5
"['V10', 'V21', 'V20', 'V17', 'V2']",0.5,0.7708333333333334,0.6065573770491803,0.5642919562612306,5
"['V4', 'V17', 'V2', 'V19']",0.43243243243243246,0.7111111111111111,0.5378151260504201,0.5642778946720488,4
"['V4', 'V8', 'V5', 'V12', 'V21', 'V17']",0.5,0.7254901960784313,0.592,0.5642665818338298,6
"['V16', 'V5', 'V12', 'V21', 'V17', 'V19']",0.4864864864864865,0.7346938775510204,0.5853658536585366,0.5642400350347437,6
"['V10', 'V21', 'V17', 'V2']",0.5,0.7708333333333334,0.6065573770491803,0.5642245819994385,4
"['V4', 'V16', 'V8', 'V5', 'V17', 'V2']",0.44594594594594594,0.717391304347826,0.55,0.5642133227458992,6
"['V10', 'V8', 'V5', 'V17', 'V2']",0.527027027027027,0.78,0.6290322580645161,0.5641666656530989,5
"['V10', 'V16', 'V8', 'V5', 'V21', 'V17']",0.5675675675675675,0.7636363636363637,0.6511627906976745,0.5641266444589879,6
"['V4', 'V12', 'V21', 'V20', 'V17']",0.4864864864864865,0.7346938775510204,0.5853658536585366,0.5640945133793598,5
"['V16', 'V8', 'V12', 'V21', 'V20', 'V17']",0.4864864864864865,0.7346938775510204,0.5853658536585366,0.5640911246187843,6
"['V4', 'V8', 'V5', 'V12', 'V21', 'V20', 'V17', 'V19']",0.5,0.74,0.5967741935483871,0.5640638600998604,8
"['V16', 'V8', 'V5', 'V12', 'V21', 'V17', 'V19']",0.5,0.74,0.5967741935483871,0.5640421348707967,7
"['V4', 'V5', 'V12', 'V21', 'V17', 'V19']",0.5,0.74,0.5967741935483871,0.5640071928649975,6
"['V4', 'V17', 'V2']",0.43243243243243246,0.7272727272727273,0.5423728813559322,0.5639647721667342,3
"['V16', 'V8', 'V12', 'V20', 'V17']",0.47297297297297297,0.7291666666666666,0.5737704918032787,0.5638856526817789,5
"['V10', 'V16', 'V8', 'V5', 'V20', 'V17', 'V19']",0.5540540540540541,0.7884615384615384,0.6507936507936508,0.5638411532913675,7
"['V4', 'V10', 'V5', 'V17']",0.4864864864864865,0.6792452830188679,0.5669291338582677,0.5637189556027683,4
"['V4', 'V10', 'V8', 'V5', 'V17', 'V19']",0.5,0.6727272727272727,0.5736434108527132,0.5637032360158797,6
"['V4', 'V16', 'V5', 'V12', 'V2']",0.4864864864864865,0.7346938775510204,0.5853658536585366,0.5636556594994715,5
"['V14', 'V8', 'V20', 'V2']",0.527027027027027,0.6610169491525424,0.5864661654135338,0.5636353670051242,4
"['V10', 'V16', 'V5', 'V21']",0.527027027027027,0.75,0.6190476190476191,0.5636322989169184,4
"['V10', 'V21', 'V20', 'V17', 'V2', 'V19']",0.5,0.7708333333333334,0.6065573770491803,0.5636178618517995,6
"['V4', 'V10', 'V5', 'V17', 'V19']",0.4594594594594595,0.6666666666666666,0.544,0.5635839024295716,5
"['V4', 'V16', 'V21', 'V17', 'V2', 'V19']",0.4594594594594595,0.7391304347826086,0.5666666666666667,0.563565723809573,6
"['V10', 'V16', 'V8', 'V5', 'V21', 'V17', 'V19']",0.581081081081081,0.7678571428571429,0.6615384615384615,0.5635421111180284,7
"['V4', 'V12', 'V21', 'V20', 'V17', 'V19']",0.47297297297297297,0.7291666666666666,0.5737704918032787,0.5634896162110847,6
"['V4', 'V10', 'V8', 'V5', 'V17']",0.4864864864864865,0.6666666666666666,0.5625,0.5633904156691323,5
"['V10', 'V8', 'V5', 'V17', 'V2', 'V19']",0.527027027027027,0.78,0.6290322580645161,0.5633870023169301,6
"['V4', 'V16', 'V8', 'V5', 'V20', 'V17', 'V2', 'V19']",0.44594594594594594,0.717391304347826,0.55,0.5632035912109146,8
"['V4', 'V10', 'V5', 'V21', 'V19']",0.5,0.6727272727272727,0.5736434108527132,0.5631619067140774,5
"['V10', 'V8', 'V5', 'V20', 'V2', 'V19']",0.4594594594594595,0.7555555555555555,0.5714285714285714,0.56311591055691,6
"['V10', 'V8', 'V21', 'V20', 'V17', 'V2']",0.5,0.7708333333333334,0.6065573770491803,0.5631037121374025,6
"['V4', 'V8', 'V12', 'V17']",0.4864864864864865,0.72,0.5806451612903226,0.5629031211756198,4
"['V4', 'V16', 'V21', 'V20', 'V17', 'V2', 'V19']",0.4594594594594595,0.7391304347826086,0.5666666666666667,0.5627323343595217,7
"['V4', 'V16', 'V5', 'V12', 'V20', 'V2']",0.4864864864864865,0.7346938775510204,0.5853658536585366,0.5626679661304204,6
"['V10', 'V21', 'V17', 'V2', 'V19']",0.5,0.7708333333333334,0.6065573770491803,0.5626055599500006,5
"['V4', 'V8', 'V12', 'V17', 'V2', 'V19']",0.4864864864864865,0.7346938775510204,0.5853658536585366,0.5624818873791072,6
"['V4', 'V8', 'V5', 'V12', 'V17']",0.4864864864864865,0.7058823529411765,0.576,0.5624152658574967,5
"['V16', 'V8', 'V21', 'V20', 'V17', 'V19']",0.43243243243243246,0.7441860465116279,0.5470085470085471,0.5624075849531197,6
"['V16', 'V8', 'V12', 'V21', 'V20', 'V17', 'V2']",0.47297297297297297,0.7291666666666666,0.5737704918032787,0.5623177309578752,7
"['V16', 'V8', 'V12', 'V17']",0.47297297297297297,0.7291666666666666,0.5737704918032787,0.5622799149515669,4
"['V4', 'V8', 'V12', 'V17', 'V19']",0.4864864864864865,0.7346938775510204,0.5853658536585366,0.5622231048464097,5
"['V4', 'V16', 'V17', 'V2']",0.43243243243243246,0.7272727272727273,0.5423728813559322,0.5621908906528506,4
"['V4', 'V10', 'V21', 'V17', 'V19']",0.44594594594594594,0.673469387755102,0.5365853658536586,0.562141313603725,5
"['V16', 'V8', 'V12', 'V21', 'V20', 'V17', 'V19']",0.5,0.74,0.5967741935483871,0.5620799371561619,7
"['V4', 'V16', 'V21', 'V17', 'V2']",0.43243243243243246,0.7272727272727273,0.5423728813559322,0.562016870414755,5
"['V10', 'V16', 'V5', 'V21', 'V17']",0.5405405405405406,0.7547169811320755,0.6299212598425197,0.5620073985693135,5
"['V16', 'V12', 'V21', 'V20', 'V17']",0.4594594594594595,0.723404255319149,0.5619834710743802,0.5619445056917733,5
"['V10', 'V16', 'V5', 'V21', 'V19']",0.527027027027027,0.75,0.6190476190476191,0.561854742151499,5
"['V10', 'V16', 'V5', 'V17', 'V2']",0.5405405405405406,0.7843137254901961,0.64,0.5618224669652853,5
"['V16', 'V8', 'V21', 'V17']",0.44594594594594594,0.75,0.559322033898305,0.561756995444471,4
"['V16', 'V12', 'V21', 'V17']",0.47297297297297297,0.7291666666666666,0.5737704918032787,0.5617443558290409,4
"['V4', 'V16', 'V8', 'V5', 'V17', 'V2', 'V19']",0.47297297297297297,0.7291666666666666,0.5737704918032787,0.5617270017029413,7
"['V4', 'V16', 'V21', 'V20', 'V17', 'V2']",0.43243243243243246,0.7272727272727273,0.5423728813559322,0.5617082505472044,6
"['V4', 'V5', 'V12', 'V21', 'V20', 'V17', 'V19']",0.5,0.7254901960784313,0.592,0.5615715705138066,7
"['V14', 'V20', 'V2']",0.527027027027027,0.6842105263157895,0.5954198473282443,0.5615616059570386,3
"['V14', 'V21', 'V2']",0.527027027027027,0.6724137931034483,0.5909090909090909,0.5615558500621413,3
"['V16', 'V8', 'V21', 'V20', 'V17']",0.44594594594594594,0.75,0.559322033898305,0.561517887159471,5
"['V10', 'V8', 'V21', 'V17', 'V2']",0.5,0.7708333333333334,0.6065573770491803,0.5614976614627318,5
"['V16', 'V8', 'V5', 'V21', 'V17']",0.4594594594594595,0.7555555555555555,0.5714285714285714,0.5614652859458812,5
"['V5', 'V12', 'V21', 'V17']",0.47297297297297297,0.7291666666666666,0.5737704918032787,0.561420461335451,4
"['V16', 'V5', 'V12', 'V17']",0.5,0.74,0.5967741935483871,0.5613993946112159,4
"['V4', 'V8', 'V5', 'V12', 'V17', 'V19']",0.4864864864864865,0.72,0.5806451612903226,0.561360393879679,6
"['V16', 'V8', 'V12', 'V21', 'V17', 'V19']",0.5,0.74,0.5967741935483871,0.5613536328039909,6
"['V10', 'V8', 'V21', 'V20', 'V2', 'V19']",0.4594594594594595,0.7555555555555555,0.5714285714285714,0.5612978065511071,6
"['V8', 'V12', 'V17']",0.43243243243243246,0.7111111111111111,0.5378151260504201,0.561285045144008,3
"['V8', 'V5', 'V12', 'V21', 'V20', 'V17']",0.4594594594594595,0.723404255319149,0.5619834710743802,0.561260982460837,6
"['V10', 'V8', 'V21', 'V20', 'V17', 'V2', 'V19']",0.5,0.7708333333333334,0.6065573770491803,0.5612175206843721,7
"['V14', 'V8', 'V21', 'V2']",0.527027027027027,0.6610169491525424,0.5864661654135338,0.5611987580836418,4
"['V10', 'V16', 'V5', 'V2']",0.5135135135135135,0.7450980392156863,0.608,0.5611326956416247,4
"['V10', 'V16', 'V5', 'V21', 'V17', 'V19']",0.5675675675675675,0.7636363636363637,0.6511627906976745,0.5611080908945713,6
"['V16', 'V5', 'V12', 'V20', 'V17']",0.5,0.74,0.5967741935483871,0.5610320227349674,5
"['V16', 'V8', 'V12', 'V21', 'V17']",0.4864864864864865,0.7346938775510204,0.5853658536585366,0.5610299048550766,5
"['V4', 'V5', 'V12', 'V21', 'V20', 'V17']",0.5,0.7254901960784313,0.592,0.5610255820615603,6
"['V10', 'V8', 'V5', 'V20', 'V17']",0.5405405405405406,0.7843137254901961,0.64,0.5610049148110274,5
"['V4', 'V16', 'V20', 'V17', 'V2', 'V19']",0.4594594594594595,0.7391304347826086,0.5666666666666667,0.5609992283923028,6
"['V10', 'V8', 'V21', 'V20', 'V2']",0.44594594594594594,0.75,0.559322033898305,0.5609004412726211,5
"['V4', 'V10', 'V8', 'V20', 'V19']",0.40540540540540543,0.6521739130434783,0.5,0.5608414102259939,5
"['V10', 'V16', 'V5', 'V2', 'V19']",0.4864864864864865,0.7346938775510204,0.5853658536585366,0.5606525225143283,5
"['V10', 'V8', 'V21', 'V17', 'V2', 'V19']",0.5,0.7708333333333334,0.6065573770491803,0.560620679596098,6
"['V10', 'V16', 'V5', 'V17', 'V2', 'V19']",0.5405405405405406,0.7547169811320755,0.6299212598425197,0.5606082343996922,6
"['V4', 'V10', 'V8', 'V20']",0.3918918918918919,0.6444444444444445,0.48739495798319327,0.5606044365102935,4
"['V16', 'V12', 'V21', 'V20', 'V17', 'V19']",0.47297297297297297,0.7291666666666666,0.5737704918032787,0.5605695208379804,6
"['V10', 'V8', 'V5', 'V20', 'V17', 'V19']",0.527027027027027,0.78,0.6290322580645161,0.5605568053842143,6
"['V4', 'V12', 'V21', 'V17']",0.4864864864864865,0.7346938775510204,0.5853658536585366,0.5604995169019592,4
"['V4', 'V16', 'V20', 'V17', 'V19']",0.44594594594594594,0.7333333333333333,0.5546218487394958,0.56049878026261,5
"['V16', 'V8', 'V12', 'V20', 'V17', 'V2']",0.4594594594594595,0.723404255319149,0.5619834710743802,0.5604673298688881,6
"['V16', 'V8', 'V12', 'V21', 'V20', 'V17', 'V2', 'V19']",0.4864864864864865,0.7346938775510204,0.5853658536585366,0.560441511744378,8
"['V4', 'V12', 'V20', 'V17', 'V2']",0.4864864864864865,0.7346938775510204,0.5853658536585366,0.5604117311269362,5
"['V16', 'V8', 'V5', 'V17']",0.4594594594594595,0.7555555555555555,0.5714285714285714,0.5604115372179432,4
"['V16', 'V8', 'V12', 'V21', 'V17', 'V2']",0.47297297297297297,0.7291666666666666,0.5737704918032787,0.5603676326727959,6
"['V5', 'V12', 'V21', 'V20', 'V17']",0.44594594594594594,0.717391304347826,0.55,0.5603539651444679,5
"['V8', 'V5', 'V12', 'V20', 'V17']",0.43243243243243246,0.7111111111111111,0.5378151260504201,0.5603433691697061,5
"['V10', 'V5', 'V20', 'V2', 'V19']",0.4594594594594595,0.7555555555555555,0.5714285714285714,0.5602139213473379,5
"['V4', 'V12', 'V17', 'V2']",0.4864864864864865,0.7346938775510204,0.5853658536585366,0.5601126179942685,4
"['V10', 'V5', 'V20', 'V17', 'V19']",0.5135135135135135,0.7755102040816326,0.6178861788617886,0.5600671197668969,5
"['V10', 'V5', 'V20', 'V17']",0.5135135135135135,0.7755102040816326,0.6178861788617886,0.5599288940513825,4
"['V16', 'V12', 'V21', 'V17', 'V19']",0.5,0.74,0.5967741935483871,0.5599130283912057,5
"['V4', 'V12', 'V21', 'V17', 'V19']",0.4864864864864865,0.7346938775510204,0.5853658536585366,0.5598579941156072,5
"['V16', 'V5', 'V12', 'V21', 'V20', 'V17', 'V2']",0.527027027027027,0.75,0.6190476190476191,0.5598561057589,7
"['V16', 'V5', 'V12', 'V20', 'V17', 'V19']",0.4864864864864865,0.7346938775510204,0.5853658536585366,0.5596642957508097,6
"['V16', 'V8', 'V12', 'V21', 'V17', 'V2', 'V19']",0.4864864864864865,0.7346938775510204,0.5853658536585366,0.5596541183185872,7
"['V8', 'V5', 'V12', 'V21', 'V17']",0.4594594594594595,0.723404255319149,0.5619834710743802,0.5596519273961094,5
"['V16', 'V5', 'V12', 'V17', 'V19']",0.4864864864864865,0.7346938775510204,0.5853658536585366,0.5595588813019985,5
"['V4', 'V16', 'V20', 'V17']",0.4594594594594595,0.7391304347826086,0.5666666666666667,0.5594652220309602,4
"['V8', 'V5', 'V12', 'V17']",0.44594594594594594,0.717391304347826,0.55,0.55938622357144,4
"['V4', 'V16', 'V20', 'V17', 'V2']",0.44594594594594594,0.7333333333333333,0.5546218487394958,0.559385727925771,5
"['V16', 'V8', 'V12', 'V17', 'V2']",0.44594594594594594,0.717391304347826,0.55,0.5593480950769947,5
"['V10', 'V16', 'V8', 'V21', 'V17']",0.4864864864864865,0.7659574468085106,0.5950413223140496,0.55927750880212,5
"['V8', 'V12', 'V21', 'V20', 'V17']",0.4594594594594595,0.723404255319149,0.5619834710743802,0.5592237986977345,5
"['V8', 'V12', 'V20', 'V17']",0.43243243243243246,0.7111111111111111,0.5378151260504201,0.558973006095043,4
"['V16', 'V8', 'V21', 'V17', 'V19']",0.43243243243243246,0.7441860465116279,0.5470085470085471,0.5589440741057495,5
"['V10', 'V8', 'V5', 'V20', 'V2']",0.43243243243243246,0.7441860465116279,0.5470085470085471,0.5588887826639583,5
"['V10', 'V21', 'V20', 'V2', 'V19']",0.4594594594594595,0.7555555555555555,0.5714285714285714,0.5588656040381459,5
"['V16', 'V8', 'V5', 'V21', 'V17', 'V19']",0.4594594594594595,0.7555555555555555,0.5714285714285714,0.5588069872023423,6
"['V10', 'V8', 'V21', 'V2']",0.44594594594594594,0.75,0.559322033898305,0.5588067673994198,4
"['V10', 'V16', 'V8', 'V21', 'V17', 'V19']",0.4864864864864865,0.7659574468085106,0.5950413223140496,0.5586596215130442,6
"['V4', 'V10', 'V8', 'V5', 'V21']",0.4594594594594595,0.6415094339622641,0.5354330708661418,0.5586069050752648,5
"['V16', 'V8', 'V12', 'V20', 'V17', 'V19']",0.4864864864864865,0.7346938775510204,0.5853658536585366,0.5586009764572816,6
"['V4', 'V16', 'V21', 'V17']",0.44594594594594594,0.7333333333333333,0.5546218487394958,0.5585900004481102,4
"['V8', 'V5', 'V12', 'V17', 'V19']",0.44594594594594594,0.717391304347826,0.55,0.5585867325648022,5
"['V10', 'V16', 'V8', 'V20', 'V2']",0.4864864864864865,0.7659574468085106,0.5950413223140496,0.5585708824739753,5
"['V16', 'V12', 'V20', 'V17']",0.4594594594594595,0.723404255319149,0.5619834710743802,0.5585271676481415,4
"['V16', 'V12', 'V17']",0.4594594594594595,0.723404255319149,0.5619834710743802,0.5585223895378211,3
"['V16', 'V8', 'V5', 'V12', 'V17', 'V2']",0.4864864864864865,0.7346938775510204,0.5853658536585366,0.5585080839616902,6
"['V8', 'V5', 'V12', 'V21', 'V20', 'V17', 'V19']",0.4594594594594595,0.723404255319149,0.5619834710743802,0.5584208986424678,7
"['V16', 'V8', 'V5', 'V21', 'V20', 'V17']",0.4594594594594595,0.7555555555555555,0.5714285714285714,0.5582919710551925,6
"['V10', 'V8', 'V21', 'V2', 'V19']",0.47297297297297297,0.7608695652173914,0.5833333333333334,0.558290770769642,5
"['V10', 'V16', 'V8', 'V20', 'V17', 'V2', 'V19']",0.5,0.7708333333333334,0.6065573770491803,0.5581689978476304,7
"['V5', 'V12', 'V21', 'V20', 'V17', 'V19']",0.44594594594594594,0.717391304347826,0.55,0.5581299465865405,6
"['V16', 'V8', 'V12', 'V20', 'V17', 'V2', 'V19']",0.4864864864864865,0.7346938775510204,0.5853658536585366,0.5581281211427697,7
"['V8', 'V5', 'V12', 'V20', 'V17', 'V19']",0.44594594594594594,0.717391304347826,0.55,0.5581098957137332,6
"['V16', 'V8', 'V5', 'V12', 'V21', 'V20', 'V17', 'V2']",0.5,0.74,0.5967741935483871,0.5581026600575907,8
"['V16', 'V8', 'V5', 'V12', 'V20', 'V17', 'V2']",0.4864864864864865,0.7346938775510204,0.5853658536585366,0.5580710027728747,7
"['V10', 'V16', 'V8', 'V20', 'V17', 'V2']",0.4864864864864865,0.7659574468085106,0.5950413223140496,0.5580666719837628,6
"['V4', 'V12', 'V20', 'V17', 'V2', 'V19']",0.4864864864864865,0.7346938775510204,0.5853658536585366,0.5579854842726553,6
"['V10', 'V16', 'V20', 'V17', 'V2']",0.4864864864864865,0.7659574468085106,0.5950413223140496,0.5578461795130027,5
"['V16', 'V8', 'V12', 'V17', 'V2', 'V19']",0.4594594594594595,0.723404255319149,0.5619834710743802,0.5578019413737563,6
"['V10', 'V8', 'V21', 'V20', 'V17']",0.4864864864864865,0.7659574468085106,0.5950413223140496,0.5577865261697105,5
"['V4', 'V5', 'V12', 'V17', 'V2', 'V19']",0.4864864864864865,0.7346938775510204,0.5853658536585366,0.5577744151841222,6
"['V16', 'V8', 'V12', 'V17', 'V19']",0.4864864864864865,0.7346938775510204,0.5853658536585366,0.5577409349780912,5
"['V4', 'V5', 'V12', 'V20', 'V17', 'V2']",0.47297297297297297,0.7291666666666666,0.5737704918032787,0.5577075339870509,6
"['V4', 'V16', 'V8', 'V5', 'V20']",0.4189189189189189,0.7209302325581395,0.5299145299145299,0.5575212737923093,5
"['V16', 'V5', 'V12', 'V21', 'V20', 'V17', 'V2', 'V19']",0.5135135135135135,0.7450980392156863,0.608,0.5574680026946232,8
"['V4', 'V12', 'V17', 'V2', 'V19']",0.4864864864864865,0.7346938775510204,0.5853658536585366,0.5574658678011059,5
"['V10', 'V8', 'V5', 'V21', 'V17', 'V19']",0.5540540540540541,0.7592592592592593,0.640625,0.5574111637380006,6
"['V20', 'V17', 'V2']",0.40540540540540543,0.7317073170731707,0.5217391304347826,0.5574026426860886,3
"['V4', 'V16', 'V17']",0.44594594594594594,0.7333333333333333,0.5546218487394958,0.5573271882641642,3
"['V10', 'V8', 'V5', 'V21', 'V17']",0.5540540540540541,0.7592592592592593,0.640625,0.5573237431916946,5
"['V16', 'V8', 'V17']",0.44594594594594594,0.75,0.559322033898305,0.5572610488086053,3
"['V10', 'V16', 'V20', 'V17', 'V2', 'V19']",0.4864864864864865,0.7659574468085106,0.5950413223140496,0.5572591893089123,6
"['V10', 'V16', 'V8', 'V21']",0.47297297297297297,0.7608695652173914,0.5833333333333334,0.5572554709235065,4
"['V16', 'V5', 'V12', 'V21', 'V17', 'V2', 'V19']",0.5135135135135135,0.7450980392156863,0.608,0.5572101233943371,7
"['V10', 'V21', 'V2', 'V19']",0.4594594594594595,0.7555555555555555,0.5714285714285714,0.557148886716845,4
"['V10', 'V8', 'V21', 'V20', 'V17', 'V19']",0.4864864864864865,0.7659574468085106,0.5950413223140496,0.5571092073421267,6
"['V4', 'V10', 'V5', 'V21']",0.4594594594594595,0.6415094339622641,0.5354330708661418,0.557052294011749,4
"['V10', 'V21', 'V20', 'V2']",0.43243243243243246,0.7441860465116279,0.5470085470085471,0.5570369714281176,4
"['V10', 'V16', 'V8', 'V20', 'V2', 'V19']",0.47297297297297297,0.7608695652173914,0.5833333333333334,0.5569997234993928,6
"['V10', 'V16', 'V20', 'V2']",0.4864864864864865,0.7659574468085106,0.5950413223140496,0.5569761902807379,4
"['V10', 'V16', 'V8', 'V21', 'V19']",0.47297297297297297,0.7608695652173914,0.5833333333333334,0.5569334349699724,5
"['V4', 'V12', 'V20', 'V17']",0.44594594594594594,0.717391304347826,0.55,0.5568893212664804,4
"['V10', 'V21', 'V20', 'V17']",0.4864864864864865,0.7659574468085106,0.5950413223140496,0.5568540827255232,4
"['V16', 'V8', 'V5', 'V12', 'V21', 'V17', 'V2']",0.5,0.74,0.5967741935483871,0.5568464395325495,7
"['V5', 'V12', 'V21', 'V17', 'V19']",0.47297297297297297,0.7291666666666666,0.5737704918032787,0.5567753166313072,5
"['V4', 'V16', 'V8', 'V5', 'V21', 'V20']",0.4189189189189189,0.7209302325581395,0.5299145299145299,0.5566820190309444,6
"['V16', 'V12', 'V17', 'V19']",0.4864864864864865,0.7346938775510204,0.5853658536585366,0.5566720641834269,4
"['V16', 'V8', 'V20', 'V17']",0.44594594594594594,0.75,0.559322033898305,0.556634772167817,4
"['V4', 'V16', 'V5', 'V20', 'V17']",0.44594594594594594,0.7333333333333333,0.5546218487394958,0.5566091626663704,5
"['V4', 'V10', 'V8', 'V21', 'V19']",0.43243243243243246,0.6666666666666666,0.5245901639344263,0.5565794801044097,5
"['V4', 'V16', 'V21', 'V17', 'V19']",0.44594594594594594,0.717391304347826,0.55,0.5565728030743753,5
"['V10', 'V21', 'V20', 'V17', 'V19']",0.4864864864864865,0.7659574468085106,0.5950413223140496,0.5564800726369354,5
"['V8', 'V12', 'V21', 'V20', 'V17', 'V19']",0.47297297297297297,0.7291666666666666,0.5737704918032787,0.5564420034467944,6
"['V4', 'V16', 'V5', 'V21', 'V20', 'V17', 'V2']",0.4594594594594595,0.723404255319149,0.5619834710743802,0.5564409037897657,7
"['V4', 'V5', 'V12', 'V17']",0.4594594594594595,0.7083333333333334,0.5573770491803278,0.5564274821330918,4
"['V4', 'V16', 'V5', 'V20', 'V17', 'V19']",0.44594594594594594,0.7333333333333333,0.5546218487394958,0.5562895859759004,6
"['V8', 'V5', 'V12', 'V21', 'V17', 'V19']",0.4594594594594595,0.723404255319149,0.5619834710743802,0.5562289000755178,6
"['V8', 'V12', 'V21', 'V17', 'V19']",0.47297297297297297,0.7291666666666666,0.5737704918032787,0.5561849016366915,5
"['V16', 'V8', 'V5', 'V17', 'V19']",0.4594594594594595,0.7555555555555555,0.5714285714285714,0.5561520087810975,5
"['V4', 'V5', 'V12', 'V17', 'V2']",0.4864864864864865,0.7346938775510204,0.5853658536585366,0.5561279031236669,5
"['V16', 'V12', 'V20', 'V17', 'V19']",0.4864864864864865,0.7346938775510204,0.5853658536585366,0.556120763140098,5
"['V4', 'V16', 'V8', 'V21', 'V20']",0.4189189189189189,0.7209302325581395,0.5299145299145299,0.5560201109711522,5
"['V10', 'V16', 'V20', 'V2', 'V19']",0.47297297297297297,0.7446808510638298,0.5785123966942148,0.5560083648165018,5
"['V16', 'V5', 'V12', 'V21', 'V17', 'V2']",0.5,0.74,0.5967741935483871,0.5560012166136162,6
"['V4', 'V16', 'V5', 'V21', 'V20']",0.43243243243243246,0.7272727272727273,0.5423728813559322,0.5559540504242112,5
"['V8', 'V12', 'V20', 'V17', 'V19']",0.43243243243243246,0.7111111111111111,0.5378151260504201,0.5558800270859307,5
"['V10', 'V5', 'V21', 'V17', 'V19']",0.5405405405405406,0.7547169811320755,0.6299212598425197,0.5558766899396834,5
"['V16', 'V12', 'V20', 'V17', 'V2']",0.4594594594594595,0.723404255319149,0.5619834710743802,0.5558766359404553,5
"['V4', 'V5', 'V12', 'V20', 'V17', 'V2', 'V19']",0.47297297297297297,0.7291666666666666,0.5737704918032787,0.5558569762170112,7
"['V4', 'V16', 'V5', 'V17']",0.44594594594594594,0.7333333333333333,0.5546218487394958,0.5558238189168235,4
"['V4', 'V16', 'V5', 'V21', 'V17']",0.44594594594594594,0.717391304347826,0.55,0.5557579919784206,5
"['V10', 'V16', 'V8', 'V5', 'V19']",0.527027027027027,0.78,0.6290322580645161,0.5557393891905241,5
"['V4', 'V16', 'V17', 'V19']",0.44594594594594594,0.717391304347826,0.55,0.5557108696458626,4
"['V10', 'V8', 'V5', 'V20', 'V19']",0.44594594594594594,0.75,0.559322033898305,0.5556954694799423,5
"['V20', 'V17', 'V2', 'V19']",0.40540540540540543,0.7317073170731707,0.5217391304347826,0.5556898879715207,4
"['V14', 'V8', 'V20']",0.5,0.6379310344827587,0.5606060606060606,0.5556108727813354,3
"['V10', 'V8', 'V5', 'V21', 'V19']",0.47297297297297297,0.7291666666666666,0.5737704918032787,0.555592879109561,5
"['V16', 'V8', 'V20', 'V17', 'V2']",0.43243243243243246,0.7441860465116279,0.5470085470085471,0.5555759713923503,5
"['V10', 'V5', 'V21', 'V19']",0.5,0.74,0.5967741935483871,0.5554794203044523,4
"['V10', 'V16', 'V8', 'V5']",0.527027027027027,0.78,0.6290322580645161,0.5554755447906193,4
"['V4', 'V12', 'V20', 'V17', 'V19']",0.44594594594594594,0.717391304347826,0.55,0.5554341450744609,5
"['V4', 'V16', 'V21', 'V20']",0.43243243243243246,0.7272727272727273,0.5423728813559322,0.5553249174064223,4
"['V4', 'V10', 'V17']",0.44594594594594594,0.673469387755102,0.5365853658536586,0.5552588553348368,3
"['V4', 'V12', 'V17']",0.4594594594594595,0.723404255319149,0.5619834710743802,0.5552381679272733,3
"['V16', 'V8', 'V5', 'V20', 'V17']",0.44594594594594594,0.75,0.559322033898305,0.5552354241882606,5
"['V16', 'V21', 'V17', 'V19']",0.43243243243243246,0.7441860465116279,0.5470085470085471,0.5552188409860571,4
"['V16', 'V8', 'V5', 'V21', 'V20', 'V17', 'V19']",0.4594594594594595,0.7555555555555555,0.5714285714285714,0.5550399897662821,7
"['V10', 'V21', 'V2']",0.44594594594594594,0.75,0.559322033898305,0.5550107604027762,3
"['V8', 'V12', 'V21', 'V17', 'V2']",0.47297297297297297,0.7291666666666666,0.5737704918032787,0.5550062880003861,5
"['V4', 'V16', 'V8', 'V21']",0.4189189189189189,0.6888888888888889,0.5210084033613446,0.5549574286904982,4
"['V4', 'V10', 'V17', 'V19']",0.4594594594594595,0.68,0.5483870967741935,0.554946282429604,4
"['V16', 'V8', 'V12', 'V21', 'V2']",0.5,0.74,0.5967741935483871,0.5548904142676349,5
"['V8', 'V12', 'V21', 'V20', 'V17', 'V2']",0.47297297297297297,0.7291666666666666,0.5737704918032787,0.5547620105869003,6
"['V5', 'V12', 'V20', 'V17']",0.43243243243243246,0.7111111111111111,0.5378151260504201,0.5547532322575784,4
"['V10', 'V5', 'V21', 'V17']",0.5405405405405406,0.7547169811320755,0.6299212598425197,0.554711268440279,4
"['V8', 'V12', 'V17', 'V19']",0.44594594594594594,0.717391304347826,0.55,0.5546425404982568,4
"['V16', 'V8', 'V21', 'V20', 'V17', 'V2']",0.43243243243243246,0.7441860465116279,0.5470085470085471,0.5546331519799219,6
"['V4', 'V10', 'V8', 'V17']",0.4594594594594595,0.68,0.5483870967741935,0.5545625911322547,4
"['V16', 'V12', 'V17', 'V2', 'V19']",0.4594594594594595,0.723404255319149,0.5619834710743802,0.5545615183561408,5
"['V16', 'V8', 'V17', 'V19']",0.43243243243243246,0.7441860465116279,0.5470085470085471,0.554454379548893,4
"['V4', 'V16', 'V5', 'V21', 'V20', 'V17', 'V2', 'V19']",0.4594594594594595,0.723404255319149,0.5619834710743802,0.5543575399741681,8
"['V5', 'V12', 'V17']",0.43243243243243246,0.7111111111111111,0.5378151260504201,0.5543374898586515,3
"['V4', 'V10', 'V21', 'V19']",0.4189189189189189,0.6595744680851063,0.512396694214876,0.5543252687624424,4
"['V16', 'V8', 'V21', 'V17', 'V2']",0.43243243243243246,0.7441860465116279,0.5470085470085471,0.5542949487381085,5
"['V4', 'V10', 'V20', 'V19']",0.4189189189189189,0.6595744680851063,0.512396694214876,0.5542647902682084,4
"['V4', 'V5', 'V12', 'V20', 'V17']",0.4594594594594595,0.7083333333333334,0.5573770491803278,0.5542580095607091,5
"['V16', 'V12', 'V17', 'V2']",0.4594594594594595,0.723404255319149,0.5619834710743802,0.55423623673246,4
"['V4', 'V16', 'V5', 'V21', 'V17', 'V19']",0.44594594594594594,0.7021276595744681,0.5454545454545454,0.554202153859184,6
"['V4', 'V12', 'V17', 'V19']",0.4594594594594595,0.723404255319149,0.5619834710743802,0.5541999068348737,4
"['V4', 'V16', 'V5', 'V21', 'V17', 'V2']",0.4594594594594595,0.723404255319149,0.5619834710743802,0.5540036061767598,6
"['V16', 'V8', 'V20', 'V17', 'V19']",0.43243243243243246,0.7441860465116279,0.5470085470085471,0.553939713591285,5
"['V16', 'V12', 'V20', 'V17', 'V2', 'V19']",0.47297297297297297,0.7291666666666666,0.5737704918032787,0.5538754496563117,6
"['V16', 'V21', 'V20', 'V17', 'V19']",0.43243243243243246,0.7441860465116279,0.5470085470085471,0.5537829828479887,5
"['V10', 'V16', 'V8', 'V5', 'V17', 'V19']",0.5540540540540541,0.7884615384615384,0.6507936507936508,0.5536870772028212,6
"['V4', 'V5', 'V12', 'V17', 'V19']",0.4594594594594595,0.7083333333333334,0.5573770491803278,0.5536681465778557,5
"['V8', 'V5', 'V12', 'V21', 'V20', 'V17', 'V2']",0.4864864864864865,0.7346938775510204,0.5853658536585366,0.5536552235684729,7
"['V16', 'V5', 'V21', 'V17']",0.4594594594594595,0.7555555555555555,0.5714285714285714,0.5535782193359845,4
"['V16', 'V21', 'V17']",0.44594594594594594,0.75,0.559322033898305,0.5535334305263994,3
"['V16', 'V8', 'V5', 'V12', 'V21', 'V20', 'V17', 'V2', 'V19']",0.5135135135135135,0.7450980392156863,0.608,0.5535103330935487,9
"['V8', 'V12', 'V21', 'V17', 'V2', 'V19']",0.47297297297297297,0.7291666666666666,0.5737704918032787,0.5535096575159277,6
"['V4', 'V10', 'V8', 'V5', 'V19']",0.4189189189189189,0.6458333333333334,0.5081967213114754,0.5535071951744165,5
"['V4', 'V5', 'V12', 'V20', 'V17', 'V19']",0.4594594594594595,0.7083333333333334,0.5573770491803278,0.5535006374196676,6
"['V16', 'V8', 'V5', 'V12', 'V17', 'V2', 'V19']",0.4864864864864865,0.7346938775510204,0.5853658536585366,0.553492788639275,7
"['V4', 'V16', 'V8', 'V5', 'V20', 'V19']",0.43243243243243246,0.7272727272727273,0.5423728813559322,0.5533968125235936,6
"['V10', 'V16', 'V20', 'V17']",0.47297297297297297,0.7608695652173914,0.5833333333333334,0.553385336183292,4
"['V10', 'V5', 'V17', 'V2', 'V19']",0.5405405405405406,0.7692307692307693,0.6349206349206349,0.5533400965133154,5
"['V16', 'V8', 'V12', 'V21', 'V20']",0.4594594594594595,0.723404255319149,0.5619834710743802,0.553332483486729,5
"['V10', 'V16', 'V8', 'V5', 'V17']",0.5540540540540541,0.7884615384615384,0.6507936507936508,0.553308172180171,5
"['V10', 'V16', 'V20']",0.4594594594594595,0.7555555555555555,0.5714285714285714,0.5532678872474036,3
"['V16', 'V12', 'V21', 'V20', 'V17', 'V2']",0.4594594594594595,0.723404255319149,0.5619834710743802,0.5532591875445133,6
"['V4', 'V16', 'V8', 'V5', 'V21', 'V20', 'V19']",0.43243243243243246,0.7272727272727273,0.5423728813559322,0.5532338066186919,7
"['V16', 'V8', 'V12', 'V21', 'V20', 'V2']",0.4864864864864865,0.7346938775510204,0.5853658536585366,0.5531450505380402,6
"['V16', 'V21', 'V20', 'V17']",0.43243243243243246,0.7441860465116279,0.5470085470085471,0.5531410709285824,4
"['V4', 'V16', 'V8', 'V20']",0.4189189189189189,0.7209302325581395,0.5299145299145299,0.5531252659844647,4
"['V10', 'V16', 'V5', 'V17']",0.5540540540540541,0.7735849056603774,0.6456692913385826,0.5530875321218746,4
"['V16', 'V8', 'V17', 'V2']",0.43243243243243246,0.7441860465116279,0.5470085470085471,0.5529651951068802,4
"['V10', 'V8', 'V5', 'V20']",0.4189189189189189,0.7380952380952381,0.5344827586206896,0.5529572121131119,4
"['V16', 'V8', 'V12', 'V21', 'V2', 'V19']",0.5,0.74,0.5967741935483871,0.5528783917856299,6
"['V4', 'V16', 'V8']",0.4189189189189189,0.6888888888888889,0.5210084033613446,0.5528215986586409,3
"['V8', 'V5', 'V12', 'V21', 'V20', 'V17', 'V2', 'V19']",0.47297297297297297,0.7291666666666666,0.5737704918032787,0.5528110365562232,8
"['V16', 'V8', 'V5', 'V12', 'V21', 'V17', 'V2', 'V19']",0.5135135135135135,0.7450980392156863,0.608,0.5527917743805377,8
"['V4', 'V16', 'V5', 'V21', 'V17', 'V2', 'V19']",0.4594594594594595,0.723404255319149,0.5619834710743802,0.5527878896270481,7
"['V10', 'V8', 'V21', 'V20', 'V19']",0.44594594594594594,0.75,0.559322033898305,0.5526073384351621,5
"['V4', 'V10', 'V20']",0.4189189189189189,0.6458333333333334,0.5081967213114754,0.5525752793772725,3
"['V16', 'V5', 'V12', 'V17', 'V2']",0.4864864864864865,0.7346938775510204,0.5853658536585366,0.5525419270739613,5
"['V14', 'V8', 'V2']",0.527027027027027,0.6610169491525424,0.5864661654135338,0.552525580148183,3
"['V10', 'V21', 'V20', 'V19']",0.44594594594594594,0.75,0.559322033898305,0.5524158869377278,4
"['V10', 'V16', 'V8', 'V20', 'V17']",0.47297297297297297,0.7608695652173914,0.5833333333333334,0.5523624141062872,5
"['V10', 'V21', 'V20']",0.43243243243243246,0.7441860465116279,0.5470085470085471,0.552357411424794,3
"['V16', 'V5', 'V12', 'V21', 'V20']",0.4864864864864865,0.7346938775510204,0.5853658536585366,0.5523520780450756,5
"['V10', 'V8', 'V21', 'V20']",0.43243243243243246,0.7441860465116279,0.5470085470085471,0.5523095396774134,4
"['V10', 'V16', 'V5', 'V17', 'V19']",0.5675675675675675,0.7777777777777778,0.65625,0.5522609650356041,5
"['V10', 'V16', 'V20', 'V19']",0.44594594594594594,0.75,0.559322033898305,0.5522476510594739,4
"['V10', 'V5', 'V17', 'V2']",0.5405405405405406,0.7692307692307693,0.6349206349206349,0.5521518410755746,4
"['V4', 'V16', 'V8', 'V5', 'V21']",0.4189189189189189,0.7045454545454546,0.5254237288135594,0.5521466772972765,5
"['V8', 'V12', 'V21', 'V20', 'V17', 'V2', 'V19']",0.47297297297297297,0.7291666666666666,0.5737704918032787,0.5520670469441942,7
"['V5', 'V12', 'V20', 'V17', 'V19']",0.43243243243243246,0.7111111111111111,0.5378151260504201,0.5520573085001622,5
"['V4', 'V16', 'V5', 'V17', 'V19']",0.44594594594594594,0.717391304347826,0.55,0.5520258607820612,5
"['V16', 'V12', 'V21', 'V20', 'V17', 'V2', 'V19']",0.47297297297297297,0.7291666666666666,0.5737704918032787,0.5519888673486372,7
"['V16', 'V8', 'V5', 'V20', 'V17', 'V19']",0.4594594594594595,0.7555555555555555,0.5714285714285714,0.5519634995158262,6
"['V10', 'V16', 'V8', 'V17', 'V2']",0.4864864864864865,0.7659574468085106,0.5950413223140496,0.5519146538749684,5
"['V16', 'V8', 'V5', 'V12', 'V20']",0.44594594594594594,0.717391304347826,0.55,0.5519125622118151,5
"['V16', 'V5', 'V21', 'V17', 'V19']",0.4594594594594595,0.7555555555555555,0.5714285714285714,0.5519060197430699,5
"['V10', 'V16', 'V8', 'V20', 'V17', 'V19']",0.47297297297297297,0.7608695652173914,0.5833333333333334,0.5518701021070114,6
"['V16', 'V21', 'V17', 'V2']",0.44594594594594594,0.75,0.559322033898305,0.5518496507573526,4
"['V16', 'V8', 'V12', 'V2']",0.5,0.7551020408163265,0.6016260162601627,0.5518452140642808,4
"['V4', 'V10', 'V8', 'V17', 'V19']",0.44594594594594594,0.673469387755102,0.5365853658536586,0.5516039950007305,5
"['V16', 'V8', 'V20', 'V17', 'V2', 'V19']",0.43243243243243246,0.7441860465116279,0.5470085470085471,0.5515992101834472,6
"['V4', 'V16', 'V5', 'V21', 'V20', 'V19']",0.44594594594594594,0.7333333333333333,0.5546218487394958,0.5515957827440269,6
"['V8', 'V12', 'V21', 'V17']",0.4594594594594595,0.723404255319149,0.5619834710743802,0.5515652493911746,4
"['V16', 'V12', 'V21', 'V17', 'V2']",0.4594594594594595,0.723404255319149,0.5619834710743802,0.5515204366620481,5
"['V10', 'V16', 'V8', 'V20']",0.4864864864864865,0.7659574468085106,0.5950413223140496,0.5514819616983916,4
"['V16', 'V8', 'V12', 'V20', 'V2']",0.5,0.7551020408163265,0.6016260162601627,0.5514540796427482,5
"['V5', 'V12', 'V17', 'V19']",0.43243243243243246,0.7111111111111111,0.5378151260504201,0.551406168781925,4
"['V16', 'V21', 'V20', 'V17', 'V2']",0.43243243243243246,0.7441860465116279,0.5470085470085471,0.5513878312698328,5
"['V4', 'V16', 'V21', 'V20', 'V19']",0.44594594594594594,0.7333333333333333,0.5546218487394958,0.5513584282989231,5
"['V4', 'V16', 'V8', 'V21', 'V20', 'V19']",0.43243243243243246,0.7272727272727273,0.5423728813559322,0.5512314817572664,6
"['V10', 'V16', 'V20', 'V17', 'V19']",0.47297297297297297,0.7608695652173914,0.5833333333333334,0.5512120536798903,5
"['V16', 'V8', 'V5', 'V12']",0.44594594594594594,0.717391304347826,0.55,0.5511916701556367,4
"['V8', 'V5', 'V12', 'V20', 'V17', 'V2']",0.4864864864864865,0.7346938775510204,0.5853658536585366,0.5511726530045279,6
"['V16', 'V8', 'V5', 'V12', 'V21', 'V20']",0.47297297297297297,0.7291666666666666,0.5737704918032787,0.5509591552421217,6
"['V10', 'V8', 'V20', 'V17', 'V2']",0.4864864864864865,0.7659574468085106,0.5950413223140496,0.5508893257801698,5
"['V8', 'V12', 'V20', 'V17', 'V2']",0.4594594594594595,0.723404255319149,0.5619834710743802,0.5508660401929115,5
"['V16', 'V8', 'V12', 'V21', 'V20', 'V2', 'V19']",0.4864864864864865,0.7346938775510204,0.5853658536585366,0.5508276888790997,7
"['V16', 'V20', 'V17', 'V2']",0.43243243243243246,0.7441860465116279,0.5470085470085471,0.5507492345328495,4
"['V10', 'V16', 'V8', 'V17', 'V2', 'V19']",0.4864864864864865,0.75,0.5901639344262295,0.5507182355782212,6
"['V16', 'V8', 'V12', 'V21', 'V20', 'V19']",0.47297297297297297,0.7291666666666666,0.5737704918032787,0.5506722832011742,6
"['V10', 'V16', 'V8', 'V2']",0.4864864864864865,0.7659574468085106,0.5950413223140496,0.5506512409129043,4
"['V16', 'V8', 'V5', 'V12', 'V20', 'V17', 'V2', 'V19']",0.5,0.74,0.5967741935483871,0.550524442957169,8
"['V10', 'V16', 'V21', 'V19']",0.4594594594594595,0.7555555555555555,0.5714285714285714,0.5505020446208312,4
"['V10', 'V8', 'V20', 'V17', 'V2', 'V19']",0.4864864864864865,0.7659574468085106,0.5950413223140496,0.5505010879180552,6
"['V10', 'V16', 'V5', 'V19']",0.5135135135135135,0.7450980392156863,0.608,0.5503245226632459,4
"['V10', 'V5', 'V20', 'V2']",0.3918918918918919,0.7073170731707317,0.5043478260869565,0.5503074408856652,4
"['V4', 'V16', 'V8', 'V5']",0.4189189189189189,0.7045454545454546,0.5254237288135594,0.5502626533745563,4
"['V16', 'V5', 'V12', 'V20', 'V17', 'V2']",0.4864864864864865,0.7346938775510204,0.5853658536585366,0.5502211805547216,6
"['V10', 'V16', 'V21']",0.4594594594594595,0.7555555555555555,0.5714285714285714,0.5501886704028675,3
"['V10', 'V16', 'V21', 'V17']",0.47297297297297297,0.7608695652173914,0.5833333333333334,0.5501665676425314,4
"['V10', 'V16', 'V5']",0.5135135135135135,0.7450980392156863,0.608,0.5501568083081351,3
"['V16', 'V12', 'V21', 'V17', 'V2', 'V19']",0.47297297297297297,0.7291666666666666,0.5737704918032787,0.5501442973640845,6
"['V16', 'V21', 'V17', 'V2', 'V19']",0.44594594594594594,0.75,0.559322033898305,0.5501089169517056,5
"['V4', 'V16', 'V8', 'V5', 'V21', 'V19']",0.4189189189189189,0.7045454545454546,0.5254237288135594,0.5500543354651243,6
"['V16', 'V5', 'V12', 'V21']",0.4864864864864865,0.7346938775510204,0.5853658536585366,0.5500163921344274,4
"['V5', 'V12', 'V21', 'V20', 'V17', 'V2']",0.5,0.74,0.5967741935483871,0.5500043086218395,6
"['V16', 'V17', 'V19']",0.4189189189189189,0.7380952380952381,0.5344827586206896,0.5499742782564014,3
"['V16', 'V5', 'V12', 'V20', 'V17', 'V2', 'V19']",0.5,0.74,0.5967741935483871,0.5499456150672227,7
"['V10', 'V16', 'V8', 'V20', 'V19']",0.4594594594594595,0.7555555555555555,0.5714285714285714,0.5499413113174045,5
"['V4', 'V16', 'V5', 'V17', 'V2']",0.4594594594594595,0.723404255319149,0.5619834710743802,0.549893767143154,5
"['V4', 'V10', 'V8', 'V21']",0.40540540540540543,0.6521739130434783,0.5,0.5497829553054451,4
"['V10', 'V16', 'V21', 'V17', 'V19']",0.4594594594594595,0.7555555555555555,0.5714285714285714,0.5497773395771783,5
"['V16', 'V20', 'V17']",0.4189189189189189,0.7380952380952381,0.5344827586206896,0.549611753001968,3
"['V16', 'V8', 'V12', 'V20']",0.44594594594594594,0.717391304347826,0.55,0.5495295641381585,4
"['V10', 'V16', 'V8', 'V2', 'V19']",0.4864864864864865,0.7659574468085106,0.5950413223140496,0.5495225823239751,5
"['V16', 'V8', 'V12', 'V2', 'V19']",0.4864864864864865,0.7346938775510204,0.5853658536585366,0.5495179001726862,5
"['V4', 'V16', 'V8', 'V20', 'V19']",0.43243243243243246,0.7272727272727273,0.5423728813559322,0.5494057595659784,5
"['V12', 'V21', 'V20', 'V17']",0.44594594594594594,0.717391304347826,0.55,0.5493791789921882,4
"['V8', 'V12', 'V17', 'V2']",0.47297297297297297,0.7291666666666666,0.5737704918032787,0.5493708378692609,4
"['V4', 'V10', 'V5', 'V19']",0.40540540540540543,0.625,0.4918032786885246,0.5493572867056631,4
"['V4', 'V16', 'V8', 'V2', 'V19']",0.4594594594594595,0.7391304347826086,0.5666666666666667,0.5493089897225039,5
"['V4', 'V16', 'V8', 'V21', 'V2']",0.44594594594594594,0.7333333333333333,0.5546218487394958,0.5492883739800168,5
"['V10', 'V16', 'V17', 'V19']",0.4864864864864865,0.7659574468085106,0.5950413223140496,0.5492881279668912,4
"['V16', 'V12', 'V21']",0.4594594594594595,0.723404255319149,0.5619834710743802,0.5492235465478318,3
"['V16', 'V8', 'V12']",0.44594594594594594,0.717391304347826,0.55,0.5492151372448654,3
"['V8', 'V12', 'V17', 'V2', 'V19']",0.4594594594594595,0.723404255319149,0.5619834710743802,0.5491771460225642,5
"['V16', 'V8', 'V5', 'V12', 'V20', 'V19']",0.4594594594594595,0.723404255319149,0.5619834710743802,0.5491302828591139,6
"['V16', 'V8', 'V21', 'V20', 'V17', 'V2', 'V19']",0.43243243243243246,0.7441860465116279,0.5470085470085471,0.5490293298645357,7
"['V4', 'V16', 'V5', 'V20', 'V17', 'V2']",0.4594594594594595,0.723404255319149,0.5619834710743802,0.5490260717313862,6
"['V16', 'V8', 'V12', 'V21']",0.47297297297297297,0.7291666666666666,0.5737704918032787,0.5489895080737334,4
"['V8', 'V5', 'V12', 'V21', 'V17', 'V2']",0.4864864864864865,0.7346938775510204,0.5853658536585366,0.5489597778925885,6
"['V4', 'V16', 'V8', 'V21', 'V20', 'V2']",0.44594594594594594,0.7333333333333333,0.5546218487394958,0.5489365389902925,6
"['V12', 'V20', 'V17']",0.4189189189189189,0.7045454545454546,0.5254237288135594,0.5489360587108868,3
"['V4', 'V10', 'V21']",0.40540540540540543,0.6521739130434783,0.5,0.5488613408491022,3
"['V16', 'V12', 'V21', 'V20']",0.44594594594594594,0.717391304347826,0.55,0.5488512213503964,4
"['V4', 'V16', 'V5', 'V17', 'V2', 'V19']",0.4594594594594595,0.723404255319149,0.5619834710743802,0.5488441219244405,6
"['V16', 'V8', 'V12', 'V20', 'V2', 'V19']",0.5,0.74,0.5967741935483871,0.548831450805566,6
"['V4', 'V16', 'V8', 'V21', 'V2', 'V19']",0.4594594594594595,0.7391304347826086,0.5666666666666667,0.5488124995479654,6
"['V10', 'V16', 'V17']",0.4864864864864865,0.75,0.5901639344262295,0.5487600981696479,3
"['V12', 'V21', 'V17']",0.4594594594594595,0.723404255319149,0.5619834710743802,0.5487526380994067,3
"['V4', 'V16', 'V5', 'V20', 'V17', 'V2', 'V19']",0.4594594594594595,0.723404255319149,0.5619834710743802,0.5486923931440809,7
"['V16', 'V8', 'V5', 'V12', 'V20', 'V2']",0.4864864864864865,0.75,0.5901639344262295,0.5486203637419612,6
"['V4', 'V16', 'V5', 'V20']",0.4189189189189189,0.7209302325581395,0.5299145299145299,0.5485949566102344,4
"['V10', 'V8', 'V5', 'V21']",0.4594594594594595,0.7083333333333334,0.5573770491803278,0.5485112811934462,4
"['V16', 'V8', 'V21', 'V17', 'V2', 'V19']",0.43243243243243246,0.7441860465116279,0.5470085470085471,0.5484224952609582,6
"['V4', 'V16', 'V8', 'V20', 'V2']",0.44594594594594594,0.7333333333333333,0.5546218487394958,0.5484138337947781,5
"['V16', 'V5', 'V12', 'V21', 'V20', 'V19']",0.4864864864864865,0.7346938775510204,0.5853658536585366,0.5484044654322591,6
"['V16', 'V8', 'V5', 'V12', 'V2']",0.4864864864864865,0.75,0.5901639344262295,0.5483852792722582,5
"['V16', 'V12', 'V20', 'V2']",0.47297297297297297,0.7446808510638298,0.5785123966942148,0.5483720879626964,4
"['V8', 'V12', 'V20', 'V17', 'V2', 'V19']",0.4594594594594595,0.723404255319149,0.5619834710743802,0.5483584875735957,6
"['V16', 'V8', 'V5', 'V12', 'V19']",0.4594594594594595,0.723404255319149,0.5619834710743802,0.5483095714555801,5
"['V16', 'V20', 'V17', 'V19']",0.4189189189189189,0.7380952380952381,0.5344827586206896,0.5481674805114726,4
"['V10', 'V8', 'V5', 'V2', 'V19']",0.3783783783783784,0.717948717948718,0.49557522123893805,0.5481528794120076,5
"['V4', 'V16', 'V21', 'V2', 'V19']",0.4594594594594595,0.7391304347826086,0.5666666666666667,0.5480774094008571,5
"['V16', 'V8', 'V5', 'V12', 'V21']",0.4864864864864865,0.7346938775510204,0.5853658536585366,0.5479928077397936,5
"['V16', 'V8', 'V5', 'V12', 'V21', 'V20', 'V19']",0.4864864864864865,0.7346938775510204,0.5853658536585366,0.5479437688564716,7
"['V4', 'V16', 'V8', 'V21', 'V19']",0.43243243243243246,0.6956521739130435,0.5333333333333333,0.5479427100835709,5
"['V16', 'V5', 'V12', 'V17', 'V2', 'V19']",0.5,0.74,0.5967741935483871,0.5479031390723716,6
"['V10', 'V5', 'V21']",0.44594594594594594,0.7021276595744681,0.5454545454545454,0.5477477500152611,3
"['V16', 'V8', 'V12', 'V21', 'V19']",0.4864864864864865,0.7346938775510204,0.5853658536585366,0.5477010367402945,5
"['V10', 'V8', 'V17', 'V2', 'V19']",0.47297297297297297,0.7446808510638298,0.5785123966942148,0.5476865374793319,5
"['V10', 'V8', 'V17', 'V2']",0.4594594594594595,0.7555555555555555,0.5714285714285714,0.5475602015642723,4
"['V16', 'V5', 'V12', 'V20']",0.47297297297297297,0.7291666666666666,0.5737704918032787,0.5474454824725755,4
"['V4', 'V16', 'V5', 'V20', 'V19']",0.44594594594594594,0.7333333333333333,0.5546218487394958,0.5472973581605105,5
"['V16', 'V5', 'V21', 'V20', 'V17']",0.4594594594594595,0.7555555555555555,0.5714285714285714,0.5472830482348507,5
"['V4', 'V16', 'V8', 'V5', 'V19']",0.43243243243243246,0.7111111111111111,0.5378151260504201,0.5472609970804806,5
"['V4', 'V16', 'V8', 'V21', 'V20', 'V2', 'V19']",0.4594594594594595,0.7391304347826086,0.5666666666666667,0.5472232361307714,7
"['V16', 'V8', 'V5', 'V12', 'V2', 'V19']",0.4864864864864865,0.75,0.5901639344262295,0.5471683856538393,6
"['V16', 'V8', 'V5', 'V12', 'V20', 'V2', 'V19']",0.4864864864864865,0.75,0.5901639344262295,0.5471505578290085,7
"['V10', 'V16', 'V8', 'V17']",0.4594594594594595,0.7391304347826086,0.5666666666666667,0.5471483900373703,4
"['V16', 'V21', 'V20', 'V17', 'V2', 'V19']",0.44594594594594594,0.75,0.559322033898305,0.5471029130192961,6
"['V8', 'V5', 'V12', 'V21', 'V17', 'V2', 'V19']",0.4864864864864865,0.7346938775510204,0.5853658536585366,0.5470654511571476,7
"['V16', 'V12', 'V21', 'V2']",0.4594594594594595,0.723404255319149,0.5619834710743802,0.5470519211660544,4
"['V8', 'V5', 'V12', 'V20', 'V17', 'V2', 'V19']",0.47297297297297297,0.7291666666666666,0.5737704918032787,0.5469770436146555,7
"['V16', 'V12', 'V2']",0.4594594594594595,0.7391304347826086,0.5666666666666667,0.546950641325114,3
"['V12', 'V20', 'V17', 'V19']",0.43243243243243246,0.7111111111111111,0.5378151260504201,0.5468920081483721,4
"['V4', 'V16', 'V8', 'V2']",0.44594594594594594,0.7333333333333333,0.5546218487394958,0.546870335844223,4
"['V16', 'V20', 'V17', 'V2', 'V19']",0.43243243243243246,0.7441860465116279,0.5470085470085471,0.5467246795978628,5
"['V5', 'V12', 'V21', 'V17', 'V2']",0.5,0.74,0.5967741935483871,0.54665606586817,5
"['V10', 'V16', 'V17', 'V2']",0.5,0.7551020408163265,0.6016260162601627,0.5464754739637692,4
"['V16', 'V12', 'V21', 'V20', 'V2']",0.4594594594594595,0.723404255319149,0.5619834710743802,0.5464090200583411,5
"['V16', 'V8', 'V5', 'V12', 'V21', 'V20', 'V2']",0.4864864864864865,0.75,0.5901639344262295,0.5463144685571624,7
"['V16', 'V8', 'V17', 'V2', 'V19']",0.43243243243243246,0.7441860465116279,0.5470085470085471,0.5462508192345319,5
"['V16', 'V8', 'V5', 'V12', 'V21', 'V2']",0.5,0.74,0.5967741935483871,0.5462361644486013,6
"['V16', 'V8', 'V5', 'V21', 'V20', 'V17', 'V2']",0.44594594594594594,0.75,0.559322033898305,0.5461140244954226,7
"['V10', 'V8', 'V5', 'V17', 'V19']",0.5405405405405406,0.7843137254901961,0.64,0.5461079404455259,5
"['V12', 'V21', 'V20', 'V17', 'V2']",0.47297297297297297,0.7291666666666666,0.5737704918032787,0.546105582483377,5
"['V16', 'V5', 'V12', 'V21', 'V19']",0.4864864864864865,0.7346938775510204,0.5853658536585366,0.5460383408650183,5
"['V4', 'V16', 'V8', 'V20', 'V2', 'V19']",0.4594594594594595,0.7391304347826086,0.5666666666666667,0.546013245342123,6
"['V4', 'V8', 'V21', 'V17', 'V2', 'V19']",0.43243243243243246,0.7111111111111111,0.5378151260504201,0.5459675674896945,6
"['V16', 'V5', 'V12']",0.4594594594594595,0.723404255319149,0.5619834710743802,0.5459246649016708,3
"['V16', 'V12', 'V21', 'V20', 'V19']",0.47297297297297297,0.7291666666666666,0.5737704918032787,0.5458888396804884,5
"['V16', 'V8', 'V12', 'V20', 'V19']",0.44594594594594594,0.717391304347826,0.55,0.5456507898549967,5
"['V16', 'V12', 'V21', 'V19']",0.47297297297297297,0.7291666666666666,0.5737704918032787,0.5456422174697835,4
"['V12', 'V21', 'V20', 'V17', 'V19']",0.47297297297297297,0.7291666666666666,0.5737704918032787,0.5456421321232812,5
"['V4', 'V8', 'V21', 'V20', 'V17', 'V2']",0.43243243243243246,0.7111111111111111,0.5378151260504201,0.5455857306332321,6
"['V10', 'V8', 'V5', 'V17']",0.5135135135135135,0.7755102040816326,0.6178861788617886,0.5455711978987305,4
"['V16', 'V8', 'V5', 'V21', 'V17', 'V2']",0.44594594594594594,0.75,0.559322033898305,0.5455460679776886,6
"['V4', 'V16', 'V5']",0.4189189189189189,0.7045454545454546,0.5254237288135594,0.5454922224763294,3
"['V16', 'V17', 'V2']",0.43243243243243246,0.7441860465116279,0.5470085470085471,0.5454134158917806,3
"['V12', 'V17', 'V2']",0.4594594594594595,0.723404255319149,0.5619834710743802,0.5454101991807468,3
"['V10', 'V16', 'V8', 'V17', 'V19']",0.47297297297297297,0.7446808510638298,0.5785123966942148,0.5453843550088425,5
"['V16', 'V12', 'V20']",0.4594594594594595,0.723404255319149,0.5619834710743802,0.5453039370524885,3
"['V10', 'V8', 'V20', 'V17', 'V19']",0.4594594594594595,0.7555555555555555,0.5714285714285714,0.5452582540668169,5
"['V4', 'V8', 'V21', 'V17', 'V2']",0.43243243243243246,0.7111111111111111,0.5378151260504201,0.5452059006332218,5
"['V16', 'V8', 'V5', 'V12', 'V21', 'V19']",0.4864864864864865,0.7346938775510204,0.5853658536585366,0.5451892360970659,6
"['V10', 'V5', 'V20', 'V19']",0.44594594594594594,0.7333333333333333,0.5546218487394958,0.5451784948454528,4
"['V4', 'V8', 'V21', 'V20', 'V17', 'V2', 'V19']",0.43243243243243246,0.7111111111111111,0.5378151260504201,0.5451576993122702,7
"['V10', 'V16', 'V17', 'V2', 'V19']",0.4864864864864865,0.75,0.5901639344262295,0.5451466106166244,5
"['V16', 'V8', 'V5', 'V20', 'V17', 'V2']",0.43243243243243246,0.7441860465116279,0.5470085470085471,0.5451435876493296,6
"['V12', 'V21', 'V17', 'V19']",0.47297297297297297,0.7291666666666666,0.5737704918032787,0.5451358872913016,4
"['V16', 'V5', 'V17']",0.4594594594594595,0.7555555555555555,0.5714285714285714,0.5450082011086564,3
"['V8', 'V5', 'V12', 'V17', 'V2']",0.47297297297297297,0.7291666666666666,0.5737704918032787,0.5448999001581143,5
"['V10', 'V8', 'V20', 'V17']",0.4594594594594595,0.7555555555555555,0.5714285714285714,0.5448867624080314,4
"['V16', 'V8', 'V5', 'V12', 'V21', 'V20', 'V2', 'V19']",0.4864864864864865,0.7346938775510204,0.5853658536585366,0.5448378705841929,8
"['V4', 'V10', 'V8', 'V19']",0.40540540540540543,0.6382978723404256,0.49586776859504134,0.5447950399596612,4
"['V10', 'V16', 'V8']",0.47297297297297297,0.7446808510638298,0.5785123966942148,0.5447327258614126,3
"['V16', 'V5', 'V12', 'V21', 'V2']",0.5,0.74,0.5967741935483871,0.544722295300343,5
"['V10', 'V16', 'V8', 'V19']",0.47297297297297297,0.7608695652173914,0.5833333333333334,0.544719519952797,4
"['V16', 'V8', 'V12', 'V19']",0.44594594594594594,0.717391304347826,0.55,0.5446956090480666,4
"['V16', 'V8', 'V5', 'V12', 'V21', 'V2', 'V19']",0.5,0.74,0.5967741935483871,0.544616810789297,7
"['V16', 'V5', 'V21', 'V20', 'V17', 'V2']",0.44594594594594594,0.75,0.559322033898305,0.5444804092193011,6
"['V16', 'V5', 'V12', 'V2']",0.4864864864864865,0.75,0.5901639344262295,0.5443870075976214,4
"['V4', 'V16', 'V20']",0.4189189189189189,0.7209302325581395,0.5299145299145299,0.5443127092953354,3
"['V10', 'V5', 'V17', 'V19']",0.527027027027027,0.7647058823529411,0.624,0.5439448085865475,4
"['V4', 'V16', 'V8', 'V19']",0.43243243243243246,0.6956521739130435,0.5333333333333333,0.5438963104503548,4
"['V16', 'V5', 'V21', 'V17', 'V2']",0.44594594594594594,0.75,0.559322033898305,0.543879414387374,5
"['V4', 'V16', 'V8', 'V5', 'V20', 'V2']",0.43243243243243246,0.7272727272727273,0.5423728813559322,0.5438664269854545,6
"['V12', 'V20', 'V17', 'V2']",0.4594594594594595,0.723404255319149,0.5619834710743802,0.543863154670446,4
"['V4', 'V16', 'V21', 'V2']",0.44594594594594594,0.7333333333333333,0.5546218487394958,0.5437935539653825,4
"['V16', 'V5', 'V21', 'V20', 'V17', 'V19']",0.4594594594594595,0.7555555555555555,0.5714285714285714,0.5437400236766151,6
"['V5', 'V12', 'V21', 'V17', 'V2', 'V19']",0.5,0.74,0.5967741935483871,0.5436786140651478,6
"['V12', 'V21', 'V17', 'V2']",0.47297297297297297,0.7291666666666666,0.5737704918032787,0.543577139675087,4
"['V16', 'V5', 'V12', 'V20', 'V2']",0.4864864864864865,0.75,0.5901639344262295,0.5434467657953794,5
"['V16', 'V5', 'V20', 'V17']",0.4594594594594595,0.7555555555555555,0.5714285714285714,0.5433978803026351,4
"['V4', 'V16', 'V8', 'V5', 'V21', 'V2']",0.43243243243243246,0.7272727272727273,0.5423728813559322,0.5433763149692932,6
"['V10', 'V16', 'V2']",0.4864864864864865,0.75,0.5901639344262295,0.5433216945005653,3
"['V10', 'V16', 'V2', 'V19']",0.4864864864864865,0.75,0.5901639344262295,0.5433114703867546,4
"['V10', 'V16', 'V19']",0.44594594594594594,0.7333333333333333,0.5546218487394958,0.5432796476799462,3
"['V4', 'V8', 'V5', 'V21', 'V20', 'V17', 'V2', 'V19']",0.43243243243243246,0.6956521739130435,0.5333333333333333,0.5431893143236419,8
"['V12', 'V17', 'V19']",0.43243243243243246,0.7111111111111111,0.5378151260504201,0.543171880717642,3
"['V16', 'V5', 'V12', 'V21', 'V20', 'V2']",0.4864864864864865,0.75,0.5901639344262295,0.5430644249584512,6
"['V5', 'V12', 'V20', 'V17', 'V2']",0.47297297297297297,0.7291666666666666,0.5737704918032787,0.542849728308598,5
"['V10', 'V20', 'V17', 'V2']",0.4864864864864865,0.75,0.5901639344262295,0.5427622883569615,4
"['V10', 'V20', 'V17', 'V19']",0.4594594594594595,0.7391304347826086,0.5666666666666667,0.5427353386616158,4
"['V16', 'V5', 'V17', 'V19']",0.4594594594594595,0.7555555555555555,0.5714285714285714,0.5426511995064585,4
"['V10', 'V20', 'V17', 'V2', 'V19']",0.47297297297297297,0.7446808510638298,0.5785123966942148,0.5426031379511648,5
"['V16', 'V5', 'V12', 'V20', 'V2', 'V19']",0.4864864864864865,0.7346938775510204,0.5853658536585366,0.5425934013197716,6
"['V10', 'V20', 'V17']",0.4594594594594595,0.7391304347826086,0.5666666666666667,0.542519896947715,3
"['V12', 'V17', 'V2', 'V19']",0.4594594594594595,0.723404255319149,0.5619834710743802,0.5425197324678274,4
"['V4', 'V16', 'V8', 'V5', 'V2']",0.43243243243243246,0.7272727272727273,0.5423728813559322,0.5425133672792738,5
"['V4', 'V16', 'V20', 'V19']",0.44594594594594594,0.7333333333333333,0.5546218487394958,0.5424846291418823,4
"['V4', 'V16', 'V2']",0.43243243243243246,0.7272727272727273,0.5423728813559322,0.5423696967393223,3
"['V10', 'V8', 'V21', 'V17', 'V19']",0.47297297297297297,0.7142857142857143,0.5691056910569106,0.5423174516659011,5
"['V16', 'V5', 'V12', 'V2', 'V19']",0.4864864864864865,0.7346938775510204,0.5853658536585366,0.5421547171216567,5
"['V4', 'V16', 'V8', 'V5', 'V21', 'V2', 'V19']",0.44594594594594594,0.7333333333333333,0.5546218487394958,0.5421146841044804,7
"['V16', 'V5', 'V12', 'V21', 'V20', 'V2', 'V19']",0.4864864864864865,0.7346938775510204,0.5853658536585366,0.542066662205886,7
"['V10', 'V5', 'V17']",0.5675675675675675,0.7777777777777778,0.65625,0.5419976667947473,3
"['V4', 'V10', 'V8', 'V5']",0.43243243243243246,0.64,0.5161290322580645,0.5419913440726182,4
"['V16', 'V5', 'V12', 'V21', 'V2', 'V19']",0.5,0.74,0.5967741935483871,0.5419129368937365,6
"['V4', 'V16', 'V8', 'V5', 'V21', 'V20', 'V2']",0.43243243243243246,0.7111111111111111,0.5378151260504201,0.5417914959876946,7
"['V4', 'V16', 'V8', 'V5', 'V20', 'V2', 'V19']",0.44594594594594594,0.7333333333333333,0.5546218487394958,0.5417820633759157,7
"['V12', 'V21', 'V20', 'V17', 'V2', 'V19']",0.4594594594594595,0.723404255319149,0.5619834710743802,0.5417393314788059,6
"['V16', 'V12', 'V21', 'V2', 'V19']",0.47297297297297297,0.7291666666666666,0.5737704918032787,0.5416354625084823,5
"['V4', 'V8', 'V5', 'V21', 'V20', 'V17', 'V2']",0.43243243243243246,0.6956521739130435,0.5333333333333333,0.5416214457373699,7
"['V4', 'V16', 'V2', 'V19']",0.4594594594594595,0.7391304347826086,0.5666666666666667,0.5416006473606226,4
"['V8', 'V5', 'V12', 'V17', 'V2', 'V19']",0.47297297297297297,0.7291666666666666,0.5737704918032787,0.5415305091034496,6
"['V4', 'V8', 'V5', 'V21', 'V17', 'V2']",0.43243243243243246,0.7111111111111111,0.5378151260504201,0.5415148484632424,6
"['V4', 'V8', 'V5', 'V21', 'V17', 'V2', 'V19']",0.43243243243243246,0.7111111111111111,0.5378151260504201,0.5414767648942138,7
"['V10', 'V8', 'V21', 'V17']",0.47297297297297297,0.7142857142857143,0.5691056910569106,0.5413239166467307,4
"['V16', 'V8', 'V5', 'V21', 'V20', 'V17', 'V2', 'V19']",0.4594594594594595,0.7555555555555555,0.5714285714285714,0.5412943974981392,8
"['V8', 'V5', 'V21', 'V20', 'V17']",0.40540540540540543,0.7317073170731707,0.5217391304347826,0.5412460257026257,5
"['V16', 'V12', 'V20', 'V2', 'V19']",0.47297297297297297,0.7291666666666666,0.5737704918032787,0.5412394055662738,5
"['V16', 'V12', 'V21', 'V20', 'V2', 'V19']",0.47297297297297297,0.7291666666666666,0.5737704918032787,0.5412324942994982,6
"['V16', 'V12', 'V2', 'V19']",0.47297297297297297,0.7291666666666666,0.5737704918032787,0.5411253542530321,4
"['V8', 'V5', 'V21', 'V17', 'V19']",0.4189189189189189,0.7209302325581395,0.5299145299145299,0.5409416900974686,5
"['V5', 'V12', 'V17', 'V2']",0.47297297297297297,0.7291666666666666,0.5737704918032787,0.5408897348534395,4
"['V8', 'V5', 'V21', 'V17']",0.40540540540540543,0.7317073170731707,0.5217391304347826,0.5408637785367303,4
"['V21', 'V17', 'V2']",0.40540540540540543,0.7317073170731707,0.5217391304347826,0.5408530387353294,3
"['V4', 'V16', 'V21']",0.40540540540540543,0.6818181818181818,0.5084745762711864,0.5408001746981138,3
"['V16', 'V12', 'V19']",0.4594594594594595,0.723404255319149,0.5619834710743802,0.5406959877264482,3
"['V8', 'V5', 'V21', 'V20', 'V17', 'V19']",0.4189189189189189,0.7380952380952381,0.5344827586206896,0.5406321664551956,6
"['V16', 'V12', 'V20', 'V19']",0.4594594594594595,0.723404255319149,0.5619834710743802,0.5405400095910394,4
"['V4', 'V10', 'V19']",0.3783783783783784,0.6222222222222222,0.47058823529411764,0.5404573226496252,3
"['V5', 'V12', 'V20', 'V17', 'V2', 'V19']",0.47297297297297297,0.7291666666666666,0.5737704918032787,0.5404353786528987,6
"['V4', 'V16', 'V5', 'V21']",0.40540540540540543,0.6818181818181818,0.5084745762711864,0.5404330164934247,4
"['V17', 'V2', 'V19']",0.40540540540540543,0.7317073170731707,0.5217391304347826,0.5403476756185214,3
"['V4', 'V16', 'V21', 'V20', 'V2']",0.44594594594594594,0.7333333333333333,0.5546218487394958,0.5403403140945728,5
"['V10', 'V8', 'V20', 'V2', 'V19']",0.3783783783783784,0.717948717948718,0.49557522123893805,0.5403112339078466,5
"['V4', 'V16', 'V5', 'V19']",0.4189189189189189,0.7045454545454546,0.5254237288135594,0.5401938190481639,4
"['V4', 'V16', 'V8', 'V5', 'V21', 'V20', 'V2', 'V19']",0.44594594594594594,0.717391304347826,0.55,0.5401266906297049,8
"['V16', 'V8', 'V5', 'V20', 'V17', 'V2', 'V19']",0.43243243243243246,0.7441860465116279,0.5470085470085471,0.5400579873583953,7
"['V16', 'V5', 'V12', 'V19']",0.47297297297297297,0.7291666666666666,0.5737704918032787,0.5399622401587701,4
"['V16', 'V5', 'V12', 'V20', 'V19']",0.47297297297297297,0.7291666666666666,0.5737704918032787,0.5399576166708541,5
"['V4', 'V16', 'V19']",0.4189189189189189,0.7045454545454546,0.5254237288135594,0.5399531842129689,3
"['V21', 'V17', 'V2', 'V19']",0.40540540540540543,0.7317073170731707,0.5217391304347826,0.5399088854732693,4
"['V4', 'V10', 'V8']",0.3783783783783784,0.6363636363636364,0.4745762711864407,0.5398897216281054,3
"['V16', 'V5', 'V20', 'V17', 'V19']",0.4594594594594595,0.7555555555555555,0.5714285714285714,0.5398668409334294,5
"['V12', 'V21', 'V17', 'V2', 'V19']",0.47297297297297297,0.7291666666666666,0.5737704918032787,0.5398273667934511,5
"['V4', 'V16', 'V20', 'V2']",0.43243243243243246,0.7272727272727273,0.5423728813559322,0.5397536509442932,4
"['V16', 'V5', 'V21', 'V20', 'V17', 'V2', 'V19']",0.4594594594594595,0.7555555555555555,0.5714285714285714,0.5395789432501183,7
"['V16', 'V17', 'V2', 'V19']",0.43243243243243246,0.7441860465116279,0.5470085470085471,0.5395576040857755,4
"['V10', 'V8', 'V20', 'V2']",0.3783783783783784,0.717948717948718,0.49557522123893805,0.5393827013017017,4
"['V16', 'V8', 'V5', 'V21', 'V17', 'V2', 'V19']",0.4594594594594595,0.7555555555555555,0.5714285714285714,0.539269399652475,7
"['V12', 'V20', 'V17', 'V2', 'V19']",0.4594594594594595,0.723404255319149,0.5619834710743802,0.5392137342132688,5
"['V16', 'V5', 'V21', 'V17', 'V2', 'V19']",0.4594594594594595,0.7555555555555555,0.5714285714285714,0.5392037904693009,6
"['V4', 'V16', 'V8', 'V5', 'V2', 'V19']",0.44594594594594594,0.7333333333333333,0.5546218487394958,0.5389135198920797,6
"['V5', 'V12', 'V21', 'V20', 'V17', 'V2', 'V19']",0.5,0.74,0.5967741935483871,0.5385871122116551,7
"['V8', 'V21', 'V20', 'V17', 'V2']",0.40540540540540543,0.7317073170731707,0.5217391304347826,0.5385213574216723,5
"['V10', 'V8', 'V17', 'V19']",0.44594594594594594,0.75,0.559322033898305,0.5384970383752314,4
"['V4', 'V16', 'V21', 'V20', 'V2', 'V19']",0.4594594594594595,0.7391304347826086,0.5666666666666667,0.5384969855118173,6
"['V10', 'V5', 'V20']",0.3918918918918919,0.6904761904761905,0.5,0.5384395551903896,3
"['V8', 'V21', 'V20', 'V17', 'V2', 'V19']",0.40540540540540543,0.7317073170731707,0.5217391304347826,0.5384027195658541,6
"['V4', 'V16', 'V20', 'V2', 'V19']",0.4594594594594595,0.7391304347826086,0.5666666666666667,0.5383874182395958,5
"['V10', 'V8', 'V17']",0.43243243243243246,0.7441860465116279,0.5470085470085471,0.5383031150478005,3
"['V16', 'V5', 'V20', 'V17', 'V2']",0.43243243243243246,0.7441860465116279,0.5470085470085471,0.5382958958828845,5
"['V8', 'V21', 'V17', 'V2', 'V19']",0.40540540540540543,0.7317073170731707,0.5217391304347826,0.5381949180529001,5
"['V8', 'V21', 'V20', 'V17']",0.40540540540540543,0.7317073170731707,0.5217391304347826,0.5381530865610947,4
"['V5', 'V21', 'V17']",0.40540540540540543,0.7317073170731707,0.5217391304347826,0.538028855262324,3
"['V10', 'V21', 'V17', 'V19']",0.4594594594594595,0.7083333333333334,0.5573770491803278,0.5379121780034348,4
"['V8', 'V21', 'V20', 'V17', 'V19']",0.40540540540540543,0.7317073170731707,0.5217391304347826,0.5378991816509494,5
"['V8', 'V21', 'V17', 'V2']",0.40540540540540543,0.7317073170731707,0.5217391304347826,0.5375904563424364,4
"['V4', 'V16', 'V5', 'V21', 'V2']",0.44594594594594594,0.717391304347826,0.55,0.5372835878997803,5
"['V10', 'V21', 'V17']",0.4594594594594595,0.7083333333333334,0.5573770491803278,0.5372825279648842,3
"['V16', 'V8', 'V5', 'V17', 'V2']",0.43243243243243246,0.7441860465116279,0.5470085470085471,0.5372742387264142,5
"['V4', 'V16', 'V5', 'V21', 'V19']",0.40540540540540543,0.6818181818181818,0.5084745762711864,0.5369606325275377,5
"['V4', 'V16', 'V21', 'V19']",0.43243243243243246,0.6808510638297872,0.5289256198347108,0.5368439935070514,4
"['V21', 'V17', 'V19']",0.40540540540540543,0.7317073170731707,0.5217391304347826,0.5366643299912272,3
"['V10', 'V17', 'V2', 'V19']",0.47297297297297297,0.7446808510638298,0.5785123966942148,0.5365818205005733,4
"['V4', 'V16', 'V5', 'V21', 'V20', 'V2']",0.44594594594594594,0.717391304347826,0.55,0.536532374244331,6
"['V21', 'V20', 'V17', 'V2']",0.40540540540540543,0.7317073170731707,0.5217391304347826,0.5363934569919946,4
"['V5', 'V21', 'V17', 'V19']",0.40540540540540543,0.7142857142857143,0.5172413793103449,0.5363379867876557,4
"['V10', 'V17', 'V2']",0.47297297297297297,0.7446808510638298,0.5785123966942148,0.5361722107441957,3
"['V4', 'V8', 'V5', 'V21', 'V20', 'V17']",0.40540540540540543,0.6521739130434783,0.5,0.5360902600439581,6
"['V4', 'V16', 'V5', 'V21', 'V2', 'V19']",0.4594594594594595,0.723404255319149,0.5619834710743802,0.5360786134896937,6
"['V4', 'V8', 'V5', 'V21', 'V20', 'V17', 'V19']",0.40540540540540543,0.6521739130434783,0.5,0.5359234628560515,7
"['V4', 'V8', 'V5', 'V21', 'V17']",0.40540540540540543,0.6666666666666666,0.5042016806722689,0.5358750324591738,5
"['V4', 'V8', 'V21', 'V20', 'V17']",0.3783783783783784,0.6086956521739131,0.4666666666666667,0.53558204923057,5
"['V4', 'V8', 'V17', 'V2']",0.43243243243243246,0.7111111111111111,0.5378151260504201,0.5355637314992316,4
"['V8', 'V21', 'V17']",0.40540540540540543,0.7317073170731707,0.5217391304347826,0.5354895832229688,3
"['V4', 'V8', 'V21', 'V20', 'V17', 'V19']",0.3783783783783784,0.6222222222222222,0.47058823529411764,0.535471477830596,6
"['V8', 'V5', 'V20', 'V17']",0.4189189189189189,0.7380952380952381,0.5344827586206896,0.53546372443242,4
"['V21', 'V20', 'V17']",0.40540540540540543,0.7317073170731707,0.5217391304347826,0.535223590090623,3
"['V10', 'V8', 'V5', 'V2']",0.35135135135135137,0.7027027027027027,0.46846846846846846,0.5351692008530153,4
"['V4', 'V8', 'V17', 'V2', 'V19']",0.43243243243243246,0.7111111111111111,0.5378151260504201,0.5351664030321793,5
"['V8', 'V5', 'V20', 'V17', 'V19']",0.4189189189189189,0.7380952380952381,0.5344827586206896,0.5350738896851328,5
"['V4', 'V8', 'V21', 'V17', 'V19']",0.3783783783783784,0.6511627906976745,0.47863247863247865,0.5350602954664961,5
"['V8', 'V21', 'V17', 'V19']",0.40540540540540543,0.7317073170731707,0.5217391304347826,0.5350525494014633,4
"['V8', 'V5', 'V17']",0.4189189189189189,0.7380952380952381,0.5344827586206896,0.5349960981876994,3
"['V5', 'V12', 'V17', 'V2', 'V19']",0.47297297297297297,0.7291666666666666,0.5737704918032787,0.5349374868551513,5
"['V21', 'V20', 'V17', 'V19']",0.40540540540540543,0.7317073170731707,0.5217391304347826,0.5348933905027662,4
"['V4', 'V16', 'V5', 'V21', 'V20', 'V2', 'V19']",0.4594594594594595,0.7391304347826086,0.5666666666666667,0.5348913054159925,7
"['V10', 'V17', 'V19']",0.47297297297297297,0.7446808510638298,0.5785123966942148,0.5348649418239563,3
"['V21', 'V20', 'V17', 'V2', 'V19']",0.40540540540540543,0.7317073170731707,0.5217391304347826,0.5347635762392462,5
"['V4', 'V8', 'V5', 'V21', 'V17', 'V19']",0.3918918918918919,0.6590909090909091,0.4915254237288136,0.5346751625221974,6
"['V4', 'V10', 'V5']",0.3918918918918919,0.6170212765957447,0.4793388429752066,0.5345232172624015,3
"['V8', 'V5', 'V17', 'V19']",0.4189189189189189,0.7209302325581395,0.5299145299145299,0.5344398067427378,4
"['V8', 'V20', 'V17', 'V2', 'V19']",0.40540540540540543,0.7317073170731707,0.5217391304347826,0.5343831212370238,5
"['V8', 'V20', 'V17', 'V2']",0.40540540540540543,0.7317073170731707,0.5217391304347826,0.5340009109851565,4
"['V8', 'V17', 'V19']",0.40540540540540543,0.7317073170731707,0.5217391304347826,0.5339418338728227,3
"['V4', 'V8', 'V20', 'V17', 'V2']",0.43243243243243246,0.7111111111111111,0.5378151260504201,0.5334224993821853,5
"['V4', 'V8', 'V21', 'V17']",0.3783783783783784,0.6511627906976745,0.47863247863247865,0.5333700975867983,4
"['V4', 'V8', 'V20', 'V17', 'V2', 'V19']",0.43243243243243246,0.7111111111111111,0.5378151260504201,0.5331926401507999,6
"['V4', 'V8', 'V5', 'V17', 'V2', 'V19']",0.43243243243243246,0.7111111111111111,0.5378151260504201,0.53316120981255,6
"['V10', 'V8', 'V20', 'V19']",0.3918918918918919,0.725,0.5087719298245614,0.533160791551385,4
"['V4', 'V8', 'V5', 'V20', 'V17', 'V2']",0.43243243243243246,0.7111111111111111,0.5378151260504201,0.5330403007564455,6
"['V8', 'V20', 'V17']",0.40540540540540543,0.7317073170731707,0.5217391304347826,0.533006052510893,3
"['V8', 'V20', 'V17', 'V19']",0.40540540540540543,0.7317073170731707,0.5217391304347826,0.5330046039033465,4
"['V4', 'V5', 'V21', 'V17', 'V2', 'V19']",0.44594594594594594,0.717391304347826,0.55,0.5327630378459457,6
"['V10', 'V8', 'V2']",0.3783783783783784,0.7,0.49122807017543857,0.532327706877996,3
"['V4', 'V8', 'V5', 'V20', 'V17', 'V2', 'V19']",0.43243243243243246,0.7111111111111111,0.5378151260504201,0.5322479249827945,7
"['V4', 'V8', 'V5', 'V17', 'V2']",0.43243243243243246,0.7111111111111111,0.5378151260504201,0.5321237030823378,5
"['V16', 'V8', 'V5', 'V17', 'V2', 'V19']",0.43243243243243246,0.7441860465116279,0.5470085470085471,0.531875737637576,6
"['V5', 'V21', 'V20', 'V17']",0.40540540540540543,0.7317073170731707,0.5217391304347826,0.5316596979354506,4
"['V10', 'V8', 'V2', 'V19']",0.3783783783783784,0.7,0.49122807017543857,0.5315766469969894,4
"['V10', 'V21', 'V19']",0.43243243243243246,0.6956521739130435,0.5333333333333333,0.5313636981824297,3
"['V16', 'V5', 'V20', 'V17', 'V2', 'V19']",0.43243243243243246,0.7441860465116279,0.5470085470085471,0.5313354727283577,6
"['V4', 'V5', 'V21', 'V17', 'V2']",0.44594594594594594,0.7021276595744681,0.5454545454545454,0.5312223267437552,5
"['V10', 'V8', 'V21', 'V19']",0.43243243243243246,0.6956521739130435,0.5333333333333333,0.5311336239567677,4
"['V5', 'V21', 'V20', 'V17', 'V19']",0.40540540540540543,0.7317073170731707,0.5217391304347826,0.5311174821276106,5
"['V20', 'V17', 'V19']",0.3783783783783784,0.717948717948718,0.49557522123893805,0.5300446291218268,3
"['V8', 'V5', 'V20', 'V17', 'V2', 'V19']",0.40540540540540543,0.7317073170731707,0.5217391304347826,0.5296951881375024,6
"['V4', 'V5', 'V20', 'V17', 'V2']",0.44594594594594594,0.7333333333333333,0.5546218487394958,0.5294754815463218,5
"['V5', 'V21', 'V20', 'V17', 'V2']",0.40540540540540543,0.7317073170731707,0.5217391304347826,0.529438259685784,5
"['V8', 'V5', 'V20', 'V17', 'V2']",0.40540540540540543,0.7317073170731707,0.5217391304347826,0.5293210294556853,5
"['V10', 'V8', 'V21']",0.3918918918918919,0.6590909090909091,0.4915254237288136,0.5284751466366163,3
"['V5', 'V21', 'V20', 'V17', 'V2', 'V19']",0.40540540540540543,0.7317073170731707,0.5217391304347826,0.5282798359009747,6
"['V4', 'V5', 'V20', 'V17', 'V2', 'V19']",0.44594594594594594,0.717391304347826,0.55,0.5281680387517694,6
"['V16', 'V5', 'V17', 'V2']",0.43243243243243246,0.7441860465116279,0.5470085470085471,0.5280970739274506,4
"['V4', 'V16', 'V5', 'V2']",0.43243243243243246,0.7272727272727273,0.5423728813559322,0.5277406734313136,4
"['V10', 'V8', 'V20']",0.3783783783783784,0.717948717948718,0.49557522123893805,0.5277341453981322,3
"['V4', 'V21', 'V20', 'V17', 'V19']",0.3918918918918919,0.6590909090909091,0.4915254237288136,0.5274766042422112,5
"['V4', 'V16', 'V5', 'V2', 'V19']",0.4594594594594595,0.7391304347826086,0.5666666666666667,0.5273266838753728,5
"['V4', 'V5', 'V17', 'V2']",0.44594594594594594,0.717391304347826,0.55,0.5270488307460611,4
"['V4', 'V21', 'V17', 'V19']",0.3918918918918919,0.6590909090909091,0.4915254237288136,0.5269634324902107,4
"['V4', 'V16', 'V5', 'V20', 'V2', 'V19']",0.4594594594594595,0.7391304347826086,0.5666666666666667,0.5269437565527278,6
"['V8', 'V17', 'V2']",0.40540540540540543,0.7317073170731707,0.5217391304347826,0.5268201676269441,3
"['V5', 'V21', 'V17', 'V2']",0.40540540540540543,0.7317073170731707,0.5217391304347826,0.5267786681803471,4
"['V8', 'V17', 'V2', 'V19']",0.40540540540540543,0.7317073170731707,0.5217391304347826,0.526675457522663,4
"['V4', 'V16', 'V5', 'V20', 'V2']",0.43243243243243246,0.7111111111111111,0.5378151260504201,0.5265109683364139,5
"['V4', 'V5', 'V21', 'V20', 'V17', 'V2', 'V19']",0.44594594594594594,0.7021276595744681,0.5454545454545454,0.5264402477643684,7
"['V4', 'V21', 'V17']",0.3918918918918919,0.6444444444444445,0.48739495798319327,0.5262529730932329,3
"['V5', 'V21', 'V17', 'V2', 'V19']",0.40540540540540543,0.7317073170731707,0.5217391304347826,0.526242762147271,5
"['V4', 'V5', 'V21', 'V20', 'V17', 'V19']",0.3918918918918919,0.6590909090909091,0.4915254237288136,0.5258312474264313,6
"['V5', 'V20', 'V17']",0.3783783783783784,0.717948717948718,0.49557522123893805,0.5256659416188703,3
"['V8', 'V5', 'V21', 'V20', 'V17', 'V2', 'V19']",0.40540540540540543,0.7317073170731707,0.5217391304347826,0.5255712864362487,7
"['V4', 'V5', 'V21', 'V20', 'V17', 'V2']",0.44594594594594594,0.7021276595744681,0.5454545454545454,0.5254766150725892,6
"['V4', 'V5', 'V17', 'V2', 'V19']",0.44594594594594594,0.717391304347826,0.55,0.5253349784266603,5
"['V4', 'V21', 'V20', 'V17']",0.3918918918918919,0.6590909090909091,0.4915254237288136,0.525320829190632,4
"['V4', 'V5', 'V21', 'V20', 'V17']",0.3918918918918919,0.6590909090909091,0.4915254237288136,0.5249402000345348,5
"['V8', 'V5', 'V21', 'V20', 'V17', 'V2']",0.40540540540540543,0.7317073170731707,0.5217391304347826,0.5249251171971321,6
"['V8', 'V5', 'V21', 'V17', 'V2']",0.40540540540540543,0.7317073170731707,0.5217391304347826,0.5244965796138703,5
"['V10', 'V20', 'V2', 'V19']",0.3783783783783784,0.7,0.49122807017543857,0.5243434032522714,4
"['V5', 'V20', 'V17', 'V19']",0.3783783783783784,0.717948717948718,0.49557522123893805,0.524261027278567,4
"['V5', 'V17', 'V19']",0.3783783783783784,0.717948717948718,0.49557522123893805,0.5242148922518811,3
"['V4', 'V5', 'V21', 'V17', 'V19']",0.3783783783783784,0.6363636363636364,0.4745762711864407,0.5234503007359014,5
"['V10', 'V8', 'V5', 'V19']",0.4189189189189189,0.7209302325581395,0.5299145299145299,0.5233572105317156,4
"['V8', 'V5', 'V21', 'V17', 'V2', 'V19']",0.40540540540540543,0.7317073170731707,0.5217391304347826,0.5231774376076864,6
"['V16', 'V5', 'V17', 'V2', 'V19']",0.43243243243243246,0.7441860465116279,0.5470085470085471,0.5229493923932401,5
"['V10', 'V5', 'V2', 'V19']",0.3783783783783784,0.6666666666666666,0.4827586206896552,0.522132266079283,4
"['V4', 'V12', 'V21', 'V2', 'V19']",0.4864864864864865,0.7346938775510204,0.5853658536585366,0.5213192734241975,5
"['V4', 'V12', 'V21', 'V19']",0.4864864864864865,0.7346938775510204,0.5853658536585366,0.5211036834559505,4
"['V4', 'V12', 'V21', 'V20', 'V2', 'V19']",0.4864864864864865,0.7346938775510204,0.5853658536585366,0.521029471078518,6
"['V4', 'V8', 'V12', 'V21', 'V20']",0.4864864864864865,0.7346938775510204,0.5853658536585366,0.5209593637789653,5
"['V4', 'V12', 'V21', 'V20', 'V2']",0.4864864864864865,0.7346938775510204,0.5853658536585366,0.5209356505517682,5
"['V4', 'V5', 'V21', 'V17']",0.3783783783783784,0.6363636363636364,0.4745762711864407,0.520815724355672,4
"['V4', 'V12', 'V21']",0.4864864864864865,0.7346938775510204,0.5853658536585366,0.5204190166616235,3
"['V4', 'V8', 'V12', 'V21', 'V20', 'V19']",0.47297297297297297,0.7291666666666666,0.5737704918032787,0.5200898031545941,6
"['V4', 'V12', 'V21', 'V2']",0.4864864864864865,0.7346938775510204,0.5853658536585366,0.5199600020146392,4
"['V4', 'V12', 'V21', 'V20', 'V19']",0.4864864864864865,0.7346938775510204,0.5853658536585366,0.519537735211859,5
"['V4', 'V12', 'V21', 'V20']",0.4864864864864865,0.7346938775510204,0.5853658536585366,0.5194423184063325,4
"['V4', 'V8', 'V12', 'V21', 'V19']",0.47297297297297297,0.7291666666666666,0.5737704918032787,0.5193529537681235,5
"['V10', 'V5', 'V19']",0.3783783783783784,0.6666666666666666,0.4827586206896552,0.5189076731172759,3
"['V10', 'V20', 'V2']",0.36486486486486486,0.675,0.47368421052631576,0.5186082854199616,3
"['V4', 'V8', 'V12', 'V21', 'V2']",0.4864864864864865,0.72,0.5806451612903226,0.5185277885559109,5
"['V10', 'V20', 'V19']",0.3918918918918919,0.6904761904761905,0.5,0.5184008481800565,3
"['V4', 'V8', 'V20', 'V17', 'V19']",0.3783783783783784,0.6222222222222222,0.47058823529411764,0.5179008817428069,5
"['V4', 'V8', 'V12', 'V21']",0.47297297297297297,0.7291666666666666,0.5737704918032787,0.5175877674645792,4
"['V4', 'V8', 'V20', 'V17']",0.3783783783783784,0.6222222222222222,0.47058823529411764,0.5174265328092319,4
"['V4', 'V8', 'V5', 'V17']",0.3918918918918919,0.6590909090909091,0.4915254237288136,0.5171463885872466,4
"['V4', 'V8', 'V5', 'V20', 'V17']",0.3918918918918919,0.6444444444444445,0.48739495798319327,0.5171116573328309,5
"['V4', 'V8', 'V12', 'V21', 'V2', 'V19']",0.4864864864864865,0.72,0.5806451612903226,0.5168932817508756,6
"['V8', 'V5', 'V17', 'V2']",0.40540540540540543,0.7317073170731707,0.5217391304347826,0.51687025921266,4
"['V5', 'V20', 'V17', 'V2']",0.40540540540540543,0.7317073170731707,0.5217391304347826,0.5160906424338283,4
"['V5', 'V20', 'V17', 'V2', 'V19']",0.40540540540540543,0.7317073170731707,0.5217391304347826,0.5160072674369584,5
"['V4', 'V8', 'V12', 'V21', 'V20', 'V2']",0.4864864864864865,0.7346938775510204,0.5853658536585366,0.5159359001718055,6
"['V4', 'V8', 'V5', 'V12', 'V21', 'V20']",0.47297297297297297,0.7291666666666666,0.5737704918032787,0.515874943218822,6
"['V4', 'V8', 'V17']",0.3783783783783784,0.6222222222222222,0.47058823529411764,0.5157800273743007,3
"['V4', 'V8', 'V12', 'V21', 'V20', 'V2', 'V19']",0.4864864864864865,0.7346938775510204,0.5853658536585366,0.5156063140100404,7
"['V4', 'V5', 'V12', 'V21', 'V2']",0.4864864864864865,0.7346938775510204,0.5853658536585366,0.5155126592024071,5
"['V4', 'V5', 'V12', 'V21', 'V2', 'V19']",0.4864864864864865,0.7346938775510204,0.5853658536585366,0.5152820691830821,6
"['V4', 'V5', 'V12', 'V21', 'V19']",0.47297297297297297,0.7291666666666666,0.5737704918032787,0.5151270440264258,5
"['V8', 'V5', 'V17', 'V2', 'V19']",0.40540540540540543,0.7317073170731707,0.5217391304347826,0.5150288837490855,5
"['V4', 'V5', 'V12', 'V21', 'V20', 'V19']",0.47297297297297297,0.7291666666666666,0.5737704918032787,0.5149485962060246,6
"['V4', 'V8', 'V5', 'V20', 'V17', 'V19']",0.3918918918918919,0.6444444444444445,0.48739495798319327,0.5149162707102998,6
"['V4', 'V8', 'V17', 'V19']",0.3783783783783784,0.6222222222222222,0.47058823529411764,0.5149023565545318,4
"['V4', 'V20', 'V17', 'V19']",0.36486486486486486,0.6428571428571429,0.46551724137931033,0.5148881050532566,4
"['V4', 'V8', 'V5', 'V12', 'V21', 'V20', 'V19']",0.47297297297297297,0.7291666666666666,0.5737704918032787,0.5146463527477316,7
"['V4', 'V20', 'V17']",0.36486486486486486,0.6428571428571429,0.46551724137931033,0.5146102291588867,3
"['V4', 'V8', 'V5', 'V12', 'V21', 'V19']",0.47297297297297297,0.7291666666666666,0.5737704918032787,0.5144378880169759,6
"['V4', 'V5', 'V12', 'V21', 'V20']",0.47297297297297297,0.7291666666666666,0.5737704918032787,0.5133218706811834,5
"['V10', 'V8', 'V19']",0.36486486486486486,0.6923076923076923,0.4778761061946903,0.5130735581805299,3
"['V10', 'V8', 'V5']",0.3918918918918919,0.7073170731707317,0.5043478260869565,0.5130296072765536,3
"['V4', 'V5', 'V12', 'V21', 'V20', 'V2', 'V19']",0.47297297297297297,0.7291666666666666,0.5737704918032787,0.5129582883217785,7
"['V4', 'V8', 'V5', 'V12', 'V21', 'V20', 'V2', 'V19']",0.47297297297297297,0.7291666666666666,0.5737704918032787,0.5129536967450363,8
"['V4', 'V5', 'V12', 'V21']",0.47297297297297297,0.7291666666666666,0.5737704918032787,0.5123760296268074,4
"['V4', 'V8', 'V5', 'V12', 'V21', 'V20', 'V2']",0.47297297297297297,0.7291666666666666,0.5737704918032787,0.5122642334250733,7
"['V4', 'V8', 'V12', 'V2']",0.4864864864864865,0.7346938775510204,0.5853658536585366,0.5122345825923007,4
"['V4', 'V5', 'V12', 'V21', 'V20', 'V2']",0.47297297297297297,0.7291666666666666,0.5737704918032787,0.5118294578431566,6
"['V4', 'V8', 'V5', 'V12', 'V21']",0.47297297297297297,0.7291666666666666,0.5737704918032787,0.5115719108637322,5
"['V4', 'V8', 'V5', 'V12', 'V21', 'V2', 'V19']",0.47297297297297297,0.7291666666666666,0.5737704918032787,0.5115608376888158,7
"['V4', 'V8', 'V12', 'V2', 'V19']",0.4864864864864865,0.7346938775510204,0.5853658536585366,0.5114833451671784,5
"['V4', 'V8', 'V5', 'V17', 'V19']",0.3783783783783784,0.6666666666666666,0.4827586206896552,0.5114625633838371,5
"['V4', 'V8', 'V12', 'V20', 'V2']",0.4864864864864865,0.7346938775510204,0.5853658536585366,0.5113964371330688,5
"['V4', 'V5', 'V20', 'V17']",0.36486486486486486,0.6428571428571429,0.46551724137931033,0.5113130322211047,4
"['V4', 'V5', 'V20', 'V17', 'V19']",0.36486486486486486,0.6428571428571429,0.46551724137931033,0.5108006571148419,5
"['V4', 'V8', 'V5', 'V12', 'V21', 'V2']",0.47297297297297297,0.7291666666666666,0.5737704918032787,0.5102516875811475,6
"['V4', 'V8', 'V12', 'V20', 'V2', 'V19']",0.4864864864864865,0.7346938775510204,0.5853658536585366,0.5099260050481449,6
"['V4', 'V17', 'V19']",0.36486486486486486,0.6428571428571429,0.46551724137931033,0.5098597497726997,3
"['V4', 'V5', 'V17']",0.35135135135135137,0.6341463414634146,0.45217391304347826,0.5079619812150517,3
"['V5', 'V17', 'V2']",0.40540540540540543,0.7317073170731707,0.5217391304347826,0.5074335371392217,3
"['V4', 'V12', 'V2']",0.4594594594594595,0.723404255319149,0.5619834710743802,0.5071900711483212,3
"['V4', 'V12', 'V2', 'V19']",0.4594594594594595,0.723404255319149,0.5619834710743802,0.5070696181232932,4
"['V4', 'V8', 'V5', 'V12', 'V20', 'V2']",0.47297297297297297,0.7291666666666666,0.5737704918032787,0.5065518415566034,6
"['V4', 'V8', 'V5', 'V12', 'V20', 'V2', 'V19']",0.47297297297297297,0.7291666666666666,0.5737704918032787,0.506447590366108,7
"['V5', 'V17', 'V2', 'V19']",0.40540540540540543,0.7317073170731707,0.5217391304347826,0.5063756527937626,4
"['V4', 'V5', 'V17', 'V19']",0.35135135135135137,0.65,0.45614035087719296,0.5063430845788494,4
"['V4', 'V8', 'V5', 'V12', 'V2', 'V19']",0.47297297297297297,0.7291666666666666,0.5737704918032787,0.5063193255431493,6
"['V5', 'V12', 'V21', 'V20', 'V19']",0.47297297297297297,0.7291666666666666,0.5737704918032787,0.5059346129518503,5
"['V4', 'V8', 'V5', 'V12', 'V2']",0.47297297297297297,0.7291666666666666,0.5737704918032787,0.5056223988640897,5
"['V12', 'V21', 'V20', 'V2']",0.47297297297297297,0.7291666666666666,0.5737704918032787,0.5050787307561225,4
"['V4', 'V12', 'V20', 'V2', 'V19']",0.4594594594594595,0.723404255319149,0.5619834710743802,0.5048738693601821,5
"['V4', 'V12', 'V20', 'V2']",0.4594594594594595,0.723404255319149,0.5619834710743802,0.5045778121332107,4
"['V8', 'V12', 'V21', 'V2', 'V19']",0.5,0.74,0.5967741935483871,0.5041685846166779,5
"['V4', 'V8', 'V12']",0.47297297297297297,0.7142857142857143,0.5691056910569106,0.5040134304293146,3
"['V12', 'V21', 'V20', 'V2', 'V19']",0.47297297297297297,0.7291666666666666,0.5737704918032787,0.5037541467029266,5
"['V8', 'V12', 'V21', 'V20', 'V19']",0.47297297297297297,0.7291666666666666,0.5737704918032787,0.5036482541491109,5
"['V8', 'V5', 'V12', 'V21', 'V20', 'V19']",0.47297297297297297,0.7291666666666666,0.5737704918032787,0.5033020286407264,6
"['V12', 'V21', 'V2']",0.4864864864864865,0.7346938775510204,0.5853658536585366,0.5032468269820286,3
"['V10', 'V2', 'V19']",0.36486486486486486,0.6585365853658537,0.46956521739130436,0.503098282263744,3
"['V12', 'V21', 'V2', 'V19']",0.4864864864864865,0.7346938775510204,0.5853658536585366,0.5027701193632729,4
"['V5', 'V12', 'V21']",0.47297297297297297,0.7291666666666666,0.5737704918032787,0.5026842879012999,3
"['V12', 'V21', 'V20', 'V19']",0.47297297297297297,0.7291666666666666,0.5737704918032787,0.5026298550815844,4
"['V5', 'V12', 'V21', 'V20']",0.47297297297297297,0.7291666666666666,0.5737704918032787,0.5024829695489912,4
"['V4', 'V12', 'V20']",0.4594594594594595,0.723404255319149,0.5619834710743802,0.5024030623427314,3
"['V4', 'V12', 'V20', 'V19']",0.4594594594594595,0.723404255319149,0.5619834710743802,0.5023482776347671,4
"['V12', 'V21', 'V20']",0.47297297297297297,0.7291666666666666,0.5737704918032787,0.5021046698587286,3
"['V4', 'V12', 'V19']",0.4594594594594595,0.723404255319149,0.5619834710743802,0.5020601415462703,3
"['V8', 'V12', 'V21', 'V20', 'V2', 'V19']",0.4864864864864865,0.7346938775510204,0.5853658536585366,0.5020146142746624,6
"['V5', 'V12', 'V21', 'V19']",0.47297297297297297,0.7291666666666666,0.5737704918032787,0.5019847567762943,4
"['V4', 'V8', 'V12', 'V20', 'V19']",0.47297297297297297,0.7291666666666666,0.5737704918032787,0.5017660115060018,5
"['V4', 'V8', 'V12', 'V20']",0.47297297297297297,0.7291666666666666,0.5737704918032787,0.501217777604299,4
"['V4', 'V8', 'V12', 'V19']",0.47297297297297297,0.7142857142857143,0.5691056910569106,0.5012093936616138,4
"['V8', 'V5', 'V12', 'V21', 'V20']",0.47297297297297297,0.7291666666666666,0.5737704918032787,0.5009373945431687,5
"['V8', 'V5', 'V12', 'V20', 'V2', 'V19']",0.47297297297297297,0.7291666666666666,0.5737704918032787,0.5008589621032555,6
"['V10', 'V5', 'V2']",0.33783783783783783,0.6097560975609756,0.43478260869565216,0.5008347478162922,3
"['V8', 'V5', 'V12', 'V21', 'V2', 'V19']",0.5,0.74,0.5967741935483871,0.5006929894032726,6
"['V8', 'V12', 'V21', 'V2']",0.5,0.74,0.5967741935483871,0.5006072170602354,4
"['V8', 'V12', 'V21', 'V20', 'V2']",0.4864864864864865,0.7346938775510204,0.5853658536585366,0.5005443082583476,5
"['V8', 'V12', 'V21', 'V19']",0.47297297297297297,0.7291666666666666,0.5737704918032787,0.5005092603050484,4
"['V12', 'V21', 'V19']",0.47297297297297297,0.7291666666666666,0.5737704918032787,0.500381528400088,3
"['V5', 'V12', 'V21', 'V20', 'V2', 'V19']",0.5,0.74,0.5967741935483871,0.5002068764485048,6
"['V8', 'V12', 'V21', 'V20']",0.47297297297297297,0.7291666666666666,0.5737704918032787,0.50014601740186,4
"['V12', 'V20', 'V2', 'V19']",0.47297297297297297,0.7291666666666666,0.5737704918032787,0.500145128676252,4
"['V8', 'V5', 'V12', 'V21', 'V19']",0.47297297297297297,0.7291666666666666,0.5737704918032787,0.5000642770350828,5
"['V8', 'V12', 'V21']",0.47297297297297297,0.7291666666666666,0.5737704918032787,0.49996490064576354,3
"['V8', 'V5', 'V12', 'V21']",0.47297297297297297,0.7291666666666666,0.5737704918032787,0.4997700099991889,4
"['V12', 'V2', 'V19']",0.4594594594594595,0.723404255319149,0.5619834710743802,0.4997014381152203,3
"['V4', 'V8', 'V5', 'V12', 'V20', 'V19']",0.47297297297297297,0.7142857142857143,0.5691056910569106,0.49960789187356974,6
"['V12', 'V20', 'V2']",0.47297297297297297,0.7291666666666666,0.5737704918032787,0.49941808872535404,3
"['V4', 'V5', 'V12', 'V2', 'V19']",0.4594594594594595,0.723404255319149,0.5619834710743802,0.49925724776119057,5
"['V5', 'V12', 'V21', 'V20', 'V2']",0.5,0.74,0.5967741935483871,0.4991297553642577,5
"['V4', 'V5', 'V12', 'V2']",0.4594594594594595,0.723404255319149,0.5619834710743802,0.49908962300225324,4
"['V8', 'V5', 'V12', 'V21', 'V20', 'V2', 'V19']",0.4864864864864865,0.7346938775510204,0.5853658536585366,0.4988569065810298,7
"['V5', 'V12', 'V21', 'V2', 'V19']",0.5,0.74,0.5967741935483871,0.4988086282653008,5
"['V8', 'V12', 'V2', 'V19']",0.4864864864864865,0.7346938775510204,0.5853658536585366,0.49874899722719257,4
"['V8', 'V5', 'V12', 'V21', 'V2']",0.5,0.74,0.5967741935483871,0.49864965908637987,5
"['V8', 'V12', 'V20', 'V2', 'V19']",0.4864864864864865,0.7346938775510204,0.5853658536585366,0.498641437949017,5
"['V4', 'V8', 'V5', 'V12']",0.47297297297297297,0.7142857142857143,0.5691056910569106,0.4984166692452349,4
"['V4', 'V8', 'V5', 'V12', 'V20']",0.47297297297297297,0.7142857142857143,0.5691056910569106,0.4982108147785853,5
"['V4', 'V8', 'V5', 'V12', 'V19']",0.47297297297297297,0.7142857142857143,0.5691056910569106,0.4981283769762028,5
"['V4', 'V5', 'V12']",0.44594594594594594,0.7021276595744681,0.5454545454545454,0.49776074529039116,3
"['V8', 'V5', 'V12', 'V21', 'V20', 'V2']",0.4864864864864865,0.7346938775510204,0.5853658536585366,0.4976329132668011,6
"['V4', 'V5', 'V12', 'V20', 'V2', 'V19']",0.4594594594594595,0.723404255319149,0.5619834710743802,0.4974964038067889,6
"['V4', 'V5', 'V12', 'V20', 'V2']",0.4594594594594595,0.723404255319149,0.5619834710743802,0.4974612648726945,5
"['V5', 'V12', 'V21', 'V2']",0.5,0.74,0.5967741935483871,0.4973092133869575,4
"['V8', 'V12', 'V20', 'V2']",0.4864864864864865,0.7346938775510204,0.5853658536585366,0.4972584147224231,4
"['V8', 'V12', 'V2']",0.4864864864864865,0.7346938775510204,0.5853658536585366,0.49724401555127945,3
"['V4', 'V5', 'V12', 'V20', 'V19']",0.44594594594594594,0.7021276595744681,0.5454545454545454,0.4968073884630659,5
"['V8', 'V5', 'V12', 'V2', 'V19']",0.5,0.74,0.5967741935483871,0.4967131788541967,5
"['V8', 'V5', 'V12', 'V2']",0.5,0.74,0.5967741935483871,0.49599822806470234,4
"['V4', 'V5', 'V12', 'V20']",0.44594594594594594,0.717391304347826,0.55,0.49565142394738115,4
"['V8', 'V5', 'V12', 'V20', 'V2']",0.5,0.74,0.5967741935483871,0.49547753558747754,5
"['V4', 'V5', 'V12', 'V19']",0.44594594594594594,0.7021276595744681,0.5454545454545454,0.49506824116065545,4
"['V5', 'V12', 'V20', 'V2', 'V19']",0.47297297297297297,0.7291666666666666,0.5737704918032787,0.49481003723321715,5
"['V5', 'V12', 'V2', 'V19']",0.47297297297297297,0.7291666666666666,0.5737704918032787,0.4944976311259915,4
"['V5', 'V12', 'V20', 'V2']",0.47297297297297297,0.7291666666666666,0.5737704918032787,0.4939648252611846,4
"['V5', 'V12', 'V2']",0.47297297297297297,0.7291666666666666,0.5737704918032787,0.49357752542811845,3
"['V8', 'V12', 'V19']",0.40540540540540543,0.6976744186046512,0.5128205128205128,0.4924865972642763,3
"['V16', 'V8', 'V20', 'V2']",0.3783783783783784,0.717948717948718,0.49557522123893805,0.49141612805308654,4
"['V8', 'V5', 'V12', 'V19']",0.40540540540540543,0.6976744186046512,0.5128205128205128,0.49131323995664034,4
"['V8', 'V12', 'V20', 'V19']",0.4189189189189189,0.7045454545454546,0.5254237288135594,0.49121881573912923,4
"['V16', 'V8', 'V21', 'V20', 'V2']",0.36486486486486486,0.7105263157894737,0.48214285714285715,0.4907509803076407,5
"['V8', 'V5', 'V12', 'V20', 'V19']",0.4189189189189189,0.7045454545454546,0.5254237288135594,0.490713941615112,5
"['V8', 'V5', 'V12']",0.40540540540540543,0.6976744186046512,0.5128205128205128,0.4903765087369307,3
"['V16', 'V21', 'V2']",0.3783783783783784,0.717948717948718,0.49557522123893805,0.49037620942247406,3
"['V16', 'V21', 'V20', 'V2']",0.3783783783783784,0.717948717948718,0.49557522123893805,0.49029547666260925,4
"['V16', 'V8', 'V21', 'V2']",0.3783783783783784,0.717948717948718,0.49557522123893805,0.49008449434734186,4
"['V16', 'V8', 'V21', 'V2', 'V19']",0.3783783783783784,0.717948717948718,0.49557522123893805,0.48893978459316045,5
"['V16', 'V8', 'V21', 'V20', 'V2', 'V19']",0.36486486486486486,0.7105263157894737,0.48214285714285715,0.4888897118375475,6
"['V16', 'V21', 'V20', 'V2', 'V19']",0.3783783783783784,0.717948717948718,0.49557522123893805,0.4886372893144744,5
"['V16', 'V8', 'V20', 'V2', 'V19']",0.3783783783783784,0.717948717948718,0.49557522123893805,0.4877845226841404,5
"['V5', 'V12', 'V20', 'V19']",0.43243243243243246,0.7111111111111111,0.5378151260504201,0.48775973023624547,4
"['V8', 'V12', 'V20']",0.4189189189189189,0.7045454545454546,0.5254237288135594,0.4877133605008874,3
"['V16', 'V21', 'V2', 'V19']",0.3783783783783784,0.717948717948718,0.49557522123893805,0.48738772774063177,4
"['V8', 'V5', 'V12', 'V20']",0.43243243243243246,0.7111111111111111,0.5378151260504201,0.4873194798632868,4
"['V5', 'V12', 'V19']",0.43243243243243246,0.7111111111111111,0.5378151260504201,0.4870265181538884,3
"['V16', 'V5', 'V20', 'V2']",0.36486486486486486,0.7105263157894737,0.48214285714285715,0.4861144627788615,4
"['V5', 'V12', 'V20']",0.43243243243243246,0.7111111111111111,0.5378151260504201,0.4860455819453529,3
"['V16', 'V20', 'V2']",0.3783783783783784,0.717948717948718,0.49557522123893805,0.4858494519358012,3
"['V16', 'V20', 'V2', 'V19']",0.3783783783783784,0.717948717948718,0.49557522123893805,0.48511545038035686,4
"['V12', 'V20', 'V19']",0.43243243243243246,0.7111111111111111,0.5378151260504201,0.48502242087126896,3
"['V16', 'V5', 'V20', 'V2', 'V19']",0.36486486486486486,0.7105263157894737,0.48214285714285715,0.4842000505635364,5
"['V16', 'V8', 'V5', 'V20', 'V2']",0.36486486486486486,0.7105263157894737,0.48214285714285715,0.48402087906387126,5
"['V16', 'V8', 'V2']",0.3783783783783784,0.717948717948718,0.49557522123893805,0.48389804816189125,3
"['V16', 'V5', 'V21', 'V20', 'V2']",0.36486486486486486,0.7105263157894737,0.48214285714285715,0.4818146314813174,5
"['V16', 'V8', 'V5', 'V21', 'V2']",0.36486486486486486,0.7105263157894737,0.48214285714285715,0.48122257542005153,5
"['V16', 'V8', 'V5', 'V20', 'V2', 'V19']",0.36486486486486486,0.7105263157894737,0.48214285714285715,0.4808105068987867,6
"['V16', 'V5', 'V21', 'V20', 'V2', 'V19']",0.36486486486486486,0.7105263157894737,0.48214285714285715,0.48070377441266265,6
"['V16', 'V8', 'V2', 'V19']",0.3783783783783784,0.717948717948718,0.49557522123893805,0.480547840676244,4
"['V16', 'V8', 'V5', 'V21', 'V20', 'V2']",0.36486486486486486,0.7105263157894737,0.48214285714285715,0.48034042017928774,6
"['V16', 'V5', 'V21', 'V2']",0.36486486486486486,0.7105263157894737,0.48214285714285715,0.47965944686986367,4
"['V16', 'V8', 'V5', 'V21', 'V2', 'V19']",0.36486486486486486,0.7105263157894737,0.48214285714285715,0.47940838185830814,6
"['V16', 'V5', 'V21', 'V2', 'V19']",0.36486486486486486,0.7105263157894737,0.48214285714285715,0.47861246749955005,5
"['V16', 'V8', 'V5', 'V21', 'V20', 'V2', 'V19']",0.36486486486486486,0.7105263157894737,0.48214285714285715,0.4780189907350437,7
"['V16', 'V5', 'V2']",0.35135135135135137,0.7027027027027027,0.46846846846846846,0.47373288023081933,3
"['V16', 'V8', 'V5', 'V2']",0.36486486486486486,0.7105263157894737,0.48214285714285715,0.4733119663502437,4
"['V16', 'V8', 'V5', 'V2', 'V19']",0.36486486486486486,0.7105263157894737,0.48214285714285715,0.4725296133813495,5
"['V16', 'V2', 'V19']",0.3783783783783784,0.717948717948718,0.49557522123893805,0.4704936622653679,3
"['V16', 'V5', 'V2', 'V19']",0.35135135135135137,0.7027027027027027,0.46846846846846846,0.46939919576026595,4
"['V16', 'V8', 'V5', 'V21', 'V20', 'V19']",0.36486486486486486,0.7941176470588235,0.5,0.46546845997466185,6
"['V16', 'V8', 'V21', 'V20', 'V19']",0.36486486486486486,0.7941176470588235,0.5,0.4631786701779865,5
"['V16', 'V8', 'V5', 'V21', 'V19']",0.36486486486486486,0.7941176470588235,0.5,0.4621087524697653,5
"['V16', 'V5', 'V21', 'V20', 'V19']",0.36486486486486486,0.7714285714285715,0.4954128440366973,0.4608337131746454,5
"['V16', 'V8', 'V5', 'V21', 'V20']",0.36486486486486486,0.7941176470588235,0.5,0.45974388413562123,5
"['V16', 'V21', 'V20', 'V19']",0.36486486486486486,0.7941176470588235,0.5,0.4592373760743417,4
"['V16', 'V5', 'V21', 'V19']",0.36486486486486486,0.7941176470588235,0.5,0.45732614010891404,4
"['V16', 'V8', 'V21', 'V20']",0.36486486486486486,0.7941176470588235,0.5,0.45645532189239035,4
"['V16', 'V8', 'V21', 'V19']",0.36486486486486486,0.7941176470588235,0.5,0.4562894886127816,4
"['V16', 'V8', 'V5', 'V21']",0.36486486486486486,0.7941176470588235,0.5,0.4561005503120107,4
"['V16', 'V5', 'V21']",0.36486486486486486,0.7941176470588235,0.5,0.45592554372953986,3
"['V16', 'V5', 'V21', 'V20']",0.36486486486486486,0.7941176470588235,0.5,0.45588118120788557,4
"['V16', 'V21', 'V20']",0.36486486486486486,0.7941176470588235,0.5,0.45324457823488096,3
"['V16', 'V21', 'V19']",0.36486486486486486,0.7941176470588235,0.5,0.45275480425774967,3
"['V16', 'V8', 'V21']",0.36486486486486486,0.7941176470588235,0.5,0.45171468379130425,3
"['V16', 'V8', 'V5', 'V20', 'V19']",0.33783783783783783,0.78125,0.4716981132075472,0.4487515264069707,5
"['V16', 'V5', 'V20', 'V19']",0.35135135135135137,0.7878787878787878,0.48598130841121495,0.4455818485882649,4
"['V16', 'V8', 'V5', 'V19']",0.33783783783783783,0.8064516129032258,0.47619047619047616,0.44551897364204396,4
"['V16', 'V8', 'V20', 'V19']",0.33783783783783783,0.78125,0.4716981132075472,0.4448052042750437,4
"['V16', 'V20', 'V19']",0.33783783783783783,0.78125,0.4716981132075472,0.44471219359786945,3
"['V16', 'V5', 'V19']",0.35135135135135137,0.7878787878787878,0.48598130841121495,0.44343958688128454,3
"['V16', 'V8', 'V5', 'V20']",0.33783783783783783,0.8064516129032258,0.47619047619047616,0.44116094478407625,4
"['V16', 'V8', 'V5']",0.33783783783783783,0.8064516129032258,0.47619047619047616,0.441087921558544,3
"['V16', 'V8', 'V19']",0.33783783783783783,0.78125,0.4716981132075472,0.4410082931974014,3
"['V16', 'V5', 'V20']",0.35135135135135137,0.7878787878787878,0.48598130841121495,0.4388034669221347,3
"['V16', 'V8', 'V20']",0.33783783783783783,0.78125,0.4716981132075472,0.4383323910306027,3
"['V4', 'V5', 'V21', 'V2']",0.2702702702702703,0.7692307692307693,0.4,0.364697235376066,4
"['V4', 'V8', 'V5', 'V21', 'V2']",0.2702702702702703,0.7692307692307693,0.4,0.36231330401689954,5
"['V4', 'V5', 'V21', 'V2', 'V19']",0.25675675675675674,0.7307692307692307,0.38,0.36153880560270774,5
"['V4', 'V21', 'V2']",0.2702702702702703,0.7692307692307693,0.4,0.36063188339909585,3
"['V4', 'V21', 'V2', 'V19']",0.2702702702702703,0.7692307692307693,0.4,0.36010049756839174,4
"['V4', 'V21', 'V20', 'V2', 'V19']",0.25675675675675674,0.7307692307692307,0.38,0.35889250919136484,5
"['V4', 'V8', 'V5', 'V21', 'V2', 'V19']",0.2702702702702703,0.7407407407407407,0.39603960396039606,0.3585536623397979,6
"['V4', 'V8', 'V5', 'V21', 'V20', 'V2', 'V19']",0.25675675675675674,0.7307692307692307,0.38,0.3585358551771274,7
"['V4', 'V5', 'V21', 'V20', 'V2']",0.2702702702702703,0.7407407407407407,0.39603960396039606,0.35817233616832594,5
"['V4', 'V21', 'V20', 'V2']",0.25675675675675674,0.7307692307692307,0.38,0.3580622102942082,4
"['V4', 'V8', 'V21', 'V2', 'V19']",0.2702702702702703,0.7407407407407407,0.39603960396039606,0.35774390344596535,5
"['V4', 'V8', 'V21', 'V2']",0.2702702702702703,0.7692307692307693,0.4,0.3573471100382656,4
"['V4', 'V5', 'V21', 'V20', 'V2', 'V19']",0.25675675675675674,0.7307692307692307,0.38,0.35681545403777276,6
"['V4', 'V8', 'V5', 'V21', 'V20', 'V2']",0.2702702702702703,0.7407407407407407,0.39603960396039606,0.3559084428135207,6
"['V4', 'V8', 'V21', 'V20', 'V2', 'V19']",0.25675675675675674,0.7307692307692307,0.38,0.35559924174842694,6
"['V4', 'V5', 'V2', 'V19']",0.25675675675675674,0.76,0.3838383838383838,0.3540143532891055,4
"['V4', 'V8', 'V2']",0.2702702702702703,0.8,0.40404040404040403,0.3536560536503306,3
"['V4', 'V8', 'V5', 'V2']",0.2702702702702703,0.8,0.40404040404040403,0.35352511464553793,4
"['V4', 'V5', 'V2']",0.2702702702702703,0.8,0.40404040404040403,0.35234172177377826,3
"['V4', 'V8', 'V5', 'V2', 'V19']",0.25675675675675674,0.7916666666666666,0.3877551020408163,0.35227837196414596,5
"['V4', 'V8', 'V5', 'V20', 'V2', 'V19']",0.25675675675675674,0.76,0.3838383838383838,0.3522716870863657,6
"['V4', 'V8', 'V20', 'V2']",0.2702702702702703,0.8,0.40404040404040403,0.35173934022901043,4
"['V4', 'V8', 'V20', 'V2', 'V19']",0.2702702702702703,0.8,0.40404040404040403,0.3512190425621185,5
"['V4', 'V8', 'V5', 'V20', 'V2']",0.25675675675675674,0.7916666666666666,0.3877551020408163,0.35116827119981076,5
"['V4', 'V8', 'V21', 'V20', 'V2']",0.25675675675675674,0.7307692307692307,0.38,0.35094688301383825,5
"['V4', 'V2', 'V19']",0.25675675675675674,0.7916666666666666,0.3877551020408163,0.350840495754216,3
"['V4', 'V5', 'V20', 'V2']",0.25675675675675674,0.76,0.3838383838383838,0.3507629796230157,4
"['V4', 'V20', 'V2']",0.2702702702702703,0.8,0.40404040404040403,0.3506944706099117,3
"['V4', 'V20', 'V2', 'V19']",0.25675675675675674,0.7916666666666666,0.3877551020408163,0.350687436048806,4
"['V4', 'V8', 'V2', 'V19']",0.2702702702702703,0.8,0.40404040404040403,0.3505241733173763,4
"['V4', 'V5', 'V20', 'V2', 'V19']",0.2702702702702703,0.7692307692307693,0.4,0.3503363205527083,5
"['V4', 'V8', 'V5', 'V21', 'V19']",0.21621621621621623,0.5925925925925926,0.31683168316831684,0.2901335746374809,5
"['V4', 'V8', 'V5', 'V21', 'V20', 'V19']",0.21621621621621623,0.6666666666666666,0.32653061224489793,0.26341427002163237,6
"['V4', 'V5', 'V21', 'V19']",0.20270270270270271,0.625,0.30612244897959184,0.2624860496010285,4
"['V4', 'V5', 'V21', 'V20', 'V19']",0.21621621621621623,0.7272727272727273,0.3333333333333333,0.2544888417880078,5
"['V4', 'V8', 'V5', 'V21']",0.21621621621621623,0.6666666666666666,0.32653061224489793,0.25390275578859595,4
"['V4', 'V8', 'V5', 'V21', 'V20']",0.21621621621621623,0.6666666666666666,0.32653061224489793,0.25352268487024426,5
"['V4', 'V8', 'V21', 'V19']",0.17567567567567569,0.6190476190476191,0.2736842105263158,0.24317985518253982,4
"['V4', 'V5', 'V21']",0.1891891891891892,0.6363636363636364,0.2916666666666667,0.23935392185679846,3
"['V4', 'V5', 'V21', 'V20']",0.1891891891891892,0.6666666666666666,0.29473684210526313,0.23877514901891855,4
"['V4', 'V8', 'V21', 'V20', 'V19']",0.16216216216216217,0.6,0.2553191489361702,0.2387180827027338,5
"['V5', 'V21', 'V20', 'V2', 'V19']",0.17567567567567569,0.6842105263157895,0.27956989247311825,0.23833522808658564,5
"['V4', 'V8', 'V5', 'V19']",0.1891891891891892,0.6363636363636364,0.2916666666666667,0.23829895938092283,4
"['V5', 'V21', 'V2', 'V19']",0.17567567567567569,0.6842105263157895,0.27956989247311825,0.23737208797248768,4
"['V8', 'V5', 'V21', 'V2', 'V19']",0.17567567567567569,0.6842105263157895,0.27956989247311825,0.23717971964084644,5
"['V4', 'V8', 'V21', 'V20']",0.14864864864864866,0.5789473684210527,0.23655913978494625,0.23620065237923774,4
"['V8', 'V5', 'V21', 'V20', 'V2', 'V19']",0.17567567567567569,0.6842105263157895,0.27956989247311825,0.23603454264995183,6
"['V4', 'V8', 'V5', 'V20', 'V19']",0.1891891891891892,0.6666666666666666,0.29473684210526313,0.23546394657998518,5
"['V4', 'V8', 'V5']",0.1891891891891892,0.6666666666666666,0.29473684210526313,0.23128892038076487,3
"['V4', 'V21', 'V19']",0.13513513513513514,0.5263157894736842,0.21505376344086022,0.23076045424732144,3
"['V8', 'V5', 'V20', 'V2', 'V19']",0.17567567567567569,0.6842105263157895,0.27956989247311825,0.2295719209523031,5
"['V8', 'V5', 'V2', 'V19']",0.17567567567567569,0.6842105263157895,0.27956989247311825,0.22823160383301708,4
"['V5', 'V20', 'V2', 'V19']",0.17567567567567569,0.6842105263157895,0.27956989247311825,0.22771740714113503,4
"['V5', 'V2', 'V19']",0.17567567567567569,0.6842105263157895,0.27956989247311825,0.22478677541752287,3
"['V8', 'V21', 'V2', 'V19']",0.17567567567567569,0.7222222222222222,0.2826086956521739,0.22448352389552495,4
"['V8', 'V20', 'V2', 'V19']",0.14864864864864866,0.7333333333333333,0.24719101123595505,0.22237102663468586,4
"['V20', 'V2', 'V19']",0.14864864864864866,0.7333333333333333,0.24719101123595505,0.22212830732117475,3
"['V4', 'V5', 'V20', 'V19']",0.16216216216216217,0.7058823529411765,0.26373626373626374,0.22171564967009985,4
"['V21', 'V2', 'V19']",0.16216216216216217,0.75,0.26666666666666666,0.22081343983623158,3
"['V8', 'V21', 'V20', 'V2', 'V19']",0.16216216216216217,0.7058823529411765,0.26373626373626374,0.22064290983334914,5
"['V4', 'V8', 'V5', 'V20']",0.1891891891891892,0.6086956521739131,0.28865979381443296,0.21947347532211434,4
"['V21', 'V20', 'V2', 'V19']",0.14864864864864866,0.7333333333333333,0.24719101123595505,0.21788995178277226,4
"['V8', 'V2', 'V19']",0.16216216216216217,0.75,0.26666666666666666,0.21375274796727944,3
"['V4', 'V8', 'V21']",0.12162162162162163,0.5,0.1956521739130435,0.2113779682940136,3
"['V4', 'V5', 'V19']",0.12162162162162163,0.5294117647058824,0.1978021978021978,0.20754904564521798,3
"['V4', 'V5', 'V20']",0.12162162162162163,0.5625,0.2,0.2071522532405555,3
"['V4', 'V21', 'V20', 'V19']",0.13513513513513514,0.5555555555555556,0.21739130434782608,0.20713207566503813,4
"['V8', 'V5', 'V21', 'V19']",0.13513513513513514,0.7142857142857143,0.22727272727272727,0.20532403108903044,4
"['V8', 'V21', 'V19']",0.06756756756756757,1.0,0.12658227848101267,0.2010230206765064,3
"['V4', 'V8', 'V19']",0.10810810810810811,0.6153846153846154,0.1839080459770115,0.20047839218603,3
"['V4', 'V8', 'V20', 'V19']",0.10810810810810811,0.5,0.17777777777777778,0.19954857896569217,4
"['V4', 'V21', 'V20']",0.12162162162162163,0.47368421052631576,0.1935483870967742,0.19908246253466272,3
"['V8', 'V5', 'V21', 'V20', 'V19']",0.13513513513513514,0.6666666666666666,0.2247191011235955,0.1869005966322975,5
"['V5', 'V21', 'V20', 'V2']",0.13513513513513514,0.7142857142857143,0.22727272727272727,0.18576742689967377,4
"['V8', 'V5', 'V21', 'V20', 'V2']",0.13513513513513514,0.7142857142857143,0.22727272727272727,0.18469438085384238,5
"['V4', 'V8', 'V20']",0.10810810810810811,0.5,0.17777777777777778,0.1844798304350282,3
"['V8', 'V21', 'V20', 'V19']",0.06756756756756757,0.8333333333333334,0.125,0.18242131548085314,4
"['V8', 'V5', 'V21', 'V2']",0.13513513513513514,0.7142857142857143,0.22727272727272727,0.18223198136315086,4
"['V5', 'V21', 'V2']",0.13513513513513514,0.7142857142857143,0.22727272727272727,0.17992393377298666,3
"['V4', 'V20', 'V19']",0.10810810810810811,0.4444444444444444,0.17391304347826086,0.17062929298774282,3
"['V8', 'V5', 'V20', 'V2']",0.12162162162162163,0.6923076923076923,0.20689655172413793,0.16734392317490315,4
"['V5', 'V20', 'V2']",0.12162162162162163,0.6923076923076923,0.20689655172413793,0.16729878301409998,3
"['V8', 'V5', 'V2']",0.12162162162162163,0.6923076923076923,0.20689655172413793,0.16585808389808965,3
"['V5', 'V21', 'V20', 'V19']",0.0945945945945946,0.7,0.16666666666666666,0.15664397980136238,4
"['V8', 'V21', 'V20', 'V2']",0.12162162162162163,0.8181818181818182,0.21176470588235294,0.1551096877510087,4
"['V8', 'V20', 'V2']",0.12162162162162163,0.8181818181818182,0.21176470588235294,0.15475039146084824,3
"['V8', 'V21', 'V2']",0.12162162162162163,0.75,0.20930232558139536,0.15443796211419086,3
"['V21', 'V20', 'V2']",0.10810810810810811,0.8,0.19047619047619047,0.15060506259274317,3
"['V8', 'V5', 'V20', 'V19']",0.0945945945945946,0.6363636363636364,0.16470588235294117,0.1492664211964703,4
"['V5', 'V21', 'V19']",0.08108108108108109,0.6,0.14285714285714285,0.1418040563415874,3
"['V8', 'V5', 'V19']",0.06756756756756757,0.5555555555555556,0.12048192771084337,0.13763462179309693,3
"['V8', 'V5', 'V21']",0.08108108108108109,0.6,0.14285714285714285,0.13491755349491294,3
"['V8', 'V21', 'V20']",0.05405405405405406,0.8,0.10126582278481013,0.13110422720754655,3
"['V8', 'V20', 'V19']",0.0,0.0,0.0,0.12921634025893358,3
"['V8', 'V5', 'V21', 'V20']",0.08108108108108109,0.6,0.14285714285714285,0.12393379778213154,4
"['V5', 'V20', 'V19']",0.04054054054054054,0.42857142857142855,0.07407407407407407,0.1181263207787351,3
"['V5', 'V21', 'V20']",0.04054054054054054,0.42857142857142855,0.07407407407407407,0.09159373968201544,3
"['V8', 'V5', 'V20']",0.04054054054054054,0.375,0.07317073170731707,0.07716960317462687,3
"['V21', 'V20', 'V19']",0.02702702702702703,1.0,0.05263157894736842,0.0529856452446531,3
