features,recall,precision,f1,pr_auc,n_features
"['V4', 'V14', 'V10', 'V16', 'V8', 'V5', 'V21', 'V19', 'V20']",0.6530612244897959,0.8311688311688312,0.7314285714285714,0.7417460127785016,9
"['V17', 'V14', 'V10', 'V8', 'V16', 'V6', 'V21', 'V2', 'V20', 'V18', 'V12', 'V11', 'Amount', 'V3', 'V4', 'V19', 'V7', 'V1']",0.6530612244897959,0.8311688311688312,0.7314285714285714,0.7416913014448102,18
"['V14', 'V12', 'V4', 'V16', 'V1', 'V2', 'V10', 'V11', 'V5', 'V20', 'V8', 'V9', 'V21', 'V3', 'V19', 'V6']",0.6530612244897959,0.8311688311688312,0.7314285714285714,0.7418990331247759,16
"['V14', 'V12', 'V4', 'V16', 'V1', 'V2', 'V10', 'V11', 'V5', 'V20', 'V8', 'V9', 'V21', 'V3', 'V19']",0.6530612244897959,0.8311688311688312,0.7314285714285714,0.7378735384224614,15
"['V17', 'V14', 'V10', 'V8', 'V16', 'V6', 'V21', 'V2', 'V20', 'V18', 'V12', 'V11', 'Amount', 'V3', 'V4', 'V19']",0.6530612244897959,0.8311688311688312,0.7314285714285714,0.743545176478968,16
"['V14', 'V12', 'V4', 'V16', 'V1', 'V2', 'V10', 'V11', 'V5', 'V20', 'V8', 'V9', 'V21', 'V3', 'V19', 'V6', 'V18']",0.6530612244897959,0.8311688311688312,0.7314285714285714,0.7406697156270394,17
"['V4', 'V14', 'V10', 'V16', 'V8', 'V5', 'V21', 'V19', 'V20', 'V12']",0.6530612244897959,0.8311688311688312,0.7314285714285714,0.741000384093985,10
"['V14', 'V12', 'V4', 'V16', 'V1', 'V2', 'V10', 'V11', 'V5', 'V20', 'V8', 'V9', 'V21', 'Amount']",0.6530612244897959,0.8311688311688312,0.7314285714285714,0.7402892750806324,14
"['V14', 'V12', 'V4', 'V16', 'V1', 'V2', 'V10', 'V11', 'V5', 'V20', 'V8', 'V9', 'V21', 'V3', 'V19', 'V6', 'Amount']",0.6530612244897959,0.8205128205128205,0.7272727272727273,0.7416678141776614,17
"['V4', 'V14', 'V10', 'V16', 'V8', 'V5', 'V21', 'V19', 'V20', 'V2', 'V12']",0.6530612244897959,0.8205128205128205,0.7272727272727273,0.739137153494515,11
"['V14', 'V12', 'V4', 'V16', 'V1', 'V2', 'V10', 'V11', 'V5', 'V20', 'V8', 'V9', 'V21', 'V18']",0.6530612244897959,0.8311688311688312,0.7314285714285714,0.7377081314332891,14
"['V14', 'V12', 'V4', 'V16', 'V1', 'V2', 'V10', 'V11', 'V5', 'V20', 'V8', 'V9', 'V21', 'V3', 'V19', 'Amount']",0.6530612244897959,0.8205128205128205,0.7272727272727273,0.741854650605587,16
"['V14', 'V12', 'V4', 'V16', 'V1', 'V2', 'V10', 'V11', 'V5', 'V20', 'V8', 'V9', 'V21', 'V7']",0.6530612244897959,0.8311688311688312,0.7314285714285714,0.7406159145253629,14
"['V14', 'V12', 'V4', 'V16', 'V1', 'V2', 'V10', 'V11', 'V5', 'V20', 'V8', 'V9', 'V21']",0.6530612244897959,0.8311688311688312,0.7314285714285714,0.7396813678082073,13
"['V14', 'V12', 'V4', 'V16', 'V1', 'V2', 'V10', 'V11', 'V5', 'V20', 'V8', 'V9', 'V21', 'V3']",0.6530612244897959,0.8311688311688312,0.7314285714285714,0.7379133100042149,14
"['V14', 'V12', 'V4', 'V16', 'V1', 'V2', 'V10', 'V11', 'V5', 'V20', 'V8', 'V9', 'V21', 'V3', 'V19', 'V6', 'V7']",0.6428571428571429,0.8076923076923077,0.7159090909090909,0.7406552011748744,17
"['V14', 'V12', 'V4', 'V16', 'V1', 'V2', 'V10', 'V11', 'V5', 'V20', 'V8', 'V9', 'V21', 'V3', 'V19', 'V6', 'V18', 'Amount']",0.6428571428571429,0.8289473684210527,0.7241379310344828,0.74204181714565,18
"['V14', 'V12', 'V4', 'V16', 'V1', 'V2', 'V10', 'V11', 'V5', 'V20', 'V8', 'V9', 'V21', 'V3', 'V19', 'V6', 'V18', 'V7']",0.6428571428571429,0.8289473684210527,0.7241379310344828,0.74225745273035,18
"['V14', 'V12', 'V4', 'V16', 'V1', 'V2', 'V10', 'V11', 'V5', 'V20', 'V8', 'V9', 'V21', 'V3', 'V19', 'V6', 'V18', 'V17']",0.6428571428571429,0.8289473684210527,0.7241379310344828,0.7412960546291821,18
"['V14', 'V12', 'V4', 'V16', 'V1', 'V2', 'V10', 'V11', 'V5', 'V20', 'V8', 'V9', 'V21', 'V3', 'V19', 'V6', 'V18', 'V7', 'V17']",0.6428571428571429,0.8289473684210527,0.7241379310344828,0.7413831538321386,19
"['V14', 'V12', 'V4', 'V16', 'V1', 'V2', 'V10', 'V11', 'V5', 'V20', 'V8', 'V9', 'V21', 'V3', 'V19', 'V6', 'V18', 'V7', 'Amount']",0.6428571428571429,0.8289473684210527,0.7241379310344828,0.7423534654489493,19
"['V4', 'V10', 'V16', 'V8', 'V5', 'V21', 'V20', 'V12']",0.6428571428571429,0.8181818181818182,0.72,0.7177136550702448,8
"['V4', 'V10', 'V16', 'V8', 'V5', 'V21', 'V20', 'V2']",0.6428571428571429,0.8181818181818182,0.72,0.6998235068996947,8
"['V4', 'V14', 'V10', 'V16', 'V8', 'V5', 'V21', 'V19', 'V20', 'V2']",0.6428571428571429,0.8289473684210527,0.7241379310344828,0.7409584662780958,10
"['V14', 'V12', 'V4', 'V16', 'V1', 'V2', 'V10', 'V11', 'V5', 'V20', 'V8']",0.6428571428571429,0.8289473684210527,0.7241379310344828,0.7395672206763647,11
"['V14', 'V12', 'V4', 'V16', 'V1', 'V2', 'V10', 'V11', 'V5', 'V20', 'V8', 'V9', 'V7']",0.6428571428571429,0.8289473684210527,0.7241379310344828,0.7371899153846236,13
"['V14', 'V12', 'V4', 'V16', 'V1', 'V2', 'V10', 'V11', 'V5', 'V20', 'V8', 'V9']",0.6428571428571429,0.8289473684210527,0.7241379310344828,0.7369280891261921,12
"['V14', 'V12', 'V4', 'V16', 'V1', 'V2', 'V10', 'V11', 'V5', 'V20', 'V8', 'V9', 'V21', 'V3', 'V19', 'V18']",0.6428571428571429,0.8289473684210527,0.7241379310344828,0.7413689572442029,16
"['V14', 'V12', 'V4', 'V16', 'V1', 'V2', 'V10', 'V11', 'V5', 'V20', 'V8', 'V21']",0.6428571428571429,0.8289473684210527,0.7241379310344828,0.73978386007809,12
"['V14', 'V12', 'V4', 'V16', 'V1', 'V2', 'V10', 'V11', 'V5', 'V20', 'V8', 'V9', 'V3']",0.6428571428571429,0.8289473684210527,0.7241379310344828,0.7359878269882116,13
"['V14', 'V12', 'V4', 'V16', 'V1', 'V2', 'V10', 'V11', 'V5', 'V20', 'V8', 'V9', 'V18']",0.6428571428571429,0.8289473684210527,0.7241379310344828,0.7370346325046043,13
"['V14', 'V12', 'V4', 'V16', 'V1', 'V2', 'V10', 'V11', 'V5', 'V20', 'V8', 'V9', 'Amount']",0.6428571428571429,0.8289473684210527,0.7241379310344828,0.7377801113308267,13
"['V14', 'V12', 'V4', 'V16', 'V1', 'V2', 'V10', 'V11', 'V5', 'V20', 'V8', 'V9', 'V21', 'V6']",0.6428571428571429,0.8289473684210527,0.7241379310344828,0.740754361841614,14
"['V14', 'V12', 'V4', 'V16', 'V1', 'V2', 'V10', 'V11', 'V5', 'V20', 'V8', 'V9', 'V21', 'V17']",0.6428571428571429,0.8289473684210527,0.7241379310344828,0.7373938223296549,14
"['V14', 'V12', 'V4', 'V16', 'V1', 'V2', 'V10', 'V11', 'V5', 'V20', 'V8', 'V9', 'V21', 'V19']",0.6428571428571429,0.8289473684210527,0.7241379310344828,0.7376128196373888,14
"['V14', 'V12', 'V4', 'V16', 'V1', 'V2', 'V10', 'V11', 'V5', 'V20', 'V8', 'V9', 'V21', 'V3', 'V6']",0.6428571428571429,0.8181818181818182,0.72,0.7409680011673291,15
"['V14', 'V12', 'V4', 'V16', 'V1', 'V2', 'V10', 'V11', 'V5', 'V20', 'V8', 'V9', 'V21', 'V3', 'V7']",0.6428571428571429,0.8181818181818182,0.72,0.7404958555223703,15
"['V14', 'V12', 'V4', 'V16', 'V1', 'V2', 'V10', 'V11', 'V5', 'V20', 'V8', 'V9', 'V21', 'V3', 'V18']",0.6428571428571429,0.8289473684210527,0.7241379310344828,0.7424085592133766,15
"['V14', 'V12', 'V4', 'V16', 'V1', 'V2', 'V10', 'V11', 'V5', 'V20', 'V8', 'V9', 'V21', 'V3', 'Amount']",0.6428571428571429,0.8289473684210527,0.7241379310344828,0.7420923679199974,15
"['V4', 'V14', 'V10', 'V16', 'V8', 'V5', 'V21', 'V2', 'V12']",0.6428571428571429,0.8181818181818182,0.72,0.740210987257091,9
"['V4', 'V14', 'V10', 'V16', 'V8', 'V5', 'V17', 'V21', 'V19', 'V20', 'V2', 'V12']",0.6428571428571429,0.8289473684210527,0.7241379310344828,0.740029635787107,12
"['V17', 'V14', 'V10', 'V8', 'V16', 'V6', 'V21', 'V2', 'V20', 'V18', 'V12', 'V11', 'Amount', 'V3', 'V4', 'V19', 'V7', 'V9']",0.6428571428571429,0.8289473684210527,0.7241379310344828,0.7395730450462146,18
"['V17', 'V14', 'V10', 'V8', 'V16', 'V6', 'V21', 'V2', 'V20', 'V18', 'V12', 'V11', 'Amount', 'V3', 'V4', 'V19', 'V5']",0.6428571428571429,0.8181818181818182,0.72,0.7387213540259251,17
"['V4', 'V14', 'V10', 'V16', 'V8', 'V5', 'V21', 'V20', 'V2', 'V12']",0.6428571428571429,0.8289473684210527,0.7241379310344828,0.7381655296034514,10
"['V17', 'V14', 'V10', 'V8', 'V16', 'V6', 'V21', 'V2', 'V20', 'V18', 'V12', 'V11', 'Amount', 'V3', 'V4', 'V19', 'V9']",0.6428571428571429,0.8289473684210527,0.7241379310344828,0.7422794317770913,17
"['V4', 'V14', 'V10', 'V8', 'V5', 'V21', 'V20', 'V2']",0.6326530612244898,0.7126436781609196,0.6702702702702703,0.7130492859670291,8
"['V14', 'V12', 'V4', 'V16', 'V1', 'V2', 'V10', 'V11', 'V5', 'V20', 'V8', 'V9', 'V21', 'V3', 'V19', 'V6', 'V17']",0.6326530612244898,0.8266666666666667,0.7167630057803468,0.7422466766621865,17
"['V4', 'V14', 'V10', 'V16', 'V8', 'V5', 'V17', 'V21', 'V2']",0.6326530612244898,0.8266666666666667,0.7167630057803468,0.7404168381902179,9
"['V14', 'V12', 'V4', 'V16', 'V1', 'V2', 'V10', 'V11', 'V5', 'V20', 'V21']",0.6326530612244898,0.8266666666666667,0.7167630057803468,0.7203577333859411,11
"['V4', 'V14', 'V10', 'V8', 'V5', 'V17', 'V21', 'V20']",0.6326530612244898,0.8051948051948052,0.7085714285714285,0.7340874533834849,8
"['V14', 'V12', 'V4', 'V16', 'V1', 'V2', 'V10', 'V11', 'V5', 'V20', 'V18']",0.6326530612244898,0.8157894736842105,0.7126436781609196,0.7218935014208525,11
"['V4', 'V14', 'V10', 'V16', 'V8', 'V5', 'V17', 'V21', 'V20']",0.6326530612244898,0.8266666666666667,0.7167630057803468,0.7400917073073277,9
"['V14', 'V12', 'V4', 'V16', 'V1', 'V2', 'V10', 'V11', 'V5', 'V20', 'V9']",0.6326530612244898,0.8157894736842105,0.7126436781609196,0.7226019882278168,11
"['V4', 'V14', 'V10', 'V8', 'V5', 'V17', 'V21', 'V2']",0.6326530612244898,0.7948717948717948,0.7045454545454546,0.7354105686721742,8
"['V4', 'V14', 'V10', 'V16', 'V8', 'V5', 'V19']",0.6326530612244898,0.8266666666666667,0.7167630057803468,0.7391581150265243,7
"['V4', 'V14', 'V10', 'V16', 'V8', 'V5', 'V17', 'V21', 'V19']",0.6326530612244898,0.8266666666666667,0.7167630057803468,0.7406930401952957,9
"['V4', 'V14', 'V10', 'V8', 'V5', 'V17', 'V21', 'V12']",0.6326530612244898,0.8157894736842105,0.7126436781609196,0.735691853478094,8
"['V17', 'V14', 'V10', 'V8', 'V16', 'V6', 'V21', 'V2', 'V20', 'V18', 'V12', 'V11', 'Amount', 'V3', 'V4', 'V5']",0.6326530612244898,0.8266666666666667,0.7167630057803468,0.7404336708048307,16
"['V4', 'V14', 'V10', 'V16', 'V8', 'V5', 'V17', 'V21', 'V12']",0.6326530612244898,0.8266666666666667,0.7167630057803468,0.7407203934116957,9
"['V14', 'V12', 'V4', 'V16', 'V1', 'V2', 'V10', 'V11', 'V5', 'V20']",0.6326530612244898,0.8157894736842105,0.7126436781609196,0.7233347479213665,10
"['V4', 'V14', 'V10', 'V16', 'V8', 'V5', 'V19', 'V2']",0.6326530612244898,0.8266666666666667,0.7167630057803468,0.7387250405799278,8
"['V4', 'V14', 'V10', 'V8', 'V5', 'V17', 'V21', 'V19', 'V20', 'V12']",0.6326530612244898,0.8157894736842105,0.7126436781609196,0.7351296802609129,10
"['V4', 'V14', 'V10', 'V8', 'V5', 'V17', 'V21', 'V19', 'V2', 'V12']",0.6326530612244898,0.8157894736842105,0.7126436781609196,0.7358392877194677,10
"['V4', 'V14', 'V10', 'V16', 'V8', 'V5', 'V19', 'V12']",0.6326530612244898,0.8266666666666667,0.7167630057803468,0.7392581787264204,8
"['V4', 'V14', 'V10', 'V16', 'V8', 'V5', 'V17', 'V21']",0.6326530612244898,0.8266666666666667,0.7167630057803468,0.7399873848613898,8
"['V17', 'V14', 'V10', 'V8', 'V16', 'V6', 'V21', 'V2', 'V20', 'V18', 'V12', 'V11', 'Amount', 'V3', 'V4']",0.6326530612244898,0.8266666666666667,0.7167630057803468,0.7414453658146665,15
"['V4', 'V10', 'V16', 'V5', 'V21', 'V20', 'V2']",0.6326530612244898,0.8157894736842105,0.7126436781609196,0.6957110373383184,7
"['V4', 'V14', 'V10', 'V16', 'V8', 'V5', 'V2', 'V12']",0.6326530612244898,0.8266666666666667,0.7167630057803468,0.7385685154949302,8
"['V4', 'V14', 'V10', 'V8', 'V5', 'V21', 'V19', 'V12']",0.6326530612244898,0.7380952380952381,0.6813186813186813,0.730177774564157,8
"['V14', 'V12', 'V4', 'V16', 'V1', 'V2', 'V10', 'V11', 'V5', 'V20', 'V8', 'V3']",0.6326530612244898,0.8266666666666667,0.7167630057803468,0.7376039943002067,12
"['V4', 'V14', 'V10', 'V8', 'V5', 'V17', 'V21', 'V19']",0.6326530612244898,0.8051948051948052,0.7085714285714285,0.7354482012699924,8
"['V14', 'V12', 'V4', 'V16', 'V1', 'V2', 'V10', 'V11', 'V5', 'V20', 'V8', 'V7']",0.6326530612244898,0.8266666666666667,0.7167630057803468,0.7370576178754986,12
"['V4', 'V14', 'V10', 'V16', 'V8', 'V5', 'V17', 'V21', 'V19', 'V20', 'V2']",0.6326530612244898,0.8266666666666667,0.7167630057803468,0.7394773022869203,11
"['V4', 'V14', 'V10', 'V16', 'V8', 'V5', 'V19', 'V20', 'V2', 'V12']",0.6326530612244898,0.8266666666666667,0.7167630057803468,0.7354950917959968,10
"['V4', 'V14', 'V10', 'V16', 'V8', 'V5', 'V19', 'V2', 'V12']",0.6326530612244898,0.8266666666666667,0.7167630057803468,0.7357568834497161,9
"['V17', 'V14', 'V10', 'V8', 'V16', 'V6', 'V21', 'V2', 'V20', 'V18', 'V12', 'V11', 'Amount', 'V3', 'V4', 'V19', 'V7', 'V1', 'V9', 'V5']",0.6326530612244898,0.8266666666666667,0.7167630057803468,0.7401557539329955,20
"['V14', 'V12', 'V4', 'V16', 'V1', 'V2', 'V10', 'V11', 'V5', 'V20', 'V8', 'V9', 'V21', 'V3', 'V17']",0.6326530612244898,0.8266666666666667,0.7167630057803468,0.7411491200913892,15
"['V4', 'V14', 'V10', 'V8', 'V5', 'V17', 'V21', 'V19', 'V20', 'V2', 'V12']",0.6326530612244898,0.8157894736842105,0.7126436781609196,0.7347470842618415,11
"['V4', 'V14', 'V10', 'V16', 'V8', 'V5', 'V19', 'V20', 'V12']",0.6326530612244898,0.8266666666666667,0.7167630057803468,0.7392172765144084,9
"['V4', 'V14', 'V10', 'V16', 'V8', 'V5', 'V17', 'V19', 'V20', 'V2', 'V12']",0.6326530612244898,0.8266666666666667,0.7167630057803468,0.7369355478995764,11
"['V4', 'V14', 'V10', 'V16', 'V8', 'V5', 'V17', 'V21', 'V20', 'V2', 'V12']",0.6326530612244898,0.8266666666666667,0.7167630057803468,0.7412196712567586,11
"['V4', 'V14', 'V10', 'V16', 'V8', 'V5', 'V17', 'V21', 'V19', 'V2', 'V12']",0.6326530612244898,0.8266666666666667,0.7167630057803468,0.7404275790274338,11
"['V4', 'V14', 'V10', 'V16', 'V8', 'V5', 'V17', 'V21', 'V19', 'V20', 'V12']",0.6326530612244898,0.8266666666666667,0.7167630057803468,0.7409940011577894,11
"['V17', 'V14', 'V10', 'V8', 'V16', 'V6', 'V21', 'V2', 'V20', 'V18', 'V12', 'V11', 'Amount', 'V3', 'V4', 'V19', 'V7', 'V5']",0.6326530612244898,0.8266666666666667,0.7167630057803468,0.7410546431305146,18
"['V4', 'V14', 'V10', 'V16', 'V8', 'V17', 'V21', 'V12']",0.6326530612244898,0.8266666666666667,0.7167630057803468,0.7388706823977016,8
"['V14', 'V12', 'V4', 'V16', 'V1', 'V2', 'V10', 'V11', 'V5', 'V20', 'V8', 'V9', 'V19']",0.6326530612244898,0.8266666666666667,0.7167630057803468,0.7369508627040995,13
"['V4', 'V14', 'V10', 'V8', 'V5', 'V17', 'V21', 'V19', 'V20', 'V2']",0.6326530612244898,0.8051948051948052,0.7085714285714285,0.735201102303796,10
"['V14', 'V12', 'V4', 'V16', 'V1', 'V2', 'V10', 'V11', 'V5', 'V20', 'V8', 'V9', 'V17']",0.6326530612244898,0.8266666666666667,0.7167630057803468,0.7355050902452314,13
"['V14', 'V12', 'V4', 'V16', 'V1', 'V2', 'V10', 'V11', 'V5', 'V20', 'V8', 'V9', 'V6']",0.6326530612244898,0.8266666666666667,0.7167630057803468,0.7371054032049867,13
"['V17', 'V14', 'V10', 'V8', 'V16', 'V6', 'V21', 'V2', 'V20', 'V18', 'V12', 'V11', 'Amount', 'V3', 'V4', 'V19', 'V1']",0.6326530612244898,0.8266666666666667,0.7167630057803468,0.7426943487368162,17
"['V14', 'V12', 'V4', 'V16', 'V1', 'V2', 'V10', 'V11', 'V5', 'V20', 'V8', 'Amount']",0.6326530612244898,0.8266666666666667,0.7167630057803468,0.7390742323357711,12
"['V17', 'V14', 'V10', 'V8', 'V16', 'V6', 'V21', 'V2', 'V20', 'V18', 'V12', 'V11', 'Amount', 'V3', 'V4', 'V9']",0.6326530612244898,0.8266666666666667,0.7167630057803468,0.7425197563285753,16
"['V14', 'V12', 'V4', 'V16', 'V1', 'V2', 'V10', 'V11', 'V5', 'V20', 'V8', 'V19']",0.6326530612244898,0.8266666666666667,0.7167630057803468,0.7374920552118109,12
"['V14', 'V12', 'V4', 'V16', 'V1', 'V2', 'V10', 'V11', 'V5', 'V20', 'V8', 'V18']",0.6326530612244898,0.8266666666666667,0.7167630057803468,0.7392669388213766,12
"['V17', 'V14', 'V10', 'V8', 'V16', 'V6', 'V21', 'V2', 'V20', 'V18', 'V12', 'V11', 'Amount', 'V3', 'V4', 'V7']",0.6326530612244898,0.8378378378378378,0.7209302325581395,0.7409764969097512,16
"['V4', 'V14', 'V10', 'V8', 'V5', 'V21', 'V19']",0.6326530612244898,0.7294117647058823,0.6775956284153005,0.7256085897468888,7
"['V14', 'V12', 'V4', 'V16', 'V1', 'V2', 'V10', 'V11', 'V5', 'V20', 'V8', 'V9', 'V21', 'V3', 'V19', 'V7']",0.6326530612244898,0.8266666666666667,0.7167630057803468,0.7402270351139357,16
"['V4', 'V14', 'V10', 'V16', 'V8', 'V17', 'V21', 'V19', 'V12']",0.6326530612244898,0.8266666666666667,0.7167630057803468,0.7396514159512957,9
"['V4', 'V14', 'V10', 'V8', 'V5', 'V17', 'V21', 'V19', 'V12']",0.6326530612244898,0.8157894736842105,0.7126436781609196,0.7352976114832329,9
"['V4', 'V14', 'V10', 'V16', 'V8', 'V21', 'V20', 'V12']",0.6326530612244898,0.8266666666666667,0.7167630057803468,0.7394931044012195,8
"['V4', 'V14', 'V10', 'V8', 'V5', 'V21', 'V19', 'V20', 'V12']",0.6326530612244898,0.7294117647058823,0.6775956284153005,0.7291901816684786,9
"['V14', 'V12', 'V4', 'V16', 'V1', 'V2', 'V10']",0.6326530612244898,0.8157894736842105,0.7126436781609196,0.7229581381265179,7
"['V4', 'V14', 'V10', 'V16', 'V8', 'V21', 'V12']",0.6326530612244898,0.8266666666666667,0.7167630057803468,0.7406281086617431,7
"['V4', 'V14', 'V10', 'V16', 'V8', 'V5', 'V19', 'V20']",0.6326530612244898,0.8266666666666667,0.7167630057803468,0.7394493822185755,8
"['V4', 'V14', 'V10', 'V16', 'V8', 'V5', 'V17', 'V21', 'V19', 'V20']",0.6326530612244898,0.8266666666666667,0.7167630057803468,0.7406307685668215,10
"['V4', 'V14', 'V10', 'V16', 'V8', 'V5', 'V17', 'V21', 'V19', 'V2']",0.6326530612244898,0.8266666666666667,0.7167630057803468,0.7415611341593829,10
"['V4', 'V14', 'V10', 'V8', 'V5', 'V17', 'V21', 'V19', 'V20']",0.6326530612244898,0.8051948051948052,0.7085714285714285,0.7339004678024589,9
"['V4', 'V14', 'V10', 'V8', 'V5', 'V17', 'V21', 'V19', 'V2']",0.6326530612244898,0.7948717948717948,0.7045454545454546,0.7357883949736661,9
"['V4', 'V14', 'V10', 'V8', 'V5', 'V17', 'V21', 'V20', 'V2']",0.6326530612244898,0.8051948051948052,0.7085714285714285,0.7349818376389609,9
"['V4', 'V14', 'V10', 'V16', 'V8', 'V5', 'V21', 'V19', 'V2']",0.6326530612244898,0.8266666666666667,0.7167630057803468,0.7406332539016147,9
"['V4', 'V14', 'V10', 'V8', 'V5', 'V17', 'V21', 'V20', 'V12']",0.6326530612244898,0.8157894736842105,0.7126436781609196,0.7346276890169502,9
"['V4', 'V14', 'V10', 'V8', 'V5', 'V17', 'V21', 'V2', 'V12']",0.6326530612244898,0.8157894736842105,0.7126436781609196,0.7359431800667129,9
"['V4', 'V14', 'V10', 'V16', 'V8', 'V5', 'V17', 'V21', 'V19', 'V12']",0.6326530612244898,0.8266666666666667,0.7167630057803468,0.7412639302480207,10
"['V4', 'V14', 'V10', 'V16', 'V8', 'V5', 'V17', 'V21', 'V20', 'V2']",0.6326530612244898,0.8266666666666667,0.7167630057803468,0.7406121702515559,10
"['V4', 'V14', 'V10', 'V16', 'V8', 'V5', 'V17', 'V21', 'V20', 'V12']",0.6326530612244898,0.8266666666666667,0.7167630057803468,0.7412182247897768,10
"['V4', 'V14', 'V10', 'V16', 'V8', 'V5', 'V17', 'V21', 'V2', 'V12']",0.6326530612244898,0.8266666666666667,0.7167630057803468,0.7414702436441114,10
"['V4', 'V14', 'V10', 'V16', 'V8', 'V5', 'V21', 'V19', 'V12']",0.6326530612244898,0.8266666666666667,0.7167630057803468,0.7424316028146829,9
"['V4', 'V14', 'V10', 'V16', 'V8', 'V5', 'V17', 'V19', 'V20', 'V2']",0.6326530612244898,0.8266666666666667,0.7167630057803468,0.7360915569803675,10
"['V4', 'V14', 'V10', 'V16', 'V8', 'V5', 'V21', 'V20', 'V2']",0.6326530612244898,0.8266666666666667,0.7167630057803468,0.7416568042060335,9
"['V4', 'V14', 'V10', 'V16', 'V8', 'V21', 'V19', 'V12']",0.6326530612244898,0.8266666666666667,0.7167630057803468,0.7416983964548705,8
"['V4', 'V14', 'V10', 'V16', 'V8', 'V5', 'V19', 'V20', 'V2']",0.6326530612244898,0.8266666666666667,0.7167630057803468,0.7383376853809961,9
"['V4', 'V14', 'V10', 'V16', 'V8', 'V5', 'V17', 'V19', 'V20', 'V12']",0.6326530612244898,0.8266666666666667,0.7167630057803468,0.7388855815935007,10
"['V4', 'V14', 'V10', 'V8', 'V5', 'V17', 'V21', 'V20', 'V2', 'V12']",0.6326530612244898,0.8157894736842105,0.7126436781609196,0.7342533880630362,10
"['V4', 'V14', 'V10', 'V8', 'V5', 'V21', 'V2', 'V12']",0.6326530612244898,0.7126436781609196,0.6702702702702703,0.7270681911865275,8
"['V4', 'V14', 'V10', 'V8', 'V5', 'V17', 'V21']",0.6326530612244898,0.8157894736842105,0.7126436781609196,0.7347253514797999,7
"['V4', 'V14', 'V10', 'V8', 'V5', 'V21', 'V19', 'V20', 'V2', 'V12']",0.6326530612244898,0.7294117647058823,0.6775956284153005,0.7287140116103357,10
"['V4', 'V10', 'V16', 'V8', 'V5', 'V20', 'V12']",0.6326530612244898,0.8157894736842105,0.7126436781609196,0.7111463606856672,7
"['V4', 'V14', 'V10', 'V16', 'V8', 'V5', 'V21', 'V20']",0.6326530612244898,0.8266666666666667,0.7167630057803468,0.7424133290162717,8
"['V4', 'V10', 'V16', 'V8', 'V5', 'V17', 'V21', 'V20', 'V2', 'V12']",0.6326530612244898,0.8051948051948052,0.7085714285714285,0.7085129232077015,10
"['V4', 'V14', 'V10', 'V8', 'V21', 'V19', 'V12']",0.6326530612244898,0.7948717948717948,0.7045454545454546,0.7283374753142097,7
"['V4', 'V14', 'V10', 'V16', 'V8', 'V5', 'V21', 'V19', 'V2', 'V12']",0.6326530612244898,0.8266666666666667,0.7167630057803468,0.7404861372677028,10
"['V4', 'V14', 'V10', 'V16', 'V8', 'V5', 'V17', 'V19', 'V12']",0.6326530612244898,0.8266666666666667,0.7167630057803468,0.7383299247873064,9
"['V4', 'V14', 'V10', 'V16', 'V8', 'V5', 'V20', 'V2', 'V12']",0.6326530612244898,0.8266666666666667,0.7167630057803468,0.736664702384018,9
"['V14', 'V12', 'V4', 'V16', 'V1', 'V2', 'V10', 'V11']",0.6326530612244898,0.8157894736842105,0.7126436781609196,0.7226533519794026,8
"['V4', 'V10', 'V16', 'V8', 'V5', 'V17', 'V21', 'V20', 'V2']",0.6326530612244898,0.8157894736842105,0.7126436781609196,0.6998312076673328,9
"['V4', 'V14', 'V10', 'V16', 'V8', 'V5', 'V21', 'V20', 'V12']",0.6326530612244898,0.8266666666666667,0.7167630057803468,0.7418399501825421,9
"['V4', 'V10', 'V16', 'V8', 'V5', 'V17', 'V21', 'V19', 'V20', 'V2']",0.6326530612244898,0.8051948051948052,0.7085714285714285,0.698924044163918,10
"['V4', 'V14', 'V10', 'V8', 'V5', 'V21', 'V20', 'V2', 'V12']",0.6326530612244898,0.7209302325581395,0.6739130434782609,0.7257327536780532,9
"['V4', 'V14', 'V10', 'V8', 'V5', 'V21', 'V19', 'V2', 'V12']",0.6326530612244898,0.7294117647058823,0.6775956284153005,0.7293227618973845,9
"['V4', 'V14', 'V10', 'V16', 'V8', 'V5', 'V17', 'V19', 'V2', 'V12']",0.6326530612244898,0.8266666666666667,0.7167630057803468,0.7383270067870757,10
"['V14', 'V12', 'V4', 'V16', 'V1', 'V2', 'V10', 'V11', 'V5', 'V20', 'V8', 'V9', 'V21', 'V3', 'V19', 'V17']",0.6326530612244898,0.8266666666666667,0.7167630057803468,0.740430610455957,16
"['V4', 'V14', 'V10', 'V8', 'V5', 'V21', 'V19', 'V20', 'V2']",0.6326530612244898,0.7294117647058823,0.6775956284153005,0.7238433998614404,9
"['V4', 'V14', 'V10', 'V5', 'V21', 'V20', 'V12']",0.6224489795918368,0.7093023255813954,0.6630434782608695,0.7070736308724607,7
"['V4', 'V14', 'V10', 'V16', 'V5', 'V17', 'V21', 'V19', 'V2', 'V12']",0.6224489795918368,0.8133333333333334,0.7052023121387283,0.7174996323534523,10
"['V4', 'V14', 'V10', 'V16', 'V8', 'V5', 'V17']",0.6224489795918368,0.8133333333333334,0.7052023121387283,0.7383274103746784,7
"['V4', 'V10', 'V16', 'V8', 'V5', 'V21', 'V19', 'V20']",0.6224489795918368,0.8133333333333334,0.7052023121387283,0.7002266541489827,8
"['V14', 'V10', 'V8', 'V5', 'V12']",0.6224489795918368,0.7922077922077922,0.6971428571428572,0.720622117671415,5
"['V4', 'V14', 'V10', 'V16', 'V8', 'V5', 'V17', 'V2', 'V12']",0.6224489795918368,0.8243243243243243,0.7093023255813954,0.7383254817417773,9
"['V4', 'V14', 'V16', 'V5', 'V17', 'V21', 'V2']",0.6224489795918368,0.8243243243243243,0.7093023255813954,0.6994038998697736,7
"['V4', 'V14', 'V10', 'V16', 'V8', 'V5', 'V17', 'V20', 'V12']",0.6224489795918368,0.8133333333333334,0.7052023121387283,0.7388937918044846,9
"['V4', 'V14', 'V10', 'V16', 'V8', 'V21', 'V19', 'V20', 'V2', 'V12']",0.6224489795918368,0.8243243243243243,0.7093023255813954,0.7383635684592763,10
"['V4', 'V14', 'V10', 'V16', 'V8', 'V5', 'V17', 'V20', 'V2']",0.6224489795918368,0.8243243243243243,0.7093023255813954,0.7371469356057624,9
"['V4', 'V10', 'V16', 'V8', 'V5', 'V17', 'V21', 'V2']",0.6224489795918368,0.8133333333333334,0.7052023121387283,0.6959211037387436,8
"['V4', 'V14', 'V10', 'V16', 'V8', 'V5', 'V17', 'V19', 'V2']",0.6224489795918368,0.8243243243243243,0.7093023255813954,0.7373012092201111,9
"['V4', 'V10', 'V16', 'V5', 'V17', 'V21', 'V20', 'V2']",0.6224489795918368,0.8133333333333334,0.7052023121387283,0.6950623461628499,8
"['V4', 'V10', 'V8', 'V5', 'V17', 'V21', 'V20', 'V2']",0.6224489795918368,0.8133333333333334,0.7052023121387283,0.6942483861206961,8
"['V4', 'V10', 'V16', 'V5', 'V21', 'V19', 'V20', 'V2']",0.6224489795918368,0.8026315789473685,0.7011494252873564,0.6955962935113587,8
"['V4', 'V10', 'V8', 'V5', 'V17', 'V21', 'V19', 'V2']",0.6224489795918368,0.8133333333333334,0.7052023121387283,0.6907262356583059,8
"['V4', 'V14', 'V10', 'V8', 'V5', 'V19', 'V20']",0.6224489795918368,0.7261904761904762,0.6703296703296703,0.7208783745862936,7
"['V4', 'V14', 'V10', 'V16', 'V8', 'V5', 'V17', 'V19', 'V20']",0.6224489795918368,0.8133333333333334,0.7052023121387283,0.7355132082861647,9
"['V4', 'V14', 'V10', 'V16', 'V8', 'V21', 'V19']",0.6224489795918368,0.8243243243243243,0.7093023255813954,0.7425248377656014,7
"['V4', 'V14', 'V10', 'V16', 'V5', 'V17', 'V19']",0.6224489795918368,0.8133333333333334,0.7052023121387283,0.7202877326800448,7
"['V4', 'V14', 'V10', 'V8', 'V19', 'V20']",0.6224489795918368,0.7261904761904762,0.6703296703296703,0.7202938006569823,6
"['V4', 'V14', 'V10', 'V8', 'V21', 'V20']",0.6224489795918368,0.7093023255813954,0.6630434782608695,0.7149742201877262,6
"['V17', 'V14', 'V10', 'V8', 'V16', 'V6', 'V21', 'V2', 'V20', 'V18', 'V12', 'V4']",0.6224489795918368,0.8243243243243243,0.7093023255813954,0.7393374350932613,12
"['V4', 'V14', 'V10', 'V16', 'V8', 'V21', 'V20']",0.6224489795918368,0.8243243243243243,0.7093023255813954,0.7412195489943647,7
"['V17', 'V14', 'V10', 'V8', 'V16', 'V6', 'V21', 'V2', 'V20', 'V18', 'V12', 'V11', 'V4']",0.6224489795918368,0.8243243243243243,0.7093023255813954,0.7388165403762358,13
"['V4', 'V14', 'V10', 'V8', 'V5', 'V19']",0.6224489795918368,0.7176470588235294,0.6666666666666666,0.7178951815812079,6
"['V4', 'V14', 'V10', 'V8', 'V5', 'V17']",0.6224489795918368,0.7922077922077922,0.6971428571428572,0.7303427991214381,6
"['V4', 'V14', 'V10', 'V16', 'V8', 'V5', 'V17', 'V20', 'V2', 'V12']",0.6224489795918368,0.8243243243243243,0.7093023255813954,0.737860797150844,10
"['V17', 'V14', 'V10', 'V8', 'V16', 'V6', 'V21', 'V2', 'V20', 'V18', 'V12', 'V11', 'Amount', 'V4']",0.6224489795918368,0.8243243243243243,0.7093023255813954,0.7393757006815059,14
"['V4', 'V14', 'V10', 'V16', 'V5', 'V20']",0.6224489795918368,0.8133333333333334,0.7052023121387283,0.7220651033869978,6
"['V17', 'V14', 'V10', 'V8', 'V16', 'V6', 'V21', 'V2', 'V20', 'V18', 'V5']",0.6224489795918368,0.8356164383561644,0.7134502923976608,0.7371608881825358,11
"['V4', 'V14', 'V10', 'V16', 'V5', 'V19']",0.6224489795918368,0.8133333333333334,0.7052023121387283,0.7220150557904728,6
"['V17', 'V14', 'V10', 'V8', 'V16', 'V6', 'V21', 'V2', 'V20', 'V18', 'V12', 'V11', 'Amount', 'V3', 'V5']",0.6224489795918368,0.8356164383561644,0.7134502923976608,0.7360638999236834,15
"['V4', 'V14', 'V10', 'V16', 'V5', 'V21']",0.6224489795918368,0.8243243243243243,0.7093023255813954,0.7220627801038473,6
"['V4', 'V14', 'V10', 'V16', 'V5', 'V17']",0.6224489795918368,0.8133333333333334,0.7052023121387283,0.7206281628455015,6
"['V17', 'V14', 'V10', 'V8', 'V16', 'V6', 'V21', 'V2', 'V20', 'V18', 'V12', 'V11', 'Amount', 'V3', 'V4', 'V1']",0.6224489795918368,0.8243243243243243,0.7093023255813954,0.7422878852407362,16
"['V17', 'V14', 'V10', 'V8', 'V16', 'V6', 'V21', 'V2', 'V20', 'V18', 'V12', 'V11', 'Amount', 'V3', 'V4', 'V19', 'V7']",0.6224489795918368,0.8243243243243243,0.7093023255813954,0.7435528459733498,17
"['V17', 'V14', 'V10', 'V8', 'V16', 'V6', 'V21', 'V2', 'V20', 'V18', 'V12', 'V11', 'Amount', 'V3', 'V4', 'V19', 'V7', 'V1', 'V5']",0.6224489795918368,0.8243243243243243,0.7093023255813954,0.7407990924787606,19
"['V17', 'V14', 'V10', 'V8', 'V16', 'V6', 'V21', 'V2', 'V20', 'V18', 'V12', 'V11', 'Amount', 'V3', 'V4', 'V19', 'V7', 'V1', 'V9']",0.6224489795918368,0.8243243243243243,0.7093023255813954,0.7430652883174885,19
"['V14', 'V10', 'V16', 'V8', 'V5', 'V21', 'V12']",0.6224489795918368,0.8356164383561644,0.7134502923976608,0.7401662932129996,7
"['V4', 'V14', 'V10', 'V16', 'V8', 'V21']",0.6224489795918368,0.8243243243243243,0.7093023255813954,0.7411593767472713,6
"['V4', 'V14', 'V10', 'V16', 'V5', 'V17', 'V20']",0.6224489795918368,0.8133333333333334,0.7052023121387283,0.7203821974250153,7
"['V17', 'V14', 'V10', 'V8', 'V16', 'V6', 'V21', 'V2', 'V20', 'V18', 'V4']",0.6224489795918368,0.8243243243243243,0.7093023255813954,0.7393799376276012,11
"['V4', 'V14', 'V10', 'V16', 'V8', 'V5', 'V21']",0.6224489795918368,0.8243243243243243,0.7093023255813954,0.7441008451539965,7
"['V4', 'V14', 'V10', 'V8', 'V5', 'V21', 'V2']",0.6224489795918368,0.7093023255813954,0.6630434782608695,0.7170318389832817,7
"['V4', 'V14', 'V10', 'V8', 'V5', 'V2', 'V12']",0.6224489795918368,0.7011494252873564,0.6594594594594595,0.722692844422567,7
"['V4', 'V14', 'V10', 'V16', 'V8', 'V5', 'V20']",0.6224489795918368,0.8243243243243243,0.7093023255813954,0.7396526435140999,7
"['V4', 'V14', 'V10', 'V16', 'V8', 'V5', 'V2']",0.6224489795918368,0.8243243243243243,0.7093023255813954,0.7382135673085201,7
"['V17', 'V14', 'V10', 'V8', 'V16', 'V6', 'V21', 'V4']",0.6224489795918368,0.8243243243243243,0.7093023255813954,0.7404843812836588,8
"['V4', 'V14', 'V10', 'V16', 'V8', 'V17', 'V21']",0.6224489795918368,0.8243243243243243,0.7093023255813954,0.7399080059266319,7
"['V4', 'V14', 'V10', 'V8', 'V5', 'V19', 'V12']",0.6224489795918368,0.7261904761904762,0.6703296703296703,0.7257124990981213,7
"['V4', 'V14', 'V16', 'V8', 'V5', 'V17', 'V21']",0.6224489795918368,0.8133333333333334,0.7052023121387283,0.7118323528405657,7
"['V4', 'V14', 'V10', 'V8', 'V5', 'V19', 'V2']",0.6224489795918368,0.7176470588235294,0.6666666666666666,0.717291138288485,7
"['V4', 'V14', 'V10', 'V8', 'V5', 'V21', 'V12']",0.6224489795918368,0.7176470588235294,0.6666666666666666,0.7270861073500724,7
"['V14', 'V10', 'V16', 'V8', 'V5', 'V17', 'V21', 'V2']",0.6224489795918368,0.8356164383561644,0.7134502923976608,0.7399281258775794,8
"['V4', 'V14', 'V10', 'V8', 'V5', 'V21', 'V20']",0.6224489795918368,0.7093023255813954,0.6630434782608695,0.715313906454832,7
"['V4', 'V14', 'V10', 'V16', 'V5', 'V17', 'V2']",0.6224489795918368,0.8133333333333334,0.7052023121387283,0.7192270808616517,7
"['V4', 'V14', 'V10', 'V8', 'V5', 'V17', 'V2']",0.6224489795918368,0.7721518987341772,0.6892655367231638,0.7305232513689898,7
"['V4', 'V14', 'V10', 'V8', 'V5', 'V17', 'V20']",0.6224489795918368,0.7922077922077922,0.6971428571428572,0.7301222571387681,7
"['V4', 'V14', 'V10', 'V8', 'V5', 'V17', 'V19']",0.6224489795918368,0.7922077922077922,0.6971428571428572,0.7296542489217888,7
"['V14', 'V10', 'V16', 'V8', 'V5', 'V21', 'V20', 'V12']",0.6224489795918368,0.8356164383561644,0.7134502923976608,0.7400645620766441,8
"['V17', 'V14', 'V10', 'V8', 'V16', 'V6', 'V21', 'V2', 'V20', 'V4']",0.6224489795918368,0.8243243243243243,0.7093023255813954,0.7404403157207403,10
"['V4', 'V14', 'V10', 'V16', 'V5', 'V19', 'V2']",0.6224489795918368,0.8133333333333334,0.7052023121387283,0.7193473196666841,7
"['V4', 'V14', 'V10', 'V16', 'V5', 'V19', 'V20']",0.6224489795918368,0.8133333333333334,0.7052023121387283,0.7215065026913088,7
"['V4', 'V14', 'V10', 'V16', 'V5', 'V21', 'V2']",0.6224489795918368,0.8133333333333334,0.7052023121387283,0.7212424928211408,7
"['V4', 'V14', 'V10', 'V16', 'V5', 'V21', 'V20']",0.6224489795918368,0.8133333333333334,0.7052023121387283,0.7196404793883848,7
"['V14', 'V10', 'V16', 'V8', 'V17', 'V21', 'V20', 'V12']",0.6224489795918368,0.8356164383561644,0.7134502923976608,0.7404806398299723,8
"['V14', 'V10', 'V16', 'V8', 'V5', 'V12']",0.6224489795918368,0.8356164383561644,0.7134502923976608,0.7390710138154577,6
"['V4', 'V14', 'V10', 'V16', 'V8', 'V21', 'V19', 'V2', 'V12']",0.6224489795918368,0.8243243243243243,0.7093023255813954,0.7385032885080501,9
"['V4', 'V14', 'V10', 'V16', 'V5', 'V17', 'V19', 'V20', 'V2']",0.6224489795918368,0.8133333333333334,0.7052023121387283,0.7208616215786775,9
"['V4', 'V10', 'V16', 'V8', 'V5', 'V21', 'V19', 'V20', 'V12']",0.6224489795918368,0.8243243243243243,0.7093023255813954,0.7167641705892009,9
"['V4', 'V14', 'V10', 'V16', 'V5', 'V17', 'V19', 'V20']",0.6224489795918368,0.8133333333333334,0.7052023121387283,0.7200376252747539,8
"['V4', 'V14', 'V10', 'V16', 'V5', 'V17', 'V21', 'V2']",0.6224489795918368,0.8243243243243243,0.7093023255813954,0.7197899286080864,8
"['V4', 'V14', 'V10', 'V8', 'V5', 'V17', 'V20', 'V2', 'V12']",0.6224489795918368,0.8133333333333334,0.7052023121387283,0.7313765316236935,9
"['V4', 'V14', 'V10', 'V8', 'V5', 'V17', 'V19', 'V2', 'V12']",0.6224489795918368,0.8133333333333334,0.7052023121387283,0.7301119983076346,9
"['V4', 'V14', 'V10', 'V8', 'V21', 'V19', 'V2', 'V12']",0.6224489795918368,0.7625,0.6853932584269663,0.727074629220261,8
"['V4', 'V14', 'V10', 'V8', 'V5', 'V17', 'V19', 'V20', 'V2']",0.6224489795918368,0.7922077922077922,0.6971428571428572,0.7305999672904594,9
"['V4', 'V14', 'V10', 'V16', 'V8', 'V19', 'V2', 'V12']",0.6224489795918368,0.8243243243243243,0.7093023255813954,0.7378168170358276,8
"['V14', 'V12', 'V4', 'V16', 'V1', 'V2', 'V8']",0.6224489795918368,0.8356164383561644,0.7134502923976608,0.7170505476825518,7
"['V4', 'V14', 'V10', 'V16', 'V8', 'V21', 'V2', 'V12']",0.6224489795918368,0.8243243243243243,0.7093023255813954,0.7379014584622298,8
"['V4', 'V14', 'V10', 'V16', 'V8', 'V21', 'V19', 'V20']",0.6224489795918368,0.8243243243243243,0.7093023255813954,0.7412611660538003,8
"['V4', 'V10', 'V16', 'V5', 'V17', 'V20', 'V2']",0.6224489795918368,0.8026315789473685,0.7011494252873564,0.688136204313053,7
"['V14', 'V12', 'V4', 'V16', 'V1', 'V2', 'Amount']",0.6224489795918368,0.8356164383561644,0.7134502923976608,0.7069177077109944,7
"['V14', 'V12', 'V4', 'V16', 'V1', 'V2', 'V10', 'V5']",0.6224489795918368,0.8133333333333334,0.7052023121387283,0.721781223069146,8
"['V14', 'V12', 'V4', 'V16', 'V1', 'V2', 'V10', 'V6']",0.6224489795918368,0.8133333333333334,0.7052023121387283,0.7208444365716936,8
"['V14', 'V12', 'V4', 'V16', 'V1', 'V2', 'V10', 'V7']",0.6224489795918368,0.8133333333333334,0.7052023121387283,0.7197504214989918,8
"['V4', 'V10', 'V16', 'V8', 'V5', 'V17', 'V21', 'V20', 'V12']",0.6224489795918368,0.8356164383561644,0.7134502923976608,0.714509503122938,9
"['V14', 'V12', 'V4', 'V16', 'V1', 'V2', 'V10', 'V18']",0.6224489795918368,0.8133333333333334,0.7052023121387283,0.7214873434421037,8
"['V4', 'V14', 'V10', 'V16', 'V8', 'V5', 'V17', 'V19']",0.6224489795918368,0.8243243243243243,0.7093023255813954,0.7369907474105559,8
"['V14', 'V12', 'V4', 'V16', 'V1', 'V2', 'V10', 'Amount']",0.6224489795918368,0.8133333333333334,0.7052023121387283,0.7223868230260455,8
"['V4', 'V14', 'V10', 'V16', 'V5', 'V17', 'V21', 'V2', 'V12']",0.6224489795918368,0.8133333333333334,0.7052023121387283,0.7167513241781223,9
"['V14', 'V12', 'V4', 'V16', 'V1', 'V2', 'V10', 'V11', 'V5']",0.6224489795918368,0.8133333333333334,0.7052023121387283,0.7203362670866337,9
"['V14', 'V12', 'V4', 'V16', 'V1', 'V2', 'V10', 'V11', 'V6']",0.6224489795918368,0.8133333333333334,0.7052023121387283,0.7199181239115802,9
"['V4', 'V14', 'V10', 'V16', 'V8', 'V17', 'V21', 'V20']",0.6224489795918368,0.8243243243243243,0.7093023255813954,0.7399136360653064,8
"['V4', 'V14', 'V10', 'V16', 'V5', 'V17', 'V19', 'V2']",0.6224489795918368,0.8133333333333334,0.7052023121387283,0.7207628112698939,8
"['V4', 'V14', 'V16', 'V5', 'V17', 'V21', 'V19', 'V20', 'V2']",0.6224489795918368,0.8133333333333334,0.7052023121387283,0.69859180756803,9
"['V4', 'V14', 'V10', 'V8', 'V5', 'V20', 'V2', 'V12']",0.6224489795918368,0.7011494252873564,0.6594594594594595,0.7241944638289126,8
"['V4', 'V14', 'V10', 'V8', 'V5', 'V17', 'V19', 'V2']",0.6224489795918368,0.782051282051282,0.6931818181818182,0.7307108293003689,8
"['V4', 'V14', 'V16', 'V5', 'V17', 'V21']",0.6224489795918368,0.8133333333333334,0.7052023121387283,0.7015971605150436,6
"['V4', 'V14', 'V10', 'V16', 'V5', 'V21', 'V20', 'V12']",0.6224489795918368,0.8243243243243243,0.7093023255813954,0.7209160841943137,8
"['V4', 'V14', 'V10', 'V16', 'V8', 'V17', 'V21', 'V19', 'V20', 'V2', 'V12']",0.6224489795918368,0.8243243243243243,0.7093023255813954,0.7381326272342977,11
"['V4', 'V14', 'V10', 'V16', 'V5', 'V21', 'V20', 'V2']",0.6224489795918368,0.8133333333333334,0.7052023121387283,0.7183439384406723,8
"['V4', 'V14', 'V10', 'V8', 'V21', 'V19', 'V20', 'V2', 'V12']",0.6224489795918368,0.7625,0.6853932584269663,0.7289037768507245,9
"['V4', 'V14', 'V10', 'V16', 'V5', 'V19', 'V20', 'V2']",0.6224489795918368,0.8133333333333334,0.7052023121387283,0.7210797656162381,8
"['V4', 'V14', 'V10', 'V16', 'V5', 'V21', 'V19', 'V2']",0.6224489795918368,0.8026315789473685,0.7011494252873564,0.7203093100865016,8
"['V4', 'V14', 'V10', 'V16', 'V5', 'V21', 'V19', 'V20']",0.6224489795918368,0.8133333333333334,0.7052023121387283,0.7186758470957428,8
"['V4', 'V14', 'V10', 'V16', 'V5', 'V17', 'V20', 'V2']",0.6224489795918368,0.8133333333333334,0.7052023121387283,0.7201556014789307,8
"['V4', 'V14', 'V10', 'V8', 'V5', 'V17', 'V19', 'V20']",0.6224489795918368,0.7922077922077922,0.6971428571428572,0.7297082156932295,8
"['V4', 'V10', 'V16', 'V8', 'V5', 'V21', 'V20']",0.6224489795918368,0.8133333333333334,0.7052023121387283,0.7001609716024424,7
"['V4', 'V10', 'V16', 'V8', 'V21', 'V20', 'V12']",0.6224489795918368,0.7922077922077922,0.6971428571428572,0.7048700146885281,7
"['V4', 'V10', 'V16', 'V8', 'V5', 'V21', 'V2']",0.6224489795918368,0.8133333333333334,0.7052023121387283,0.6936940238665855,7
"['V4', 'V14', 'V10', 'V8', 'V5', 'V17', 'V20', 'V2']",0.6224489795918368,0.782051282051282,0.6931818181818182,0.7305934862967979,8
"['V4', 'V14', 'V10', 'V8', 'V5', 'V19', 'V20', 'V2', 'V12']",0.6224489795918368,0.7176470588235294,0.6666666666666666,0.7287969383772965,9
"['V4', 'V14', 'V10', 'V8', 'V5', 'V17', 'V2', 'V12']",0.6224489795918368,0.8133333333333334,0.7052023121387283,0.730049635589148,8
"['V4', 'V14', 'V10', 'V8', 'V5', 'V21', 'V19', 'V20']",0.6224489795918368,0.7261904761904762,0.6703296703296703,0.7241674709390021,8
"['V4', 'V14', 'V10', 'V8', 'V5', 'V21', 'V19', 'V2']",0.6224489795918368,0.7261904761904762,0.6703296703296703,0.7259814130198134,8
"['V4', 'V14', 'V10', 'V8', 'V5', 'V21', 'V20', 'V12']",0.6224489795918368,0.7176470588235294,0.6666666666666666,0.7256935183707165,8
"['V4', 'V14', 'V10', 'V8', 'V5', 'V19', 'V20', 'V2']",0.6224489795918368,0.7176470588235294,0.6666666666666666,0.7199924144286415,8
"['V4', 'V14', 'V10', 'V8', 'V5', 'V19', 'V20', 'V12']",0.6224489795918368,0.7261904761904762,0.6703296703296703,0.7286692587984495,8
"['V4', 'V14', 'V10', 'V8', 'V5', 'V19', 'V2', 'V12']",0.6224489795918368,0.7176470588235294,0.6666666666666666,0.7255559563549052,8
"['V4', 'V10', 'V16', 'V8', 'V5', 'V21', 'V19', 'V20', 'V2']",0.6224489795918368,0.8026315789473685,0.7011494252873564,0.6983005473797684,9
"['V4', 'V14', 'V10', 'V16', 'V8', 'V17', 'V21', 'V19', 'V20', 'V12']",0.6224489795918368,0.8243243243243243,0.7093023255813954,0.7383024138627474,10
"['V4', 'V10', 'V16', 'V8', 'V5', 'V21', 'V19', 'V2', 'V12']",0.6224489795918368,0.8133333333333334,0.7052023121387283,0.7093228776550716,9
"['V4', 'V10', 'V16', 'V5', 'V17', 'V21', 'V19', 'V20', 'V2']",0.6224489795918368,0.8133333333333334,0.7052023121387283,0.6946519032114298,9
"['V14', 'V12', 'V4', 'V16', 'V1', 'V2', 'V10', 'V11', 'V5', 'V20', 'V7']",0.6224489795918368,0.8133333333333334,0.7052023121387283,0.7193480799004051,11
"['V14', 'V12', 'V4', 'V16', 'V1', 'V2', 'V10', 'V11', 'V5', 'V20', 'V17']",0.6224489795918368,0.8243243243243243,0.7093023255813954,0.7201096442016109,11
"['V14', 'V12', 'V4', 'V16', 'V1', 'V2', 'V10', 'V11', 'V5', 'V20', 'V19']",0.6224489795918368,0.8243243243243243,0.7093023255813954,0.7195608235011995,11
"['V14', 'V12', 'V4', 'V16', 'V1', 'V2', 'V10', 'V11', 'V5', 'V20', 'V8', 'V6']",0.6224489795918368,0.8243243243243243,0.7093023255813954,0.7392833234551899,12
"['V4', 'V14', 'V10', 'V16', 'V8', 'V5', 'V20', 'V2']",0.6224489795918368,0.8243243243243243,0.7093023255813954,0.7408178648945737,8
"['V14', 'V12', 'V4', 'V16', 'V1', 'V2', 'V10', 'V11', 'V5', 'V20', 'V8', 'V9', 'V21', 'V3', 'V19', 'V6', 'V18', 'V7', 'V17', 'Amount']",0.6224489795918368,0.8243243243243243,0.7093023255813954,0.7415038024082494,20
"['V4', 'V14', 'V10', 'V16', 'V8', 'V5']",0.6224489795918368,0.8243243243243243,0.7093023255813954,0.7400107559004755,6
"['V4', 'V14', 'V10', 'V16', 'V8', 'V5', 'V21', 'V12']",0.6224489795918368,0.8243243243243243,0.7093023255813954,0.7426096818290077,8
"['V4', 'V14', 'V10', 'V16', 'V8', 'V21', 'V19', 'V20', 'V12']",0.6224489795918368,0.8243243243243243,0.7093023255813954,0.7401632725167187,9
"['V4', 'V14', 'V10', 'V16', 'V5']",0.6224489795918368,0.8133333333333334,0.7052023121387283,0.7222961396777585,5
"['V4', 'V10', 'V16', 'V8', 'V21', 'V19', 'V20', 'V2', 'V12']",0.6224489795918368,0.8133333333333334,0.7052023121387283,0.7101911191818086,9
"['V4', 'V14', 'V10', 'V16', 'V8', 'V17', 'V19', 'V2', 'V12']",0.6224489795918368,0.8133333333333334,0.7052023121387283,0.7363304322730697,9
"['V14', 'V12', 'V4', 'V16', 'V1', 'V2', 'V10', 'V11', 'V5', 'V20', 'V3']",0.6224489795918368,0.8133333333333334,0.7052023121387283,0.7203715602123145,11
"['V4', 'V14', 'V16', 'V5', 'V17', 'V21', 'V20', 'V2']",0.6224489795918368,0.8243243243243243,0.7093023255813954,0.7001347295269346,8
"['V4', 'V14', 'V10', 'V16', 'V8', 'V5', 'V21', 'V19']",0.6224489795918368,0.8243243243243243,0.7093023255813954,0.7436027315058514,8
"['V4', 'V14', 'V10', 'V16', 'V8', 'V17', 'V21', 'V20', 'V12']",0.6224489795918368,0.8243243243243243,0.7093023255813954,0.7383416161904107,9
"['V4', 'V10', 'V8', 'V5', 'V17', 'V21', 'V2']",0.6224489795918368,0.8133333333333334,0.7052023121387283,0.6905846674134314,7
"['V4', 'V10', 'V8', 'V5', 'V17', 'V21', 'V19', 'V20', 'V2']",0.6224489795918368,0.8026315789473685,0.7011494252873564,0.6931448989561461,9
"['V4', 'V14', 'V10', 'V16', 'V8', 'V5', 'V17', 'V12']",0.6224489795918368,0.8243243243243243,0.7093023255813954,0.7393520032188461,8
"['V4', 'V14', 'V10', 'V8', 'V5', 'V17', 'V19', 'V20', 'V2', 'V12']",0.6224489795918368,0.8133333333333334,0.7052023121387283,0.7314316634561001,10
"['V4', 'V14', 'V10', 'V16', 'V8', 'V5', 'V17', 'V2']",0.6224489795918368,0.8243243243243243,0.7093023255813954,0.7387557711628586,8
"['V4', 'V14', 'V10', 'V16', 'V8', 'V5', 'V17', 'V20']",0.6224489795918368,0.8133333333333334,0.7052023121387283,0.7370004808396595,8
"['V4', 'V14', 'V10', 'V16', 'V17', 'V21', 'V19', 'V20', 'V2', 'V12']",0.6224489795918368,0.8133333333333334,0.7052023121387283,0.7155045248774888,10
"['V4', 'V10', 'V8', 'V5', 'V17', 'V21', 'V20', 'V2', 'V12']",0.6224489795918368,0.8243243243243243,0.7093023255813954,0.7046680349254667,9
"['V14', 'V12', 'V4', 'V16', 'V1', 'V2', 'V10', 'V11', 'V5', 'V20', 'V6']",0.6224489795918368,0.8243243243243243,0.7093023255813954,0.7229749390708583,11
"['V14', 'V12', 'V4', 'V16', 'V1', 'V2', 'V10', 'V11', 'V5', 'V20', 'V8', 'V17']",0.6224489795918368,0.8243243243243243,0.7093023255813954,0.7377775318615666,12
"['V14', 'V12', 'V4', 'V16', 'V1', 'V2', 'V10', 'V11', 'V5', 'V3']",0.6224489795918368,0.8243243243243243,0.7093023255813954,0.7220540768668561,10
"['V14', 'V12', 'V4', 'V16', 'V1', 'V2', 'V10', 'V11', 'V5', 'Amount']",0.6224489795918368,0.8133333333333334,0.7052023121387283,0.7216221696729984,10
"['V14', 'V12', 'V4', 'V16', 'V1', 'V2', 'V10', 'V11', 'V5', 'V21']",0.6224489795918368,0.8133333333333334,0.7052023121387283,0.7192820258121969,10
"['V4', 'V14', 'V10', 'V16', 'V5', 'V17', 'V21', 'V19', 'V2']",0.6224489795918368,0.8133333333333334,0.7052023121387283,0.7194213935844391,9
"['V14', 'V12', 'V4', 'V16', 'V1', 'V2', 'V10', 'V11', 'V5', 'V8']",0.6224489795918368,0.8243243243243243,0.7093023255813954,0.738624736771219,10
"['V14', 'V12', 'V4', 'V16', 'V1', 'V2', 'V10', 'V11', 'V5', 'V18']",0.6224489795918368,0.8133333333333334,0.7052023121387283,0.7210851226753761,10
"['V14', 'V12', 'V4', 'V16', 'V1', 'V2', 'V10', 'V11', 'V5', 'V7']",0.6224489795918368,0.8133333333333334,0.7052023121387283,0.7200920716961835,10
"['V14', 'V12', 'V4', 'V16', 'V1', 'V2', 'V10', 'V11', 'V5', 'V19']",0.6224489795918368,0.8133333333333334,0.7052023121387283,0.7199658885805266,10
"['V4', 'V14', 'V10', 'V8', 'V17', 'V21', 'V2']",0.6122448979591837,0.8108108108108109,0.6976744186046512,0.7319006941174365,7
"['V10', 'V16', 'V8', 'V5', 'V17', 'V21', 'V19', 'V12']",0.6122448979591837,0.8333333333333334,0.7058823529411765,0.7073800543106376,8
"['V4', 'V14', 'V10', 'V8', 'V17', 'V21', 'V19', 'V20', 'V2']",0.6122448979591837,0.8108108108108109,0.6976744186046512,0.733329571610107,9
"['V4', 'V14', 'V10', 'V16', 'V8', 'V17', 'V21', 'V20', 'V2']",0.6122448979591837,0.821917808219178,0.7017543859649122,0.7386660906684672,9
"['V4', 'V14', 'V10', 'V16', 'V8', 'V17', 'V21', 'V19', 'V2']",0.6122448979591837,0.821917808219178,0.7017543859649122,0.7380965584068955,9
"['V4', 'V14', 'V10', 'V16', 'V8', 'V17', 'V21', 'V19', 'V20']",0.6122448979591837,0.821917808219178,0.7017543859649122,0.7397798766056806,9
"['V4', 'V14', 'V10', 'V8', 'V17', 'V21', 'V19', 'V2', 'V12']",0.6122448979591837,0.821917808219178,0.7017543859649122,0.7334771764686933,9
"['V4', 'V14', 'V10', 'V16', 'V19', 'V2', 'V12']",0.6122448979591837,0.8108108108108109,0.6976744186046512,0.7175702554016901,7
"['V4', 'V14', 'V10', 'V16', 'V5', 'V21', 'V19', 'V20', 'V12']",0.6122448979591837,0.821917808219178,0.7017543859649122,0.7189210741237401,9
"['V4', 'V14', 'V10', 'V16', 'V17', 'V19', 'V2']",0.6122448979591837,0.8108108108108109,0.6976744186046512,0.7173825163816487,7
"['V4', 'V14', 'V10', 'V5', 'V17', 'V21', 'V19', 'V20', 'V2']",0.6122448979591837,0.759493670886076,0.6779661016949152,0.7131108519373766,9
"['V4', 'V14', 'V10', 'V8', 'V19', 'V20', 'V2']",0.6122448979591837,0.7228915662650602,0.6629834254143646,0.7217893723319214,7
"['V4', 'V14', 'V10', 'V16', 'V5', 'V17', 'V21', 'V20', 'V2']",0.6122448979591837,0.8108108108108109,0.6976744186046512,0.71902281746658,9
"['V4', 'V14', 'V10', 'V20']",0.6122448979591837,0.6976744186046512,0.6521739130434783,0.7014460427583267,4
"['V4', 'V14', 'V10', 'V8', 'V5', 'V17', 'V12']",0.6122448979591837,0.8,0.6936416184971098,0.7300128279419452,7
"['V4', 'V14', 'V10', 'V5']",0.6122448979591837,0.7058823529411765,0.6557377049180327,0.6994881332490479,4
"['V4', 'V14', 'V10', 'V8', 'V19', 'V20', 'V12']",0.6122448979591837,0.7894736842105263,0.6896551724137931,0.7258919576708681,7
"['V4', 'V14', 'V10', 'V8', 'V19', 'V2', 'V12']",0.6122448979591837,0.7407407407407407,0.6703910614525139,0.7245689914874535,7
"['V4', 'V14', 'V16', 'V8', 'V5', 'V17', 'V21', 'V19', 'V20']",0.6122448979591837,0.821917808219178,0.7017543859649122,0.7106853650856271,9
"['V4', 'V14', 'V16', 'V8', 'V5', 'V17', 'V21', 'V19', 'V2']",0.6122448979591837,0.821917808219178,0.7017543859649122,0.7101605021852626,9
"['V4', 'V14', 'V10', 'V16', 'V17', 'V20', 'V2']",0.6122448979591837,0.8,0.6936416184971098,0.7173917519824744,7
"['V4', 'V14', 'V10', 'V16', 'V17', 'V19', 'V20']",0.6122448979591837,0.8,0.6936416184971098,0.7156007932897462,7
"['V4', 'V14', 'V10', 'V8', 'V21', 'V19', 'V20']",0.6122448979591837,0.7228915662650602,0.6629834254143646,0.7228432304852861,7
"['V4', 'V14', 'V10', 'V16', 'V5', 'V17', 'V21']",0.6122448979591837,0.821917808219178,0.7017543859649122,0.7200216620549226,7
"['V14', 'V16', 'V8', 'V21', 'V19', 'V20', 'V12']",0.6122448979591837,0.821917808219178,0.7017543859649122,0.7103613788787004,7
"['V4', 'V10', 'V8', 'V5', 'V17', 'V2']",0.6122448979591837,0.821917808219178,0.7017543859649122,0.6771174871120398,6
"['V4', 'V14', 'V10', 'V16', 'V5', 'V21', 'V19', 'V2', 'V12']",0.6122448979591837,0.821917808219178,0.7017543859649122,0.7159000018570729,9
"['V4', 'V14', 'V10', 'V16', 'V8', 'V19', 'V12']",0.6122448979591837,0.821917808219178,0.7017543859649122,0.7397216545009273,7
"['V4', 'V14', 'V10', 'V16', 'V5', 'V21', 'V20', 'V2', 'V12']",0.6122448979591837,0.821917808219178,0.7017543859649122,0.7169757855768824,9
"['V4', 'V14', 'V10', 'V16', 'V5', 'V21', 'V19']",0.6122448979591837,0.821917808219178,0.7017543859649122,0.7215498858199831,7
"['V4', 'V14', 'V10', 'V16', 'V5', 'V19', 'V20', 'V2', 'V12']",0.6122448979591837,0.8108108108108109,0.6976744186046512,0.7168976328535388,9
"['V4', 'V14', 'V10', 'V16', 'V5', 'V17', 'V21', 'V19', 'V20']",0.6122448979591837,0.8108108108108109,0.6976744186046512,0.7172893486851308,9
"['V4', 'V14', 'V10', 'V8', 'V5', 'V20', 'V12']",0.6122448979591837,0.7142857142857143,0.6593406593406593,0.7260011405562637,7
"['V4', 'V14', 'V10', 'V16', 'V5', 'V21', 'V19', 'V20', 'V2']",0.6122448979591837,0.8108108108108109,0.6976744186046512,0.7163509936953155,9
"['V4', 'V14', 'V10', 'V8', 'V5', 'V17', 'V19', 'V20', 'V12']",0.6122448979591837,0.8108108108108109,0.6976744186046512,0.7301434747946711,9
"['V4', 'V14', 'V10', 'V16', 'V8', 'V19', 'V20', 'V2', 'V12']",0.6122448979591837,0.8108108108108109,0.6976744186046512,0.739187240793588,9
"['V4', 'V14', 'V10', 'V16', 'V8', 'V21', 'V20', 'V2', 'V12']",0.6122448979591837,0.821917808219178,0.7017543859649122,0.7394353244612749,9
"['V4', 'V14', 'V10', 'V16', 'V5', 'V17', 'V19', 'V20', 'V12']",0.6122448979591837,0.8108108108108109,0.6976744186046512,0.719540468756061,9
"['V4', 'V10', 'V5', 'V17', 'V20', 'V2']",0.6122448979591837,0.8108108108108109,0.6976744186046512,0.6777480459074601,6
"['V4', 'V14', 'V10', 'V8', 'V17', 'V21', 'V19']",0.6122448979591837,0.8333333333333334,0.7058823529411765,0.7314427728916418,7
"['V4', 'V14', 'V10', 'V16', 'V5', 'V19', 'V12']",0.6122448979591837,0.821917808219178,0.7017543859649122,0.719393638761932,7
"['V4', 'V14', 'V10', 'V16', 'V8', 'V21', 'V19', 'V20', 'V2']",0.6122448979591837,0.821917808219178,0.7017543859649122,0.7394970946912414,9
"['V4', 'V14', 'V10', 'V16', 'V5', 'V20', 'V2']",0.6122448979591837,0.8108108108108109,0.6976744186046512,0.7215834398920278,7
"['V4', 'V14', 'V10', 'V8', 'V5', 'V20', 'V2']",0.6122448979591837,0.7058823529411765,0.6557377049180327,0.7099509676580211,7
"['V4', 'V14', 'V10', 'V16', 'V5', 'V2', 'V12']",0.6122448979591837,0.821917808219178,0.7017543859649122,0.7178450360064889,7
"['V4', 'V14', 'V10', 'V16']",0.6122448979591837,0.8108108108108109,0.6976744186046512,0.7177359961019055,4
"['V4', 'V10', 'V8', 'V5', 'V17', 'V19', 'V20', 'V2']",0.6122448979591837,0.8108108108108109,0.6976744186046512,0.678310968008706,8
"['V14', 'V10', 'V8', 'V17', 'V21', 'V19', 'V2', 'V12']",0.6122448979591837,0.821917808219178,0.7017543859649122,0.7303886463259184,8
"['V4', 'V14', 'V16', 'V8', 'V17', 'V21', 'V19', 'V2']",0.6122448979591837,0.821917808219178,0.7017543859649122,0.7105618427057317,8
"['V4', 'V14', 'V16', 'V5', 'V17', 'V21', 'V19', 'V2']",0.6122448979591837,0.8108108108108109,0.6976744186046512,0.6978856080049006,8
"['V4', 'V14', 'V10', 'V8', 'V5']",0.6122448979591837,0.7058823529411765,0.6557377049180327,0.7099778888728748,5
"['V4', 'V14', 'V10', 'V16', 'V20']",0.6122448979591837,0.8108108108108109,0.6976744186046512,0.7182246286119733,5
"['V4', 'V14', 'V10', 'V16', 'V8', 'V5', 'V21', 'V2']",0.6122448979591837,0.821917808219178,0.7017543859649122,0.741509192160885,8
"['V4', 'V14', 'V16', 'V8', 'V17', 'V21', 'V20', 'V2']",0.6122448979591837,0.821917808219178,0.7017543859649122,0.7113518230813826,8
"['V4', 'V14', 'V16', 'V17', 'V20', 'V2']",0.6122448979591837,0.821917808219178,0.7017543859649122,0.6982559875939089,6
"['V4', 'V14', 'V16', 'V8', 'V17', 'V21', 'V19', 'V20']",0.6122448979591837,0.821917808219178,0.7017543859649122,0.712047146130553,8
"['V4', 'V14', 'V16', 'V5', 'V17', 'V19', 'V20', 'V2']",0.6122448979591837,0.8,0.6936416184971098,0.695161431735969,8
"['V4', 'V14', 'V16', 'V8', 'V5', 'V19', 'V2', 'V12']",0.6122448979591837,0.8108108108108109,0.6976744186046512,0.7150825963140397,8
"['V4', 'V14', 'V10', 'V16', 'V8', 'V5', 'V20', 'V12']",0.6122448979591837,0.821917808219178,0.7017543859649122,0.7400260420500931,8
"['V4', 'V14', 'V10', 'V16', 'V8', 'V17', 'V21', 'V19']",0.6122448979591837,0.821917808219178,0.7017543859649122,0.7394707421804699,8
"['V4', 'V14', 'V16', 'V17', 'V19', 'V2']",0.6122448979591837,0.8108108108108109,0.6976744186046512,0.6961104519427797,6
"['V4', 'V14', 'V10', 'V16', 'V8', 'V17', 'V21', 'V2']",0.6122448979591837,0.821917808219178,0.7017543859649122,0.7383115933047956,8
"['V4', 'V14', 'V16', 'V17', 'V19', 'V20']",0.6122448979591837,0.8108108108108109,0.6976744186046512,0.6961424043983552,6
"['V4', 'V14', 'V10', 'V8', 'V21']",0.6122448979591837,0.7058823529411765,0.6557377049180327,0.7166019456143625,5
"['V4', 'V14', 'V10', 'V5', 'V17']",0.6122448979591837,0.7792207792207793,0.6857142857142857,0.7146405545082886,5
"['V4', 'V14', 'V16', 'V8', 'V5', 'V17', 'V19', 'V2']",0.6122448979591837,0.821917808219178,0.7017543859649122,0.7153297731335295,8
"['V4', 'V14', 'V8', 'V5', 'V21', 'V19', 'V20', 'V12']",0.6122448979591837,0.8,0.6936416184971098,0.700425583160398,8
"['V4', 'V10', 'V16', 'V8', 'V5', 'V17', 'V21', 'V12']",0.6122448979591837,0.821917808219178,0.7017543859649122,0.7100572440565854,8
"['V4', 'V10', 'V16', 'V8', 'V5', 'V17', 'V21', 'V20']",0.6122448979591837,0.8,0.6936416184971098,0.6978203179131316,8
"['V4', 'V14', 'V16', 'V17', 'V21']",0.6122448979591837,0.821917808219178,0.7017543859649122,0.7019931248239509,5
"['V4', 'V14', 'V16', 'V5', 'V21']",0.6122448979591837,0.8108108108108109,0.6976744186046512,0.702567647573709,5
"['V4', 'V14', 'V16', 'V5', 'V17']",0.6122448979591837,0.8108108108108109,0.6976744186046512,0.6965365454133076,5
"['V4', 'V14', 'V5', 'V17', 'V21', 'V19', 'V20', 'V2']",0.6122448979591837,0.821917808219178,0.7017543859649122,0.6936994402996416,8
"['V4', 'V14', 'V8', 'V5', 'V17', 'V21', 'V20', 'V2']",0.6122448979591837,0.821917808219178,0.7017543859649122,0.7053112424749174,8
"['V4', 'V14', 'V10', 'V5', 'V21']",0.6122448979591837,0.7058823529411765,0.6557377049180327,0.6998557625886134,5
"['V4', 'V14', 'V8', 'V5', 'V17', 'V21', 'V19', 'V2']",0.6122448979591837,0.821917808219178,0.7017543859649122,0.7045983904340668,8
"['V4', 'V14', 'V8', 'V5', 'V17', 'V20']",0.6122448979591837,0.8108108108108109,0.6976744186046512,0.7007747324989773,6
"['V4', 'V14', 'V16', 'V17', 'V21', 'V19', 'V20', 'V2']",0.6122448979591837,0.8108108108108109,0.6976744186046512,0.6993302273770847,8
"['V4', 'V14', 'V10', 'V5', 'V2']",0.6122448979591837,0.6976744186046512,0.6521739130434783,0.7004339387652134,5
"['V4', 'V14', 'V10', 'V5', 'V20']",0.6122448979591837,0.7058823529411765,0.6557377049180327,0.6995743803808251,5
"['V4', 'V14', 'V10', 'V5', 'V19']",0.6122448979591837,0.7058823529411765,0.6557377049180327,0.7076013196368979,5
"['V4', 'V14', 'V10', 'V16', 'V8', 'V17', 'V19', 'V2']",0.6122448979591837,0.8108108108108109,0.6976744186046512,0.7378114698676348,8
"['V4', 'V14', 'V16', 'V17', 'V21', 'V2']",0.6122448979591837,0.821917808219178,0.7017543859649122,0.7001593640703996,6
"['V4', 'V14', 'V10', 'V16', 'V8', 'V20']",0.6122448979591837,0.821917808219178,0.7017543859649122,0.7394536160343712,6
"['V4', 'V14', 'V10', 'V16', 'V5', 'V21', 'V19', 'V12']",0.6122448979591837,0.821917808219178,0.7017543859649122,0.718510776370531,8
"['V4', 'V14', 'V10', 'V16', 'V5', 'V17', 'V19', 'V12']",0.6122448979591837,0.821917808219178,0.7017543859649122,0.7187665797100253,8
"['V4', 'V14', 'V10', 'V8', 'V17', 'V21', 'V19', 'V2']",0.6122448979591837,0.8108108108108109,0.6976744186046512,0.7328117473405426,8
"['V4', 'V14', 'V10', 'V8', 'V17', 'V21', 'V19', 'V20']",0.6122448979591837,0.8333333333333334,0.7058823529411765,0.7333590952928357,8
"['V4', 'V14', 'V10', 'V8', 'V5', 'V17', 'V20', 'V12']",0.6122448979591837,0.821917808219178,0.7017543859649122,0.7303725089279822,8
"['V4', 'V14', 'V10', 'V8', 'V5', 'V17', 'V19', 'V12']",0.6122448979591837,0.8,0.6936416184971098,0.7296900049005551,8
"['V4', 'V14', 'V10', 'V16', 'V19', 'V20', 'V2', 'V12']",0.6122448979591837,0.8108108108108109,0.6976744186046512,0.7162173819371476,8
"['V4', 'V14', 'V16', 'V5', 'V17', 'V2']",0.6122448979591837,0.821917808219178,0.7017543859649122,0.6964272054876957,6
"['V4', 'V14', 'V10', 'V8', 'V17', 'V21', 'V2', 'V12']",0.6122448979591837,0.821917808219178,0.7017543859649122,0.7336597750678948,8
"['V4', 'V14', 'V10', 'V16', 'V17', 'V19', 'V20', 'V2']",0.6122448979591837,0.8108108108108109,0.6976744186046512,0.716825911362544,8
"['V4', 'V14', 'V16', 'V5', 'V17', 'V20']",0.6122448979591837,0.8108108108108109,0.6976744186046512,0.6954345376374743,6
"['V4', 'V14', 'V10', 'V16', 'V5', 'V21', 'V2', 'V12']",0.6122448979591837,0.8108108108108109,0.6976744186046512,0.7158794317774817,8
"['V4', 'V14', 'V10', 'V16', 'V17', 'V21', 'V19', 'V20']",0.6122448979591837,0.8,0.6936416184971098,0.714688346245755,8
"['V4', 'V14', 'V10', 'V16', 'V5', 'V20', 'V2', 'V12']",0.6122448979591837,0.8108108108108109,0.6976744186046512,0.7185232061659554,8
"['V4', 'V14', 'V10', 'V16', 'V5', 'V19', 'V2', 'V12']",0.6122448979591837,0.821917808219178,0.7017543859649122,0.7181250411132648,8
"['V4', 'V14', 'V10', 'V8', 'V17', 'V21', 'V20', 'V2']",0.6122448979591837,0.8108108108108109,0.6976744186046512,0.7333170585718617,8
"['V4', 'V14', 'V10', 'V16', 'V5', 'V17', 'V21', 'V20']",0.6122448979591837,0.8108108108108109,0.6976744186046512,0.718598002882088,8
"['V4', 'V14', 'V16', 'V8', 'V5', 'V17', 'V21', 'V2']",0.6122448979591837,0.821917808219178,0.7017543859649122,0.7097340221759051,8
"['V4', 'V14', 'V10', 'V16', 'V8', 'V20', 'V2', 'V12']",0.6122448979591837,0.821917808219178,0.7017543859649122,0.7381243415272281,8
"['V4', 'V14', 'V16', 'V8', 'V5', 'V17', 'V21', 'V20']",0.6122448979591837,0.821917808219178,0.7017543859649122,0.7114030595748772,8
"['V4', 'V14', 'V16', 'V17', 'V21', 'V20']",0.6122448979591837,0.821917808219178,0.7017543859649122,0.7019678821905301,6
"['V4', 'V14', 'V16', 'V17', 'V21', 'V19']",0.6122448979591837,0.8108108108108109,0.6976744186046512,0.7021686581412743,6
"['V4', 'V14', 'V10', 'V5', 'V21', 'V20', 'V2', 'V12']",0.6122448979591837,0.7058823529411765,0.6557377049180327,0.7051028308033651,8
"['V4', 'V14', 'V10', 'V16', 'V8', 'V19', 'V20', 'V12']",0.6122448979591837,0.821917808219178,0.7017543859649122,0.7381404691358081,8
"['V4', 'V14', 'V10', 'V5', 'V17', 'V19', 'V20', 'V2']",0.6122448979591837,0.75,0.6741573033707865,0.7151139298610929,8
"['V4', 'V14', 'V10', 'V5', 'V17', 'V21', 'V20', 'V2']",0.6122448979591837,0.75,0.6741573033707865,0.7130788811867632,8
"['V4', 'V14', 'V10', 'V8', 'V21', 'V19', 'V20', 'V2']",0.6122448979591837,0.7228915662650602,0.6629834254143646,0.7244016108989041,8
"['V4', 'V14', 'V10', 'V16', 'V5', 'V17', 'V21', 'V19']",0.6122448979591837,0.821917808219178,0.7017543859649122,0.7182700017948137,8
"['V4', 'V14', 'V10', 'V5', 'V17', 'V21', 'V19', 'V2']",0.6122448979591837,0.7692307692307693,0.6818181818181818,0.7151731881652239,8
"['V4', 'V14', 'V10', 'V5', 'V17', 'V21', 'V19', 'V20']",0.6122448979591837,0.7792207792207793,0.6857142857142857,0.7133654820406453,8
"['V4', 'V14', 'V10', 'V8', 'V19', 'V20', 'V2', 'V12']",0.6122448979591837,0.7407407407407407,0.6703910614525139,0.7262881125502234,8
"['V4', 'V14', 'V10', 'V8', 'V21', 'V20', 'V2', 'V12']",0.6122448979591837,0.7228915662650602,0.6629834254143646,0.7264165622294296,8
"['V4', 'V14', 'V10', 'V8', 'V21', 'V19', 'V20', 'V12']",0.6122448979591837,0.7894736842105263,0.6896551724137931,0.7289925247827974,8
"['V4', 'V14', 'V16', 'V17', 'V20']",0.6122448979591837,0.821917808219178,0.7017543859649122,0.69806983129526,5
"['V4', 'V10', 'V16', 'V8', 'V5', 'V17', 'V19', 'V12']",0.6122448979591837,0.8108108108108109,0.6976744186046512,0.7062615429209229,8
"['V4', 'V10', 'V16', 'V8', 'V5', 'V17', 'V20', 'V2']",0.6122448979591837,0.8108108108108109,0.6976744186046512,0.6926378190024112,8
"['V4', 'V14', 'V10', 'V5', 'V17', 'V19']",0.6122448979591837,0.7692307692307693,0.6818181818181818,0.7141849079916116,6
"['V14', 'V10', 'V16', 'V8', 'V17', 'V21', 'V2', 'V12']",0.6122448979591837,0.8333333333333334,0.7058823529411765,0.7358301963563411,8
"['V4', 'V14', 'V10', 'V8', 'V19', 'V2']",0.6122448979591837,0.7228915662650602,0.6629834254143646,0.719434635685807,6
"['V4', 'V14', 'V10', 'V8', 'V19', 'V12']",0.6122448979591837,0.7692307692307693,0.6818181818181818,0.7227181098987802,6
"['V4', 'V10', 'V16', 'V8', 'V21', 'V12']",0.6122448979591837,0.7894736842105263,0.6896551724137931,0.7013181784777204,6
"['V4', 'V14', 'V10', 'V5', 'V17', 'V21']",0.6122448979591837,0.7894736842105263,0.6896551724137931,0.7129502818759648,6
"['V10', 'V16', 'V8', 'V5', 'V17', 'V21', 'V12']",0.6122448979591837,0.8333333333333334,0.7058823529411765,0.7081131209164895,7
"['V14', 'V10', 'V16', 'V8', 'V17', 'V21', 'V20', 'V2']",0.6122448979591837,0.8333333333333334,0.7058823529411765,0.7386848732862943,8
"['V14', 'V10', 'V16', 'V8', 'V21', 'V19', 'V20', 'V2']",0.6122448979591837,0.8333333333333334,0.7058823529411765,0.7369777361395844,8
"['V4', 'V14', 'V10', 'V5', 'V17', 'V20']",0.6122448979591837,0.7894736842105263,0.6896551724137931,0.7149214325600555,6
"['V4', 'V14', 'V10', 'V5', 'V17', 'V2']",0.6122448979591837,0.7792207792207793,0.6857142857142857,0.7155787341187048,6
"['V14', 'V10', 'V16', 'V8', 'V17', 'V21', 'V19', 'V20']",0.6122448979591837,0.8333333333333334,0.7058823529411765,0.737812940374495,8
"['V14', 'V10', 'V16', 'V8', 'V5', 'V20', 'V2', 'V12']",0.6122448979591837,0.8450704225352113,0.7100591715976331,0.7374940060981692,8
"['V4', 'V10', 'V16', 'V8', 'V5', 'V12']",0.6122448979591837,0.8108108108108109,0.6976744186046512,0.7076873763529212,6
"['V4', 'V10', 'V16', 'V8', 'V12']",0.6122448979591837,0.7894736842105263,0.6896551724137931,0.7003873636631784,5
"['V4', 'V10', 'V16', 'V8', 'V19', 'V12']",0.6122448979591837,0.7894736842105263,0.6896551724137931,0.7000707829379047,6
"['V4', 'V14', 'V10', 'V8', 'V21', 'V19']",0.6122448979591837,0.7228915662650602,0.6629834254143646,0.7228016241452098,6
"['V4', 'V14', 'V16', 'V17', 'V2']",0.6122448979591837,0.821917808219178,0.7017543859649122,0.6987378185784817,5
"['V4', 'V14', 'V10', 'V8', 'V5', 'V21']",0.6122448979591837,0.7058823529411765,0.6557377049180327,0.7166861665736374,6
"['V4', 'V14', 'V10', 'V16', 'V5', 'V2']",0.6122448979591837,0.8,0.6936416184971098,0.7198812001295812,6
"['V4', 'V14', 'V10', 'V16', 'V17', 'V2']",0.6122448979591837,0.8,0.6936416184971098,0.7176080302428574,6
"['V4', 'V14', 'V10', 'V16', 'V19', 'V20']",0.6122448979591837,0.8108108108108109,0.6976744186046512,0.7177516569849502,6
"['V4', 'V10', 'V16', 'V5', 'V19', 'V20']",0.6122448979591837,0.8108108108108109,0.6976744186046512,0.6843917840927934,6
"['V4', 'V14', 'V10', 'V16', 'V2', 'V12']",0.6122448979591837,0.8108108108108109,0.6976744186046512,0.7178773998315955,6
"['V14', 'V10', 'V16', 'V5', 'V21', 'V19', 'V20', 'V12']",0.6122448979591837,0.821917808219178,0.7017543859649122,0.7206378268628446,8
"['V4', 'V14', 'V10', 'V8', 'V5', 'V20']",0.6122448979591837,0.7058823529411765,0.6557377049180327,0.71079013731281,6
"['V14', 'V10', 'V16', 'V8', 'V21', 'V19', 'V2', 'V12']",0.6122448979591837,0.8333333333333334,0.7058823529411765,0.7354667917135382,8
"['V4', 'V10', 'V16', 'V5', 'V17', 'V2']",0.6122448979591837,0.8,0.6936416184971098,0.6789245879022051,6
"['V4', 'V14', 'V10', 'V8', 'V5', 'V2']",0.6122448979591837,0.7058823529411765,0.6557377049180327,0.7091411615738348,6
"['V4', 'V14', 'V10', 'V8', 'V5', 'V12']",0.6122448979591837,0.7142857142857143,0.6593406593406593,0.7223493154584574,6
"['V14', 'V10', 'V16', 'V5', 'V17', 'V21', 'V20', 'V2']",0.6122448979591837,0.8333333333333334,0.7058823529411765,0.7207203507418299,8
"['V4', 'V10', 'V16', 'V8', 'V20', 'V12']",0.6122448979591837,0.8,0.6936416184971098,0.6989424803470818,6
"['V14', 'V10', 'V16', 'V8', 'V21', 'V20', 'V2', 'V12']",0.6122448979591837,0.8333333333333334,0.7058823529411765,0.7372994073617037,8
"['V4', 'V14', 'V10', 'V5', 'V21', 'V20']",0.6122448979591837,0.6976744186046512,0.6521739130434783,0.7031418626288699,6
"['V4', 'V14', 'V10', 'V5', 'V21', 'V2']",0.6122448979591837,0.6976744186046512,0.6521739130434783,0.7001921291404243,6
"['V14', 'V10', 'V16', 'V8', 'V5', 'V19', 'V20', 'V12']",0.6122448979591837,0.8450704225352113,0.7100591715976331,0.7373186469777339,8
"['V4', 'V10', 'V16', 'V8', 'V21', 'V20', 'V2', 'V12']",0.6122448979591837,0.8,0.6936416184971098,0.7083925944807613,8
"['V4', 'V10', 'V5', 'V17', 'V21', 'V19', 'V20', 'V2']",0.6122448979591837,0.8108108108108109,0.6976744186046512,0.6916304298759577,8
"['V4', 'V10', 'V8', 'V5', 'V21', 'V20', 'V2', 'V12']",0.6122448979591837,0.8,0.6936416184971098,0.7030473898617554,8
"['V10', 'V8', 'V5', 'V17', 'V21', 'V12']",0.6122448979591837,0.8333333333333334,0.7058823529411765,0.7056099490744937,6
"['V14', 'V10', 'V16', 'V5', 'V21', 'V20', 'V12']",0.6122448979591837,0.821917808219178,0.7017543859649122,0.7215687880395578,7
"['V4', 'V10', 'V8', 'V5', 'V17', 'V21', 'V2', 'V12']",0.6122448979591837,0.821917808219178,0.7017543859649122,0.7071778208976242,8
"['V4', 'V10', 'V8', 'V5', 'V17', 'V21', 'V20', 'V12']",0.6122448979591837,0.821917808219178,0.7017543859649122,0.7063842849864519,8
"['V4', 'V14', 'V16', 'V8', 'V5', 'V12']",0.6122448979591837,0.821917808219178,0.7017543859649122,0.7141969148120277,6
"['V14', 'V10', 'V16', 'V8', 'V5', 'V21', 'V2', 'V12']",0.6122448979591837,0.8333333333333334,0.7058823529411765,0.7360840307908559,8
"['V4', 'V10', 'V16', 'V8', 'V21', 'V19', 'V20', 'V12']",0.6122448979591837,0.7894736842105263,0.6896551724137931,0.7087877431048202,8
"['V4', 'V14', 'V16', 'V8', 'V17', 'V21']",0.6122448979591837,0.821917808219178,0.7017543859649122,0.7131104459269526,6
"['V4', 'V10', 'V16', 'V8', 'V17', 'V21', 'V20', 'V12']",0.6122448979591837,0.7894736842105263,0.6896551724137931,0.7079509307317088,8
"['V4', 'V10', 'V16', 'V8', 'V5', 'V19', 'V20', 'V12']",0.6122448979591837,0.8108108108108109,0.6976744186046512,0.709326207576153,8
"['V4', 'V10', 'V16', 'V8', 'V5', 'V21', 'V2', 'V12']",0.6122448979591837,0.8108108108108109,0.6976744186046512,0.7078816166604884,8
"['V4', 'V10', 'V16', 'V8', 'V5', 'V21', 'V19', 'V12']",0.6122448979591837,0.821917808219178,0.7017543859649122,0.7100292814318685,8
"['V10', 'V8', 'V5', 'V17', 'V21', 'V19', 'V12']",0.6122448979591837,0.8333333333333334,0.7058823529411765,0.7040814760462352,7
"['V4', 'V14', 'V10', 'V16', 'V8', 'V5', 'V12']",0.6122448979591837,0.821917808219178,0.7017543859649122,0.7392301840810943,7
"['V4', 'V14', 'V10', 'V5', 'V20', 'V12']",0.6122448979591837,0.6976744186046512,0.6521739130434783,0.7105904812739918,6
"['V4', 'V14', 'V10', 'V5', 'V20', 'V2']",0.6122448979591837,0.6976744186046512,0.6521739130434783,0.7011863207485574,6
"['V4', 'V14', 'V10', 'V5', 'V19', 'V12']",0.6122448979591837,0.7142857142857143,0.6593406593406593,0.7116355927761497,6
"['V4', 'V14', 'V10', 'V5', 'V19', 'V2']",0.6122448979591837,0.7142857142857143,0.6593406593406593,0.7090108108911971,6
"['V14', 'V10', 'V16', 'V8', 'V5', 'V17', 'V21', 'V19']",0.6122448979591837,0.8333333333333334,0.7058823529411765,0.7376827890419627,8
"['V14', 'V10', 'V16', 'V8', 'V5', 'V17', 'V21', 'V20']",0.6122448979591837,0.8333333333333334,0.7058823529411765,0.7378926197567874,8
"['V14', 'V10', 'V16', 'V8', 'V5', 'V17', 'V21', 'V12']",0.6122448979591837,0.8333333333333334,0.7058823529411765,0.7381747203870255,8
"['V4', 'V14', 'V10', 'V5', 'V19', 'V20']",0.6122448979591837,0.7228915662650602,0.6629834254143646,0.7085354958774045,6
"['V4', 'V14', 'V10', 'V5', 'V21', 'V12']",0.6122448979591837,0.7058823529411765,0.6557377049180327,0.7071628221942682,6
"['V14', 'V10', 'V16', 'V8', 'V5', 'V17', 'V20', 'V12']",0.6122448979591837,0.8333333333333334,0.7058823529411765,0.7379543015859724,8
"['V14', 'V10', 'V16', 'V8', 'V5', 'V17', 'V2', 'V12']",0.6122448979591837,0.8333333333333334,0.7058823529411765,0.7375480634688365,8
"['V14', 'V10', 'V16', 'V8', 'V5', 'V21', 'V19', 'V20']",0.6122448979591837,0.8333333333333334,0.7058823529411765,0.7394481579813077,8
"['V14', 'V10', 'V16', 'V8', 'V5', 'V21', 'V19', 'V2']",0.6122448979591837,0.8333333333333334,0.7058823529411765,0.7395711395379515,8
"['V14', 'V10', 'V16', 'V8', 'V5', 'V21', 'V19', 'V12']",0.6122448979591837,0.8333333333333334,0.7058823529411765,0.7403789485258417,8
"['V14', 'V10', 'V16', 'V8', 'V5', 'V21', 'V20', 'V2']",0.6122448979591837,0.8333333333333334,0.7058823529411765,0.7405932122429851,8
"['V4', 'V14', 'V16', 'V8', 'V5', 'V17', 'V21', 'V20', 'V2']",0.6122448979591837,0.821917808219178,0.7017543859649122,0.7112934375666796,9
"['V4', 'V14', 'V10', 'V16', 'V5', 'V19', 'V20', 'V12']",0.6122448979591837,0.821917808219178,0.7017543859649122,0.7176797037788036,8
"['V14', 'V10', 'V16', 'V8', 'V17', 'V21', 'V20', 'V2', 'V12']",0.6122448979591837,0.8333333333333334,0.7058823529411765,0.7379084381219412,9
"['V17', 'V14', 'V10', 'V8', 'V16', 'V6', 'V21', 'V2', 'V5']",0.6122448979591837,0.8333333333333334,0.7058823529411765,0.736828834733649,9
"['V4', 'V14', 'V16', 'V17', 'V19', 'V20', 'V2']",0.6122448979591837,0.8108108108108109,0.6976744186046512,0.6961456238101935,7
"['V4', 'V10', 'V16', 'V8', 'V5', 'V21', 'V19', 'V20', 'V2', 'V12']",0.6122448979591837,0.8108108108108109,0.6976744186046512,0.7104545750875153,10
"['V14', 'V10', 'V8', 'V5', 'V19', 'V12']",0.6122448979591837,0.8,0.6936416184971098,0.7226232353096107,6
"['V17', 'V14', 'V10', 'V8', 'V16', 'V6', 'V21', 'V20']",0.6122448979591837,0.8333333333333334,0.7058823529411765,0.7403037792178478,8
"['V17', 'V14', 'V10', 'V8', 'V16', 'V6', 'V21', 'Amount']",0.6122448979591837,0.8333333333333334,0.7058823529411765,0.7409881789292317,8
"['V4', 'V10', 'V16', 'V8', 'V5', 'V17', 'V21', 'V19', 'V2', 'V12']",0.6122448979591837,0.8108108108108109,0.6976744186046512,0.707572544400908,10
"['V17', 'V14', 'V10', 'V8', 'V16', 'V6', 'V21', 'V2', 'V1']",0.6122448979591837,0.8333333333333334,0.7058823529411765,0.7382527784643926,9
"['V17', 'V14', 'V10', 'V8', 'V16', 'V6', 'V21', 'V2', 'V3']",0.6122448979591837,0.8333333333333334,0.7058823529411765,0.7372841305176926,9
"['V4', 'V10', 'V16', 'V8', 'V5', 'V17', 'V21', 'V19', 'V20', 'V12']",0.6122448979591837,0.8333333333333334,0.7058823529411765,0.7129363021100128,10
"['V17', 'V14', 'V10', 'V8', 'V16', 'V6', 'V21', 'V2', 'V4']",0.6122448979591837,0.821917808219178,0.7017543859649122,0.740721254548579,9
"['V14', 'V10', 'V16', 'V8', 'V20', 'V12']",0.6122448979591837,0.8333333333333334,0.7058823529411765,0.7368581042031626,6
"['V17', 'V14', 'V10', 'V8', 'V16', 'V6', 'V21', 'V2', 'V7']",0.6122448979591837,0.8333333333333334,0.7058823529411765,0.7407052217926293,9
"['V4', 'V10', 'V8', 'V5', 'V17', 'V21', 'V19', 'V20', 'V2', 'V12']",0.6122448979591837,0.821917808219178,0.7017543859649122,0.7045922430683841,10
"['V4', 'V14', 'V16', 'V17', 'V21', 'V20', 'V2']",0.6122448979591837,0.821917808219178,0.7017543859649122,0.698791215623986,7
"['V14', 'V10', 'V16', 'V8', 'V17', 'V21', 'V2']",0.6122448979591837,0.8333333333333334,0.7058823529411765,0.7392151023537833,7
"['V17', 'V14', 'V10', 'V8', 'V16', 'V6', 'V21', 'V2', 'V11']",0.6122448979591837,0.8333333333333334,0.7058823529411765,0.7413073502331823,9
"['V4', 'V14', 'V16', 'V17', 'V21', 'V19', 'V2']",0.6122448979591837,0.8108108108108109,0.6976744186046512,0.6999739995768438,7
"['V14', 'V10', 'V16', 'V8', 'V17', 'V21', 'V20']",0.6122448979591837,0.8333333333333334,0.7058823529411765,0.740319002660021,7
"['V4', 'V14', 'V16', 'V8', 'V17', 'V21', 'V19']",0.6122448979591837,0.821917808219178,0.7017543859649122,0.713177527821735,7
"['V4', 'V14', 'V16', 'V17', 'V21', 'V19', 'V20']",0.6122448979591837,0.8108108108108109,0.6976744186046512,0.7005672660422207,7
"['V17', 'V14', 'V10', 'V8', 'V16', 'V6', 'V21', 'V2', 'V12']",0.6122448979591837,0.8333333333333334,0.7058823529411765,0.7414751962772669,9
"['V17', 'V14', 'V10', 'V8', 'V16', 'V6', 'V21', 'V2', 'V18']",0.6122448979591837,0.8333333333333334,0.7058823529411765,0.7365459553319431,9
"['V4', 'V14', 'V16', 'V8', 'V17', 'V21', 'V20']",0.6122448979591837,0.821917808219178,0.7017543859649122,0.7133508300156173,7
"['V14', 'V10', 'V16', 'V8', 'V5', 'V2', 'V12']",0.6122448979591837,0.8450704225352113,0.7100591715976331,0.7376887375394737,7
"['V17', 'V14', 'V10', 'V8', 'V16', 'V6', 'V21', 'V19']",0.6122448979591837,0.8333333333333334,0.7058823529411765,0.7393944994890268,8
"['V17', 'V14', 'V10', 'V8', 'V16', 'V6', 'V21', 'V18']",0.6122448979591837,0.8333333333333334,0.7058823529411765,0.7391205102695491,8
"['V17', 'V14', 'V10', 'V8', 'V16', 'V6', 'V21', 'V7']",0.6122448979591837,0.8333333333333334,0.7058823529411765,0.7383154740661568,8
"['V14', 'V12', 'V4', 'V16', 'V1', 'V2', 'V10', 'V11', 'V3']",0.6122448979591837,0.821917808219178,0.7017543859649122,0.7266688601875558,9
"['V14', 'V12', 'V4', 'V16', 'V1', 'V2', 'V10', 'V9']",0.6122448979591837,0.8108108108108109,0.6976744186046512,0.7226764401412468,8
"['V4', 'V14', 'V16', 'V5', 'V17', 'V19', 'V2']",0.6122448979591837,0.8108108108108109,0.6976744186046512,0.6950913485102285,7
"['V4', 'V14', 'V16', 'V5', 'V17', 'V20', 'V2']",0.6122448979591837,0.8108108108108109,0.6976744186046512,0.6962832174953824,7
"['V14', 'V12', 'V4', 'V16', 'V1', 'V2', 'V10', 'V19']",0.6122448979591837,0.821917808219178,0.7017543859649122,0.7208610464455908,8
"['V17', 'V14', 'V10', 'V8', 'V16', 'V6', 'V21', 'V2', 'V20', 'V18', 'Amount']",0.6122448979591837,0.8333333333333334,0.7058823529411765,0.7379259836627569,11
"['V4', 'V10', 'V16', 'V5', 'V21', 'V19', 'V20']",0.6122448979591837,0.8108108108108109,0.6976744186046512,0.6922785377722593,7
"['V14', 'V10', 'V8', 'V5', 'V2', 'V12']",0.6122448979591837,0.7894736842105263,0.6896551724137931,0.7191775060103383,6
"['V14', 'V12', 'V4', 'V16', 'V1', 'V2', 'V10', 'V21']",0.6122448979591837,0.8108108108108109,0.6976744186046512,0.7207138692269855,8
"['V14', 'V10', 'V16', 'V5', 'V17', 'V21', 'V19', 'V20', 'V2']",0.6122448979591837,0.8333333333333334,0.7058823529411765,0.7201299432440673,9
"['V14', 'V10', 'V16', 'V8', 'V5', 'V17', 'V21']",0.6122448979591837,0.8333333333333334,0.7058823529411765,0.7392446767360855,7
"['V4', 'V14', 'V16', 'V8', 'V5', 'V17', 'V2']",0.6122448979591837,0.821917808219178,0.7017543859649122,0.7137660945394948,7
"['V14', 'V12', 'V4', 'V16', 'V1', 'V2', 'V10', 'V11', 'V7']",0.6122448979591837,0.8108108108108109,0.6976744186046512,0.7188879138046055,9
"['V14', 'V10', 'V16', 'V8', 'V5', 'V17', 'V21', 'V19', 'V20', 'V2']",0.6122448979591837,0.8333333333333334,0.7058823529411765,0.7394399895460563,10
"['V17', 'V14', 'V10', 'V8', 'V16', 'V6', 'V21', 'V11']",0.6122448979591837,0.8333333333333334,0.7058823529411765,0.7385228188388988,8
"['V14', 'V12', 'V4', 'V16', 'V1', 'V2', 'V10', 'V11', 'V9']",0.6122448979591837,0.8108108108108109,0.6976744186046512,0.722403609044515,9
"['V14', 'V12', 'V4', 'V16', 'V1', 'V2', 'V10', 'V11', 'V18']",0.6122448979591837,0.8108108108108109,0.6976744186046512,0.7218725509829683,9
"['V14', 'V10', 'V8', 'V5', 'V20', 'V12']",0.6122448979591837,0.7894736842105263,0.6896551724137931,0.7218369528598845,6
"['V14', 'V12', 'V4', 'V16', 'V1', 'V2', 'V10', 'V11', 'V19']",0.6122448979591837,0.821917808219178,0.7017543859649122,0.7210670255530275,9
"['V14', 'V12', 'V4', 'V16', 'V1', 'V2', 'V10', 'V11', 'V21']",0.6122448979591837,0.8108108108108109,0.6976744186046512,0.7200664073238061,9
"['V14', 'V12', 'V4', 'V16', 'V1', 'V2', 'V10', 'V11', 'Amount']",0.6122448979591837,0.821917808219178,0.7017543859649122,0.7217774516738673,9
"['V14', 'V12', 'V4', 'V16', 'V1', 'V2', 'V10', 'V11', 'V5', 'V6']",0.6122448979591837,0.8108108108108109,0.6976744186046512,0.7213120661827696,10
"['V14', 'V12', 'V4', 'V16', 'V1', 'V2', 'V10', 'V11', 'V5', 'V9']",0.6122448979591837,0.8108108108108109,0.6976744186046512,0.7214850736047002,10
"['V14', 'V10', 'V8', 'V5', 'V17', 'V21', 'V19', 'V2', 'V12']",0.6122448979591837,0.8450704225352113,0.7100591715976331,0.7337117340908453,9
"['V14', 'V12', 'V4', 'V16', 'V1', 'V2', 'V10', 'V11', 'V5', 'V20', 'Amount']",0.6122448979591837,0.8108108108108109,0.6976744186046512,0.7199741007487227,11
"['V4', 'V14', 'V16', 'V8', 'V17', 'V21', 'V2']",0.6122448979591837,0.821917808219178,0.7017543859649122,0.7109441150650744,7
"['V14', 'V10', 'V16', 'V8', 'V21', 'V12']",0.6122448979591837,0.8333333333333334,0.7058823529411765,0.7389402781270518,6
"['V14', 'V10', 'V16', 'V8', 'V21', 'V2']",0.6122448979591837,0.8333333333333334,0.7058823529411765,0.7372355541238574,6
"['V14', 'V10', 'V16', 'V8', 'V5', 'V21', 'V2']",0.6122448979591837,0.8333333333333334,0.7058823529411765,0.7401685394652947,7
"['V17', 'V14', 'V10', 'V8', 'V16', 'V6', 'V21', 'V2', 'V20', 'V18', 'V1']",0.6122448979591837,0.8333333333333334,0.7058823529411765,0.7371369105033257,11
"['V17', 'V14', 'V10', 'V8', 'V16', 'V6', 'V21', 'V2', 'V20', 'V18', 'V3']",0.6122448979591837,0.8333333333333334,0.7058823529411765,0.7377544323374512,11
"['V17', 'V14', 'V10', 'V8', 'V16', 'V6', 'V21', 'V2', 'V20', 'V18', 'V12', 'V11', 'Amount', 'V3']",0.6122448979591837,0.8333333333333334,0.7058823529411765,0.7401253270823122,14
"['V17', 'V14', 'V10', 'V8', 'V16', 'V6', 'V21', 'V2', 'V20', 'V18', 'V7']",0.6122448979591837,0.8333333333333334,0.7058823529411765,0.7399710294449893,11
"['V17', 'V14', 'V10', 'V8', 'V16', 'V6', 'V21', 'V2', 'V20', 'V18', 'V12', 'V11', 'Amount', 'V1']",0.6122448979591837,0.8333333333333334,0.7058823529411765,0.739902072206941,14
"['V17', 'V14', 'V10', 'V8', 'V16', 'V6', 'V21', 'V2', 'V20', 'V18', 'V12', 'V11', 'Amount']",0.6122448979591837,0.8333333333333334,0.7058823529411765,0.7405525280997046,13
"['V17', 'V14', 'V10', 'V8', 'V16', 'V6', 'V21', 'V2', 'V20', 'V18', 'V12', 'V11', 'V19']",0.6122448979591837,0.8333333333333334,0.7058823529411765,0.7401466113865135,13
"['V17', 'V14', 'V10', 'V8', 'V16', 'V6', 'V21', 'V2', 'V20', 'V18', 'V12', 'V11', 'V9']",0.6122448979591837,0.8333333333333334,0.7058823529411765,0.7384167410188229,13
"['V17', 'V14', 'V10', 'V8', 'V16', 'V6', 'V21', 'V2', 'V20', 'V18', 'V12', 'V11', 'V7']",0.6122448979591837,0.8333333333333334,0.7058823529411765,0.7388994228330777,13
"['V17', 'V14', 'V10', 'V8', 'V16', 'V6', 'V21', 'V2', 'V20', 'V18', 'V12', 'V11', 'V5']",0.6122448979591837,0.8450704225352113,0.7100591715976331,0.7385753625682141,13
"['V17', 'V14', 'V10', 'V8', 'V16', 'V6', 'V21', 'V2', 'V20', 'V18', 'V12', 'V11', 'V3']",0.6122448979591837,0.8333333333333334,0.7058823529411765,0.7370813382993756,13
"['V17', 'V14', 'V10', 'V8', 'V16', 'V6', 'V21', 'V2', 'V20', 'V18', 'V12', 'Amount']",0.6122448979591837,0.8333333333333334,0.7058823529411765,0.7368392343560181,12
"['V14', 'V10', 'V16', 'V8', 'V5', 'V20', 'V12']",0.6122448979591837,0.8450704225352113,0.7100591715976331,0.7382935839722415,7
"['V17', 'V14', 'V10', 'V8', 'V16', 'V6', 'V21', 'V2', 'V20', 'V18', 'V9']",0.6122448979591837,0.821917808219178,0.7017543859649122,0.7403067369833044,11
"['V17', 'V14', 'V10', 'V8', 'V16', 'V6', 'V21', 'V2', 'V20', 'V18', 'V12', 'V19']",0.6122448979591837,0.8333333333333334,0.7058823529411765,0.7406052497286414,12
"['V17', 'V14', 'V10', 'V8', 'V16', 'V6', 'V21', 'V2', 'V20', 'V18', 'V11']",0.6122448979591837,0.8333333333333334,0.7058823529411765,0.7388756209422356,11
"['V4', 'V14', 'V10', 'V16', 'V5', 'V17', 'V21', 'V19', 'V20', 'V2']",0.6122448979591837,0.8108108108108109,0.6976744186046512,0.7175993311890665,10
"['V17', 'V14', 'V10', 'V8', 'V16', 'V6', 'V21', 'V2', 'V20', 'V18', 'V12']",0.6122448979591837,0.8333333333333334,0.7058823529411765,0.7414764426970335,11
"['V17', 'V14', 'V10', 'V8', 'V16', 'V6', 'V21', 'V2', 'V20', 'V18', 'V12', 'V11']",0.6122448979591837,0.8333333333333334,0.7058823529411765,0.7413708045444413,12
"['V17', 'V14', 'V10', 'V8', 'V16', 'V6', 'V21', 'V2', 'V20', 'V18', 'V12', 'V9']",0.6122448979591837,0.821917808219178,0.7017543859649122,0.7386969578022501,12
"['V17', 'V14', 'V10', 'V8', 'V16', 'V6', 'V21', 'V2', 'V20', 'V18', 'V12', 'V7']",0.6122448979591837,0.8333333333333334,0.7058823529411765,0.7393153914146038,12
"['V14', 'V10', 'V16', 'V8', 'V5', 'V21', 'V20']",0.6122448979591837,0.8333333333333334,0.7058823529411765,0.7405819860791294,7
"['V17', 'V14', 'V10', 'V8', 'V16', 'V6', 'V21', 'V2', 'V20', 'V18', 'V12', 'V3']",0.6122448979591837,0.8333333333333334,0.7058823529411765,0.7374332971193562,12
"['V14', 'V10', 'V16', 'V8', 'V5', 'V21', 'V19']",0.6122448979591837,0.8333333333333334,0.7058823529411765,0.7394781113216718,7
"['V17', 'V14', 'V10', 'V8', 'V16', 'V6', 'V21', 'V2', 'V20', 'Amount']",0.6122448979591837,0.8333333333333334,0.7058823529411765,0.7370411778508782,10
"['V14', 'V10', 'V16', 'V8', 'V5', 'V17', 'V12']",0.6122448979591837,0.8333333333333334,0.7058823529411765,0.7358823899340122,7
"['V17', 'V14', 'V10', 'V8', 'V16', 'V6', 'V21', 'V2', 'V20', 'V18']",0.6122448979591837,0.8333333333333334,0.7058823529411765,0.7425884898571455,10
"['V17', 'V14', 'V10', 'V8', 'V16', 'V6', 'V21', 'V2', 'V20', 'V18', 'V12', 'V11', 'Amount', 'V7']",0.6122448979591837,0.8333333333333334,0.7058823529411765,0.7389326063885542,14
"['V4', 'V14', 'V16', 'V8', 'V5', 'V17', 'V21', 'V19', 'V20', 'V2']",0.6122448979591837,0.821917808219178,0.7017543859649122,0.7102625732521659,10
"['V4', 'V14', 'V10', 'V16', 'V8', 'V17', 'V21', 'V20', 'V2', 'V12']",0.6122448979591837,0.821917808219178,0.7017543859649122,0.7394081498484163,10
"['V4', 'V10', 'V8', 'V5', 'V17', 'V19', 'V2']",0.6122448979591837,0.821917808219178,0.7017543859649122,0.6735244251233646,7
"['V14', 'V10', 'V16', 'V8', 'V5', 'V21']",0.6122448979591837,0.8333333333333334,0.7058823529411765,0.7402228597377126,6
"['V4', 'V14', 'V10', 'V8', 'V17', 'V21', 'V19', 'V20', 'V2', 'V12']",0.6122448979591837,0.821917808219178,0.7017543859649122,0.733931243744337,10
"['V17', 'V14', 'V10', 'V8', 'V16', 'V6', 'V21', 'V2', 'V20']",0.6122448979591837,0.8333333333333334,0.7058823529411765,0.7421800851054948,9
"['V4', 'V10', 'V5', 'V17', 'V21', 'V20', 'V2']",0.6122448979591837,0.8108108108108109,0.6976744186046512,0.6924217348408686,7
"['V17', 'V14', 'V10', 'V8', 'V16', 'V6', 'V21', 'V2', 'Amount']",0.6122448979591837,0.8333333333333334,0.7058823529411765,0.7399615738503924,9
"['V17', 'V14', 'V10', 'V8', 'V16', 'V6', 'V21', 'V2', 'V20', 'V1']",0.6122448979591837,0.8333333333333334,0.7058823529411765,0.737789829514359,10
"['V4', 'V14', 'V10', 'V16', 'V8', 'V17', 'V21', 'V19', 'V20', 'V2']",0.6122448979591837,0.821917808219178,0.7017543859649122,0.738392255205699,10
"['V17', 'V14', 'V10', 'V8', 'V16', 'V6', 'V21', 'V2', 'V20', 'V3']",0.6122448979591837,0.8333333333333334,0.7058823529411765,0.7374179944833509,10
"['V4', 'V14', 'V10', 'V16', 'V8', 'V17', 'V21', 'V19', 'V2', 'V12']",0.6122448979591837,0.821917808219178,0.7017543859649122,0.7395762045956176,10
"['V4', 'V14', 'V10', 'V16', 'V5', 'V17', 'V19', 'V20', 'V2', 'V12']",0.6122448979591837,0.8108108108108109,0.6976744186046512,0.7191856149216065,10
"['V17', 'V14', 'V10', 'V8', 'V16', 'V6', 'V21', 'V2', 'V20', 'V5']",0.6122448979591837,0.8333333333333334,0.7058823529411765,0.7372243421009327,10
"['V17', 'V14', 'V10', 'V8', 'V16', 'V6', 'V21', 'V2', 'V20', 'V18', 'V12', 'V11', 'Amount', 'V3', 'V9']",0.6122448979591837,0.8333333333333334,0.7058823529411765,0.7363073815857384,15
"['V17', 'V14', 'V10', 'V8', 'V16', 'V6', 'V21', 'V2', 'V20', 'V18', 'V12', 'V11', 'Amount', 'V3', 'V7']",0.6122448979591837,0.8333333333333334,0.7058823529411765,0.7363353341043852,15
"['V17', 'V14', 'V10', 'V8', 'V16', 'V6', 'V21', 'V2', 'V20', 'V18', 'V12', 'V11', 'Amount', 'V3', 'V1']",0.6122448979591837,0.8333333333333334,0.7058823529411765,0.7374622911645795,15
"['V17', 'V14', 'V10', 'V8', 'V16', 'V6', 'V21', 'V2', 'V20', 'V18', 'V12', 'V11', 'Amount', 'V19']",0.6122448979591837,0.8333333333333334,0.7058823529411765,0.7374641887304139,14
"['V17', 'V14', 'V10', 'V8', 'V16', 'V6', 'V21', 'V2', 'V20', 'V18', 'V12', 'V11', 'Amount', 'V9']",0.6122448979591837,0.8333333333333334,0.7058823529411765,0.7375675465023493,14
"['V17', 'V14', 'V10', 'V8', 'V16', 'V6', 'V21', 'V2', 'V20', 'V7']",0.6122448979591837,0.8333333333333334,0.7058823529411765,0.7405710841097329,10
"['V17', 'V14', 'V10', 'V8', 'V16', 'V6', 'V21', 'V2', 'V20', 'V9']",0.6122448979591837,0.8333333333333334,0.7058823529411765,0.7410266732967707,10
"['V17', 'V14', 'V10', 'V8', 'V16', 'V6', 'V21', 'V2', 'V20', 'V11']",0.6122448979591837,0.8333333333333334,0.7058823529411765,0.7422350684920959,10
"['V17', 'V14', 'V10', 'V8', 'V16', 'V6', 'V21', 'V2', 'V20', 'V12']",0.6122448979591837,0.8333333333333334,0.7058823529411765,0.7418135533012273,10
"['V14', 'V10', 'V16', 'V8', 'V17', 'V21', 'V19', 'V20', 'V2']",0.6122448979591837,0.8333333333333334,0.7058823529411765,0.7379468700586275,9
"['V17', 'V14', 'V10', 'V8', 'V16', 'V6', 'V21', 'V2', 'V20', 'V18', 'V19']",0.6122448979591837,0.8333333333333334,0.7058823529411765,0.7391897216341434,11
"['V4', 'V10', 'V16', 'V8', 'V21', 'V19', 'V12']",0.6122448979591837,0.7894736842105263,0.6896551724137931,0.7024422649648945,7
"['V4', 'V10', 'V16', 'V8', 'V5', 'V20', 'V2']",0.6122448979591837,0.8108108108108109,0.6976744186046512,0.6913630530025318,7
"['V14', 'V10', 'V16', 'V8', 'V12']",0.6122448979591837,0.8333333333333334,0.7058823529411765,0.7399824135093876,5
"['V17', 'V14', 'V10', 'V8', 'V16', 'V6', 'V21']",0.6122448979591837,0.8333333333333334,0.7058823529411765,0.7399319184756319,7
"['V4', 'V14', 'V16', 'V8', 'V17', 'V21', 'V19', 'V20', 'V2']",0.6122448979591837,0.821917808219178,0.7017543859649122,0.7106520059779352,9
"['V14', 'V10', 'V16', 'V5', 'V17', 'V2']",0.6122448979591837,0.8333333333333334,0.7058823529411765,0.7199001277313145,6
"['V4', 'V10', 'V16', 'V8', 'V5', 'V21', 'V20', 'V2', 'V12']",0.6122448979591837,0.8108108108108109,0.6976744186046512,0.7104310255770007,9
"['V17', 'V14', 'V10', 'V8', 'V16', 'V6', 'V21', 'V1']",0.6122448979591837,0.8333333333333334,0.7058823529411765,0.7377548444152957,8
"['V10', 'V16', 'V5', 'V21', 'V12']",0.6122448979591837,0.8333333333333334,0.7058823529411765,0.7006877855288962,5
"['V4', 'V10', 'V16', 'V8', 'V17', 'V21', 'V19', 'V20', 'V12']",0.6122448979591837,0.7894736842105263,0.6896551724137931,0.7083028191884155,9
"['V17', 'V14', 'V10', 'V8', 'V16', 'V6', 'V21', 'V2']",0.6122448979591837,0.8333333333333334,0.7058823529411765,0.7413876016446572,8
"['V4', 'V14', 'V8', 'V5', 'V17', 'V19', 'V20']",0.6122448979591837,0.8108108108108109,0.6976744186046512,0.7006450827185892,7
"['V4', 'V14', 'V10', 'V5', 'V17', 'V20', 'V2']",0.6122448979591837,0.7692307692307693,0.6818181818181818,0.7152634163650682,7
"['V4', 'V10', 'V16', 'V8', 'V19', 'V20', 'V12']",0.6122448979591837,0.8,0.6936416184971098,0.7020017934548126,7
"['V4', 'V14', 'V8', 'V5', 'V17', 'V21', 'V2']",0.6122448979591837,0.821917808219178,0.7017543859649122,0.7043860990396131,7
"['V14', 'V12', 'V4', 'V16', 'V1', 'V2']",0.6122448979591837,0.8333333333333334,0.7058823529411765,0.707982801875269,6
"['V14', 'V12', 'V4', 'V16', 'V1', 'V3']",0.6122448979591837,0.8333333333333334,0.7058823529411765,0.7044874577321785,6
"['V14', 'V12', 'V4', 'V16', 'V1', 'V6']",0.6122448979591837,0.821917808219178,0.7017543859649122,0.7037385313182104,6
"['V14', 'V12', 'V4', 'V16', 'V1', 'V7']",0.6122448979591837,0.8,0.6936416184971098,0.7048972464393709,6
"['V14', 'V10', 'V16', 'V5', 'V17', 'V20', 'V2']",0.6122448979591837,0.8333333333333334,0.7058823529411765,0.7193374390255858,7
"['V17', 'V14', 'V10', 'V8', 'V16', 'V6', 'V4']",0.6122448979591837,0.821917808219178,0.7017543859649122,0.7391910017225304,7
"['V4', 'V10', 'V16', 'V8', 'V5', 'V17', 'V19', 'V20', 'V2']",0.6122448979591837,0.8,0.6936416184971098,0.6915037944294565,9
"['V4', 'V10', 'V16', 'V8', 'V5', 'V17', 'V21', 'V2', 'V12']",0.6122448979591837,0.8108108108108109,0.6976744186046512,0.7077370008008227,9
"['V4', 'V10', 'V8', 'V5', 'V17', 'V21', 'V19', 'V20', 'V12']",0.6122448979591837,0.821917808219178,0.7017543859649122,0.7062609681239427,9
"['V4', 'V10', 'V16', 'V8', 'V5', 'V17', 'V21', 'V19', 'V12']",0.6122448979591837,0.821917808219178,0.7017543859649122,0.7092146676153163,9
"['V4', 'V14', 'V10', 'V5', 'V17', 'V21', 'V20']",0.6122448979591837,0.7792207792207793,0.6857142857142857,0.7135413038218763,7
"['V14', 'V10', 'V16', 'V8', 'V21', 'V2', 'V12']",0.6122448979591837,0.8333333333333334,0.7058823529411765,0.7366822043625292,7
"['V4', 'V14', 'V16', 'V5', 'V17', 'V21', 'V20']",0.6122448979591837,0.821917808219178,0.7017543859649122,0.6988216351890144,7
"['V4', 'V14', 'V8', 'V5', 'V17', 'V21', 'V19', 'V20', 'V2']",0.6122448979591837,0.821917808219178,0.7017543859649122,0.7052205980636553,9
"['V14', 'V10', 'V16', 'V8', 'V21', 'V20', 'V2']",0.6122448979591837,0.8333333333333334,0.7058823529411765,0.7375836154625106,7
"['V14', 'V10', 'V16', 'V5', 'V21', 'V12']",0.6122448979591837,0.821917808219178,0.7017543859649122,0.7213800040731049,6
"['V4', 'V10', 'V16', 'V8', 'V5', 'V17', 'V2']",0.6122448979591837,0.8,0.6936416184971098,0.6799343544391785,7
"['V4', 'V14', 'V10', 'V5', 'V17', 'V21', 'V2']",0.6122448979591837,0.7407407407407407,0.6703910614525139,0.7147470827195755,7
"['V4', 'V10', 'V16', 'V8', 'V5', 'V17', 'V12']",0.6122448979591837,0.8108108108108109,0.6976744186046512,0.7064735821675829,7
"['V14', 'V10', 'V16', 'V8', 'V5', 'V17', 'V21', 'V20', 'V2', 'V12']",0.6122448979591837,0.8333333333333334,0.7058823529411765,0.7375140609757019,10
"['V4', 'V10', 'V16', 'V8', 'V5', 'V21', 'V12']",0.6122448979591837,0.821917808219178,0.7017543859649122,0.7100895519461536,7
"['V14', 'V10', 'V16', 'V8', 'V5', 'V21', 'V19', 'V20', 'V2', 'V12']",0.6122448979591837,0.8333333333333334,0.7058823529411765,0.7395001176523576,10
"['V14', 'V12', 'V4', 'V16', 'V1']",0.6122448979591837,0.8333333333333334,0.7058823529411765,0.7056064284304935,5
"['V14', 'V10', 'V16', 'V5', 'V17', 'V21', 'V2']",0.6122448979591837,0.8333333333333334,0.7058823529411765,0.720981098755327,7
"['V4', 'V10', 'V16', 'V8', 'V5', 'V19', 'V12']",0.6122448979591837,0.8108108108108109,0.6976744186046512,0.7080471113675637,7
"['V4', 'V14', 'V10', 'V5', 'V17', 'V19', 'V20']",0.6122448979591837,0.7407407407407407,0.6703910614525139,0.7135534494023872,7
"['V4', 'V14', 'V10', 'V5', 'V17', 'V19', 'V2']",0.6122448979591837,0.7792207792207793,0.6857142857142857,0.7156310431372511,7
"['V4', 'V10', 'V16', 'V8', 'V5', 'V17', 'V21', 'V19', 'V20']",0.6122448979591837,0.8108108108108109,0.6976744186046512,0.6986804114245078,9
"['V4', 'V10', 'V16', 'V8', 'V5', 'V17', 'V21', 'V19', 'V2']",0.6122448979591837,0.8108108108108109,0.6976744186046512,0.6949576195983901,9
"['V4', 'V14', 'V10', 'V5', 'V21', 'V20', 'V2']",0.6122448979591837,0.6976744186046512,0.6521739130434783,0.7025019371817718,7
"['V4', 'V14', 'V10', 'V5', 'V17', 'V21', 'V19']",0.6122448979591837,0.7894736842105263,0.6896551724137931,0.7134472007015642,7
"['V4', 'V10', 'V8', 'V5', 'V17', 'V21', 'V19', 'V2', 'V12']",0.6122448979591837,0.8108108108108109,0.6976744186046512,0.7058538995871652,9
"['V14', 'V12', 'V4', 'V16', 'V1', 'V2', 'V7']",0.6122448979591837,0.8108108108108109,0.6976744186046512,0.7093711225865569,7
"['V14', 'V12', 'V4', 'V16', 'V1', 'V8']",0.6122448979591837,0.8333333333333334,0.7058823529411765,0.7197529357714619,6
"['V4', 'V14', 'V10', 'V5', 'V19', 'V20', 'V2']",0.6122448979591837,0.7142857142857143,0.6593406593406593,0.7088120149352402,7
"['V4', 'V14', 'V10', 'V5', 'V19', 'V20', 'V12']",0.6122448979591837,0.7142857142857143,0.6593406593406593,0.712585026051292,7
"['V14', 'V10', 'V16', 'V8', 'V5', 'V17', 'V21', 'V19', 'V2']",0.6122448979591837,0.8333333333333334,0.7058823529411765,0.7394882757225912,9
"['V4', 'V14', 'V10', 'V5', 'V19', 'V2', 'V12']",0.6122448979591837,0.7228915662650602,0.6629834254143646,0.711785634761842,7
"['V14', 'V10', 'V16', 'V8', 'V5', 'V17', 'V21', 'V20', 'V2']",0.6122448979591837,0.8333333333333334,0.7058823529411765,0.7394821290388173,9
"['V4', 'V14', 'V5', 'V17', 'V21', 'V20', 'V2']",0.6122448979591837,0.821917808219178,0.7017543859649122,0.6939606342092027,7
"['V14', 'V10', 'V16', 'V8', 'V5', 'V17', 'V21', 'V20', 'V12']",0.6122448979591837,0.8333333333333334,0.7058823529411765,0.7384543955593664,9
"['V14', 'V12', 'V4', 'V16', 'V1', 'V2', 'V11']",0.6122448979591837,0.8108108108108109,0.6976744186046512,0.70527558167034,7
"['V14', 'V12', 'V4', 'V16', 'V1', 'V2', 'V17']",0.6122448979591837,0.8333333333333334,0.7058823529411765,0.7068300784559722,7
"['V14', 'V10', 'V16', 'V8', 'V5', 'V17', 'V21', 'V2', 'V12']",0.6122448979591837,0.8333333333333334,0.7058823529411765,0.7385714603700566,9
"['V14', 'V12', 'V4', 'V16', 'V1', 'V2', 'V18']",0.6122448979591837,0.821917808219178,0.7017543859649122,0.7067153317237596,7
"['V14', 'V10', 'V16', 'V8', 'V5', 'V17', 'V20', 'V2', 'V12']",0.6122448979591837,0.8333333333333334,0.7058823529411765,0.7374471701351037,9
"['V14', 'V10', 'V16', 'V8', 'V5', 'V21', 'V19', 'V20', 'V2']",0.6122448979591837,0.8333333333333334,0.7058823529411765,0.7394156107696832,9
"['V14', 'V12', 'V4', 'V16', 'V1', 'V2', 'V19']",0.6122448979591837,0.821917808219178,0.7017543859649122,0.7050784207454619,7
"['V17', 'V14', 'V10', 'V8', 'V16', 'V6', 'V21', 'V5']",0.6122448979591837,0.8333333333333334,0.7058823529411765,0.7389891597841708,8
"['V14', 'V12', 'V4', 'V16', 'V1', 'V2', 'V20']",0.6122448979591837,0.821917808219178,0.7017543859649122,0.7064163482207935,7
"['V14', 'V10', 'V16', 'V5', 'V21', 'V19', 'V12']",0.6122448979591837,0.821917808219178,0.7017543859649122,0.720559410528268,7
"['V14', 'V10', 'V16', 'V8', 'V5', 'V21', 'V19', 'V20', 'V12']",0.6122448979591837,0.8333333333333334,0.7058823529411765,0.7404759138804785,9
"['V14', 'V12', 'V4', 'V16', 'V1', 'V2', 'V10', 'V3']",0.6122448979591837,0.821917808219178,0.7017543859649122,0.7249061107066557,8
"['V14', 'V10', 'V16', 'V8', 'V5', 'V21', 'V20', 'V2', 'V12']",0.6122448979591837,0.8333333333333334,0.7058823529411765,0.7367323687586735,9
"['V4', 'V10', 'V16', 'V5', 'V17', 'V19', 'V2']",0.6122448979591837,0.7894736842105263,0.6896551724137931,0.6796341494526356,7
"['V4', 'V10', 'V16', 'V8', 'V5', 'V17', 'V21', 'V19', 'V20', 'V2', 'V12']",0.6122448979591837,0.8108108108108109,0.6976744186046512,0.7096205768646769,11
"['V14', 'V12', 'V4', 'V16', 'V1', 'V19']",0.6122448979591837,0.821917808219178,0.7017543859649122,0.7025156595094579,6
"['V14', 'V12', 'V4', 'V16', 'V1', 'V20']",0.6122448979591837,0.821917808219178,0.7017543859649122,0.7055501266126575,6
"['V4', 'V10', 'V8', 'V5', 'V21', 'V19', 'V20', 'V2', 'V12']",0.6122448979591837,0.8,0.6936416184971098,0.7003164158031023,9
"['V4', 'V10', 'V16', 'V5', 'V17', 'V21', 'V2']",0.6122448979591837,0.8108108108108109,0.6976744186046512,0.6916589282956906,7
"['V14', 'V10', 'V16', 'V8', 'V21', 'V19', 'V2']",0.6122448979591837,0.8333333333333334,0.7058823529411765,0.7359983497253848,7
"['V14', 'V12', 'V4', 'V16', 'V1', 'V11']",0.6122448979591837,0.8333333333333334,0.7058823529411765,0.7052593338904009,6
"['V14', 'V12', 'V4', 'V16', 'V1', 'V17']",0.6122448979591837,0.8333333333333334,0.7058823529411765,0.7063364518792987,6
"['V14', 'V12', 'V4', 'V16', 'V1', 'V18']",0.6122448979591837,0.821917808219178,0.7017543859649122,0.7055100696430331,6
"['V17', 'V14', 'V10', 'V8', 'V16', 'V6', 'V12']",0.6122448979591837,0.8333333333333334,0.7058823529411765,0.7393366804464915,7
"['V14', 'V12', 'V4', 'V16', 'V1', 'V21']",0.6122448979591837,0.8108108108108109,0.6976744186046512,0.70469020406647,6
"['V14', 'V12', 'V4', 'V16', 'V1', 'V2', 'V6']",0.6122448979591837,0.821917808219178,0.7017543859649122,0.7039235549283474,7
"['V14', 'V12', 'V4', 'V16', 'V1', 'Amount']",0.6122448979591837,0.8333333333333334,0.7058823529411765,0.7059877067819422,6
"['V14', 'V12', 'V4', 'V16', 'V1', 'V2', 'V3']",0.6122448979591837,0.8333333333333334,0.7058823529411765,0.705936785347782,7
"['V17', 'V14', 'V10', 'V8', 'V16', 'V6', 'V21', 'V3']",0.6122448979591837,0.8333333333333334,0.7058823529411765,0.7366663729760409,8
"['V4', 'V14', 'V8', 'V17', 'V21']",0.6020408163265306,0.8082191780821918,0.6900584795321637,0.7019175270594049,5
"['V4', 'V14', 'V16', 'V5', 'V2']",0.6020408163265306,0.7972972972972973,0.686046511627907,0.6973060655238932,5
"['V4', 'V14', 'V8', 'V17', 'V2']",0.6020408163265306,0.8082191780821918,0.6900584795321637,0.70565222324216,5
"['V4', 'V14', 'V16', 'V8', 'V5', 'V19']",0.6020408163265306,0.8082191780821918,0.6900584795321637,0.710829766760797,6
"['V10', 'V5', 'V17', 'V19', 'V12']",0.6020408163265306,0.8309859154929577,0.6982248520710059,0.6910306370922767,5
"['V4', 'V14', 'V16', 'V8', 'V5', 'V17']",0.6020408163265306,0.8082191780821918,0.6900584795321637,0.7074498580632885,6
"['V4', 'V14', 'V16', 'V8', 'V5', 'V21']",0.6020408163265306,0.8082191780821918,0.6900584795321637,0.7139874688433681,6
"['V4', 'V14', 'V16', 'V8', 'V20', 'V2', 'V12']",0.6020408163265306,0.8194444444444444,0.6941176470588235,0.7152296549077194,7
"['V4', 'V14', 'V10', 'V20', 'V2', 'V12']",0.6020408163265306,0.7195121951219512,0.6555555555555556,0.7053390570037972,6
"['V4', 'V14', 'V16', 'V8', 'V5', 'V20']",0.6020408163265306,0.8082191780821918,0.6900584795321637,0.7119007513674027,6
"['V4', 'V14', 'V16', 'V5', 'V20']",0.6020408163265306,0.8082191780821918,0.6900584795321637,0.6970116076309694,5
"['V4', 'V14', 'V16', 'V5', 'V17', 'V21', 'V19']",0.6020408163265306,0.8082191780821918,0.6900584795321637,0.699456131668084,7
"['V4', 'V14', 'V16', 'V8', 'V5', 'V2']",0.6020408163265306,0.8082191780821918,0.6900584795321637,0.7118343648184294,6
"['V4', 'V14', 'V16', 'V21', 'V20']",0.6020408163265306,0.8082191780821918,0.6900584795321637,0.7022435409182436,5
"['V10', 'V5', 'V17', 'V21', 'V12']",0.6020408163265306,0.8309859154929577,0.6982248520710059,0.6972291251749178,5
"['V4', 'V14', 'V8', 'V5', 'V17']",0.6020408163265306,0.8082191780821918,0.6900584795321637,0.688775318066713,5
"['V4', 'V14', 'V16', 'V5', 'V17', 'V19', 'V20']",0.6020408163265306,0.7972972972972973,0.686046511627907,0.6939956987278646,7
"['V4', 'V14', 'V16', 'V21', 'V2']",0.6020408163265306,0.8082191780821918,0.6900584795321637,0.7009564007908067,5
"['V4', 'V10', 'V5', 'V17', 'V20', 'V2', 'V12']",0.6020408163265306,0.8082191780821918,0.6900584795321637,0.6944078969256974,7
"['V4', 'V14', 'V16', 'V21', 'V12']",0.6020408163265306,0.8082191780821918,0.6900584795321637,0.7021535564843867,5
"['V4', 'V14', 'V16', 'V21', 'V19']",0.6020408163265306,0.8082191780821918,0.6900584795321637,0.6999568143911267,5
"['V4', 'V14', 'V16', 'V19', 'V20']",0.6020408163265306,0.8082191780821918,0.6900584795321637,0.6979606042141401,5
"['V4', 'V10', 'V5', 'V17', 'V19', 'V2', 'V12']",0.6020408163265306,0.8082191780821918,0.6900584795321637,0.6940287379836924,7
"['V4', 'V14', 'V16', 'V17', 'V12']",0.6020408163265306,0.8082191780821918,0.6900584795321637,0.6994238555916301,5
"['V4', 'V10', 'V5', 'V17', 'V19', 'V20', 'V2']",0.6020408163265306,0.8082191780821918,0.6900584795321637,0.6779820037410695,7
"['V4', 'V16', 'V8', 'V5', 'V17', 'V20', 'V12']",0.6020408163265306,0.7972972972972973,0.686046511627907,0.6644378655513986,7
"['V4', 'V14', 'V16', 'V5', 'V17', 'V2', 'V12']",0.6020408163265306,0.8082191780821918,0.6900584795321637,0.6963403934328629,7
"['V4', 'V14', 'V16', 'V19', 'V2']",0.6020408163265306,0.8082191780821918,0.6900584795321637,0.6967058709409462,5
"['V4', 'V16', 'V8', 'V5', 'V17', 'V19', 'V12']",0.6020408163265306,0.8082191780821918,0.6900584795321637,0.6671444122098503,7
"['V4', 'V14', 'V16', 'V5', 'V21', 'V19', 'V20']",0.6020408163265306,0.8082191780821918,0.6900584795321637,0.7013360764744319,7
"['V4', 'V14', 'V16', 'V20', 'V2']",0.6020408163265306,0.8082191780821918,0.6900584795321637,0.6955070913437955,5
"['V4', 'V14', 'V16', 'V8', 'V17', 'V20']",0.6020408163265306,0.8194444444444444,0.6941176470588235,0.7115616362638617,6
"['V4', 'V14', 'V16', 'V20', 'V12']",0.6020408163265306,0.8082191780821918,0.6900584795321637,0.699958697922449,5
"['V4', 'V14', 'V16', 'V5', 'V21', 'V19', 'V2']",0.6020408163265306,0.8082191780821918,0.6900584795321637,0.6977779641502063,7
"['V4', 'V10', 'V5', 'V17', 'V21', 'V19', 'V2']",0.6020408163265306,0.8082191780821918,0.6900584795321637,0.6902304108217903,7
"['V4', 'V14', 'V16', 'V5', 'V12']",0.6020408163265306,0.8194444444444444,0.6941176470588235,0.7001459806985311,5
"['V4', 'V14', 'V16', 'V2', 'V12']",0.6020408163265306,0.8194444444444444,0.6941176470588235,0.701110759481486,5
"['V14', 'V10', 'V16', 'V5', 'V21', 'V20', 'V2']",0.6020408163265306,0.8194444444444444,0.6941176470588235,0.7217005649746198,7
"['V4', 'V14', 'V10', 'V8', 'V19']",0.6020408163265306,0.7108433734939759,0.6519337016574586,0.7175860669908445,5
"['V4', 'V14', 'V16', 'V5', 'V19']",0.6020408163265306,0.8082191780821918,0.6900584795321637,0.6963826004762477,5
"['V4', 'V14', 'V10', 'V16', 'V8', 'V17', 'V2', 'V12']",0.6020408163265306,0.8194444444444444,0.6941176470588235,0.7374259833717075,8
"['V4', 'V14', 'V8', 'V5', 'V17', 'V19', 'V2']",0.6020408163265306,0.8194444444444444,0.6941176470588235,0.7039132692178043,7
"['V4', 'V10', 'V16', 'V8', 'V20', 'V2', 'V12']",0.6020408163265306,0.7972972972972973,0.686046511627907,0.7012786855315067,7
"['V4', 'V14', 'V16', 'V8', 'V2', 'V12']",0.6020408163265306,0.8194444444444444,0.6941176470588235,0.7155605057621567,6
"['V4', 'V14', 'V8', 'V5', 'V17', 'V21', 'V20']",0.6020408163265306,0.8082191780821918,0.6900584795321637,0.705878310444595,7
"['V4', 'V14', 'V8', 'V5', 'V17', 'V21', 'V19']",0.6020408163265306,0.8082191780821918,0.6900584795321637,0.7034939912647504,7
"['V4', 'V14', 'V10', 'V16', 'V8', 'V19', 'V20', 'V2']",0.6020408163265306,0.8194444444444444,0.6941176470588235,0.7395043114596374,8
"['V4', 'V14', 'V10', 'V16', 'V8', 'V21', 'V20', 'V2']",0.6020408163265306,0.8194444444444444,0.6941176470588235,0.7399709351584816,8
"['V4', 'V14', 'V10', 'V16', 'V8', 'V21', 'V19', 'V2']",0.6020408163265306,0.8194444444444444,0.6941176470588235,0.7404140624231045,8
"['V4', 'V14', 'V16', 'V21', 'V20', 'V2', 'V12']",0.6020408163265306,0.8082191780821918,0.6900584795321637,0.7014974990672861,7
"['V4', 'V10', 'V16', 'V5', 'V19', 'V2', 'V12']",0.6020408163265306,0.8082191780821918,0.6900584795321637,0.7008979583585323,7
"['V4', 'V14', 'V16', 'V8', 'V20', 'V12']",0.6020408163265306,0.8194444444444444,0.6941176470588235,0.717383106134653,6
"['V4', 'V14', 'V10', 'V16', 'V8', 'V17', 'V20', 'V2']",0.6020408163265306,0.8194444444444444,0.6941176470588235,0.7394178137073324,8
"['V4', 'V10', 'V16', 'V5', 'V17', 'V2', 'V12']",0.6020408163265306,0.8194444444444444,0.6941176470588235,0.6980009124834918,7
"['V4', 'V14', 'V10', 'V16', 'V8', 'V17', 'V19', 'V12']",0.6020408163265306,0.8194444444444444,0.6941176470588235,0.7371563691386204,8
"['V4', 'V14', 'V10', 'V16', 'V8', 'V17', 'V19', 'V20']",0.6020408163265306,0.8194444444444444,0.6941176470588235,0.7387196239623369,8
"['V4', 'V14', 'V16', 'V21', 'V19', 'V20', 'V2']",0.6020408163265306,0.8082191780821918,0.6900584795321637,0.698885607614073,7
"['V10', 'V8', 'V5', 'V21', 'V12']",0.6020408163265306,0.8309859154929577,0.6982248520710059,0.6988420752081588,5
"['V4', 'V10', 'V16', 'V5', 'V21', 'V20', 'V12']",0.6020408163265306,0.8194444444444444,0.6941176470588235,0.706492574776498,7
"['V4', 'V14', 'V8', 'V5', 'V17', 'V20', 'V2']",0.6020408163265306,0.8194444444444444,0.6941176470588235,0.7048653797790755,7
"['V4', 'V14', 'V8', 'V5', 'V17', 'V2', 'V12']",0.6020408163265306,0.8194444444444444,0.6941176470588235,0.707107097629385,7
"['V4', 'V14', 'V8', 'V5', 'V21', 'V19', 'V12']",0.6020408163265306,0.7866666666666666,0.6820809248554913,0.6980894552904197,7
"['V4', 'V10', 'V16', 'V8', 'V5', 'V2', 'V12']",0.6020408163265306,0.8082191780821918,0.6900584795321637,0.7019347964762297,7
"['V4', 'V14', 'V5', 'V17', 'V21', 'V19', 'V20']",0.6020408163265306,0.8082191780821918,0.6900584795321637,0.6924200662178397,7
"['V10', 'V16', 'V8', 'V21', 'V12']",0.6020408163265306,0.8082191780821918,0.6900584795321637,0.6926030727414771,5
"['V4', 'V14', 'V8', 'V21', 'V19', 'V2', 'V12']",0.6020408163265306,0.7866666666666666,0.6820809248554913,0.6975805720582465,7
"['V4', 'V14', 'V5', 'V17', 'V19', 'V20', 'V2']",0.6020408163265306,0.8082191780821918,0.6900584795321637,0.6890996916508518,7
"['V4', 'V14', 'V8', 'V21', 'V19', 'V20', 'V12']",0.6020408163265306,0.7866666666666666,0.6820809248554913,0.699736914130332,7
"['V10', 'V16', 'V5', 'V17', 'V12']",0.6020408163265306,0.8309859154929577,0.6982248520710059,0.699163455067358,5
"['V4', 'V14', 'V8', 'V17', 'V19', 'V2', 'V12']",0.6020408163265306,0.8194444444444444,0.6941176470588235,0.7067492322144077,7
"['V4', 'V14', 'V8', 'V17', 'V19', 'V20', 'V2']",0.6020408163265306,0.8194444444444444,0.6941176470588235,0.7053543459115814,7
"['V10', 'V16', 'V5', 'V19', 'V12']",0.6020408163265306,0.8309859154929577,0.6982248520710059,0.695750218779453,5
"['V4', 'V14', 'V8', 'V17', 'V21', 'V20', 'V2']",0.6020408163265306,0.8194444444444444,0.6941176470588235,0.7054198692705982,7
"['V4', 'V14', 'V10', 'V16', 'V5', 'V17', 'V2', 'V12']",0.6020408163265306,0.8082191780821918,0.6900584795321637,0.7196597785175327,8
"['V4', 'V14', 'V10', 'V16', 'V5', 'V17', 'V20', 'V12']",0.6020408163265306,0.8082191780821918,0.6900584795321637,0.7198884349693556,8
"['V4', 'V14', 'V8', 'V17', 'V21', 'V19', 'V12']",0.6020408163265306,0.8309859154929577,0.6982248520710059,0.7089223431284254,7
"['V4', 'V14', 'V8', 'V17', 'V21', 'V19', 'V20']",0.6020408163265306,0.8194444444444444,0.6941176470588235,0.7072697113263503,7
"['V4', 'V14', 'V8', 'V5', 'V20', 'V2', 'V12']",0.6020408163265306,0.7283950617283951,0.659217877094972,0.6894644198791686,7
"['V4', 'V10', 'V16', 'V8', 'V5', 'V19', 'V20']",0.6020408163265306,0.8082191780821918,0.6900584795321637,0.6871139566850333,7
"['V4', 'V10', 'V16', 'V8', 'V5', 'V19', 'V2']",0.6020408163265306,0.7972972972972973,0.686046511627907,0.6749591811674599,7
"['V4', 'V14', 'V16', 'V17', 'V20', 'V2', 'V12']",0.6020408163265306,0.8082191780821918,0.6900584795321637,0.698879584071011,7
"['V4', 'V10', 'V16', 'V5', 'V20', 'V2', 'V12']",0.6020408163265306,0.8194444444444444,0.6941176470588235,0.6977670603919145,7
"['V4', 'V14', 'V16', 'V5', 'V21', 'V20', 'V2']",0.6020408163265306,0.8082191780821918,0.6900584795321637,0.701211647083682,7
"['V4', 'V14', 'V16', 'V8', 'V17', 'V2']",0.6020408163265306,0.8194444444444444,0.6941176470588235,0.7164683265969384,6
"['V4', 'V14', 'V10', 'V21', 'V20']",0.6020408163265306,0.6941176470588235,0.644808743169399,0.7031332514083841,5
"['V4', 'V14', 'V16', 'V5', 'V21', 'V2', 'V12']",0.6020408163265306,0.8082191780821918,0.6900584795321637,0.7003944462396233,7
"['V4', 'V14', 'V16', 'V8', 'V21', 'V2']",0.6020408163265306,0.8082191780821918,0.6900584795321637,0.7111571051610769,6
"['V4', 'V14', 'V10', 'V19', 'V20']",0.6020408163265306,0.7108433734939759,0.6519337016574586,0.7074065737078218,5
"['V4', 'V14', 'V16', 'V8', 'V21', 'V20']",0.6020408163265306,0.8082191780821918,0.6900584795321637,0.712584580957355,6
"['V4', 'V14', 'V16', 'V8', 'V21', 'V19']",0.6020408163265306,0.8082191780821918,0.6900584795321637,0.7123881817249488,6
"['V4', 'V10', 'V8', 'V5', 'V21', 'V20', 'V12']",0.6020408163265306,0.8309859154929577,0.6982248520710059,0.7046075516193848,7
"['V4', 'V14', 'V16', 'V8', 'V17', 'V12']",0.6020408163265306,0.8194444444444444,0.6941176470588235,0.7137607340602863,6
"['V4', 'V10', 'V8', 'V5', 'V21', 'V2', 'V12']",0.6020408163265306,0.7972972972972973,0.686046511627907,0.6963658609007,7
"['V4', 'V14', 'V10', 'V16', 'V8']",0.6020408163265306,0.8194444444444444,0.6941176470588235,0.7400741820995763,5
"['V4', 'V14', 'V16', 'V8', 'V5']",0.6020408163265306,0.8082191780821918,0.6900584795321637,0.7108528599212132,5
"['V4', 'V14', 'V16', 'V8', 'V17']",0.6020408163265306,0.8082191780821918,0.6900584795321637,0.7132091949105007,5
"['V4', 'V14', 'V16', 'V8', 'V21']",0.6020408163265306,0.8082191780821918,0.6900584795321637,0.7134863997750243,5
"['V4', 'V14', 'V16', 'V8', 'V19']",0.6020408163265306,0.8082191780821918,0.6900584795321637,0.7110725497865041,5
"['V4', 'V14', 'V16', 'V8', 'V20']",0.6020408163265306,0.8082191780821918,0.6900584795321637,0.7125222824352949,5
"['V4', 'V14', 'V16', 'V8', 'V2']",0.6020408163265306,0.8194444444444444,0.6941176470588235,0.7143009820133104,5
"['V4', 'V14', 'V16', 'V8', 'V12']",0.6020408163265306,0.8194444444444444,0.6941176470588235,0.7180176512906918,5
"['V4', 'V14', 'V16', 'V5', 'V21', 'V20', 'V12']",0.6020408163265306,0.8194444444444444,0.6941176470588235,0.701642658828529,7
"['V4', 'V14', 'V10', 'V21', 'V19']",0.6020408163265306,0.7108433734939759,0.6519337016574586,0.7096686154147075,5
"['V4', 'V10', 'V8', 'V5', 'V21', 'V19', 'V12']",0.6020408163265306,0.8194444444444444,0.6941176470588235,0.703357963549271,7
"['V4', 'V14', 'V16', 'V5', 'V19', 'V20', 'V2']",0.6020408163265306,0.7972972972972973,0.686046511627907,0.695224179557563,7
"['V4', 'V10', 'V8', 'V5', 'V17', 'V20', 'V2']",0.6020408163265306,0.8082191780821918,0.6900584795321637,0.6778461813957684,7
"['V4', 'V14', 'V16', 'V8', 'V20', 'V2']",0.6020408163265306,0.8194444444444444,0.6941176470588235,0.714296085061529,6
"['V4', 'V14', 'V10', 'V16', 'V21']",0.6020408163265306,0.8082191780821918,0.6900584795321637,0.7162107763315411,5
"['V4', 'V14', 'V10', 'V16', 'V19']",0.6020408163265306,0.8082191780821918,0.6900584795321637,0.7177650032143081,5
"['V4', 'V14', 'V10', 'V16', 'V2']",0.6020408163265306,0.8082191780821918,0.6900584795321637,0.7182175142517377,5
"['V4', 'V14', 'V16', 'V8', 'V19', 'V12']",0.6020408163265306,0.8082191780821918,0.6900584795321637,0.7181100057359783,6
"['V4', 'V14', 'V16', 'V8', 'V19', 'V2']",0.6020408163265306,0.8082191780821918,0.6900584795321637,0.7147626470587146,6
"['V4', 'V14', 'V16', 'V17', 'V21', 'V2', 'V12']",0.6020408163265306,0.8082191780821918,0.6900584795321637,0.7003907037822614,7
"['V4', 'V14', 'V16', 'V17', 'V21', 'V20', 'V12']",0.6020408163265306,0.8082191780821918,0.6900584795321637,0.7012997576503628,7
"['V4', 'V14', 'V16', 'V8', 'V19', 'V2', 'V12']",0.6020408163265306,0.8082191780821918,0.6900584795321637,0.7166727532004065,7
"['V4', 'V14', 'V10', 'V8', 'V20']",0.6020408163265306,0.7023809523809523,0.6483516483516484,0.7130679021552241,5
"['V4', 'V14', 'V10', 'V8', 'V12']",0.6020408163265306,0.7283950617283951,0.659217877094972,0.7218717342414046,5
"['V4', 'V14', 'V16', 'V5', 'V20', 'V2', 'V12']",0.6020408163265306,0.8194444444444444,0.6941176470588235,0.7002168863497561,7
"['V4', 'V10', 'V8', 'V5', 'V17', 'V21', 'V12']",0.6020408163265306,0.8082191780821918,0.6900584795321637,0.7045612925507594,7
"['V4', 'V14', 'V10', 'V5', 'V12']",0.6020408163265306,0.7023809523809523,0.6483516483516484,0.7099041850898229,5
"['V4', 'V14', 'V16', 'V8', 'V19', 'V20']",0.6020408163265306,0.8082191780821918,0.6900584795321637,0.712327196725668,6
"['V4', 'V10', 'V8', 'V5', 'V17', 'V19', 'V12']",0.6020408163265306,0.8082191780821918,0.6900584795321637,0.7019208805320326,7
"['V4', 'V14', 'V16', 'V8', 'V21', 'V12']",0.6020408163265306,0.8309859154929577,0.6982248520710059,0.7151697254104981,6
"['V4', 'V14', 'V10', 'V19', 'V20', 'V2']",0.6020408163265306,0.7108433734939759,0.6519337016574586,0.7078680946477239,6
"['V10', 'V16', 'V8', 'V5', 'V21', 'V20', 'V12']",0.6020408163265306,0.8309859154929577,0.6982248520710059,0.708815225585892,7
"['V4', 'V14', 'V16', 'V8', 'V19', 'V20', 'V2']",0.6020408163265306,0.8082191780821918,0.6900584795321637,0.7151250495571154,7
"['V14', 'V10', 'V8', 'V5', 'V19', 'V2', 'V12']",0.6020408163265306,0.7972972972972973,0.686046511627907,0.7229623893423092,7
"['V14', 'V10', 'V8', 'V17', 'V21', 'V20', 'V2']",0.6020408163265306,0.8309859154929577,0.6982248520710059,0.731072334411948,7
"['V4', 'V14', 'V10', 'V21', 'V19', 'V2', 'V12']",0.6020408163265306,0.7763157894736842,0.6781609195402298,0.7060660653557207,7
"['V4', 'V14', 'V10', 'V21', 'V19', 'V20', 'V12']",0.6020408163265306,0.7866666666666666,0.6820809248554913,0.7082709310681896,7
"['V4', 'V14', 'V10', 'V21', 'V19', 'V20', 'V2']",0.6020408163265306,0.7108433734939759,0.6519337016574586,0.7091860995949717,7
"['V14', 'V10', 'V16', 'V8', 'V17', 'V20', 'V2']",0.6020408163265306,0.8309859154929577,0.6982248520710059,0.735878717275637,7
"['V4', 'V14', 'V10', 'V8', 'V17', 'V21', 'V20']",0.6020408163265306,0.8309859154929577,0.6982248520710059,0.7322951688022707,7
"['V14', 'V10', 'V8', 'V17', 'V21', 'V19', 'V20']",0.6020408163265306,0.8194444444444444,0.6941176470588235,0.7336264699689654,7
"['V14', 'V10', 'V16', 'V8', 'V17', 'V2', 'V12']",0.6020408163265306,0.8309859154929577,0.6982248520710059,0.7367419634771516,7
"['V4', 'V14', 'V10', 'V5', 'V20', 'V2', 'V12']",0.6020408163265306,0.7023809523809523,0.6483516483516484,0.7097137547474808,7
"['V14', 'V10', 'V8', 'V5', 'V20', 'V2', 'V12']",0.6020408163265306,0.7866666666666666,0.6820809248554913,0.7199789073876666,7
"['V14', 'V10', 'V8', 'V5', 'V19', 'V20', 'V12']",0.6020408163265306,0.8194444444444444,0.6941176470588235,0.7235645886112098,7
"['V10', 'V8', 'V5', 'V17', 'V20', 'V2', 'V12']",0.6020408163265306,0.8309859154929577,0.6982248520710059,0.6995023710764162,7
"['V14', 'V10', 'V8', 'V5', 'V21']",0.6020408163265306,0.7564102564102564,0.6704545454545454,0.7101725371018043,5
"['V14', 'V10', 'V8', 'V5', 'V21', 'V2', 'V12']",0.6020408163265306,0.8082191780821918,0.6900584795321637,0.7238885779670425,7
"['V14', 'V10', 'V8', 'V5', 'V21', 'V20', 'V12']",0.6020408163265306,0.8194444444444444,0.6941176470588235,0.7278675989996535,7
"['V4', 'V14', 'V10', 'V8', 'V17', 'V21', 'V12']",0.6020408163265306,0.8309859154929577,0.6982248520710059,0.7338387910932013,7
"['V4', 'V14', 'V10', 'V8', 'V17', 'V19', 'V20']",0.6020408163265306,0.8309859154929577,0.6982248520710059,0.7299060349875124,7
"['V14', 'V10', 'V8', 'V5', 'V21', 'V19', 'V2']",0.6020408163265306,0.7866666666666666,0.6820809248554913,0.7179584596456515,7
"['V14', 'V10', 'V8', 'V5', 'V21', 'V19', 'V20']",0.6020408163265306,0.7972972972972973,0.686046511627907,0.7204520477001186,7
"['V14', 'V10', 'V8', 'V5', 'V17', 'V2', 'V12']",0.6020408163265306,0.8428571428571429,0.7023809523809523,0.7335187879465687,7
"['V14', 'V10', 'V8', 'V5', 'V17', 'V20', 'V12']",0.6020408163265306,0.8309859154929577,0.6982248520710059,0.7313685043598334,7
"['V14', 'V10', 'V16', 'V8', 'V21', 'V19', 'V20']",0.6020408163265306,0.8309859154929577,0.6982248520710059,0.7378166731760065,7
"['V14', 'V10', 'V8', 'V17', 'V21', 'V20', 'V12']",0.6020408163265306,0.8194444444444444,0.6941176470588235,0.7351837715603986,7
"['V14', 'V10', 'V8', 'V17', 'V21', 'V2', 'V12']",0.6020408163265306,0.8194444444444444,0.6941176470588235,0.7320036920463004,7
"['V14', 'V10', 'V16', 'V8', 'V17', 'V19', 'V2']",0.6020408163265306,0.8309859154929577,0.6982248520710059,0.7355528493929337,7
"['V4', 'V14', 'V10', 'V19', 'V20', 'V2', 'V12']",0.6020408163265306,0.7662337662337663,0.6742857142857143,0.7072408168856138,7
"['V4', 'V14', 'V10', 'V16', 'V21', 'V19', 'V2']",0.6020408163265306,0.8082191780821918,0.6900584795321637,0.7167051078187183,7
"['V4', 'V14', 'V10', 'V16', 'V21', 'V20', 'V2']",0.6020408163265306,0.8082191780821918,0.6900584795321637,0.7180752722276054,7
"['V4', 'V14', 'V10', 'V16', 'V21', 'V20', 'V12']",0.6020408163265306,0.8082191780821918,0.6900584795321637,0.7146087093205271,7
"['V4', 'V14', 'V16', 'V8', 'V5', 'V21', 'V2']",0.6020408163265306,0.8082191780821918,0.6900584795321637,0.7113977691045534,7
"['V14', 'V10', 'V17', 'V21', 'V19', 'V2', 'V12']",0.6020408163265306,0.8194444444444444,0.6941176470588235,0.7132170972833191,7
"['V4', 'V14', 'V10', 'V16', 'V19', 'V20', 'V2']",0.6020408163265306,0.8082191780821918,0.6900584795321637,0.7177847484630598,7
"['V4', 'V14', 'V10', 'V16', 'V20', 'V2', 'V12']",0.6020408163265306,0.8082191780821918,0.6900584795321637,0.7168445816549488,7
"['V4', 'V14', 'V16', 'V8', 'V5', 'V21', 'V20']",0.6020408163265306,0.8082191780821918,0.6900584795321637,0.714583629358783,7
"['V14', 'V10', 'V5', 'V21', 'V12']",0.6020408163265306,0.7866666666666666,0.6820809248554913,0.7098395090029924,5
"['V4', 'V14', 'V16', 'V8', 'V5', 'V21', 'V19']",0.6020408163265306,0.8082191780821918,0.6900584795321637,0.7143502630298232,7
"['V4', 'V14', 'V16', 'V8', 'V5', 'V17', 'V12']",0.6020408163265306,0.8082191780821918,0.6900584795321637,0.7121263979453891,7
"['V14', 'V10', 'V5', 'V17', 'V19', 'V20', 'V2']",0.6020408163265306,0.8309859154929577,0.6982248520710059,0.712386622481804,7
"['V14', 'V10', 'V5', 'V17', 'V21', 'V2', 'V12']",0.6020408163265306,0.8194444444444444,0.6941176470588235,0.7187020020592951,7
"['V14', 'V10', 'V5', 'V21', 'V19']",0.6020408163265306,0.7972972972972973,0.686046511627907,0.7030941383123627,5
"['V14', 'V10', 'V5', 'V17', 'V21', 'V20', 'V2']",0.6020408163265306,0.8309859154929577,0.6982248520710059,0.711872447812522,7
"['V14', 'V10', 'V5', 'V17', 'V21', 'V19', 'V12']",0.6020408163265306,0.8194444444444444,0.6941176470588235,0.715537998780392,7
"['V14', 'V10', 'V5', 'V17', 'V21', 'V19', 'V2']",0.6020408163265306,0.8309859154929577,0.6982248520710059,0.7134446757797469,7
"['V14', 'V10', 'V5', 'V17', 'V2']",0.6020408163265306,0.8309859154929577,0.6982248520710059,0.7134486167267119,5
"['V4', 'V14', 'V16', 'V8', 'V5', 'V17', 'V20']",0.6020408163265306,0.8082191780821918,0.6900584795321637,0.7095153933774722,7
"['V14', 'V10', 'V8', 'V21', 'V19', 'V20', 'V2']",0.6020408163265306,0.7972972972972973,0.686046511627907,0.7188830202321507,7
"['V14', 'V10', 'V8', 'V2', 'V12']",0.6020408163265306,0.8082191780821918,0.6900584795321637,0.7223504133317743,5
"['V4', 'V14', 'V10', 'V8', 'V17', 'V19', 'V2']",0.6020408163265306,0.8194444444444444,0.6941176470588235,0.727866992811791,7
"['V14', 'V10', 'V8', 'V5', 'V17', 'V19', 'V12']",0.6020408163265306,0.8309859154929577,0.6982248520710059,0.7300213277794523,7
"['V14', 'V10', 'V16', 'V20', 'V2']",0.6020408163265306,0.8309859154929577,0.6982248520710059,0.7145486501614955,5
"['V14', 'V10', 'V16', 'V17', 'V19', 'V20', 'V2']",0.6020408163265306,0.8309859154929577,0.6982248520710059,0.7163368000588759,7
"['V14', 'V10', 'V16', 'V8', 'V5']",0.6020408163265306,0.8309859154929577,0.6982248520710059,0.737084978468242,5
"['V14', 'V10', 'V16', 'V8', 'V21', 'V19', 'V12']",0.6020408163265306,0.8309859154929577,0.6982248520710059,0.7371863050480354,7
"['V14', 'V10', 'V16', 'V8', 'V21', 'V20', 'V12']",0.6020408163265306,0.8309859154929577,0.6982248520710059,0.7387955734496274,7
"['V14', 'V10', 'V16', 'V8', 'V19', 'V20', 'V2']",0.6020408163265306,0.8309859154929577,0.6982248520710059,0.7355487109817636,7
"['V14', 'V10', 'V16', 'V8', 'V19', 'V20', 'V12']",0.6020408163265306,0.8309859154929577,0.6982248520710059,0.7363310204666197,7
"['V14', 'V10', 'V16', 'V8', 'V20', 'V2', 'V12']",0.6020408163265306,0.8309859154929577,0.6982248520710059,0.7371678215012866,7
"['V14', 'V10', 'V16', 'V5', 'V17', 'V21', 'V19']",0.6020408163265306,0.8194444444444444,0.6941176470588235,0.7170399809399756,7
"['V14', 'V10', 'V16', 'V5', 'V17', 'V21', 'V20']",0.6020408163265306,0.8309859154929577,0.6982248520710059,0.719083242953818,7
"['V14', 'V10', 'V16', 'V5', 'V17', 'V21', 'V12']",0.6020408163265306,0.8194444444444444,0.6941176470588235,0.7212031939614236,7
"['V14', 'V10', 'V16', 'V17', 'V21', 'V2', 'V12']",0.6020408163265306,0.8194444444444444,0.6941176470588235,0.7223526692911372,7
"['V14', 'V10', 'V16', 'V5', 'V17', 'V19', 'V20']",0.6020408163265306,0.8194444444444444,0.6941176470588235,0.7164946451107209,7
"['V14', 'V10', 'V16', 'V17', 'V21', 'V20', 'V2']",0.6020408163265306,0.8309859154929577,0.6982248520710059,0.7173434378525708,7
"['V14', 'V10', 'V16', 'V5', 'V17', 'V19', 'V2']",0.6020408163265306,0.8194444444444444,0.6941176470588235,0.7188241190289836,7
"['V14', 'V10', 'V16', 'V17', 'V21', 'V19', 'V2']",0.6020408163265306,0.8309859154929577,0.6982248520710059,0.714785229140241,7
"['V14', 'V10', 'V16', 'V5', 'V17', 'V20', 'V12']",0.6020408163265306,0.8194444444444444,0.6941176470588235,0.719783206396939,7
"['V14', 'V10', 'V16', 'V5', 'V20', 'V2', 'V12']",0.6020408163265306,0.8194444444444444,0.6941176470588235,0.7225304280302784,7
"['V14', 'V10', 'V16', 'V5', 'V17', 'V2', 'V12']",0.6020408163265306,0.8194444444444444,0.6941176470588235,0.7201369672541854,7
"['V14', 'V10', 'V16', 'V5', 'V19', 'V20', 'V12']",0.6020408163265306,0.8194444444444444,0.6941176470588235,0.7196217753912223,7
"['V14', 'V10', 'V16', 'V5', 'V21', 'V19', 'V20']",0.6020408163265306,0.8194444444444444,0.6941176470588235,0.7190722788812954,7
"['V14', 'V10', 'V16', 'V5', 'V21', 'V19', 'V2']",0.6020408163265306,0.8194444444444444,0.6941176470588235,0.7194998033724367,7
"['V14', 'V10', 'V16', 'V5', 'V19', 'V20', 'V2']",0.6020408163265306,0.8194444444444444,0.6941176470588235,0.7191903101316831,7
"['V14', 'V10', 'V16', 'V8', 'V21']",0.6020408163265306,0.8309859154929577,0.6982248520710059,0.7404026305260751,5
"['V4', 'V14', 'V10', 'V8', 'V21', 'V2', 'V12']",0.6020408163265306,0.7283950617283951,0.659217877094972,0.7257582463438921,7
"['V4', 'V14', 'V10', 'V8', 'V17', 'V20', 'V2']",0.6020408163265306,0.8194444444444444,0.6941176470588235,0.7299924959999761,7
"['V4', 'V14', 'V10', 'V8', 'V21', 'V20', 'V12']",0.6020408163265306,0.7375,0.6629213483146067,0.7264463221703453,7
"['V14', 'V10', 'V16', 'V19', 'V2']",0.6020408163265306,0.8309859154929577,0.6982248520710059,0.7174004295352217,5
"['V4', 'V14', 'V10', 'V5', 'V21', 'V19', 'V12']",0.6020408163265306,0.7108433734939759,0.6519337016574586,0.7101694057448928,7
"['V14', 'V10', 'V16', 'V21', 'V2']",0.6020408163265306,0.8309859154929577,0.6982248520710059,0.7205719236440543,5
"['V4', 'V14', 'V10', 'V5', 'V21', 'V19', 'V2']",0.6020408163265306,0.7108433734939759,0.6519337016574586,0.7112576319966171,7
"['V4', 'V14', 'V10', 'V5', 'V21', 'V19', 'V20']",0.6020408163265306,0.7108433734939759,0.6519337016574586,0.7107911849420259,7
"['V14', 'V10', 'V8', 'V5', 'V17', 'V21', 'V12']",0.6020408163265306,0.8194444444444444,0.6941176470588235,0.7344629132756723,7
"['V14', 'V10', 'V8', 'V5', 'V17', 'V21', 'V2']",0.6020408163265306,0.8194444444444444,0.6941176470588235,0.7334565024618979,7
"['V14', 'V10', 'V16', 'V17', 'V2']",0.6020408163265306,0.8309859154929577,0.6982248520710059,0.7167460642443172,5
"['V14', 'V10', 'V8', 'V5', 'V17', 'V21', 'V20']",0.6020408163265306,0.8194444444444444,0.6941176470588235,0.7344760679784146,7
"['V14', 'V10', 'V16', 'V5', 'V12']",0.6020408163265306,0.8194444444444444,0.6941176470588235,0.7201449045692861,5
"['V14', 'V10', 'V16', 'V5', 'V2']",0.6020408163265306,0.8194444444444444,0.6941176470588235,0.7198896380578313,5
"['V14', 'V10', 'V16', 'V5', 'V20']",0.6020408163265306,0.8194444444444444,0.6941176470588235,0.7186779257511774,5
"['V14', 'V10', 'V16', 'V5', 'V19']",0.6020408163265306,0.8194444444444444,0.6941176470588235,0.7180089805361018,5
"['V14', 'V10', 'V8', 'V5', 'V17', 'V21', 'V19']",0.6020408163265306,0.8194444444444444,0.6941176470588235,0.7338509165433514,7
"['V14', 'V10', 'V16', 'V5', 'V21']",0.6020408163265306,0.8194444444444444,0.6941176470588235,0.7202721376322213,5
"['V4', 'V14', 'V10', 'V8', 'V21', 'V19', 'V2']",0.6020408163265306,0.7195121951219512,0.6555555555555556,0.7243945299062435,7
"['V14', 'V10', 'V16', 'V5', 'V17']",0.6020408163265306,0.8194444444444444,0.6941176470588235,0.7170650745388767,5
"['V14', 'V10', 'V16', 'V21', 'V20', 'V2', 'V12']",0.6020408163265306,0.8309859154929577,0.6982248520710059,0.7200759575729292,7
"['V4', 'V14', 'V10', 'V8', 'V21', 'V20', 'V2']",0.6020408163265306,0.7023809523809523,0.6483516483516484,0.7178342634873129,7
"['V14', 'V10', 'V16', 'V21', 'V19', 'V20', 'V2']",0.6020408163265306,0.8194444444444444,0.6941176470588235,0.7163692394723282,7
"['V14', 'V10', 'V16', 'V17', 'V20', 'V2', 'V12']",0.6020408163265306,0.8194444444444444,0.6941176470588235,0.7211608253271707,7
"['V4', 'V14', 'V10', 'V16', 'V21', 'V19', 'V20']",0.6020408163265306,0.8082191780821918,0.6900584795321637,0.7154221913362359,7
"['V4', 'V14', 'V10', 'V16', 'V17', 'V2', 'V12']",0.6020408163265306,0.8082191780821918,0.6900584795321637,0.715588498238123,7
"['V4', 'V14', 'V10', 'V16', 'V17', 'V19', 'V12']",0.6020408163265306,0.8082191780821918,0.6900584795321637,0.7152613608783491,7
"['V10', 'V16', 'V5', 'V17', 'V21', 'V2', 'V12']",0.6020408163265306,0.8309859154929577,0.6982248520710059,0.7015932767311168,7
"['V10', 'V16', 'V5', 'V17', 'V21', 'V19', 'V12']",0.6020408163265306,0.8309859154929577,0.6982248520710059,0.6985495282076882,7
"['V10', 'V16', 'V8', 'V21', 'V20', 'V2', 'V12']",0.6020408163265306,0.8082191780821918,0.6900584795321637,0.6936571006562564,7
"['V14', 'V10', 'V16', 'V8', 'V5', 'V17', 'V19']",0.6020408163265306,0.8309859154929577,0.6982248520710059,0.7347838817419236,7
"['V10', 'V16', 'V8', 'V21', 'V19', 'V20', 'V12']",0.6020408163265306,0.8082191780821918,0.6900584795321637,0.6962142964938637,7
"['V10', 'V16', 'V8', 'V5', 'V20', 'V2', 'V12']",0.6020408163265306,0.8309859154929577,0.6982248520710059,0.7039579414050429,7
"['V14', 'V10', 'V16', 'V17', 'V19', 'V2']",0.6020408163265306,0.8194444444444444,0.6941176470588235,0.7163160752817844,6
"['V14', 'V10', 'V16', 'V8', 'V5', 'V17', 'V20']",0.6020408163265306,0.8309859154929577,0.6982248520710059,0.7376803380349919,7
"['V14', 'V10', 'V16', 'V8', 'V5', 'V17', 'V2']",0.6020408163265306,0.8309859154929577,0.6982248520710059,0.7366763604948701,7
"['V10', 'V16', 'V8', 'V5', 'V19', 'V20', 'V12']",0.6020408163265306,0.8309859154929577,0.6982248520710059,0.7020146454724318,7
"['V10', 'V16', 'V8', 'V5', 'V21', 'V2', 'V12']",0.6020408163265306,0.8309859154929577,0.6982248520710059,0.7092527283988035,7
"['V4', 'V14', 'V10', 'V8', 'V20', 'V2', 'V12']",0.6020408163265306,0.7283950617283951,0.659217877094972,0.7236418367931616,7
"['V10', 'V16', 'V8', 'V5', 'V21', 'V19', 'V12']",0.6020408163265306,0.8309859154929577,0.6982248520710059,0.7080355866145562,7
"['V4', 'V14', 'V10', 'V5', 'V21', 'V19']",0.6020408163265306,0.7195121951219512,0.6555555555555556,0.7076320685482993,6
"['V10', 'V16', 'V8', 'V5', 'V17', 'V20', 'V12']",0.6020408163265306,0.8309859154929577,0.6982248520710059,0.7039379913530737,7
"['V4', 'V10', 'V16', 'V5', 'V20']",0.6020408163265306,0.7972972972972973,0.686046511627907,0.6846600588229809,5
"['V4', 'V14', 'V10', 'V8', 'V2', 'V12']",0.6020408163265306,0.7283950617283951,0.659217877094972,0.7230290453574626,6
"['V4', 'V14', 'V10', 'V16', 'V8', 'V17', 'V19']",0.6020408163265306,0.8194444444444444,0.6941176470588235,0.7396847652859,7
"['V4', 'V14', 'V10', 'V8', 'V21', 'V12']",0.6020408163265306,0.7283950617283951,0.659217877094972,0.7257516293847549,6
"['V4', 'V14', 'V10', 'V16', 'V8', 'V17', 'V20']",0.6020408163265306,0.8194444444444444,0.6941176470588235,0.7395747851647088,7
"['V4', 'V14', 'V10', 'V8', 'V17', 'V2']",0.6020408163265306,0.8194444444444444,0.6941176470588235,0.7278823756318398,6
"['V4', 'V14', 'V10', 'V8', 'V17', 'V20']",0.6020408163265306,0.8309859154929577,0.6982248520710059,0.7294512300113208,6
"['V10', 'V16', 'V5', 'V17', 'V21', 'V20', 'V12']",0.6020408163265306,0.8309859154929577,0.6982248520710059,0.7032639147190223,7
"['V4', 'V14', 'V10', 'V5', 'V2', 'V12']",0.6020408163265306,0.7108433734939759,0.6519337016574586,0.7101845565001138,6
"['V4', 'V14', 'V10', 'V16', 'V20', 'V12']",0.6020408163265306,0.8082191780821918,0.6900584795321637,0.718011908544501,6
"['V4', 'V14', 'V10', 'V17', 'V21', 'V2']",0.6020408163265306,0.8082191780821918,0.6900584795321637,0.7108897935196328,6
"['V4', 'V14', 'V10', 'V21', 'V19', 'V12']",0.6020408163265306,0.7662337662337663,0.6742857142857143,0.7064359022159296,6
"['V10', 'V8', 'V5', 'V17', 'V19', 'V20', 'V12']",0.6020408163265306,0.8309859154929577,0.6982248520710059,0.6967450466422555,7
"['V4', 'V14', 'V10', 'V21', 'V19', 'V2']",0.6020408163265306,0.7108433734939759,0.6519337016574586,0.7091831633521064,6
"['V4', 'V14', 'V5', 'V17', 'V21']",0.6020408163265306,0.8082191780821918,0.6900584795321637,0.6944568054234163,5
"['V4', 'V14', 'V5', 'V17', 'V19']",0.6020408163265306,0.8082191780821918,0.6900584795321637,0.6855983094032986,5
"['V4', 'V14', 'V16', 'V8', 'V21', 'V2', 'V12']",0.6020408163265306,0.8309859154929577,0.6982248520710059,0.7146660476696705,7
"['V4', 'V14', 'V16', 'V8', 'V21', 'V20', 'V12']",0.6020408163265306,0.8194444444444444,0.6941176470588235,0.7153892971266185,7
"['V4', 'V14', 'V16', 'V8', 'V21', 'V20', 'V2']",0.6020408163265306,0.8082191780821918,0.6900584795321637,0.7106310489092665,7
"['V14', 'V16', 'V8', 'V21', 'V12']",0.6020408163265306,0.8194444444444444,0.6941176470588235,0.7118034385290641,5
"['V4', 'V14', 'V5', 'V17', 'V20']",0.6020408163265306,0.7972972972972973,0.686046511627907,0.6874088464561688,5
"['V4', 'V14', 'V10', 'V21', 'V19', 'V20']",0.6020408163265306,0.7108433734939759,0.6519337016574586,0.7116816480018588,6
"['V4', 'V14', 'V16', 'V8', 'V21', 'V19', 'V2']",0.6020408163265306,0.8082191780821918,0.6900584795321637,0.7109556822778984,7
"['V10', 'V8', 'V5', 'V17', 'V21', 'V20', 'V12']",0.6020408163265306,0.8309859154929577,0.6982248520710059,0.7063845081974945,7
"['V4', 'V14', 'V16', 'V8', 'V21', 'V19', 'V20']",0.6020408163265306,0.8082191780821918,0.6900584795321637,0.7115769130920203,7
"['V4', 'V14', 'V16', 'V8', 'V17', 'V2', 'V12']",0.6020408163265306,0.8194444444444444,0.6941176470588235,0.7168736442901216,7
"['V4', 'V14', 'V16', 'V8', 'V17', 'V20', 'V12']",0.6020408163265306,0.8194444444444444,0.6941176470588235,0.714446779969259,7
"['V10', 'V16', 'V5', 'V21', 'V20', 'V2', 'V12']",0.6020408163265306,0.8309859154929577,0.6982248520710059,0.7019896065112681,7
"['V10', 'V16', 'V5', 'V21', 'V19', 'V2', 'V12']",0.6020408163265306,0.8309859154929577,0.6982248520710059,0.6985521728867694,7
"['V10', 'V16', 'V5', 'V21', 'V19', 'V20', 'V12']",0.6020408163265306,0.8309859154929577,0.6982248520710059,0.7012439558912192,7
"['V4', 'V14', 'V17', 'V21', 'V19']",0.6020408163265306,0.8082191780821918,0.6900584795321637,0.6938120928705652,5
"['V4', 'V14', 'V17', 'V21', 'V20']",0.6020408163265306,0.8194444444444444,0.6941176470588235,0.6932618776881165,5
"['V4', 'V14', 'V10', 'V16', 'V8', 'V17', 'V2']",0.6020408163265306,0.8082191780821918,0.6900584795321637,0.7380561611467039,7
"['V4', 'V14', 'V10', 'V16', 'V20', 'V2']",0.6020408163265306,0.8082191780821918,0.6900584795321637,0.7185432530008936,6
"['V4', 'V14', 'V16', 'V8', 'V5', 'V21', 'V12']",0.6020408163265306,0.8194444444444444,0.6941176470588235,0.7172326053080533,7
"['V4', 'V14', 'V10', 'V16', 'V8', 'V20', 'V2']",0.6020408163265306,0.8194444444444444,0.6941176470588235,0.7380870140398224,7
"['V14', 'V16', 'V8', 'V21', 'V19', 'V2', 'V12']",0.6020408163265306,0.8194444444444444,0.6941176470588235,0.7100191133617505,7
"['V4', 'V14', 'V10', 'V16', 'V8', 'V20', 'V12']",0.6020408163265306,0.8194444444444444,0.6941176470588235,0.73877433226559,7
"['V4', 'V14', 'V10', 'V16', 'V8', 'V2', 'V12']",0.6020408163265306,0.8194444444444444,0.6941176470588235,0.7389774336057366,7
"['V14', 'V10', 'V16', 'V8', 'V17', 'V21', 'V19']",0.6020408163265306,0.8309859154929577,0.6982248520710059,0.7372905790268083,7
"['V14', 'V16', 'V8', 'V17', 'V21', 'V20', 'V12']",0.6020408163265306,0.8194444444444444,0.6941176470588235,0.7141795874249847,7
"['V4', 'V14', 'V10', 'V16', 'V5', 'V17', 'V12']",0.6020408163265306,0.8082191780821918,0.6900584795321637,0.7198481624087764,7
"['V4', 'V14', 'V16', 'V8', 'V5', 'V2', 'V12']",0.6020408163265306,0.8082191780821918,0.6900584795321637,0.7151531785169327,7
"['V4', 'V14', 'V10', 'V16', 'V5', 'V21', 'V12']",0.6020408163265306,0.8194444444444444,0.6941176470588235,0.7178457777646667,7
"['V14', 'V10', 'V16', 'V8', 'V17', 'V21', 'V12']",0.6020408163265306,0.8309859154929577,0.6982248520710059,0.7369464520483251,7
"['V4', 'V14', 'V16', 'V8', 'V5', 'V20', 'V12']",0.6020408163265306,0.8082191780821918,0.6900584795321637,0.7141187132539043,7
"['V4', 'V14', 'V16', 'V8', 'V5', 'V20', 'V2']",0.6020408163265306,0.8082191780821918,0.6900584795321637,0.7128638701918547,7
"['V4', 'V14', 'V16', 'V8', 'V5', 'V19', 'V2']",0.6020408163265306,0.8082191780821918,0.6900584795321637,0.7132900792709026,7
"['V4', 'V14', 'V10', 'V16', 'V5', 'V20', 'V12']",0.6020408163265306,0.8194444444444444,0.6941176470588235,0.7194130529746975,7
"['V14', 'V16', 'V8', 'V5', 'V21', 'V2', 'V12']",0.6020408163265306,0.8194444444444444,0.6941176470588235,0.711622585058857,7
"['V14', 'V16', 'V8', 'V5', 'V21', 'V20', 'V12']",0.6020408163265306,0.8194444444444444,0.6941176470588235,0.7098161947928592,7
"['V4', 'V14', 'V16', 'V8', 'V5', 'V19', 'V20']",0.6020408163265306,0.8082191780821918,0.6900584795321637,0.7109369097755486,7
"['V4', 'V14', 'V10', 'V16', 'V17', 'V21', 'V19']",0.6020408163265306,0.8082191780821918,0.6900584795321637,0.7154909534126993,7
"['V14', 'V16', 'V8', 'V5', 'V21', 'V19', 'V12']",0.6020408163265306,0.8194444444444444,0.6941176470588235,0.7106729959373506,7
"['V4', 'V14', 'V10', 'V16', 'V17', 'V21', 'V20']",0.6020408163265306,0.7972972972972973,0.686046511627907,0.7155350507865202,7
"['V4', 'V14', 'V10', 'V16', 'V17', 'V21', 'V2']",0.6020408163265306,0.7972972972972973,0.686046511627907,0.7161798289081492,7
"['V14', 'V10', 'V5', 'V20', 'V2']",0.6020408163265306,0.7375,0.6629213483146067,0.6952641501689593,5
"['V14', 'V16', 'V8', 'V21', 'V20', 'V2', 'V12']",0.6020408163265306,0.8194444444444444,0.6941176470588235,0.7124892611476211,7
"['V14', 'V10', 'V16', 'V8', 'V5', 'V20', 'V2']",0.6020408163265306,0.8309859154929577,0.6982248520710059,0.7386335351516391,7
"['V4', 'V14', 'V10', 'V16', 'V19', 'V12']",0.6020408163265306,0.8082191780821918,0.6900584795321637,0.7161168868981526,6
"['V14', 'V10', 'V16', 'V8', 'V5', 'V19', 'V12']",0.6020408163265306,0.8309859154929577,0.6982248520710059,0.7374172397656142,7
"['V4', 'V14', 'V10', 'V16', 'V19', 'V2']",0.6020408163265306,0.8082191780821918,0.6900584795321637,0.71822985381198,6
"['V4', 'V14', 'V16', 'V8', 'V17', 'V20', 'V2']",0.6020408163265306,0.8194444444444444,0.6941176470588235,0.7155446745558129,7
"['V4', 'V14', 'V10', 'V16', 'V21', 'V2']",0.6020408163265306,0.8082191780821918,0.6900584795321637,0.717171476663557,6
"['V4', 'V14', 'V10', 'V16', 'V21', 'V20']",0.6020408163265306,0.8082191780821918,0.6900584795321637,0.7172493491497909,6
"['V4', 'V14', 'V10', 'V16', 'V21', 'V19']",0.6020408163265306,0.8082191780821918,0.6900584795321637,0.7157597385458431,6
"['V4', 'V14', 'V10', 'V16', 'V17', 'V20']",0.6020408163265306,0.7972972972972973,0.686046511627907,0.7160083900770432,6
"['V4', 'V14', 'V10', 'V16', 'V17', 'V19']",0.6020408163265306,0.8082191780821918,0.6900584795321637,0.7162274479327413,6
"['V4', 'V10', 'V5', 'V17', 'V2']",0.6020408163265306,0.8082191780821918,0.6900584795321637,0.6719123848426312,5
"['V4', 'V14', 'V10', 'V16', 'V5', 'V12']",0.6020408163265306,0.8194444444444444,0.6941176470588235,0.7199989549170991,6
"['V4', 'V14', 'V10', 'V16', 'V8', 'V12']",0.6020408163265306,0.8194444444444444,0.6941176470588235,0.7386006377680525,6
"['V4', 'V14', 'V10', 'V16', 'V8', 'V2']",0.6020408163265306,0.8194444444444444,0.6941176470588235,0.7405771006039452,6
"['V4', 'V14', 'V16', 'V8', 'V17', 'V19', 'V12']",0.6020408163265306,0.8082191780821918,0.6900584795321637,0.7151150913307618,7
"['V4', 'V14', 'V10', 'V16', 'V8', 'V19']",0.6020408163265306,0.8194444444444444,0.6941176470588235,0.7404796991308896,6
"['V4', 'V14', 'V16', 'V8', 'V17', 'V19', 'V2']",0.6020408163265306,0.8082191780821918,0.6900584795321637,0.7160869245286862,7
"['V4', 'V14', 'V10', 'V16', 'V8', 'V17']",0.6020408163265306,0.8194444444444444,0.6941176470588235,0.7398426566041041,6
"['V14', 'V10', 'V16', 'V8', 'V5', 'V19', 'V2']",0.6020408163265306,0.8309859154929577,0.6982248520710059,0.7368761169999702,7
"['V4', 'V14', 'V16', 'V8', 'V17', 'V19', 'V20']",0.6020408163265306,0.8194444444444444,0.6941176470588235,0.7136465269276031,7
"['V4', 'V14', 'V10', 'V16', 'V8', 'V21', 'V2']",0.6020408163265306,0.8194444444444444,0.6941176470588235,0.7402636799761209,7
"['V4', 'V14', 'V16', 'V8', 'V17', 'V21', 'V12']",0.6020408163265306,0.8309859154929577,0.6982248520710059,0.7149490551351214,7
"['V4', 'V14', 'V10', 'V16', 'V8', 'V19', 'V20']",0.6020408163265306,0.8194444444444444,0.6941176470588235,0.7401838477452485,7
"['V4', 'V14', 'V10', 'V16', 'V8', 'V19', 'V2']",0.6020408163265306,0.8194444444444444,0.6941176470588235,0.7394677988336483,7
"['V14', 'V10', 'V16', 'V17', 'V21', 'V20', 'V12']",0.6020408163265306,0.8194444444444444,0.6941176470588235,0.716325606010005,7
"['V10', 'V8', 'V5', 'V17', 'V20', 'V12']",0.6020408163265306,0.8309859154929577,0.6982248520710059,0.6990307933053526,6
"['V4', 'V14', 'V10', 'V16', 'V17', 'V21', 'V19', 'V2']",0.6020408163265306,0.8082191780821918,0.6900584795321637,0.7155178297053478,8
"['V4', 'V10', 'V16', 'V5', 'V2', 'V12']",0.6020408163265306,0.8194444444444444,0.6941176470588235,0.7005766566135413,6
"['V4', 'V10', 'V16', 'V8', 'V5', 'V17', 'V19', 'V20', 'V12']",0.6020408163265306,0.8194444444444444,0.6941176470588235,0.7056183134371907,9
"['V14', 'V10', 'V5', 'V17', 'V19', 'V2']",0.6020408163265306,0.8309859154929577,0.6982248520710059,0.713013536449322,6
"['V14', 'V10', 'V5', 'V17', 'V20', 'V2']",0.6020408163265306,0.8309859154929577,0.6982248520710059,0.7135960772394674,6
"['V4', 'V14', 'V8', 'V5', 'V17', 'V19', 'V20', 'V2', 'V12']",0.6020408163265306,0.8194444444444444,0.6941176470588235,0.7101367019126705,9
"['V4', 'V14', 'V8', 'V5', 'V17', 'V21', 'V19', 'V2', 'V12']",0.6020408163265306,0.8309859154929577,0.6982248520710059,0.7103652038836665,9
"['V4', 'V14', 'V16', 'V5', 'V17', 'V21', 'V20', 'V2', 'V12']",0.6020408163265306,0.8082191780821918,0.6900584795321637,0.700775900242351,9
"['V14', 'V10', 'V5', 'V21', 'V20', 'V12']",0.6020408163265306,0.7866666666666666,0.6820809248554913,0.7103631453478814,6
"['V4', 'V14', 'V16', 'V8', 'V21', 'V19', 'V20', 'V2', 'V12']",0.6020408163265306,0.8194444444444444,0.6941176470588235,0.7162227939942993,9
"['V4', 'V14', 'V16', 'V8', 'V17', 'V19', 'V20', 'V2', 'V12']",0.6020408163265306,0.8194444444444444,0.6941176470588235,0.7189938121832697,9
"['V4', 'V14', 'V16', 'V8', 'V17', 'V21', 'V20', 'V2', 'V12']",0.6020408163265306,0.8194444444444444,0.6941176470588235,0.7159789918051622,9
"['V4', 'V14', 'V16', 'V8', 'V5', 'V21', 'V20', 'V2', 'V12']",0.6020408163265306,0.8194444444444444,0.6941176470588235,0.7157380706148735,9
"['V4', 'V14', 'V16', 'V8', 'V5', 'V21', 'V19', 'V20', 'V2']",0.6020408163265306,0.8082191780821918,0.6900584795321637,0.7116574405729102,9
"['V4', 'V14', 'V16', 'V8', 'V5', 'V17', 'V20', 'V2', 'V12']",0.6020408163265306,0.8194444444444444,0.6941176470588235,0.7174941987625175,9
"['V4', 'V14', 'V16', 'V8', 'V5', 'V17', 'V19', 'V20', 'V2']",0.6020408163265306,0.8194444444444444,0.6941176470588235,0.7150028279714582,9
"['V4', 'V14', 'V16', 'V8', 'V5', 'V17', 'V21', 'V2', 'V12']",0.6020408163265306,0.8194444444444444,0.6941176470588235,0.7160858056293643,9
"['V4', 'V14', 'V10', 'V5', 'V21', 'V19', 'V20', 'V2', 'V12']",0.6020408163265306,0.7195121951219512,0.6555555555555556,0.7090797644865067,9
"['V4', 'V14', 'V10', 'V5', 'V17', 'V21', 'V20', 'V2', 'V12']",0.6020408163265306,0.7972972972972973,0.686046511627907,0.712182578055225,9
"['V4', 'V14', 'V10', 'V5', 'V17', 'V21', 'V19', 'V2', 'V12']",0.6020408163265306,0.7972972972972973,0.686046511627907,0.7151859803134955,9
"['V4', 'V14', 'V10', 'V5', 'V17', 'V21', 'V19', 'V20', 'V12']",0.6020408163265306,0.7972972972972973,0.686046511627907,0.714270584216156,9
"['V4', 'V14', 'V10', 'V8', 'V17', 'V21', 'V20', 'V2', 'V12']",0.6020408163265306,0.8194444444444444,0.6941176470588235,0.733444078980868,9
"['V4', 'V14', 'V10', 'V16', 'V21', 'V19', 'V20', 'V2', 'V12']",0.6020408163265306,0.8082191780821918,0.6900584795321637,0.7152343614338643,9
"['V4', 'V14', 'V10', 'V16', 'V17', 'V19', 'V20', 'V2', 'V12']",0.6020408163265306,0.8082191780821918,0.6900584795321637,0.7147750626175323,9
"['V4', 'V14', 'V10', 'V16', 'V17', 'V21', 'V19', 'V20', 'V12']",0.6020408163265306,0.8082191780821918,0.6900584795321637,0.7145787428197213,9
"['V4', 'V14', 'V10', 'V16', 'V17', 'V21', 'V19', 'V20', 'V2']",0.6020408163265306,0.8082191780821918,0.6900584795321637,0.7146156800568034,9
"['V4', 'V14', 'V10', 'V16', 'V5', 'V17', 'V20', 'V2', 'V12']",0.6020408163265306,0.8082191780821918,0.6900584795321637,0.7195552889671507,9
"['V4', 'V10', 'V16', 'V8', 'V5', 'V17', 'V19', 'V2', 'V12']",0.6020408163265306,0.7972972972972973,0.686046511627907,0.7001321828876973,9
"['V14', 'V10', 'V5', 'V17', 'V21', 'V2']",0.6020408163265306,0.8309859154929577,0.6982248520710059,0.7135732429514607,6
"['V4', 'V10', 'V16', 'V8', 'V17', 'V21', 'V20', 'V2', 'V12']",0.6020408163265306,0.7972972972972973,0.686046511627907,0.705795869927027,9
"['V14', 'V10', 'V16', 'V8', 'V17', 'V21', 'V19', 'V2', 'V12']",0.6020408163265306,0.8309859154929577,0.6982248520710059,0.7354401767521199,9
"['V14', 'V10', 'V5', 'V17', 'V21', 'V19', 'V20', 'V2', 'V12']",0.6020408163265306,0.8082191780821918,0.6900584795321637,0.7167541762595734,9
"['V14', 'V10', 'V8', 'V17', 'V21', 'V19', 'V20', 'V2', 'V12']",0.6020408163265306,0.8194444444444444,0.6941176470588235,0.7319982297938453,9
"['V14', 'V10', 'V8', 'V5', 'V17', 'V21', 'V20', 'V2', 'V12']",0.6020408163265306,0.8194444444444444,0.6941176470588235,0.7351832593974817,9
"['V14', 'V10', 'V8', 'V5', 'V17', 'V21', 'V19', 'V20', 'V12']",0.6020408163265306,0.8194444444444444,0.6941176470588235,0.7345463357827905,9
"['V14', 'V10', 'V8', 'V5', 'V17', 'V21', 'V19', 'V20', 'V2']",0.6020408163265306,0.8194444444444444,0.6941176470588235,0.7328928386037648,9
"['V14', 'V10', 'V16', 'V5', 'V21', 'V19', 'V20', 'V2', 'V12']",0.6020408163265306,0.8194444444444444,0.6941176470588235,0.7224674593180831,9
"['V14', 'V10', 'V16', 'V5', 'V17', 'V21', 'V20', 'V2', 'V12']",0.6020408163265306,0.8194444444444444,0.6941176470588235,0.7238385230039697,9
"['V14', 'V10', 'V16', 'V5', 'V17', 'V21', 'V19', 'V2', 'V12']",0.6020408163265306,0.8194444444444444,0.6941176470588235,0.7212198736611241,9
"['V14', 'V10', 'V16', 'V5', 'V17', 'V21', 'V19', 'V20', 'V12']",0.6020408163265306,0.8194444444444444,0.6941176470588235,0.7191724200610287,9
"['V14', 'V10', 'V16', 'V8', 'V21', 'V19', 'V20', 'V2', 'V12']",0.6020408163265306,0.8309859154929577,0.6982248520710059,0.7361387673699058,9
"['V14', 'V10', 'V8', 'V17', 'V21', 'V20']",0.6020408163265306,0.8194444444444444,0.6941176470588235,0.7341022701890911,6
"['V14', 'V10', 'V16', 'V8', 'V17', 'V21', 'V19', 'V20', 'V12']",0.6020408163265306,0.8309859154929577,0.6982248520710059,0.7397752903207794,9
"['V4', 'V10', 'V16', 'V5', 'V17', 'V21', 'V20', 'V2', 'V12']",0.6020408163265306,0.8082191780821918,0.6900584795321637,0.702880252711452,9
"['V14', 'V10', 'V16', 'V8', 'V5', 'V19', 'V20', 'V2', 'V12']",0.6020408163265306,0.8428571428571429,0.7023809523809523,0.7366765789014819,9
"['V14', 'V10', 'V16', 'V8', 'V5', 'V21', 'V19', 'V2', 'V12']",0.6020408163265306,0.8309859154929577,0.6982248520710059,0.7370818774606235,9
"['V14', 'V10', 'V16', 'V8', 'V5', 'V17', 'V19', 'V2', 'V12']",0.6020408163265306,0.8309859154929577,0.6982248520710059,0.736730821438006,9
"['V14', 'V10', 'V16', 'V8', 'V5', 'V17', 'V19', 'V20', 'V12']",0.6020408163265306,0.8309859154929577,0.6982248520710059,0.7374657751135008,9
"['V14', 'V10', 'V16', 'V8', 'V5', 'V17', 'V19', 'V20', 'V2']",0.6020408163265306,0.8309859154929577,0.6982248520710059,0.7357359732541958,9
"['V14', 'V10', 'V16', 'V8', 'V5', 'V17', 'V21', 'V19', 'V12']",0.6020408163265306,0.8309859154929577,0.6982248520710059,0.737064520544203,9
"['V14', 'V10', 'V16', 'V8', 'V5', 'V17', 'V21', 'V19', 'V20']",0.6020408163265306,0.8309859154929577,0.6982248520710059,0.73650904338428,9
"['V14', 'V10', 'V8', 'V21', 'V19', 'V20']",0.6020408163265306,0.7972972972972973,0.686046511627907,0.7198371526372909,6
"['V14', 'V10', 'V8', 'V21', 'V19', 'V2']",0.6020408163265306,0.7972972972972973,0.686046511627907,0.7183074735993786,6
"['V4', 'V10', 'V16', 'V5', 'V21', 'V19', 'V20', 'V2', 'V12']",0.6020408163265306,0.8082191780821918,0.6900584795321637,0.7008429019379981,9
"['V4', 'V10', 'V16', 'V5', 'V17', 'V19', 'V20', 'V2', 'V12']",0.6020408163265306,0.8082191780821918,0.6900584795321637,0.6992652595612838,9
"['V4', 'V14', 'V10', 'V16', 'V5', 'V17', 'V19', 'V2', 'V12']",0.6020408163265306,0.8082191780821918,0.6900584795321637,0.7200509891588506,9
"['V4', 'V14', 'V10', 'V16', 'V5', 'V17', 'V21', 'V20', 'V12']",0.6020408163265306,0.8082191780821918,0.6900584795321637,0.7197654027806768,9
"['V4', 'V14', 'V10', 'V16', 'V5', 'V17', 'V21', 'V19', 'V12']",0.6020408163265306,0.8194444444444444,0.6941176470588235,0.7176278502267258,9
"['V14', 'V16', 'V8', 'V21', 'V19', 'V20', 'V2', 'V12']",0.6020408163265306,0.8194444444444444,0.6941176470588235,0.7105341034335495,8
"['V10', 'V16', 'V8', 'V5', 'V21', 'V19', 'V2', 'V12']",0.6020408163265306,0.8309859154929577,0.6982248520710059,0.7078842206951411,8
"['V10', 'V16', 'V8', 'V5', 'V21', 'V19', 'V20', 'V12']",0.6020408163265306,0.8309859154929577,0.6982248520710059,0.705932757457217,8
"['V10', 'V16', 'V8', 'V5', 'V17', 'V20', 'V2', 'V12']",0.6020408163265306,0.8309859154929577,0.6982248520710059,0.7042241380649757,8
"['V14', 'V16', 'V8', 'V21', 'V2', 'V12']",0.6020408163265306,0.8194444444444444,0.6941176470588235,0.7092419413118427,6
"['V10', 'V16', 'V8', 'V5', 'V17', 'V19', 'V20', 'V12']",0.6020408163265306,0.8309859154929577,0.6982248520710059,0.7002077717075932,8
"['V10', 'V16', 'V8', 'V5', 'V17', 'V21', 'V2', 'V12']",0.6020408163265306,0.8309859154929577,0.6982248520710059,0.7076044526032997,8
"['V10', 'V16', 'V8', 'V5', 'V17', 'V21', 'V20', 'V12']",0.6020408163265306,0.8309859154929577,0.6982248520710059,0.7097055390800312,8
"['V10', 'V16', 'V8', 'V5', 'V17', 'V21', 'V20', 'V2']",0.6020408163265306,0.8309859154929577,0.6982248520710059,0.6703509283380387,8
"['V4', 'V16', 'V8', 'V5', 'V17', 'V12']",0.6020408163265306,0.8082191780821918,0.6900584795321637,0.6657542250295903,6
"['V10', 'V16', 'V8', 'V5', 'V17', 'V21', 'V19', 'V20']",0.6020408163265306,0.8309859154929577,0.6982248520710059,0.6625460347235124,8
"['V4', 'V10', 'V5', 'V17', 'V2', 'V12']",0.6020408163265306,0.8082191780821918,0.6900584795321637,0.6948575475242745,6
"['V4', 'V10', 'V5', 'V17', 'V19', 'V2']",0.6020408163265306,0.8082191780821918,0.6900584795321637,0.6727833544890459,6
"['V10', 'V16', 'V8', 'V5', 'V19', 'V20', 'V2', 'V12']",0.6020408163265306,0.8309859154929577,0.6982248520710059,0.7014312269426485,8
"['V14', 'V16', 'V8', 'V5', 'V21', 'V20', 'V2', 'V12']",0.6020408163265306,0.8194444444444444,0.6941176470588235,0.7115099471809307,8
"['V14', 'V16', 'V8', 'V5', 'V21', 'V19', 'V2', 'V12']",0.6020408163265306,0.8194444444444444,0.6941176470588235,0.7100172167522099,8
"['V14', 'V16', 'V8', 'V5', 'V21', 'V19', 'V20', 'V12']",0.6020408163265306,0.8194444444444444,0.6941176470588235,0.710435748674455,8
"['V4', 'V10', 'V5', 'V17', 'V21', 'V2']",0.6020408163265306,0.8082191780821918,0.6900584795321637,0.6892719084865788,6
"['V14', 'V8', 'V5', 'V21', 'V19', 'V12']",0.6020408163265306,0.8194444444444444,0.6941176470588235,0.6969780909843143,6
"['V4', 'V10', 'V8', 'V5', 'V17', 'V12']",0.6020408163265306,0.8082191780821918,0.6900584795321637,0.7018784106597106,6
"['V14', 'V10', 'V5', 'V17', 'V21', 'V20', 'V2', 'V12']",0.6020408163265306,0.8082191780821918,0.6900584795321637,0.7177380716236736,8
"['V14', 'V10', 'V5', 'V17', 'V21', 'V19', 'V2', 'V12']",0.6020408163265306,0.8082191780821918,0.6900584795321637,0.7178322241136583,8
"['V14', 'V10', 'V5', 'V17', 'V21', 'V19', 'V20', 'V12']",0.6020408163265306,0.8194444444444444,0.6941176470588235,0.7155357177861591,8
"['V14', 'V10', 'V8', 'V17', 'V21', 'V19', 'V20', 'V12']",0.6020408163265306,0.8194444444444444,0.6941176470588235,0.7348219396704596,8
"['V14', 'V10', 'V8', 'V17', 'V21', 'V19', 'V20', 'V2']",0.6020408163265306,0.8309859154929577,0.6982248520710059,0.7306932682838302,8
"['V10', 'V16', 'V8', 'V5', 'V21', 'V20', 'V2', 'V12']",0.6020408163265306,0.8309859154929577,0.6982248520710059,0.7076965911142693,8
"['V10', 'V16', 'V8', 'V21', 'V19', 'V20', 'V2', 'V12']",0.6020408163265306,0.8082191780821918,0.6900584795321637,0.6964061795531612,8
"['V4', 'V14', 'V10', 'V16', 'V8', 'V17', 'V20', 'V2', 'V12']",0.6020408163265306,0.8194444444444444,0.6941176470588235,0.7382778894019354,9
"['V4', 'V14', 'V16', 'V20']",0.6020408163265306,0.8082191780821918,0.6900584795321637,0.697803735025905,4
"['V4', 'V14', 'V10', 'V16', 'V8', 'V17', 'V19', 'V20', 'V12']",0.6020408163265306,0.8194444444444444,0.6941176470588235,0.7360044451471031,9
"['V4', 'V14', 'V10', 'V16', 'V8', 'V17', 'V19', 'V20', 'V2']",0.6020408163265306,0.8194444444444444,0.6941176470588235,0.7388579187407401,9
"['V4', 'V14', 'V10', 'V16', 'V8', 'V17', 'V21', 'V2', 'V12']",0.6020408163265306,0.8194444444444444,0.6941176470588235,0.7385683862528956,9
"['V4', 'V14', 'V10', 'V8']",0.6020408163265306,0.7023809523809523,0.6483516483516484,0.7125760467665864,4
"['V4', 'V14', 'V10', 'V21']",0.6020408163265306,0.6941176470588235,0.644808743169399,0.7011301444076768,4
"['V4', 'V14', 'V10', 'V19']",0.6020408163265306,0.7108433734939759,0.6519337016574586,0.7062701342594739,4
"['V4', 'V14', 'V16', 'V8']",0.6020408163265306,0.8082191780821918,0.6900584795321637,0.7116129151894555,4
"['V4', 'V14', 'V16', 'V5']",0.6020408163265306,0.7972972972972973,0.686046511627907,0.6971565428826468,4
"['V4', 'V14', 'V16', 'V17']",0.6020408163265306,0.8082191780821918,0.6900584795321637,0.6972652206796169,4
"['V4', 'V14', 'V16', 'V21']",0.6020408163265306,0.8082191780821918,0.6900584795321637,0.7013961540323453,4
"['V4', 'V14', 'V16', 'V19']",0.6020408163265306,0.8082191780821918,0.6900584795321637,0.696029289398052,4
"['V4', 'V14', 'V16', 'V2']",0.6020408163265306,0.8082191780821918,0.6900584795321637,0.6982141247029476,4
"['V14', 'V16', 'V8', 'V21', 'V20', 'V12']",0.6020408163265306,0.8194444444444444,0.6941176470588235,0.7114108893092087,6
"['V4', 'V14', 'V16', 'V12']",0.6020408163265306,0.8194444444444444,0.6941176470588235,0.7006444163890077,4
"['V4', 'V14', 'V5', 'V17']",0.6020408163265306,0.8082191780821918,0.6900584795321637,0.6844908517960475,4
"['V4', 'V14', 'V17', 'V21']",0.6020408163265306,0.8082191780821918,0.6900584795321637,0.6958896111904229,4
"['V14', 'V16', 'V8', 'V5', 'V21', 'V12']",0.6020408163265306,0.8194444444444444,0.6941176470588235,0.7114854818214748,6
"['V10', 'V8', 'V5', 'V17', 'V19', 'V20', 'V2', 'V12']",0.6020408163265306,0.8309859154929577,0.6982248520710059,0.6956806378951047,8
"['V14', 'V16', 'V8', 'V17', 'V21', 'V12']",0.6020408163265306,0.8194444444444444,0.6941176470588235,0.7141965819525788,6
"['V4', 'V14', 'V10', 'V16', 'V17', 'V21', 'V20', 'V2']",0.6020408163265306,0.8082191780821918,0.6900584795321637,0.7148750177341495,8
"['V10', 'V16', 'V5', 'V21', 'V19', 'V20', 'V2', 'V12']",0.6020408163265306,0.8309859154929577,0.6982248520710059,0.6970400583941415,8
"['V10', 'V16', 'V5', 'V17', 'V21', 'V20', 'V2', 'V12']",0.6020408163265306,0.8309859154929577,0.6982248520710059,0.7009990875072508,8
"['V10', 'V16', 'V5', 'V17', 'V21', 'V19', 'V2', 'V12']",0.6020408163265306,0.8309859154929577,0.6982248520710059,0.6977231484302053,8
"['V14', 'V16', 'V8', 'V21', 'V19', 'V12']",0.6020408163265306,0.8194444444444444,0.6941176470588235,0.709427697733619,6
"['V14', 'V10', 'V8', 'V5', 'V21', 'V12']",0.6020408163265306,0.8082191780821918,0.6900584795321637,0.7261871514917471,6
"['V14', 'V10', 'V8', 'V5', 'V21', 'V20']",0.6020408163265306,0.7564102564102564,0.6704545454545454,0.7123117770077053,6
"['V14', 'V10', 'V8', 'V5', 'V21', 'V19']",0.6020408163265306,0.7972972972972973,0.686046511627907,0.7177571014088426,6
"['V14', 'V12', 'V4', 'V16', 'V1', 'V2', 'V10', 'V17']",0.6020408163265306,0.8194444444444444,0.6941176470588235,0.7207848620647564,8
"['V14', 'V10', 'V16', 'V5', 'V17', 'V20']",0.6020408163265306,0.8309859154929577,0.6982248520710059,0.7169488465779,6
"['V14', 'V12', 'V4', 'V16', 'V20']",0.6020408163265306,0.8082191780821918,0.6900584795321637,0.699958697922449,5
"['V14', 'V12', 'V4', 'V16', 'V21']",0.6020408163265306,0.8082191780821918,0.6900584795321637,0.7021535564843867,5
"['V14', 'V12', 'V4', 'V16', 'Amount']",0.6020408163265306,0.8194444444444444,0.6941176470588235,0.6998347887210928,5
"['V14', 'V12', 'V4', 'V16', 'V1', 'V5']",0.6020408163265306,0.8194444444444444,0.6941176470588235,0.7044682510096857,6
"['V14', 'V12', 'V4', 'V16', 'V1', 'V9']",0.6020408163265306,0.7972972972972973,0.686046511627907,0.7085476068663941,6
"['V14', 'V12', 'V4', 'V16', 'V1', 'V10']",0.6020408163265306,0.7972972972972973,0.686046511627907,0.7204322352744215,6
"['V14', 'V12', 'V4', 'V16', 'V1', 'V2', 'V5']",0.6020408163265306,0.8194444444444444,0.6941176470588235,0.7039087130720749,7
"['V14', 'V12', 'V4', 'V16', 'V1', 'V2', 'V9']",0.6020408163265306,0.7972972972972973,0.686046511627907,0.7108332501370415,7
"['V14', 'V12', 'V4', 'V16', 'V1', 'V2', 'V21']",0.6020408163265306,0.8194444444444444,0.6941176470588235,0.7044838140053572,7
"['V14', 'V12', 'V4', 'V16', 'V1', 'V2', 'V10', 'V8']",0.6020408163265306,0.8194444444444444,0.6941176470588235,0.7395691971654181,8
"['V14', 'V12', 'V4', 'V16', 'V1', 'V2', 'V10', 'V20']",0.6020408163265306,0.8194444444444444,0.6941176470588235,0.7208210733372548,8
"['V14', 'V12', 'V4', 'V16', 'V17']",0.6020408163265306,0.8082191780821918,0.6900584795321637,0.6994238555916301,5
"['V14', 'V12', 'V4', 'V16', 'V1', 'V2', 'V10', 'V11', 'V8']",0.6020408163265306,0.8194444444444444,0.6941176470588235,0.7385956693726877,9
"['V14', 'V12', 'V4', 'V16', 'V1', 'V2', 'V10', 'V11', 'V17']",0.6020408163265306,0.8082191780821918,0.6900584795321637,0.7207027086685567,9
"['V14', 'V12', 'V4', 'V16', 'V1', 'V2', 'V10', 'V11', 'V20']",0.6020408163265306,0.8082191780821918,0.6900584795321637,0.7197380516522521,9
"['V14', 'V12', 'V4', 'V16', 'V1', 'V2', 'V10', 'V11', 'V5', 'V17']",0.6020408163265306,0.8194444444444444,0.6941176470588235,0.7192301739206622,10
"['V14', 'V10', 'V16', 'V5', 'V17', 'V19']",0.6020408163265306,0.8194444444444444,0.6941176470588235,0.7151873276876987,6
"['V4', 'V10', 'V16', 'V5', 'V17', 'V21', 'V19', 'V20', 'V2', 'V12']",0.6020408163265306,0.8082191780821918,0.6900584795321637,0.7031532818121032,10
"['V14', 'V10', 'V16', 'V5', 'V17', 'V21']",0.6020408163265306,0.8194444444444444,0.6941176470588235,0.7185373889828558,6
"['V14', 'V10', 'V16', 'V8', 'V2', 'V12']",0.6020408163265306,0.8309859154929577,0.6982248520710059,0.7392942256773818,6
"['V14', 'V10', 'V16', 'V8', 'V20', 'V2']",0.6020408163265306,0.8309859154929577,0.6982248520710059,0.7388999128316175,6
"['V14', 'V10', 'V16', 'V8', 'V19', 'V12']",0.6020408163265306,0.8309859154929577,0.6982248520710059,0.7375089262092565,6
"['V14', 'V10', 'V16', 'V8', 'V19', 'V2']",0.6020408163265306,0.8309859154929577,0.6982248520710059,0.7369285837998788,6
"['V14', 'V12', 'V4', 'V16', 'V18']",0.6020408163265306,0.8194444444444444,0.6941176470588235,0.7001972085841067,5
"['V14', 'V12', 'V4', 'V16', 'V11']",0.6020408163265306,0.8194444444444444,0.6941176470588235,0.7010261363357339,5
"['V4', 'V14', 'V16', 'V8', 'V5', 'V17', 'V21', 'V20', 'V2', 'V12']",0.6020408163265306,0.8194444444444444,0.6941176470588235,0.7158382785067806,10
"['V14', 'V10', 'V16', 'V5', 'V19', 'V20']",0.6020408163265306,0.8194444444444444,0.6941176470588235,0.7178360522644237,6
"['V14', 'V10', 'V16', 'V8', 'V5', 'V17', 'V21', 'V19', 'V20', 'V2', 'V12']",0.6020408163265306,0.8428571428571429,0.7023809523809523,0.7382460007913143,11
"['V14', 'V10', 'V16', 'V17', 'V21', 'V2']",0.6020408163265306,0.8309859154929577,0.6982248520710059,0.7165875327507054,6
"['V4', 'V14', 'V10', 'V16', 'V5', 'V17', 'V21', 'V19', 'V20', 'V2', 'V12']",0.6020408163265306,0.8082191780821918,0.6900584795321637,0.7164421661077942,11
"['V10', 'V16', 'V8', 'V5', 'V17', 'V21', 'V19', 'V20', 'V2', 'V12']",0.6020408163265306,0.8309859154929577,0.6982248520710059,0.7067366677482666,10
"['V14', 'V10', 'V16', 'V5', 'V2', 'V12']",0.6020408163265306,0.8194444444444444,0.6941176470588235,0.7237196435354524,6
"['V14', 'V10', 'V8', 'V5', 'V17', 'V21', 'V19', 'V20', 'V2', 'V12']",0.6020408163265306,0.8194444444444444,0.6941176470588235,0.7347268593153964,10
"['V14', 'V10', 'V16', 'V5', 'V20', 'V12']",0.6020408163265306,0.8194444444444444,0.6941176470588235,0.7204595339440725,6
"['V14', 'V10', 'V16', 'V5', 'V20', 'V2']",0.6020408163265306,0.8194444444444444,0.6941176470588235,0.7197312223352208,6
"['V14', 'V10', 'V16', 'V8', 'V17', 'V21', 'V19', 'V20', 'V2', 'V12']",0.6020408163265306,0.8309859154929577,0.6982248520710059,0.7378330338183785,10
"['V14', 'V10', 'V16', 'V5', 'V19', 'V12']",0.6020408163265306,0.8194444444444444,0.6941176470588235,0.7191252062584371,6
"['V14', 'V10', 'V16', 'V5', 'V19', 'V2']",0.6020408163265306,0.8194444444444444,0.6941176470588235,0.718661095314518,6
"['V14', 'V12', 'V4', 'V16']",0.6020408163265306,0.8194444444444444,0.6941176470588235,0.7006444163890077,4
"['V14', 'V10', 'V16', 'V5', 'V17', 'V12']",0.6020408163265306,0.8194444444444444,0.6941176470588235,0.720703622307409,6
"['V14', 'V10', 'V16', 'V8', 'V5', 'V17', 'V19', 'V20', 'V2', 'V12']",0.6020408163265306,0.8309859154929577,0.6982248520710059,0.7367119422472936,10
"['V14', 'V10', 'V16', 'V5', 'V21', 'V2']",0.6020408163265306,0.8194444444444444,0.6941176470588235,0.721561352925578,6
"['V14', 'V10', 'V16', 'V8', 'V5', 'V17', 'V21', 'V19', 'V2', 'V12']",0.6020408163265306,0.8309859154929577,0.6982248520710059,0.7383200292008198,10
"['V14', 'V10', 'V16', 'V5', 'V21', 'V20']",0.6020408163265306,0.8194444444444444,0.6941176470588235,0.7203462080779064,6
"['V14', 'V10', 'V16', 'V8', 'V5', 'V17', 'V21', 'V19', 'V20', 'V12']",0.6020408163265306,0.8309859154929577,0.6982248520710059,0.7371989629023674,10
"['V14', 'V12', 'V4', 'V16', 'V2']",0.6020408163265306,0.8194444444444444,0.6941176470588235,0.701110759481486,5
"['V14', 'V12', 'V4', 'V16', 'V3']",0.6020408163265306,0.8194444444444444,0.6941176470588235,0.7001684155711866,5
"['V14', 'V12', 'V4', 'V16', 'V5']",0.6020408163265306,0.8194444444444444,0.6941176470588235,0.7001459806985311,5
"['V14', 'V12', 'V4', 'V16', 'V6']",0.6020408163265306,0.8194444444444444,0.6941176470588235,0.7008399742248911,5
"['V14', 'V10', 'V16', 'V5', 'V21', 'V19']",0.6020408163265306,0.8194444444444444,0.6941176470588235,0.7185876091288688,6
"['V14', 'V12', 'V4', 'V16', 'V8']",0.6020408163265306,0.8194444444444444,0.6941176470588235,0.7180176512906918,5
"['V4', 'V14', 'V16', 'V8', 'V5', 'V17', 'V19', 'V20', 'V2', 'V12']",0.6020408163265306,0.8194444444444444,0.6941176470588235,0.7163073246632369,10
"['V4', 'V14', 'V16', 'V8', 'V5', 'V17', 'V21', 'V19', 'V2', 'V12']",0.6020408163265306,0.8082191780821918,0.6900584795321637,0.7153559829930791,10
"['V14', 'V16', 'V8', 'V5', 'V21', 'V19', 'V20', 'V2', 'V12']",0.6020408163265306,0.8194444444444444,0.6941176470588235,0.7106800351973244,9
"['V17', 'V14', 'V10', 'V8', 'V16', 'V6', 'V21', 'V2', 'V20', 'V18', 'V12', 'V11', 'Amount', 'V5']",0.6020408163265306,0.8309859154929577,0.6982248520710059,0.7343497584700078,14
"['V17', 'V14', 'V10', 'V8', 'V16', 'V6', 'V19']",0.6020408163265306,0.8309859154929577,0.6982248520710059,0.73695131538817,7
"['V17', 'V14', 'V10', 'V8', 'V16', 'V6', 'V20']",0.6020408163265306,0.8309859154929577,0.6982248520710059,0.738638896884792,7
"['V17', 'V14', 'V10', 'V8', 'V16', 'V6', 'Amount']",0.6020408163265306,0.8309859154929577,0.6982248520710059,0.7393125545062105,7
"['V17', 'V14', 'V10', 'V8', 'V16', 'V6', 'V21', 'V9']",0.6020408163265306,0.8194444444444444,0.6941176470588235,0.7396745391923978,8
"['V17', 'V14', 'V10', 'V8', 'V16', 'V6', 'V21', 'V12']",0.6020408163265306,0.8309859154929577,0.6982248520710059,0.7394153522921038,8
"['V17', 'V14', 'V10', 'V8', 'V16', 'V6', 'V21', 'V2', 'V9']",0.6020408163265306,0.7866666666666666,0.6820809248554913,0.7391357495611265,9
"['V17', 'V14', 'V10', 'V8', 'V16', 'V6', 'V21', 'V2', 'V19']",0.6020408163265306,0.8309859154929577,0.6982248520710059,0.7355756138542199,9
"['V17', 'V14', 'V10', 'V8', 'V16', 'V6', 'V21', 'V2', 'V20', 'V19']",0.6020408163265306,0.8309859154929577,0.6982248520710059,0.7417833095305011,10
"['V17', 'V14', 'V10', 'V8', 'V16', 'V6', 'V21', 'V2', 'V20', 'V18', 'V12', 'V1']",0.6020408163265306,0.8309859154929577,0.6982248520710059,0.7371338207591365,12
"['V17', 'V14', 'V10', 'V8', 'V16', 'V6', 'V21', 'V2', 'V20', 'V18', 'V12', 'V5']",0.6020408163265306,0.8309859154929577,0.6982248520710059,0.7387030160494182,12
"['V17', 'V14', 'V10', 'V8', 'V16', 'V6', 'V21', 'V2', 'V20', 'V18', 'V12', 'V11', 'V1']",0.6020408163265306,0.8309859154929577,0.6982248520710059,0.7377943052043421,13
"['V17', 'V14', 'V10', 'V8', 'V16', 'V6', 'V21', 'V2', 'V20', 'V18', 'V12', 'V11', 'Amount', 'V3', 'V19']",0.6020408163265306,0.8309859154929577,0.6982248520710059,0.7393163867455325,15
"['V17', 'V14', 'V10', 'V8', 'V16', 'V6', 'V11']",0.6020408163265306,0.8309859154929577,0.6982248520710059,0.7369141931499033,7
"['V4', 'V14', 'V10']",0.6020408163265306,0.6941176470588235,0.644808743169399,0.7015557847056111,3
"['V4', 'V14', 'V16']",0.6020408163265306,0.7972972972972973,0.686046511627907,0.6970528231202263,3
"['V14', 'V10', 'V16', 'V20', 'V2', 'V12']",0.6020408163265306,0.8309859154929577,0.6982248520710059,0.7205202738597808,6
"['V14', 'V10', 'V8', 'V5', 'V17', 'V21']",0.6020408163265306,0.8194444444444444,0.6941176470588235,0.7350367166763212,6
"['V10', 'V16', 'V5', 'V17', 'V21', 'V19', 'V20', 'V2', 'V12']",0.6020408163265306,0.8309859154929577,0.6982248520710059,0.6988041538888755,9
"['V10', 'V16', 'V8', 'V5', 'V21', 'V19', 'V20', 'V2', 'V12']",0.6020408163265306,0.8309859154929577,0.6982248520710059,0.707752809787887,9
"['V10', 'V16', 'V8', 'V5', 'V17', 'V19', 'V20', 'V2', 'V12']",0.6020408163265306,0.8309859154929577,0.6982248520710059,0.7014573115537597,9
"['V10', 'V16', 'V8', 'V5', 'V17', 'V21', 'V20', 'V2', 'V12']",0.6020408163265306,0.8309859154929577,0.6982248520710059,0.7077801125095248,9
"['V10', 'V16', 'V8', 'V5', 'V17', 'V21', 'V19', 'V2', 'V12']",0.6020408163265306,0.8309859154929577,0.6982248520710059,0.7066729806206586,9
"['V10', 'V16', 'V8', 'V5', 'V17', 'V21', 'V19', 'V20', 'V12']",0.6020408163265306,0.8309859154929577,0.6982248520710059,0.7063790210334466,9
"['V14', 'V10', 'V8', 'V5', 'V17', 'V12']",0.6020408163265306,0.8309859154929577,0.6982248520710059,0.7302520320547831,6
"['V17', 'V14', 'V10', 'V8', 'V16', 'V6', 'V18']",0.6020408163265306,0.8309859154929577,0.6982248520710059,0.7366172208256031,7
"['V17', 'V14', 'V10', 'V8', 'V16', 'V6', 'V7']",0.6020408163265306,0.8309859154929577,0.6982248520710059,0.7383553982672538,7
"['V14', 'V10', 'V16', 'V8', 'V21', 'V20']",0.6020408163265306,0.8309859154929577,0.6982248520710059,0.739500903607345,6
"['V14', 'V10', 'V16', 'V17', 'V20', 'V2']",0.6020408163265306,0.8309859154929577,0.6982248520710059,0.7168829552998958,6
"['V14', 'V10', 'V16', 'V8', 'V21', 'V19']",0.6020408163265306,0.8309859154929577,0.6982248520710059,0.7371081127842447,6
"['V4', 'V14', 'V10', 'V5', 'V17', 'V21', 'V19', 'V20', 'V2', 'V12']",0.6020408163265306,0.7972972972972973,0.686046511627907,0.7120778405225946,10
"['V14', 'V10', 'V16', 'V8', 'V17', 'V12']",0.6020408163265306,0.8309859154929577,0.6982248520710059,0.7383732026005914,6
"['V4', 'V14', 'V10', 'V16', 'V5', 'V21', 'V19', 'V20', 'V2', 'V12']",0.6020408163265306,0.8082191780821918,0.6900584795321637,0.7155793178032592,10
"['V14', 'V10', 'V16', 'V8', 'V17', 'V21']",0.6020408163265306,0.8309859154929577,0.6982248520710059,0.7373571577845636,6
"['V4', 'V14', 'V10', 'V16', 'V5', 'V17', 'V21', 'V19', 'V20', 'V12']",0.6020408163265306,0.8082191780821918,0.6900584795321637,0.7189562559945494,10
"['V14', 'V10', 'V16', 'V8', 'V5', 'V2']",0.6020408163265306,0.8309859154929577,0.6982248520710059,0.7393674909239486,6
"['V14', 'V10', 'V16', 'V8', 'V5', 'V20']",0.6020408163265306,0.8309859154929577,0.6982248520710059,0.7384427193774978,6
"['V4', 'V14', 'V10', 'V16', 'V8', 'V17', 'V19', 'V20', 'V2', 'V12']",0.6020408163265306,0.8194444444444444,0.6941176470588235,0.7374298959681013,10
"['V14', 'V10', 'V16', 'V8', 'V5', 'V19']",0.6020408163265306,0.8309859154929577,0.6982248520710059,0.736276724362633,6
"['V14', 'V10', 'V16', 'V8', 'V5', 'V17']",0.6020408163265306,0.8309859154929577,0.6982248520710059,0.7361427321544363,6
"['V17', 'V14', 'V10', 'V8', 'V16', 'V4']",0.6020408163265306,0.8194444444444444,0.6941176470588235,0.7398426566041041,6
"['V17', 'V14', 'V10', 'V8', 'V16', 'V6', 'V5']",0.6020408163265306,0.8309859154929577,0.6982248520710059,0.7355293723543551,7
"['V17', 'V14', 'V10', 'V8', 'V16', 'V5']",0.6020408163265306,0.8309859154929577,0.6982248520710059,0.7361427321544363,6
"['V17', 'V14', 'V10', 'V8', 'V16', 'V6']",0.6020408163265306,0.8309859154929577,0.6982248520710059,0.7403569413761765,6
"['V14', 'V10', 'V16', 'V17', 'V2', 'V12']",0.6020408163265306,0.8194444444444444,0.6941176470588235,0.7214017220514136,6
"['V14', 'V10', 'V16', 'V21', 'V19', 'V2']",0.6020408163265306,0.8309859154929577,0.6982248520710059,0.7192321217446098,6
"['V17', 'V14', 'V10', 'V8', 'V16', 'V12']",0.6020408163265306,0.8309859154929577,0.6982248520710059,0.7383732026005914,6
"['V14', 'V10', 'V16', 'V21', 'V20', 'V2']",0.6020408163265306,0.8309859154929577,0.6982248520710059,0.7177388709409733,6
"['V17', 'V14', 'V10', 'V8', 'V16', 'V21']",0.6020408163265306,0.8309859154929577,0.6982248520710059,0.7373571577845636,6
"['V14', 'V10', 'V16', 'V19', 'V20', 'V2']",0.6020408163265306,0.8194444444444444,0.6941176470588235,0.7144509261328713,6
"['V17', 'V14', 'V10', 'V8', 'V16', 'V6', 'V1']",0.6020408163265306,0.8309859154929577,0.6982248520710059,0.7372480570456759,7
"['V17', 'V14', 'V10', 'V8', 'V16', 'V6', 'V2']",0.6020408163265306,0.8309859154929577,0.6982248520710059,0.7376284575846769,7
"['V17', 'V14', 'V10', 'V8', 'V16', 'V6', 'V3']",0.6020408163265306,0.8309859154929577,0.6982248520710059,0.7368921323873036,7
"['V14', 'V10', 'V8', 'V5', 'V21', 'V20', 'V2', 'V12']",0.6020408163265306,0.8194444444444444,0.6941176470588235,0.7234487758365288,8
"['V4', 'V14', 'V5', 'V17', 'V21', 'V19', 'V2']",0.6020408163265306,0.8194444444444444,0.6941176470588235,0.6942939689202959,7
"['V4', 'V10', 'V16', 'V5', 'V20', 'V12']",0.6020408163265306,0.8082191780821918,0.6900584795321637,0.7053392482341249,6
"['V10', 'V16', 'V5', 'V17', 'V21', 'V12']",0.6020408163265306,0.8309859154929577,0.6982248520710059,0.69985649162234,6
"['V14', 'V10', 'V16', 'V8', 'V5', 'V17', 'V19', 'V2']",0.6020408163265306,0.8309859154929577,0.6982248520710059,0.7353234824376641,8
"['V14', 'V10', 'V16', 'V8', 'V5', 'V17', 'V19', 'V20']",0.6020408163265306,0.8309859154929577,0.6982248520710059,0.7350765984715584,8
"['V10', 'V16', 'V8', 'V21', 'V20', 'V12']",0.6020408163265306,0.8082191780821918,0.6900584795321637,0.6941444044656657,6
"['V10', 'V16', 'V8', 'V21', 'V2', 'V12']",0.6020408163265306,0.8082191780821918,0.6900584795321637,0.6939923305688638,6
"['V4', 'V14', 'V16', 'V5', 'V17', 'V21', 'V19', 'V20']",0.6020408163265306,0.8194444444444444,0.6941176470588235,0.6980346967781726,8
"['V4', 'V14', 'V16', 'V21', 'V20', 'V12']",0.6020408163265306,0.8194444444444444,0.6941176470588235,0.7046962673330318,6
"['V4', 'V14', 'V16', 'V21', 'V2', 'V12']",0.6020408163265306,0.8082191780821918,0.6900584795321637,0.7019882229340204,6
"['V4', 'V14', 'V16', 'V5', 'V17', 'V21', 'V2', 'V12']",0.6020408163265306,0.8082191780821918,0.6900584795321637,0.7009052278620216,8
"['V4', 'V14', 'V16', 'V19', 'V20', 'V2']",0.6020408163265306,0.8082191780821918,0.6900584795321637,0.6952707777063162,6
"['V14', 'V10', 'V16', 'V8', 'V5', 'V17', 'V19', 'V12']",0.6020408163265306,0.8309859154929577,0.6982248520710059,0.7349762434085659,8
"['V4', 'V14', 'V16', 'V5', 'V17', 'V20', 'V2', 'V12']",0.6020408163265306,0.8082191780821918,0.6900584795321637,0.6970928530336096,8
"['V10', 'V16', 'V5', 'V17', 'V19', 'V12']",0.6020408163265306,0.8309859154929577,0.6982248520710059,0.6979853984263408,6
"['V4', 'V14', 'V16', 'V5', 'V21', 'V19', 'V20', 'V2']",0.6020408163265306,0.8082191780821918,0.6900584795321637,0.7006199019583024,8
"['V4', 'V14', 'V16', 'V20', 'V2', 'V12']",0.6020408163265306,0.8082191780821918,0.6900584795321637,0.6995391191356969,6
"['V4', 'V14', 'V16', 'V5', 'V21', 'V20', 'V2', 'V12']",0.6020408163265306,0.8082191780821918,0.6900584795321637,0.7015639412583436,8
"['V4', 'V14', 'V8', 'V5', 'V17', 'V21']",0.6020408163265306,0.8082191780821918,0.6900584795321637,0.7039953684932072,6
"['V4', 'V14', 'V17', 'V21', 'V19', 'V20']",0.6020408163265306,0.8194444444444444,0.6941176470588235,0.6929545539949723,6
"['V4', 'V14', 'V16', 'V17', 'V21', 'V20', 'V2', 'V12']",0.6020408163265306,0.8194444444444444,0.6941176470588235,0.7017422460717165,8
"['V4', 'V14', 'V16', 'V21', 'V20', 'V2']",0.6020408163265306,0.8082191780821918,0.6900584795321637,0.6993921977965204,6
"['V14', 'V10', 'V16', 'V8', 'V5', 'V17', 'V20', 'V2']",0.6020408163265306,0.8309859154929577,0.6982248520710059,0.7370916424383176,8
"['V4', 'V14', 'V8', 'V5', 'V17', 'V21', 'V19', 'V20']",0.6020408163265306,0.8082191780821918,0.6900584795321637,0.7056292250675225,8
"['V14', 'V10', 'V8', 'V12']",0.6020408163265306,0.7972972972972973,0.686046511627907,0.7199520132216444,4
"['V4', 'V14', 'V16', 'V8', 'V17', 'V19', 'V20', 'V2']",0.6020408163265306,0.8194444444444444,0.6941176470588235,0.7153815973833892,8
"['V4', 'V14', 'V16', 'V17', 'V20', 'V12']",0.6020408163265306,0.8082191780821918,0.6900584795321637,0.6984537984545396,6
"['V14', 'V10', 'V16', 'V2']",0.6020408163265306,0.8309859154929577,0.6982248520710059,0.7175537655966433,4
"['V10', 'V16', 'V8', 'V5', 'V21', 'V12']",0.6020408163265306,0.8309859154929577,0.6982248520710059,0.7081145586330881,6
"['V14', 'V10', 'V16', 'V8', 'V17', 'V21', 'V19', 'V12']",0.6020408163265306,0.8309859154929577,0.6982248520710059,0.7369646188151888,8
"['V4', 'V14', 'V16', 'V17', 'V2', 'V12']",0.6020408163265306,0.8082191780821918,0.6900584795321637,0.6990737452153594,6
"['V4', 'V14', 'V16', 'V8', 'V17', 'V19', 'V2', 'V12']",0.6020408163265306,0.8082191780821918,0.6900584795321637,0.71762738069141,8
"['V14', 'V10', 'V16', 'V8', 'V17', 'V21', 'V19', 'V2']",0.6020408163265306,0.8309859154929577,0.6982248520710059,0.7382984971679766,8
"['V4', 'V14', 'V16', 'V8', 'V17', 'V20', 'V2', 'V12']",0.6020408163265306,0.8194444444444444,0.6941176470588235,0.7177562992820324,8
"['V4', 'V14', 'V16', 'V8', 'V21', 'V20', 'V2', 'V12']",0.6020408163265306,0.8194444444444444,0.6941176470588235,0.7138756718925491,8
"['V10', 'V16', 'V8', 'V5', 'V20', 'V12']",0.6020408163265306,0.8309859154929577,0.6982248520710059,0.7025731779641344,6
"['V14', 'V10', 'V5', 'V2']",0.6020408163265306,0.7375,0.6629213483146067,0.6945896700735545,4
"['V4', 'V10', 'V16', 'V8', 'V5', 'V20']",0.6020408163265306,0.7972972972972973,0.686046511627907,0.6859322807870158,6
"['V14', 'V10', 'V16', 'V8', 'V5', 'V19', 'V2', 'V12']",0.6020408163265306,0.8428571428571429,0.7023809523809523,0.7369693358935393,8
"['V4', 'V14', 'V16', 'V8', 'V21', 'V19', 'V20', 'V2']",0.6020408163265306,0.8082191780821918,0.6900584795321637,0.7109329857355321,8
"['V4', 'V14', 'V16', 'V21', 'V19', 'V20']",0.6020408163265306,0.8082191780821918,0.6900584795321637,0.7009158094714477,6
"['V14', 'V10', 'V16', 'V8', 'V5', 'V19', 'V20', 'V2']",0.6020408163265306,0.8309859154929577,0.6982248520710059,0.7370611946167474,8
"['V4', 'V14', 'V16', 'V21', 'V19', 'V2']",0.6020408163265306,0.8082191780821918,0.6900584795321637,0.699952333963082,6
"['V4', 'V14', 'V8', 'V5', 'V17', 'V2']",0.6020408163265306,0.8194444444444444,0.6941176470588235,0.7040390481632935,6
"['V10', 'V16', 'V5', 'V21', 'V19', 'V12']",0.6020408163265306,0.8309859154929577,0.6982248520710059,0.6981762287172759,6
"['V14', 'V10', 'V16', 'V5']",0.6020408163265306,0.8194444444444444,0.6941176470588235,0.7177235028047003,4
"['V4', 'V10', 'V16', 'V8', 'V5', 'V17', 'V20', 'V12']",0.6020408163265306,0.8309859154929577,0.6982248520710059,0.7089179288498549,8
"['V4', 'V14', 'V8', 'V17', 'V19', 'V2']",0.6020408163265306,0.8082191780821918,0.6900584795321637,0.7035482213824575,6
"['V4', 'V14', 'V8', 'V17', 'V20', 'V2']",0.6020408163265306,0.8194444444444444,0.6941176470588235,0.705016585729202,6
"['V4', 'V10', 'V16', 'V5', 'V17', 'V20', 'V2', 'V12']",0.6020408163265306,0.8194444444444444,0.6941176470588235,0.7009050771396068,8
"['V4', 'V14', 'V8', 'V17', 'V2', 'V12']",0.6020408163265306,0.8309859154929577,0.6982248520710059,0.7044491530393474,6
"['V4', 'V10', 'V16', 'V5', 'V17', 'V19', 'V2', 'V12']",0.6020408163265306,0.8082191780821918,0.6900584795321637,0.6993468711259928,8
"['V4', 'V10', 'V16', 'V8', 'V5', 'V17', 'V19', 'V2']",0.6020408163265306,0.7972972972972973,0.686046511627907,0.6802544554179445,8
"['V4', 'V14', 'V5', 'V17', 'V19', 'V20']",0.6020408163265306,0.7972972972972973,0.686046511627907,0.6874786529283899,6
"['V4', 'V10', 'V16', 'V5', 'V17', 'V19', 'V20', 'V2']",0.6020408163265306,0.7972972972972973,0.686046511627907,0.6879284477656457,8
"['V4', 'V10', 'V16', 'V8', 'V5', 'V17', 'V2', 'V12']",0.6020408163265306,0.8082191780821918,0.6900584795321637,0.7022624899571246,8
"['V10', 'V16', 'V5', 'V12']",0.6020408163265306,0.8309859154929577,0.6982248520710059,0.6972236927622137,4
"['V4', 'V14', 'V5', 'V17', 'V21', 'V2']",0.6020408163265306,0.8194444444444444,0.6941176470588235,0.6952193560571445,6
"['V4', 'V14', 'V5', 'V17', 'V21', 'V20']",0.6020408163265306,0.8082191780821918,0.6900584795321637,0.6933098567181938,6
"['V4', 'V10', 'V16', 'V8', 'V5', 'V21', 'V19', 'V2']",0.6020408163265306,0.8082191780821918,0.6900584795321637,0.691876530063929,8
"['V4', 'V10', 'V16', 'V5', 'V17', 'V21', 'V19', 'V2']",0.6020408163265306,0.8082191780821918,0.6900584795321637,0.6919888291549394,8
"['V4', 'V10', 'V16', 'V8', 'V5', 'V19', 'V2', 'V12']",0.6020408163265306,0.8082191780821918,0.6900584795321637,0.7002210350093847,8
"['V4', 'V10', 'V16', 'V8', 'V19', 'V20', 'V2', 'V12']",0.6020408163265306,0.8082191780821918,0.6900584795321637,0.7035439867338925,8
"['V4', 'V14', 'V5', 'V17', 'V21', 'V19']",0.6020408163265306,0.8082191780821918,0.6900584795321637,0.6933673228094355,6
"['V10', 'V8', 'V5', 'V21', 'V19', 'V12']",0.6020408163265306,0.8309859154929577,0.6982248520710059,0.7005537054429224,6
"['V4', 'V14', 'V8', 'V17', 'V21', 'V12']",0.6020408163265306,0.8309859154929577,0.6982248520710059,0.7103867134977493,6
"['V4', 'V10', 'V16', 'V5', 'V21', 'V20', 'V2', 'V12']",0.6020408163265306,0.8082191780821918,0.6900584795321637,0.6996666553911102,8
"['V10', 'V16', 'V5', 'V21', 'V20', 'V12']",0.6020408163265306,0.8309859154929577,0.6982248520710059,0.7003919065909985,6
"['V4', 'V14', 'V8', 'V5', 'V21', 'V12']",0.6020408163265306,0.7662337662337663,0.6742857142857143,0.6955778733662247,6
"['V10', 'V16', 'V5', 'V21', 'V2', 'V12']",0.6020408163265306,0.8309859154929577,0.6982248520710059,0.7018804034862677,6
"['V4', 'V16', 'V8', 'V5', 'V17', 'V21', 'V19', 'V12']",0.6020408163265306,0.8082191780821918,0.6900584795321637,0.6674247291377692,8
"['V4', 'V14', 'V8', 'V5', 'V17', 'V21', 'V2', 'V12']",0.6020408163265306,0.8309859154929577,0.6982248520710059,0.7108979799639376,8
"['V4', 'V10', 'V5', 'V17', 'V19', 'V20', 'V2', 'V12']",0.6020408163265306,0.8082191780821918,0.6900584795321637,0.6938046047451475,8
"['V4', 'V14', 'V8', 'V5', 'V17', 'V19', 'V20', 'V2']",0.6020408163265306,0.8194444444444444,0.6941176470588235,0.704870523283409,8
"['V4', 'V10', 'V5', 'V17', 'V21', 'V20', 'V2', 'V12']",0.6020408163265306,0.8082191780821918,0.6900584795321637,0.6955739475055127,8
"['V4', 'V14', 'V8', 'V5', 'V17', 'V19', 'V2', 'V12']",0.6020408163265306,0.8194444444444444,0.6941176470588235,0.7065966693697201,8
"['V4', 'V14', 'V8', 'V5', 'V17', 'V20', 'V2', 'V12']",0.6020408163265306,0.8194444444444444,0.6941176470588235,0.7110617248055725,8
"['V4', 'V10', 'V8', 'V5', 'V21', 'V19', 'V2', 'V12']",0.6020408163265306,0.7972972972972973,0.686046511627907,0.7003135754918642,8
"['V4', 'V10', 'V16', 'V5', 'V19', 'V20', 'V2', 'V12']",0.6020408163265306,0.8082191780821918,0.6900584795321637,0.6973463529935875,8
"['V4', 'V10', 'V8', 'V5', 'V21', 'V19', 'V20', 'V12']",0.6020408163265306,0.8309859154929577,0.6982248520710059,0.7030579564287562,8
"['V4', 'V14', 'V8', 'V17', 'V21', 'V19', 'V20', 'V2']",0.6020408163265306,0.8194444444444444,0.6941176470588235,0.7056380440752811,8
"['V4', 'V10', 'V8', 'V5', 'V17', 'V19', 'V20', 'V12']",0.6020408163265306,0.8082191780821918,0.6900584795321637,0.6991248685373196,8
"['V4', 'V10', 'V8', 'V5', 'V17', 'V21', 'V19', 'V12']",0.6020408163265306,0.8082191780821918,0.6900584795321637,0.705024422143046,8
"['V4', 'V14', 'V8', 'V5', 'V20', 'V12']",0.6020408163265306,0.7468354430379747,0.6666666666666666,0.6892930542642295,6
"['V4', 'V14', 'V5', 'V17', 'V20', 'V2']",0.6020408163265306,0.8082191780821918,0.6900584795321637,0.6891694615564722,6
"['V4', 'V14', 'V8', 'V17', 'V21', 'V19']",0.6020408163265306,0.8082191780821918,0.6900584795321637,0.7011957426569525,6
"['V4', 'V14', 'V8', 'V17', 'V21', 'V20']",0.6020408163265306,0.8194444444444444,0.6941176470588235,0.7073667224018698,6
"['V4', 'V14', 'V16', 'V8', 'V17', 'V21', 'V2', 'V12']",0.6020408163265306,0.8194444444444444,0.6941176470588235,0.715771402482407,8
"['V4', 'V14', 'V8', 'V21', 'V2', 'V12']",0.6020408163265306,0.7763157894736842,0.6781609195402298,0.6940431996455629,6
"['V14', 'V10', 'V8', 'V5', 'V17', 'V19', 'V20', 'V12']",0.6020408163265306,0.8309859154929577,0.6982248520710059,0.7309855690535075,8
"['V4', 'V14', 'V16', 'V5', 'V2', 'V12']",0.6020408163265306,0.8082191780821918,0.6900584795321637,0.6990365888466984,6
"['V4', 'V14', 'V10', 'V8', 'V17', 'V21', 'V19', 'V12']",0.6020408163265306,0.8309859154929577,0.6982248520710059,0.7337191513032054,8
"['V4', 'V14', 'V16', 'V8', 'V5', 'V17', 'V21', 'V12']",0.6020408163265306,0.8309859154929577,0.6982248520710059,0.714246048837894,8
"['V4', 'V14', 'V10', 'V16', 'V17', 'V19', 'V2', 'V12']",0.6020408163265306,0.8082191780821918,0.6900584795321637,0.7163988313326646,8
"['V14', 'V10', 'V16', 'V17', 'V21', 'V19', 'V2', 'V12']",0.6020408163265306,0.8194444444444444,0.6941176470588235,0.7175637986228453,8
"['V4', 'V14', 'V16', 'V8', 'V5', 'V17', 'V21', 'V19']",0.6020408163265306,0.8194444444444444,0.6941176470588235,0.7099431247879177,8
"['V14', 'V10', 'V16', 'V17', 'V21', 'V20', 'V2', 'V12']",0.6020408163265306,0.8309859154929577,0.6982248520710059,0.7191207818120379,8
"['V4', 'V14', 'V10', 'V16', 'V17', 'V20', 'V2', 'V12']",0.6020408163265306,0.8082191780821918,0.6900584795321637,0.7158377175752147,8
"['V4', 'V10', 'V16', 'V5', 'V19', 'V2']",0.6020408163265306,0.7972972972972973,0.686046511627907,0.678444536249906,6
"['V4', 'V14', 'V10', 'V21', 'V19', 'V20', 'V2', 'V12']",0.6020408163265306,0.7763157894736842,0.6781609195402298,0.7066217036619302,8
"['V14', 'V10', 'V8', 'V5', 'V17', 'V19', 'V2', 'V12']",0.6020408163265306,0.8428571428571429,0.7023809523809523,0.7321803751482474,8
"['V4', 'V10', 'V16', 'V5', 'V20', 'V2']",0.6020408163265306,0.7972972972972973,0.686046511627907,0.686776050069752,6
"['V4', 'V14', 'V10', 'V16', 'V21', 'V19', 'V20', 'V2']",0.6020408163265306,0.8082191780821918,0.6900584795321637,0.7168913126182167,8
"['V14', 'V10', 'V8', 'V5', 'V17', 'V21', 'V2', 'V12']",0.6020408163265306,0.8194444444444444,0.6941176470588235,0.7334960510851537,8
"['V14', 'V10', 'V8', 'V5', 'V17', 'V21', 'V19', 'V20']",0.6020408163265306,0.8194444444444444,0.6941176470588235,0.7337040579894646,8
"['V4', 'V14', 'V16', 'V5', 'V21', 'V12']",0.6020408163265306,0.8194444444444444,0.6941176470588235,0.7018446811532486,6
"['V4', 'V14', 'V16', 'V8', 'V5', 'V17', 'V20', 'V2']",0.6020408163265306,0.8194444444444444,0.6941176470588235,0.714240571909355,8
"['V4', 'V14', 'V16', 'V5', 'V20', 'V12']",0.6020408163265306,0.8194444444444444,0.6941176470588235,0.7006411106147942,6
"['V4', 'V14', 'V10', 'V5', 'V19', 'V20', 'V2', 'V12']",0.6020408163265306,0.7375,0.6629213483146067,0.7118126397745863,8
"['V4', 'V14', 'V10', 'V5', 'V21', 'V19', 'V2', 'V12']",0.6020408163265306,0.7108433734939759,0.6519337016574586,0.7100771920568352,8
"['V4', 'V14', 'V10', 'V5', 'V21', 'V19', 'V20', 'V12']",0.6020408163265306,0.7375,0.6629213483146067,0.7088714956995008,8
"['V4', 'V14', 'V10', 'V16', 'V21', 'V19', 'V20', 'V12']",0.6020408163265306,0.8082191780821918,0.6900584795321637,0.7157131342371167,8
"['V14', 'V10', 'V8', 'V5', 'V17', 'V21', 'V20', 'V2']",0.6020408163265306,0.8194444444444444,0.6941176470588235,0.7330757634314575,8
"['V4', 'V14', 'V10', 'V5', 'V21', 'V19', 'V20', 'V2']",0.6020408163265306,0.7108433734939759,0.6519337016574586,0.7105829759222723,8
"['V4', 'V14', 'V10', 'V5', 'V17', 'V20', 'V2', 'V12']",0.6020408163265306,0.7972972972972973,0.686046511627907,0.7165122857011106,8
"['V14', 'V10', 'V8', 'V5', 'V17', 'V21', 'V20', 'V12']",0.6020408163265306,0.8194444444444444,0.6941176470588235,0.7348130777121679,8
"['V4', 'V14', 'V16', 'V5', 'V21', 'V19']",0.6020408163265306,0.8082191780821918,0.6900584795321637,0.7003043512719479,6
"['V4', 'V14', 'V16', 'V5', 'V20', 'V2']",0.6020408163265306,0.7972972972972973,0.686046511627907,0.6965140764859086,6
"['V4', 'V14', 'V16', 'V5', 'V19', 'V20']",0.6020408163265306,0.8082191780821918,0.6900584795321637,0.6962138726502853,6
"['V4', 'V14', 'V10', 'V5', 'V17', 'V21', 'V2', 'V12']",0.6020408163265306,0.7866666666666666,0.6820809248554913,0.7133763465671965,8
"['V4', 'V14', 'V10', 'V5', 'V17', 'V21', 'V20', 'V12']",0.6020408163265306,0.7972972972972973,0.686046511627907,0.713044161007867,8
"['V4', 'V14', 'V16', 'V17', 'V21', 'V12']",0.6020408163265306,0.8082191780821918,0.6900584795321637,0.701897077268495,6
"['V14', 'V10', 'V16', 'V17', 'V21', 'V19', 'V20', 'V2']",0.6020408163265306,0.8309859154929577,0.6982248520710059,0.7150023778063921,8
"['V14', 'V10', 'V8', 'V5', 'V21', 'V19', 'V20', 'V2']",0.6020408163265306,0.7972972972972973,0.686046511627907,0.7190921964704918,8
"['V4', 'V14', 'V16', 'V8', 'V5', 'V19', 'V20', 'V2']",0.6020408163265306,0.8082191780821918,0.6900584795321637,0.7130323409820307,8
"['V4', 'V14', 'V16', 'V8', 'V5', 'V21', 'V20', 'V2']",0.6020408163265306,0.8082191780821918,0.6900584795321637,0.7111188296776877,8
"['V4', 'V14', 'V16', 'V5', 'V21', 'V2']",0.6020408163265306,0.8082191780821918,0.6900584795321637,0.6988126918017665,6
"['V4', 'V14', 'V16', 'V8', 'V5', 'V21', 'V20', 'V12']",0.6020408163265306,0.8194444444444444,0.6941176470588235,0.7171322094678155,8
"['V14', 'V10', 'V16', 'V8', 'V21', 'V19', 'V20', 'V12']",0.6020408163265306,0.8309859154929577,0.6982248520710059,0.7379571221872706,8
"['V14', 'V10', 'V16', 'V8', 'V17', 'V20', 'V2', 'V12']",0.6020408163265306,0.8309859154929577,0.6982248520710059,0.7354872249912033,8
"['V4', 'V14', 'V16', 'V8', 'V5', 'V21', 'V2', 'V12']",0.6020408163265306,0.8194444444444444,0.6941176470588235,0.7138736892792035,8
"['V4', 'V14', 'V16', 'V5', 'V21', 'V20']",0.6020408163265306,0.8082191780821918,0.6900584795321637,0.7021369547338322,6
"['V14', 'V10', 'V16', 'V5', 'V17', 'V21', 'V19', 'V20']",0.6020408163265306,0.8194444444444444,0.6941176470588235,0.7171402887107676,8
"['V14', 'V10', 'V8', 'V5', 'V17', 'V21', 'V19', 'V2']",0.6020408163265306,0.8194444444444444,0.6941176470588235,0.7326951153995993,8
"['V4', 'V10', 'V16', 'V8', 'V20', 'V2']",0.6020408163265306,0.8194444444444444,0.6941176470588235,0.6864393021296348,6
"['V4', 'V14', 'V16', 'V8', 'V5', 'V20', 'V2', 'V12']",0.6020408163265306,0.8082191780821918,0.6900584795321637,0.7155667147300411,8
"['V4', 'V14', 'V16', 'V8', 'V17', 'V21', 'V20', 'V12']",0.6020408163265306,0.8194444444444444,0.6941176470588235,0.7146967868460158,8
"['V4', 'V14', 'V10', 'V8', 'V17', 'V19', 'V20', 'V2']",0.6020408163265306,0.8194444444444444,0.6941176470588235,0.7306255225625782,8
"['V14', 'V10', 'V16', 'V8', 'V17', 'V19', 'V20', 'V2']",0.6020408163265306,0.8309859154929577,0.6982248520710059,0.7347375100052491,8
"['V14', 'V10', 'V16', 'V5', 'V21', 'V20', 'V2', 'V12']",0.6020408163265306,0.8194444444444444,0.6941176470588235,0.7240501509090419,8
"['V4', 'V14', 'V16', 'V5', 'V19', 'V2']",0.6020408163265306,0.8082191780821918,0.6900584795321637,0.6957701298432657,6
"['V14', 'V10', 'V8', 'V5', 'V17', 'V20', 'V2', 'V12']",0.6020408163265306,0.8309859154929577,0.6982248520710059,0.730919860066354,8
"['V4', 'V14', 'V16', 'V8', 'V5', 'V17', 'V2', 'V12']",0.6020408163265306,0.8194444444444444,0.6941176470588235,0.7120374855524338,8
"['V4', 'V10', 'V16', 'V5', 'V21', 'V20']",0.6020408163265306,0.7972972972972973,0.686046511627907,0.6913249437178965,6
"['V14', 'V10', 'V8', 'V5', 'V17', 'V21', 'V19', 'V12']",0.6020408163265306,0.8194444444444444,0.6941176470588235,0.7345345188017117,8
"['V14', 'V10', 'V16', 'V5', 'V21', 'V19', 'V20', 'V2']",0.6020408163265306,0.8194444444444444,0.6941176470588235,0.7196559179539603,8
"['V14', 'V10', 'V16', 'V5', 'V17', 'V20', 'V2', 'V12']",0.6020408163265306,0.8194444444444444,0.6941176470588235,0.7213105871543319,8
"['V14', 'V10', 'V16', 'V5', 'V17', 'V19', 'V20', 'V2']",0.6020408163265306,0.8309859154929577,0.6982248520710059,0.7182486832384323,8
"['V14', 'V10', 'V16', 'V5', 'V17', 'V21', 'V2', 'V12']",0.6020408163265306,0.8194444444444444,0.6941176470588235,0.7226190248720337,8
"['V14', 'V10', 'V16', 'V5', 'V17', 'V21', 'V19', 'V2']",0.6020408163265306,0.8194444444444444,0.6941176470588235,0.7202630826957523,8
"['V4', 'V14', 'V16', 'V5', 'V17', 'V19']",0.6020408163265306,0.7972972972972973,0.686046511627907,0.694761732852257,6
"['V4', 'V14', 'V16', 'V8', 'V5', 'V21', 'V19', 'V20']",0.6020408163265306,0.8082191780821918,0.6900584795321637,0.7133410359392307,8
"['V14', 'V10', 'V16', 'V5', 'V17', 'V21', 'V20', 'V12']",0.6020408163265306,0.8194444444444444,0.6941176470588235,0.7201711333643322,8
"['V4', 'V14', 'V16', 'V8', 'V5', 'V21', 'V19', 'V2']",0.6020408163265306,0.8082191780821918,0.6900584795321637,0.7104932752282431,8
"['V4', 'V14', 'V8', 'V5', 'V2', 'V12']",0.5918367346938775,0.7160493827160493,0.6480446927374302,0.6838794676735044,6
"['V14', 'V10', 'V16', 'V19', 'V2', 'V12']",0.5918367346938775,0.8285714285714286,0.6904761904761905,0.7204710850890458,6
"['V10', 'V16', 'V5', 'V20', 'V12']",0.5918367346938775,0.8285714285714286,0.6904761904761905,0.6977378788505579,5
"['V10', 'V16', 'V5', 'V2', 'V12']",0.5918367346938775,0.8285714285714286,0.6904761904761905,0.6988076049226984,5
"['V10', 'V5', 'V20', 'V2', 'V12']",0.5918367346938775,0.8285714285714286,0.6904761904761905,0.683018201133096,5
"['V4', 'V14', 'V16', 'V8', 'V21', 'V19', 'V12']",0.5918367346938775,0.8169014084507042,0.6863905325443787,0.7153420568099693,7
"['V10', 'V5', 'V19', 'V20', 'V12']",0.5918367346938775,0.8285714285714286,0.6904761904761905,0.6835602986834945,5
"['V4', 'V14', 'V16', 'V21', 'V19', 'V2', 'V12']",0.5918367346938775,0.8055555555555556,0.6823529411764706,0.700118509285444,7
"['V4', 'V14', 'V8', 'V17', 'V21', 'V2', 'V12']",0.5918367346938775,0.8285714285714286,0.6904761904761905,0.7087640202146708,7
"['V10', 'V5', 'V21', 'V20', 'V12']",0.5918367346938775,0.8285714285714286,0.6904761904761905,0.6907777044862262,5
"['V4', 'V14', 'V16', 'V8', 'V17', 'V19']",0.5918367346938775,0.8055555555555556,0.6823529411764706,0.7135826525608644,6
"['V10', 'V8', 'V5', 'V21', 'V2', 'V12']",0.5918367346938775,0.8285714285714286,0.6904761904761905,0.6965721836015749,6
"['V4', 'V14', 'V8', 'V21', 'V19', 'V12']",0.5918367346938775,0.7945205479452054,0.6783625730994152,0.6957732240417276,6
"['V10', 'V5', 'V17', 'V21', 'V19', 'V12']",0.5918367346938775,0.8285714285714286,0.6904761904761905,0.6957279999942537,6
"['V14', 'V10', 'V16', 'V17', 'V21', 'V12']",0.5918367346938775,0.8169014084507042,0.6863905325443787,0.7161179391574874,6
"['V4', 'V14', 'V8', 'V19', 'V20', 'V2', 'V12']",0.5918367346938775,0.7733333333333333,0.6705202312138728,0.6948640082003426,7
"['V10', 'V5', 'V17', 'V21', 'V20', 'V12']",0.5918367346938775,0.8285714285714286,0.6904761904761905,0.6999903657421914,6
"['V14', 'V10', 'V16', 'V17', 'V21', 'V20']",0.5918367346938775,0.8169014084507042,0.6863905325443787,0.718295279692319,6
"['V4', 'V14', 'V8', 'V17', 'V21', 'V2']",0.5918367346938775,0.8285714285714286,0.6904761904761905,0.7031996779634655,6
"['V14', 'V10', 'V16', 'V17', 'V21', 'V19']",0.5918367346938775,0.8169014084507042,0.6863905325443787,0.7185320203380227,6
"['V4', 'V14', 'V8', 'V17', 'V20', 'V2', 'V12']",0.5918367346938775,0.8169014084507042,0.6863905325443787,0.7088883786810425,7
"['V4', 'V14', 'V8', 'V17', 'V20', 'V12']",0.5918367346938775,0.8169014084507042,0.6863905325443787,0.7057197646682687,6
"['V4', 'V14', 'V8', 'V17', 'V19', 'V20', 'V12']",0.5918367346938775,0.8169014084507042,0.6863905325443787,0.706156066493849,7
"['V4', 'V14', 'V8', 'V17', 'V19', 'V12']",0.5918367346938775,0.8169014084507042,0.6863905325443787,0.6987339276229831,6
"['V4', 'V14', 'V16', 'V5', 'V17', 'V12']",0.5918367346938775,0.8169014084507042,0.6863905325443787,0.6968845658735151,6
"['V4', 'V14', 'V8', 'V17', 'V19', 'V20']",0.5918367346938775,0.8169014084507042,0.6863905325443787,0.6997497232962023,6
"['V10', 'V5', 'V21', 'V2', 'V12']",0.5918367346938775,0.8285714285714286,0.6904761904761905,0.6898251150097556,5
"['V4', 'V14', 'V16', 'V5', 'V19', 'V12']",0.5918367346938775,0.8169014084507042,0.6863905325443787,0.6996359067312666,6
"['V10', 'V5', 'V17', 'V21', 'V2', 'V12']",0.5918367346938775,0.8285714285714286,0.6904761904761905,0.6971988084331172,6
"['V10', 'V5', 'V21', 'V19', 'V12']",0.5918367346938775,0.8285714285714286,0.6904761904761905,0.6876043193141048,5
"['V4', 'V14', 'V8', 'V5', 'V17', 'V20', 'V12']",0.5918367346938775,0.8169014084507042,0.6863905325443787,0.706174848196459,7
"['V4', 'V14', 'V16', 'V19', 'V2', 'V12']",0.5918367346938775,0.8055555555555556,0.6823529411764706,0.698342584150037,6
"['V14', 'V10', 'V16', 'V8', 'V17', 'V19']",0.5918367346938775,0.8285714285714286,0.6904761904761905,0.7365049819956714,6
"['V14', 'V10', 'V16', 'V8', 'V17', 'V20']",0.5918367346938775,0.8285714285714286,0.6904761904761905,0.7361129971195759,6
"['V10', 'V16', 'V21', 'V19', 'V12']",0.5918367346938775,0.8169014084507042,0.6863905325443787,0.6868201218238871,5
"['V14', 'V10', 'V16', 'V8', 'V17', 'V2']",0.5918367346938775,0.8285714285714286,0.6904761904761905,0.7357694604494432,6
"['V4', 'V14', 'V16', 'V5', 'V19', 'V20', 'V12']",0.5918367346938775,0.8169014084507042,0.6863905325443787,0.6991353402366386,7
"['V4', 'V14', 'V16', 'V19', 'V20', 'V12']",0.5918367346938775,0.8055555555555556,0.6823529411764706,0.6983277940526958,6
"['V4', 'V14', 'V16', 'V5', 'V19', 'V2', 'V12']",0.5918367346938775,0.8055555555555556,0.6823529411764706,0.6971138494849598,7
"['V14', 'V10', 'V16', 'V8', 'V19', 'V20']",0.5918367346938775,0.8285714285714286,0.6904761904761905,0.7350369667522981,6
"['V4', 'V14', 'V16', 'V17', 'V21', 'V19', 'V12']",0.5918367346938775,0.8055555555555556,0.6823529411764706,0.7000950978014375,7
"['V4', 'V14', 'V8', 'V5', 'V17', 'V21', 'V12']",0.5918367346938775,0.8169014084507042,0.6863905325443787,0.7101989251772141,7
"['V10', 'V8', 'V5', 'V21', 'V20', 'V12']",0.5918367346938775,0.8285714285714286,0.6904761904761905,0.6999586867619556,6
"['V10', 'V16', 'V20', 'V2', 'V12']",0.5918367346938775,0.8055555555555556,0.6823529411764706,0.6910321267435494,5
"['V4', 'V14', 'V16', 'V17', 'V19', 'V20', 'V12']",0.5918367346938775,0.8055555555555556,0.6823529411764706,0.6978167574973744,7
"['V4', 'V14', 'V16', 'V17', 'V19', 'V2', 'V12']",0.5918367346938775,0.8055555555555556,0.6823529411764706,0.6989449389485403,7
"['V4', 'V14', 'V16', 'V19', 'V20', 'V2', 'V12']",0.5918367346938775,0.8055555555555556,0.6823529411764706,0.6988521658102868,7
"['V4', 'V14', 'V16', 'V17', 'V19', 'V12']",0.5918367346938775,0.8055555555555556,0.6823529411764706,0.6981992444602304,6
"['V4', 'V14', 'V16', 'V21', 'V19', 'V20', 'V12']",0.5918367346938775,0.8055555555555556,0.6823529411764706,0.7018843184018244,7
"['V4', 'V14', 'V16', 'V5', 'V21', 'V19', 'V12']",0.5918367346938775,0.8169014084507042,0.6863905325443787,0.7014919148480779,7
"['V4', 'V14', 'V8', 'V5', 'V17', 'V19']",0.5918367346938775,0.8055555555555556,0.6823529411764706,0.6880848923441247,6
"['V10', 'V5', 'V21', 'V20', 'V2', 'V12']",0.5918367346938775,0.8285714285714286,0.6904761904761905,0.6888864950562754,6
"['V4', 'V14', 'V8', 'V5', 'V19', 'V2', 'V12']",0.5918367346938775,0.7341772151898734,0.655367231638418,0.6866081272154357,7
"['V4', 'V14', 'V8', 'V17', 'V21', 'V19', 'V2']",0.5918367346938775,0.8169014084507042,0.6863905325443787,0.7025282370357255,7
"['V4', 'V14', 'V16', 'V8', 'V19', 'V20', 'V12']",0.5918367346938775,0.8055555555555556,0.6823529411764706,0.7177708022694448,7
"['V10', 'V5', 'V17', 'V2', 'V12']",0.5918367346938775,0.8285714285714286,0.6904761904761905,0.69236165046258,5
"['V10', 'V5', 'V17', 'V20', 'V12']",0.5918367346938775,0.8285714285714286,0.6904761904761905,0.6929534583604978,5
"['V4', 'V14', 'V8', 'V5', 'V19', 'V12']",0.5918367346938775,0.7631578947368421,0.6666666666666666,0.6847062137403775,6
"['V10', 'V5', 'V17', 'V19', 'V2', 'V12']",0.5918367346938775,0.8285714285714286,0.6904761904761905,0.6904341672178836,6
"['V14', 'V10', 'V16', 'V21', 'V2', 'V12']",0.5918367346938775,0.8285714285714286,0.6904761904761905,0.7224064154101509,6
"['V14', 'V10', 'V16', 'V21', 'V20', 'V12']",0.5918367346938775,0.8169014084507042,0.6863905325443787,0.7164843101263634,6
"['V10', 'V5', 'V17', 'V20', 'V2', 'V12']",0.5918367346938775,0.8285714285714286,0.6904761904761905,0.6923493264847917,6
"['V14', 'V10', 'V16', 'V17', 'V20', 'V12']",0.5918367346938775,0.8169014084507042,0.6863905325443787,0.713663990477036,6
"['V4', 'V14', 'V16', 'V5', 'V17', 'V21', 'V12']",0.5918367346938775,0.8169014084507042,0.6863905325443787,0.7010265342408218,7
"['V4', 'V14', 'V8', 'V5', 'V19', 'V20', 'V12']",0.5918367346938775,0.7631578947368421,0.6666666666666666,0.6928276757396438,7
"['V14', 'V10', 'V16', 'V21', 'V19', 'V20']",0.5918367346938775,0.8169014084507042,0.6863905325443787,0.7175445987691688,6
"['V10', 'V8', 'V5', 'V17', 'V12']",0.5918367346938775,0.8285714285714286,0.6904761904761905,0.6969882344264741,5
"['V4', 'V14', 'V16', 'V5', 'V17', 'V19', 'V12']",0.5918367346938775,0.8169014084507042,0.6863905325443787,0.6968985304458053,7
"['V10', 'V5', 'V21', 'V19', 'V20', 'V12']",0.5918367346938775,0.8285714285714286,0.6904761904761905,0.6877552878114233,6
"['V10', 'V5', 'V21', 'V19', 'V2', 'V12']",0.5918367346938775,0.8285714285714286,0.6904761904761905,0.6879950435657901,6
"['V4', 'V14', 'V16', 'V5', 'V17', 'V20', 'V12']",0.5918367346938775,0.8169014084507042,0.6863905325443787,0.6975003762628984,7
"['V4', 'V14', 'V16', 'V21', 'V19', 'V12']",0.5918367346938775,0.8055555555555556,0.6823529411764706,0.7000795335999495,6
"['V4', 'V14', 'V10', 'V17', 'V21', 'V20', 'V2']",0.5918367346938775,0.7733333333333333,0.6705202312138728,0.7095518178159941,7
"['V4', 'V14', 'V8', 'V19', 'V20', 'V12']",0.5918367346938775,0.7733333333333333,0.6705202312138728,0.6934726798844802,6
"['V4', 'V16', 'V8', 'V5', 'V19', 'V12']",0.5918367346938775,0.8055555555555556,0.6823529411764706,0.6610906006034983,6
"['V4', 'V16', 'V8', 'V21', 'V19', 'V12']",0.5918367346938775,0.8055555555555556,0.6823529411764706,0.6601018053045702,6
"['V4', 'V16', 'V8', 'V17', 'V20', 'V12']",0.5918367346938775,0.8055555555555556,0.6823529411764706,0.6675504868087474,6
"['V4', 'V14', 'V10', 'V8', 'V21', 'V2']",0.5918367346938775,0.6987951807228916,0.6408839779005525,0.7188877724656386,6
"['V14', 'V16', 'V8', 'V17', 'V19', 'V20']",0.5918367346938775,0.8055555555555556,0.6823529411764706,0.6789693595925889,6
"['V4', 'V16', 'V8', 'V17', 'V21', 'V12']",0.5918367346938775,0.8055555555555556,0.6823529411764706,0.6671503197852895,6
"['V4', 'V16', 'V8', 'V5', 'V20', 'V12']",0.5918367346938775,0.8055555555555556,0.6823529411764706,0.6555268777393096,6
"['V4', 'V10', 'V16', 'V8', 'V2', 'V12']",0.5918367346938775,0.8055555555555556,0.6823529411764706,0.6999058005187493,6
"['V4', 'V14', 'V10', 'V8', 'V17', 'V21']",0.5918367346938775,0.8169014084507042,0.6863905325443787,0.7310214666609933,6
"['V14', 'V10', 'V17', 'V20', 'V2', 'V12']",0.5918367346938775,0.8285714285714286,0.6904761904761905,0.7128812402138553,6
"['V4', 'V10', 'V16', 'V5', 'V17', 'V12']",0.5918367346938775,0.8169014084507042,0.6863905325443787,0.7045608125030188,6
"['V4', 'V10', 'V16', 'V5', 'V21', 'V12']",0.5918367346938775,0.8169014084507042,0.6863905325443787,0.7023869713107013,6
"['V14', 'V16', 'V8', 'V19', 'V20', 'V12']",0.5918367346938775,0.8055555555555556,0.6823529411764706,0.7029148034344685,6
"['V4', 'V14', 'V10', 'V16', 'V19', 'V20', 'V12']",0.5918367346938775,0.8055555555555556,0.6823529411764706,0.7173143690954511,7
"['V4', 'V14', 'V10', 'V16', 'V21', 'V2', 'V12']",0.5918367346938775,0.8055555555555556,0.6823529411764706,0.7146885307103417,7
"['V4', 'V14', 'V10', 'V16', 'V21', 'V12']",0.5918367346938775,0.8055555555555556,0.6823529411764706,0.7151773571451032,6
"['V4', 'V14', 'V10', 'V16', 'V21', 'V19', 'V12']",0.5918367346938775,0.8055555555555556,0.6823529411764706,0.7140427498867067,7
"['V4', 'V16', 'V8', 'V21', 'V20', 'V12']",0.5918367346938775,0.8055555555555556,0.6823529411764706,0.6621919761913747,6
"['V14', 'V16', 'V8', 'V5', 'V21', 'V20']",0.5918367346938775,0.7945205479452054,0.6783625730994152,0.6853260936178158,6
"['V14', 'V16', 'V8', 'V5', 'V21', 'V19']",0.5918367346938775,0.7945205479452054,0.6783625730994152,0.6841056892982905,6
"['V4', 'V10', 'V16', 'V8', 'V19', 'V2']",0.5918367346938775,0.8169014084507042,0.6863905325443787,0.6822066458924152,6
"['V14', 'V10', 'V21', 'V19', 'V20', 'V12']",0.5918367346938775,0.8055555555555556,0.6823529411764706,0.7076139197101377,6
"['V14', 'V10', 'V21', 'V19', 'V2', 'V12']",0.5918367346938775,0.8285714285714286,0.6904761904761905,0.7113600349115973,6
"['V10', 'V16', 'V8', 'V21', 'V19', 'V12']",0.5918367346938775,0.8055555555555556,0.6823529411764706,0.6928444310679444,6
"['V10', 'V16', 'V8', 'V17', 'V21', 'V12']",0.5918367346938775,0.8055555555555556,0.6823529411764706,0.6968212468022711,6
"['V10', 'V16', 'V8', 'V5', 'V2', 'V12']",0.5918367346938775,0.8285714285714286,0.6904761904761905,0.6999504043416072,6
"['V4', 'V10', 'V16', 'V8', 'V5', 'V2']",0.5918367346938775,0.8055555555555556,0.6823529411764706,0.6782598742580688,6
"['V10', 'V16', 'V8', 'V5', 'V19', 'V12']",0.5918367346938775,0.8285714285714286,0.6904761904761905,0.6984008318687347,6
"['V4', 'V14', 'V10', 'V5', 'V17', 'V12']",0.5918367346938775,0.7945205479452054,0.6783625730994152,0.71469938192069,6
"['V14', 'V16', 'V8', 'V5', 'V17', 'V21']",0.5918367346938775,0.8055555555555556,0.6823529411764706,0.6857792287419396,6
"['V14', 'V16', 'V8', 'V5', 'V17', 'V19']",0.5918367346938775,0.7945205479452054,0.6783625730994152,0.6779531707753537,6
"['V10', 'V16', 'V8', 'V5', 'V17', 'V12']",0.5918367346938775,0.8285714285714286,0.6904761904761905,0.6993453063675803,6
"['V4', 'V10', 'V16', 'V8', 'V17', 'V12']",0.5918367346938775,0.7837837837837838,0.6744186046511628,0.6986692025219524,6
"['V4', 'V14', 'V10', 'V8', 'V20', 'V12']",0.5918367346938775,0.725,0.651685393258427,0.7224097326890094,6
"['V4', 'V10', 'V16', 'V8', 'V19', 'V20']",0.5918367346938775,0.8055555555555556,0.6823529411764706,0.6827102727491139,6
"['V14', 'V16', 'V8', 'V5', 'V17', 'V20']",0.5918367346938775,0.8055555555555556,0.6823529411764706,0.680948579733392,6
"['V14', 'V16', 'V5', 'V17', 'V21', 'V19']",0.5918367346938775,0.8055555555555556,0.6823529411764706,0.6755154888144527,6
"['V14', 'V16', 'V5', 'V17', 'V21', 'V2']",0.5918367346938775,0.8055555555555556,0.6823529411764706,0.675772160702562,6
"['V14', 'V16', 'V5', 'V17', 'V19', 'V20']",0.5918367346938775,0.8055555555555556,0.6823529411764706,0.673717730034809,6
"['V4', 'V14', 'V10', 'V16', 'V17', 'V12']",0.5918367346938775,0.8055555555555556,0.6823529411764706,0.7159688914516483,6
"['V4', 'V14', 'V10', 'V16', 'V17', 'V21']",0.5918367346938775,0.8055555555555556,0.6823529411764706,0.7164370185605865,6
"['V14', 'V8', 'V5', 'V21', 'V20', 'V12']",0.5918367346938775,0.8169014084507042,0.6863905325443787,0.6920338602113298,6
"['V14', 'V8', 'V5', 'V21', 'V2', 'V12']",0.5918367346938775,0.8169014084507042,0.6863905325443787,0.6908236025298576,6
"['V4', 'V10', 'V8', 'V5', 'V20', 'V12']",0.5918367346938775,0.8055555555555556,0.6823529411764706,0.6941863571929243,6
"['V14', 'V8', 'V17', 'V21', 'V19', 'V12']",0.5918367346938775,0.8169014084507042,0.6863905325443787,0.7078663351440259,6
"['V4', 'V10', 'V8', 'V5', 'V21', 'V12']",0.5918367346938775,0.8169014084507042,0.6863905325443787,0.699914380379397,6
"['V14', 'V8', 'V17', 'V21', 'V20', 'V12']",0.5918367346938775,0.8169014084507042,0.6863905325443787,0.7104374833568877,6
"['V14', 'V8', 'V17', 'V21', 'V2', 'V12']",0.5918367346938775,0.8169014084507042,0.6863905325443787,0.707380750020685,6
"['V4', 'V10', 'V16', 'V20', 'V2', 'V12']",0.5918367346938775,0.8055555555555556,0.6823529411764706,0.7001561000106646,6
"['V4', 'V10', 'V16', 'V19', 'V20', 'V12']",0.5918367346938775,0.8055555555555556,0.6823529411764706,0.6991046706779503,6
"['V4', 'V10', 'V16', 'V19', 'V20', 'V2']",0.5918367346938775,0.8169014084507042,0.6863905325443787,0.6915403892065098,6
"['V14', 'V8', 'V21', 'V19', 'V20', 'V12']",0.5918367346938775,0.8285714285714286,0.6904761904761905,0.6956000651846483,6
"['V4', 'V14', 'V10', 'V16', 'V8', 'V17', 'V12']",0.5918367346938775,0.8169014084507042,0.6863905325443787,0.7381398394287495,7
"['V4', 'V10', 'V16', 'V21', 'V20', 'V12']",0.5918367346938775,0.7837837837837838,0.6744186046511628,0.6988263432079176,6
"['V14', 'V8', 'V21', 'V19', 'V2', 'V12']",0.5918367346938775,0.8169014084507042,0.6863905325443787,0.6938407497298444,6
"['V14', 'V8', 'V5', 'V17', 'V21', 'V12']",0.5918367346938775,0.8169014084507042,0.6863905325443787,0.7102959239351123,6
"['V4', 'V10', 'V5', 'V17', 'V21', 'V12']",0.5918367346938775,0.8169014084507042,0.6863905325443787,0.6993772958080766,6
"['V4', 'V14', 'V10', 'V16', 'V17', 'V20', 'V12']",0.5918367346938775,0.8055555555555556,0.6823529411764706,0.7156352512892231,7
"['V14', 'V16', 'V17', 'V19', 'V20', 'V2']",0.5918367346938775,0.8169014084507042,0.6863905325443787,0.6749143123033434,6
"['V14', 'V16', 'V5', 'V17', 'V19', 'V2']",0.5918367346938775,0.8055555555555556,0.6823529411764706,0.672781499957536,6
"['V14', 'V16', 'V5', 'V17', 'V20', 'V2']",0.5918367346938775,0.8055555555555556,0.6823529411764706,0.6770044138301594,6
"['V14', 'V16', 'V5', 'V21', 'V19', 'V2']",0.5918367346938775,0.8055555555555556,0.6823529411764706,0.6718146455176811,6
"['V14', 'V16', 'V5', 'V21', 'V19', 'V12']",0.5918367346938775,0.8169014084507042,0.6863905325443787,0.6981843546048409,6
"['V4', 'V14', 'V10', 'V16', 'V17', 'V21', 'V12']",0.5918367346938775,0.8055555555555556,0.6823529411764706,0.7115327845339182,7
"['V14', 'V16', 'V5', 'V21', 'V20', 'V12']",0.5918367346938775,0.8169014084507042,0.6863905325443787,0.7015693269207453,6
"['V14', 'V16', 'V5', 'V19', 'V20', 'V12']",0.5918367346938775,0.8169014084507042,0.6863905325443787,0.6994338597683629,6
"['V4', 'V10', 'V5', 'V19', 'V20', 'V12']",0.5918367346938775,0.8055555555555556,0.6823529411764706,0.6908506908529162,6
"['V14', 'V16', 'V17', 'V21', 'V19', 'V20']",0.5918367346938775,0.8055555555555556,0.6823529411764706,0.6737260051042379,6
"['V4', 'V10', 'V5', 'V21', 'V20', 'V12']",0.5918367346938775,0.8055555555555556,0.6823529411764706,0.6985315792618659,6
"['V14', 'V16', 'V17', 'V21', 'V20', 'V2']",0.5918367346938775,0.8169014084507042,0.6863905325443787,0.682242412285099,6
"['V4', 'V10', 'V5', 'V21', 'V19', 'V12']",0.5918367346938775,0.8169014084507042,0.6863905325443787,0.6965246458914969,6
"['V4', 'V10', 'V16', 'V5', 'V19', 'V12']",0.5918367346938775,0.8169014084507042,0.6863905325443787,0.7019009616605139,6
"['V4', 'V10', 'V5', 'V17', 'V20', 'V12']",0.5918367346938775,0.7945205479452054,0.6783625730994152,0.6957756294208778,6
"['V4', 'V10', 'V5', 'V17', 'V19', 'V12']",0.5918367346938775,0.8169014084507042,0.6863905325443787,0.6975949951607349,6
"['V14', 'V10', 'V21', 'V19', 'V20', 'V2']",0.5918367346938775,0.7945205479452054,0.6783625730994152,0.702416308068953,6
"['V14', 'V10', 'V17', 'V19', 'V2', 'V12']",0.5918367346938775,0.8285714285714286,0.6904761904761905,0.7124510608130642,6
"['V14', 'V10', 'V8', 'V5', 'V17', 'V19']",0.5918367346938775,0.8169014084507042,0.6863905325443787,0.7307395626537163,6
"['V10', 'V8', 'V5', 'V17', 'V21', 'V2']",0.5918367346938775,0.8285714285714286,0.6904761904761905,0.6653139385415463,6
"['V4', 'V14', 'V10', 'V17', 'V21', 'V2', 'V12']",0.5918367346938775,0.7945205479452054,0.6783625730994152,0.7075244414974037,7
"['V14', 'V10', 'V8', 'V17', 'V21', 'V12']",0.5918367346938775,0.8169014084507042,0.6863905325443787,0.7325295384494712,6
"['V14', 'V8', 'V21', 'V20', 'V2', 'V12']",0.5918367346938775,0.8169014084507042,0.6863905325443787,0.6888708326957049,6
"['V4', 'V14', 'V10', 'V17', 'V21', 'V19', 'V12']",0.5918367346938775,0.7945205479452054,0.6783625730994152,0.7077233977435755,7
"['V4', 'V14', 'V10', 'V17', 'V21', 'V19', 'V2']",0.5918367346938775,0.8055555555555556,0.6823529411764706,0.7123950236878897,7
"['V4', 'V14', 'V10', 'V17', 'V21', 'V19', 'V20']",0.5918367346938775,0.8169014084507042,0.6863905325443787,0.710925762742728,7
"['V10', 'V8', 'V5', 'V17', 'V19', 'V12']",0.5918367346938775,0.8285714285714286,0.6904761904761905,0.6951122118123133,6
"['V14', 'V10', 'V8', 'V17', 'V19', 'V20']",0.5918367346938775,0.8285714285714286,0.6904761904761905,0.7252173861564123,6
"['V10', 'V16', 'V8', 'V19', 'V20', 'V12']",0.5918367346938775,0.8055555555555556,0.6823529411764706,0.6902897061515227,6
"['V14', 'V10', 'V8', 'V17', 'V19', 'V12']",0.5918367346938775,0.8169014084507042,0.6863905325443787,0.7303102604777499,6
"['V4', 'V14', 'V10', 'V5', 'V21', 'V2', 'V12']",0.5918367346938775,0.7073170731707317,0.6444444444444445,0.7056169609230942,7
"['V14', 'V10', 'V8', 'V17', 'V2', 'V12']",0.5918367346938775,0.8285714285714286,0.6904761904761905,0.7321830173943843,6
"['V14', 'V10', 'V8', 'V21', 'V19', 'V12']",0.5918367346938775,0.8169014084507042,0.6863905325443787,0.723960490641142,6
"['V14', 'V10', 'V8', 'V21', 'V20', 'V2']",0.5918367346938775,0.7532467532467533,0.6628571428571428,0.7114805554502254,6
"['V14', 'V10', 'V8', 'V21', 'V20', 'V12']",0.5918367346938775,0.8169014084507042,0.6863905325443787,0.7248006269905892,6
"['V10', 'V16', 'V5', 'V20', 'V2', 'V12']",0.5918367346938775,0.8285714285714286,0.6904761904761905,0.700176465072877,6
"['V14', 'V10', 'V8', 'V17', 'V21', 'V2']",0.5918367346938775,0.8285714285714286,0.6904761904761905,0.7325969446876714,6
"['V4', 'V14', 'V10', 'V21', 'V20', 'V2']",0.5918367346938775,0.6904761904761905,0.6373626373626373,0.7042281656485267,6
"['V4', 'V14', 'V10', 'V21', 'V20', 'V2', 'V12']",0.5918367346938775,0.7837837837837838,0.6744186046511628,0.7052130212586987,7
"['V10', 'V16', 'V8', 'V20', 'V12']",0.5918367346938775,0.8055555555555556,0.6823529411764706,0.6879842796721728,5
"['V14', 'V10', 'V8', 'V5', 'V17', 'V20']",0.5918367346938775,0.8169014084507042,0.6863905325443787,0.7317335316830896,6
"['V14', 'V10', 'V8', 'V5', 'V17', 'V2']",0.5918367346938775,0.8285714285714286,0.6904761904761905,0.730127005258059,6
"['V4', 'V14', 'V8', 'V19', 'V2', 'V12']",0.5918367346938775,0.7733333333333333,0.6705202312138728,0.6920094603867718,6
"['V14', 'V10', 'V8', 'V5', 'V21', 'V2']",0.5918367346938775,0.7435897435897436,0.6590909090909091,0.7082346709603222,6
"['V4', 'V14', 'V16', 'V8', 'V5', 'V19', 'V12']",0.5918367346938775,0.8055555555555556,0.6823529411764706,0.7140930030710803,7
"['V14', 'V10', 'V8', 'V5', 'V19', 'V20']",0.5918367346938775,0.7837837837837838,0.6744186046511628,0.7129569171433081,6
"['V14', 'V10', 'V8', 'V5', 'V19', 'V2']",0.5918367346938775,0.7837837837837838,0.6744186046511628,0.7140043427405586,6
"['V10', 'V8', 'V5', 'V17', 'V2', 'V12']",0.5918367346938775,0.8285714285714286,0.6904761904761905,0.6973379182527643,6
"['V14', 'V10', 'V8', 'V5', 'V20', 'V2']",0.5918367346938775,0.7435897435897436,0.6590909090909091,0.705331456079843,6
"['V10', 'V5', 'V19', 'V20', 'V2', 'V12']",0.5918367346938775,0.8285714285714286,0.6904761904761905,0.6824968229591261,6
"['V4', 'V14', 'V10', 'V19', 'V20', 'V12']",0.5918367346938775,0.7631578947368421,0.6666666666666666,0.708823549930229,6
"['V4', 'V14', 'V5', 'V17', 'V19', 'V2']",0.5918367346938775,0.8055555555555556,0.6823529411764706,0.6879084528265802,6
"['V4', 'V14', 'V16', 'V8', 'V5', 'V17', 'V19']",0.5918367346938775,0.8055555555555556,0.6823529411764706,0.7089203910217778,7
"['V14', 'V10', 'V8', 'V17', 'V21', 'V19']",0.5918367346938775,0.8169014084507042,0.6863905325443787,0.7302058484454528,6
"['V4', 'V14', 'V10', 'V21', 'V20', 'V12']",0.5918367346938775,0.7837837837837838,0.6744186046511628,0.706183260353161,6
"['V10', 'V16', 'V5', 'V19', 'V2', 'V12']",0.5918367346938775,0.8285714285714286,0.6904761904761905,0.6970335870852103,6
"['V10', 'V16', 'V5', 'V19', 'V20', 'V12']",0.5918367346938775,0.8285714285714286,0.6904761904761905,0.6931456981369575,6
"['V14', 'V10', 'V8', 'V21', 'V2', 'V12']",0.5918367346938775,0.8169014084507042,0.6863905325443787,0.7240725926219302,6
"['V4', 'V14', 'V17', 'V21', 'V19', 'V2']",0.5918367346938775,0.8169014084507042,0.6863905325443787,0.6959608301238036,6
"['V4', 'V14', 'V10', 'V17', 'V21', 'V19']",0.5918367346938775,0.8169014084507042,0.6863905325443787,0.7108087970297969,6
"['V10', 'V16', 'V5', 'V17', 'V20', 'V12']",0.5918367346938775,0.8285714285714286,0.6904761904761905,0.6994881248263083,6
"['V14', 'V10', 'V5', 'V21', 'V2', 'V12']",0.5918367346938775,0.8055555555555556,0.6823529411764706,0.7120969192723653,6
"['V14', 'V10', 'V5', 'V19', 'V20', 'V2']",0.5918367346938775,0.7631578947368421,0.6666666666666666,0.7048540158520205,6
"['V14', 'V10', 'V5', 'V19', 'V2', 'V12']",0.5918367346938775,0.8055555555555556,0.6823529411764706,0.7108250739852335,6
"['V4', 'V14', 'V17', 'V21', 'V20', 'V2']",0.5918367346938775,0.8169014084507042,0.6863905325443787,0.6942823869508005,6
"['V14', 'V10', 'V5', 'V20', 'V2', 'V12']",0.5918367346938775,0.7733333333333333,0.6705202312138728,0.7102068908941224,6
"['V14', 'V10', 'V17', 'V21', 'V19', 'V20']",0.5918367346938775,0.8055555555555556,0.6823529411764706,0.7106670086704289,6
"['V4', 'V14', 'V17', 'V19', 'V20', 'V2']",0.5918367346938775,0.8055555555555556,0.6823529411764706,0.689051836569073,6
"['V14', 'V10', 'V17', 'V21', 'V19', 'V2']",0.5918367346938775,0.8169014084507042,0.6863905325443787,0.7093560965029914,6
"['V14', 'V10', 'V17', 'V21', 'V20', 'V2']",0.5918367346938775,0.8285714285714286,0.6904761904761905,0.7087311597484667,6
"['V10', 'V16', 'V8', 'V20', 'V2', 'V12']",0.5918367346938775,0.8055555555555556,0.6823529411764706,0.6882405048988285,6
"['V14', 'V10', 'V17', 'V21', 'V20', 'V12']",0.5918367346938775,0.8055555555555556,0.6823529411764706,0.7108163503127103,6
"['V14', 'V10', 'V17', 'V21', 'V2', 'V12']",0.5918367346938775,0.8169014084507042,0.6863905325443787,0.7143966040339894,6
"['V14', 'V10', 'V17', 'V19', 'V20', 'V2']",0.5918367346938775,0.8285714285714286,0.6904761904761905,0.7062959609991591,6
"['V4', 'V14', 'V10', 'V17', 'V21', 'V20']",0.5918367346938775,0.8169014084507042,0.6863905325443787,0.7093610675208427,6
"['V14', 'V10', 'V5', 'V21', 'V20', 'V2']",0.5918367346938775,0.7532467532467533,0.6628571428571428,0.697452513838379,6
"['V4', 'V14', 'V10', 'V5', 'V17', 'V2', 'V12']",0.5918367346938775,0.7837837837837838,0.6744186046511628,0.7161744049111325,7
"['V14', 'V10', 'V5', 'V21', 'V19', 'V12']",0.5918367346938775,0.7837837837837838,0.6744186046511628,0.7105683617427794,6
"['V14', 'V10', 'V8', 'V19', 'V20', 'V2']",0.5918367346938775,0.7837837837837838,0.6744186046511628,0.71409476733928,6
"['V4', 'V14', 'V10', 'V5', 'V17', 'V20', 'V12']",0.5918367346938775,0.7837837837837838,0.6744186046511628,0.7157168604700721,7
"['V14', 'V10', 'V5', 'V17', 'V21', 'V19']",0.5918367346938775,0.7945205479452054,0.6783625730994152,0.711089336039074,6
"['V4', 'V14', 'V10', 'V5', 'V17', 'V19', 'V12']",0.5918367346938775,0.7733333333333333,0.6705202312138728,0.7146147377891007,7
"['V14', 'V10', 'V5', 'V17', 'V21', 'V20']",0.5918367346938775,0.8055555555555556,0.6823529411764706,0.7118066552424618,6
"['V14', 'V10', 'V5', 'V17', 'V21', 'V12']",0.5918367346938775,0.8169014084507042,0.6863905325443787,0.7158256923946669,6
"['V14', 'V10', 'V5', 'V17', 'V19', 'V20']",0.5918367346938775,0.7945205479452054,0.6783625730994152,0.7109868424624042,6
"['V14', 'V10', 'V5', 'V17', 'V19', 'V12']",0.5918367346938775,0.8169014084507042,0.6863905325443787,0.7152351478348844,6
"['V4', 'V14', 'V10', 'V5', 'V17', 'V21', 'V12']",0.5918367346938775,0.8055555555555556,0.6823529411764706,0.7133099920099221,7
"['V4', 'V14', 'V10', 'V17', 'V19', 'V20']",0.5918367346938775,0.8169014084507042,0.6863905325443787,0.7113337959540611,6
"['V14', 'V10', 'V5', 'V17', 'V20', 'V12']",0.5918367346938775,0.8285714285714286,0.6904761904761905,0.7163929284140842,6
"['V10', 'V16', 'V5', 'V17', 'V2', 'V12']",0.5918367346938775,0.8285714285714286,0.6904761904761905,0.6981545699528117,6
"['V14', 'V10', 'V5', 'V17', 'V2', 'V12']",0.5918367346938775,0.8285714285714286,0.6904761904761905,0.7166614859995043,6
"['V14', 'V10', 'V5', 'V21', 'V19', 'V20']",0.5918367346938775,0.7945205479452054,0.6783625730994152,0.7027063924691022,6
"['V14', 'V10', 'V5', 'V21', 'V19', 'V2']",0.5918367346938775,0.7733333333333333,0.6705202312138728,0.7033462843179575,6
"['V4', 'V16', 'V8', 'V17', 'V19', 'V12']",0.5918367346938775,0.8055555555555556,0.6823529411764706,0.6661276740585904,6
"['V10', 'V16', 'V8', 'V5', 'V19', 'V2', 'V12']",0.5918367346938775,0.8285714285714286,0.6904761904761905,0.6996897557619804,7
"['V4', 'V14', 'V16', 'V5', 'V17', 'V21', 'V20', 'V12']",0.5918367346938775,0.8169014084507042,0.6863905325443787,0.7003057189235792,8
"['V4', 'V10', 'V16', 'V8', 'V21', 'V19', 'V2', 'V12']",0.5918367346938775,0.8055555555555556,0.6823529411764706,0.7077327551821996,8
"['V4', 'V10', 'V16', 'V8', 'V5', 'V19', 'V20', 'V2']",0.5918367346938775,0.7945205479452054,0.6783625730994152,0.6899958879039343,8
"['V4', 'V10', 'V16', 'V8', 'V5', 'V20', 'V2', 'V12']",0.5918367346938775,0.8055555555555556,0.6823529411764706,0.7041487174057675,8
"['V4', 'V10', 'V16', 'V8', 'V17', 'V19', 'V20', 'V2']",0.5918367346938775,0.8169014084507042,0.6863905325443787,0.6879425200991482,8
"['V4', 'V10', 'V16', 'V8', 'V17', 'V19', 'V20', 'V12']",0.5918367346938775,0.7945205479452054,0.6783625730994152,0.7026235664571318,8
"['V4', 'V10', 'V16', 'V8', 'V17', 'V20', 'V2', 'V12']",0.5918367346938775,0.7945205479452054,0.6783625730994152,0.7006538560129211,8
"['V4', 'V10', 'V16', 'V8', 'V21', 'V19', 'V20', 'V2']",0.5918367346938775,0.8169014084507042,0.6863905325443787,0.6998134786175374,8
"['V4', 'V10', 'V16', 'V5', 'V17', 'V21', 'V19', 'V12']",0.5918367346938775,0.8169014084507042,0.6863905325443787,0.7020243929630218,8
"['V4', 'V14', 'V5', 'V17', 'V21', 'V19', 'V20', 'V12']",0.5918367346938775,0.8169014084507042,0.6863905325443787,0.6971556389539396,8
"['V4', 'V10', 'V16', 'V5', 'V17', 'V21', 'V20', 'V12']",0.5918367346938775,0.8169014084507042,0.6863905325443787,0.7025429635602826,8
"['V4', 'V10', 'V16', 'V5', 'V17', 'V21', 'V2', 'V12']",0.5918367346938775,0.8055555555555556,0.6823529411764706,0.6975135585057127,8
"['V4', 'V10', 'V16', 'V5', 'V17', 'V19', 'V20', 'V12']",0.5918367346938775,0.8055555555555556,0.6823529411764706,0.699918470953544,8
"['V4', 'V10', 'V16', 'V5', 'V21', 'V19', 'V20', 'V12']",0.5918367346938775,0.8055555555555556,0.6823529411764706,0.7077374321380245,8
"['V4', 'V10', 'V16', 'V5', 'V21', 'V19', 'V2', 'V12']",0.5918367346938775,0.8055555555555556,0.6823529411764706,0.7015135336003775,8
"['V14', 'V8', 'V21', 'V12']",0.5918367346938775,0.8285714285714286,0.6904761904761905,0.6936942249503676,4
"['V4', 'V10', 'V16', 'V8', 'V5', 'V17', 'V21', 'V19']",0.5918367346938775,0.7945205479452054,0.6783625730994152,0.6769402911991562,8
"['V4', 'V14', 'V8', 'V21', 'V19', 'V20', 'V2', 'V12']",0.5918367346938775,0.7837837837837838,0.6744186046511628,0.6993877395503894,8
"['V4', 'V10', 'V8', 'V5', 'V17', 'V20', 'V2', 'V12']",0.5918367346938775,0.7945205479452054,0.6783625730994152,0.6986023037491199,8
"['V4', 'V14', 'V16', 'V21', 'V19', 'V20', 'V2', 'V12']",0.5918367346938775,0.8055555555555556,0.6823529411764706,0.7016753148879281,8
"['V4', 'V14', 'V16', 'V5', 'V21', 'V19', 'V20', 'V12']",0.5918367346938775,0.8169014084507042,0.6863905325443787,0.7014499631103646,8
"['V4', 'V14', 'V16', 'V5', 'V21', 'V19', 'V2', 'V12']",0.5918367346938775,0.8055555555555556,0.6823529411764706,0.6983803058192303,8
"['V4', 'V14', 'V16', 'V5', 'V19', 'V20', 'V2', 'V12']",0.5918367346938775,0.8169014084507042,0.6863905325443787,0.699214507276931,8
"['V4', 'V14', 'V16', 'V17', 'V21', 'V19', 'V20', 'V12']",0.5918367346938775,0.8055555555555556,0.6823529411764706,0.7004035886088407,8
"['V4', 'V14', 'V16', 'V17', 'V21', 'V19', 'V2', 'V12']",0.5918367346938775,0.8055555555555556,0.6823529411764706,0.7016321776197033,8
"['V4', 'V14', 'V16', 'V17', 'V19', 'V20', 'V2', 'V12']",0.5918367346938775,0.8055555555555556,0.6823529411764706,0.6982162482882289,8
"['V4', 'V14', 'V8', 'V5', 'V17', 'V21', 'V19', 'V12']",0.5918367346938775,0.8285714285714286,0.6904761904761905,0.7093375313944406,8
"['V4', 'V14', 'V8', 'V17', 'V19', 'V20', 'V2', 'V12']",0.5918367346938775,0.8169014084507042,0.6863905325443787,0.7085870902301566,8
"['V4', 'V14', 'V8', 'V5', 'V17', 'V21', 'V20', 'V12']",0.5918367346938775,0.8285714285714286,0.6904761904761905,0.7104248667322003,8
"['V4', 'V14', 'V8', 'V5', 'V17', 'V19', 'V20', 'V12']",0.5918367346938775,0.8169014084507042,0.6863905325443787,0.7059805554487174,8
"['V4', 'V14', 'V8', 'V5', 'V21', 'V19', 'V2', 'V12']",0.5918367346938775,0.7631578947368421,0.6666666666666666,0.6954811806379666,8
"['V4', 'V14', 'V8', 'V5', 'V19', 'V20', 'V2', 'V12']",0.5918367346938775,0.7631578947368421,0.6666666666666666,0.694010565775007,8
"['V4', 'V14', 'V8', 'V17', 'V21', 'V19', 'V2', 'V12']",0.5918367346938775,0.8285714285714286,0.6904761904761905,0.7091253065519586,8
"['V4', 'V14', 'V8', 'V17', 'V21', 'V20', 'V2', 'V12']",0.5918367346938775,0.8285714285714286,0.6904761904761905,0.7088968269022374,8
"['V4', 'V10', 'V8', 'V5', 'V17', 'V19', 'V2', 'V12']",0.5918367346938775,0.8055555555555556,0.6823529411764706,0.6986584852934234,8
"['V4', 'V10', 'V8', 'V5', 'V19', 'V20', 'V2', 'V12']",0.5918367346938775,0.8055555555555556,0.6823529411764706,0.6916414712219391,8
"['V4', 'V14', 'V16', 'V5', 'V17', 'V19', 'V20', 'V12']",0.5918367346938775,0.8169014084507042,0.6863905325443787,0.6958420503973008,8
"['V14', 'V10', 'V16', 'V17']",0.5918367346938775,0.8169014084507042,0.6863905325443787,0.7163968782338351,4
"['V14', 'V10', 'V5', 'V21']",0.5918367346938775,0.7532467532467533,0.6628571428571428,0.6972612998223715,4
"['V14', 'V10', 'V5', 'V17']",0.5918367346938775,0.7945205479452054,0.6783625730994152,0.711771862572366,4
"['V14', 'V10', 'V8', 'V5']",0.5918367346938775,0.7341772151898734,0.655367231638418,0.7068571171883581,4
"['V14', 'V10', 'V16', 'V20']",0.5918367346938775,0.8169014084507042,0.6863905325443787,0.7175352569735426,4
"['V14', 'V10', 'V16', 'V19']",0.5918367346938775,0.8169014084507042,0.6863905325443787,0.7153087776004956,4
"['V14', 'V10', 'V16', 'V21']",0.5918367346938775,0.8169014084507042,0.6863905325443787,0.7170411803863761,4
"['V14', 'V10', 'V16', 'V8']",0.5918367346938775,0.8285714285714286,0.6904761904761905,0.7403686373300157,4
"['V14', 'V10', 'V5', 'V20']",0.5918367346938775,0.7341772151898734,0.655367231638418,0.6948390804739334,4
"['V14', 'V10', 'V16', 'V8', 'V17', 'V19', 'V2', 'V12']",0.5918367346938775,0.8285714285714286,0.6904761904761905,0.735611156725032,8
"['V14', 'V10', 'V16', 'V8', 'V19', 'V20', 'V2', 'V12']",0.5918367346938775,0.8285714285714286,0.6904761904761905,0.7359602193546066,8
"['V14', 'V10', 'V16', 'V5', 'V17', 'V21', 'V19', 'V12']",0.5918367346938775,0.8169014084507042,0.6863905325443787,0.7192786271792754,8
"['V14', 'V10', 'V16', 'V5', 'V17', 'V19', 'V20', 'V12']",0.5918367346938775,0.8169014084507042,0.6863905325443787,0.7196436206461249,8
"['V14', 'V10', 'V16', 'V5', 'V17', 'V19', 'V2', 'V12']",0.5918367346938775,0.8169014084507042,0.6863905325443787,0.720034089980078,8
"['V14', 'V10', 'V16', 'V5', 'V21', 'V19', 'V2', 'V12']",0.5918367346938775,0.8169014084507042,0.6863905325443787,0.7227970674708072,8
"['V14', 'V10', 'V5', 'V19']",0.5918367346938775,0.7733333333333333,0.6705202312138728,0.703332697535072,4
"['V14', 'V10', 'V5', 'V12']",0.5918367346938775,0.7733333333333333,0.6705202312138728,0.7083582848697797,4
"['V4', 'V10', 'V5', 'V17', 'V21', 'V19', 'V2', 'V12']",0.5918367346938775,0.8055555555555556,0.6823529411764706,0.6976371840803939,8
"['V14', 'V16', 'V17', 'V19']",0.5918367346938775,0.8055555555555556,0.6823529411764706,0.6717515943971036,4
"['V4', 'V16', 'V8', 'V5', 'V17', 'V21', 'V20', 'V12']",0.5918367346938775,0.8055555555555556,0.6823529411764706,0.6631972939182611,8
"['V4', 'V16', 'V8', 'V5', 'V17', 'V21', 'V2', 'V12']",0.5918367346938775,0.8055555555555556,0.6823529411764706,0.6607574556494,8
"['V4', 'V16', 'V8', 'V5', 'V17', 'V19', 'V20', 'V12']",0.5918367346938775,0.8055555555555556,0.6823529411764706,0.6621533292545647,8
"['V4', 'V16', 'V8', 'V5', 'V17', 'V19', 'V2', 'V12']",0.5918367346938775,0.8055555555555556,0.6823529411764706,0.6589653256921424,8
"['V4', 'V16', 'V8', 'V5', 'V17', 'V20', 'V2', 'V12']",0.5918367346938775,0.8055555555555556,0.6823529411764706,0.6600007784143562,8
"['V14', 'V16', 'V17', 'V20']",0.5918367346938775,0.8055555555555556,0.6823529411764706,0.6749572037359415,4
"['V4', 'V16', 'V8', 'V17', 'V21', 'V19', 'V2', 'V12']",0.5918367346938775,0.7945205479452054,0.6783625730994152,0.6604365736182648,8
"['V14', 'V10', 'V17', 'V20']",0.5918367346938775,0.8169014084507042,0.6863905325443787,0.7099406408601049,4
"['V4', 'V16', 'V8', 'V17', 'V21', 'V20', 'V2', 'V12']",0.5918367346938775,0.7945205479452054,0.6783625730994152,0.6618909897249654,8
"['V14', 'V16', 'V5', 'V20']",0.5918367346938775,0.8055555555555556,0.6823529411764706,0.674343902625889,4
"['V4', 'V16', 'V8', 'V17', 'V19', 'V20', 'V2', 'V12']",0.5918367346938775,0.7945205479452054,0.6783625730994152,0.6585399223532601,8
"['V14', 'V16', 'V5', 'V17']",0.5918367346938775,0.8055555555555556,0.6823529411764706,0.6721981382051038,4
"['V14', 'V10', 'V19', 'V2']",0.5918367346938775,0.7837837837837838,0.6744186046511628,0.7041887947262178,4
"['V14', 'V10', 'V17', 'V2']",0.5918367346938775,0.8285714285714286,0.6904761904761905,0.709631517590403,4
"['V4', 'V14', 'V16', 'V5', 'V17', 'V19', 'V2', 'V12']",0.5918367346938775,0.8055555555555556,0.6823529411764706,0.6973901503120711,8
"['V4', 'V14', 'V5', 'V17', 'V21', 'V20', 'V12']",0.5918367346938775,0.8169014084507042,0.6863905325443787,0.6970826801158068,7
"['V14', 'V10', 'V16', 'V17', 'V21', 'V19', 'V20', 'V12']",0.5918367346938775,0.7945205479452054,0.6783625730994152,0.7113816471571943,8
"['V4', 'V14', 'V8', 'V17', 'V20']",0.5918367346938775,0.8169014084507042,0.6863905325443787,0.6999387237531146,5
"['V10', 'V8', 'V5', 'V21', 'V19', 'V20', 'V12']",0.5918367346938775,0.8285714285714286,0.6904761904761905,0.6998691818884366,7
"['V4', 'V14', 'V8', 'V21', 'V12']",0.5918367346938775,0.7631578947368421,0.6666666666666666,0.6932976734305297,5
"['V10', 'V8', 'V5', 'V21', 'V19', 'V2', 'V12']",0.5918367346938775,0.8285714285714286,0.6904761904761905,0.6964044227832957,7
"['V10', 'V8', 'V5', 'V21', 'V20', 'V2', 'V12']",0.5918367346938775,0.8285714285714286,0.6904761904761905,0.6965308901983471,7
"['V10', 'V5', 'V17', 'V21', 'V19', 'V20', 'V12']",0.5918367346938775,0.8285714285714286,0.6904761904761905,0.6973620435212426,7
"['V4', 'V14', 'V8', 'V17', 'V12']",0.5918367346938775,0.8169014084507042,0.6863905325443787,0.6989896238057767,5
"['V4', 'V14', 'V8', 'V17', 'V19']",0.5918367346938775,0.8055555555555556,0.6823529411764706,0.687388814041989,5
"['V10', 'V8', 'V5', 'V17', 'V19', 'V2', 'V12']",0.5918367346938775,0.8285714285714286,0.6904761904761905,0.6950759049703346,7
"['V4', 'V14', 'V8', 'V5', 'V12']",0.5918367346938775,0.7631578947368421,0.6666666666666666,0.6840210757146739,5
"['V10', 'V5', 'V17', 'V21', 'V19', 'V2', 'V12']",0.5918367346938775,0.8285714285714286,0.6904761904761905,0.6948029093295824,7
"['V10', 'V5', 'V17', 'V21', 'V20', 'V2', 'V12']",0.5918367346938775,0.8285714285714286,0.6904761904761905,0.696822626649628,7
"['V10', 'V5', 'V21', 'V19', 'V20', 'V2', 'V12']",0.5918367346938775,0.8285714285714286,0.6904761904761905,0.6855915099430486,7
"['V4', 'V14', 'V16', 'V19', 'V12']",0.5918367346938775,0.8055555555555556,0.6823529411764706,0.6989470931031002,5
"['V4', 'V14', 'V16', 'V17', 'V19']",0.5918367346938775,0.8055555555555556,0.6823529411764706,0.6957371751926378,5
"['V4', 'V14', 'V8', 'V19', 'V12']",0.5918367346938775,0.7631578947368421,0.6666666666666666,0.6871395448459258,5
"['V4', 'V14', 'V8', 'V2', 'V12']",0.5918367346938775,0.7631578947368421,0.6666666666666666,0.6904816701566602,5
"['V4', 'V14', 'V10', 'V20', 'V2']",0.5918367346938775,0.6904761904761905,0.6373626373626373,0.7016165208011954,5
"['V10', 'V16', 'V5', 'V17', 'V19', 'V20', 'V12']",0.5918367346938775,0.8285714285714286,0.6904761904761905,0.6971422451477357,7
"['V10', 'V16', 'V8', 'V17', 'V21', 'V20', 'V12']",0.5918367346938775,0.8055555555555556,0.6823529411764706,0.7000774422592725,7
"['V10', 'V16', 'V8', 'V21', 'V19', 'V2', 'V12']",0.5918367346938775,0.8055555555555556,0.6823529411764706,0.6961232779604114,7
"['V4', 'V14', 'V21', 'V19', 'V12']",0.5918367346938775,0.7837837837837838,0.6744186046511628,0.6880377451237168,5
"['V4', 'V14', 'V17', 'V20', 'V2']",0.5918367346938775,0.8055555555555556,0.6823529411764706,0.6891494141764688,5
"['V4', 'V14', 'V17', 'V19', 'V2']",0.5918367346938775,0.8169014084507042,0.6863905325443787,0.6858943752977406,5
"['V4', 'V14', 'V17', 'V19', 'V20']",0.5918367346938775,0.8055555555555556,0.6823529411764706,0.6871023027004802,5
"['V4', 'V14', 'V17', 'V21', 'V2']",0.5918367346938775,0.8169014084507042,0.6863905325443787,0.6966241718633054,5
"['V4', 'V14', 'V5', 'V17', 'V2']",0.5918367346938775,0.8055555555555556,0.6823529411764706,0.6886292107617547,5
"['V10', 'V16', 'V5', 'V17', 'V19', 'V2', 'V12']",0.5918367346938775,0.8285714285714286,0.6904761904761905,0.6966729137290721,7
"['V10', 'V16', 'V5', 'V17', 'V20', 'V2', 'V12']",0.5918367346938775,0.8285714285714286,0.6904761904761905,0.6986381694717967,7
"['V10', 'V16', 'V5', 'V19', 'V20', 'V2', 'V12']",0.5918367346938775,0.8285714285714286,0.6904761904761905,0.6933949048754531,7
"['V10', 'V8', 'V5', 'V17', 'V21', 'V19', 'V2']",0.5918367346938775,0.8285714285714286,0.6904761904761905,0.663671070115135,7
"['V10', 'V8', 'V5', 'V17', 'V21', 'V20', 'V2']",0.5918367346938775,0.8285714285714286,0.6904761904761905,0.664776664110871,7
"['V10', 'V8', 'V5', 'V17', 'V21', 'V2', 'V12']",0.5918367346938775,0.8285714285714286,0.6904761904761905,0.7052300343794059,7
"['V4', 'V14', 'V10', 'V20', 'V12']",0.5918367346938775,0.7160493827160493,0.6480446927374302,0.706568832050168,5
"['V4', 'V14', 'V10', 'V19', 'V12']",0.5918367346938775,0.725,0.651685393258427,0.7084467439036594,5
"['V4', 'V14', 'V16', 'V5', 'V17', 'V21', 'V19', 'V12']",0.5918367346938775,0.8055555555555556,0.6823529411764706,0.6995114594406995,8
"['V4', 'V14', 'V16', 'V8', 'V5', 'V19', 'V20', 'V12']",0.5918367346938775,0.8055555555555556,0.6823529411764706,0.7149490137117952,8
"['V4', 'V14', 'V10', 'V17', 'V21', 'V19', 'V20', 'V12']",0.5918367346938775,0.7945205479452054,0.6783625730994152,0.7079307637475867,8
"['V4', 'V14', 'V10', 'V17', 'V21', 'V19', 'V2', 'V12']",0.5918367346938775,0.7837837837837838,0.6744186046511628,0.7082352257007419,8
"['V4', 'V14', 'V16', 'V8', 'V5', 'V17', 'V19', 'V20']",0.5918367346938775,0.8055555555555556,0.6823529411764706,0.7093798342696765,8
"['V4', 'V14', 'V16', 'V8', 'V5', 'V17', 'V19', 'V12']",0.5918367346938775,0.8055555555555556,0.6823529411764706,0.7120775358300826,8
"['V4', 'V14', 'V16', 'V8', 'V5', 'V17', 'V20', 'V12']",0.5918367346938775,0.8169014084507042,0.6863905325443787,0.7142760605685565,8
"['V4', 'V14', 'V16', 'V8', 'V5', 'V21', 'V19', 'V12']",0.5918367346938775,0.8169014084507042,0.6863905325443787,0.717558239679905,8
"['V4', 'V14', 'V16', 'V8', 'V17', 'V21', 'V19', 'V12']",0.5918367346938775,0.8169014084507042,0.6863905325443787,0.716047002532244,8
"['V4', 'V14', 'V10', 'V5', 'V17', 'V19', 'V2', 'V12']",0.5918367346938775,0.7837837837837838,0.6744186046511628,0.7162079031668143,8
"['V4', 'V14', 'V16', 'V8', 'V17', 'V19', 'V20', 'V12']",0.5918367346938775,0.8169014084507042,0.6863905325443787,0.7150054197679325,8
"['V10', 'V5', 'V20', 'V12']",0.5918367346938775,0.8285714285714286,0.6904761904761905,0.6850970632763942,4
"['V4', 'V14', 'V16', 'V8', 'V21', 'V19', 'V20', 'V12']",0.5918367346938775,0.8169014084507042,0.6863905325443787,0.7153595668229749,8
"['V10', 'V5', 'V21', 'V12']",0.5918367346938775,0.8285714285714286,0.6904761904761905,0.687304119449566,4
"['V4', 'V14', 'V16', 'V8', 'V21', 'V19', 'V2', 'V12']",0.5918367346938775,0.8169014084507042,0.6863905325443787,0.7147490807284665,8
"['V4', 'V14', 'V16', 'V8', 'V19', 'V20', 'V2', 'V12']",0.5918367346938775,0.8055555555555556,0.6823529411764706,0.7142600465743651,8
"['V4', 'V14', 'V10', 'V17', 'V21', 'V19', 'V20', 'V2']",0.5918367346938775,0.7945205479452054,0.6783625730994152,0.7102097483070222,8
"['V4', 'V14', 'V10', 'V5', 'V17', 'V21', 'V19', 'V12']",0.5918367346938775,0.8055555555555556,0.6823529411764706,0.7130964335946886,8
"['V4', 'V14', 'V10', 'V19', 'V2']",0.5918367346938775,0.7073170731707317,0.6444444444444445,0.7054401043932902,5
"['V4', 'V14', 'V10', 'V16', 'V8', 'V17', 'V20', 'V12']",0.5918367346938775,0.8169014084507042,0.6863905325443787,0.7369262298142935,8
"['V4', 'V14', 'V10', 'V21', 'V12']",0.5918367346938775,0.7160493827160493,0.6480446927374302,0.7036937855072355,5
"['V4', 'V14', 'V10', 'V17', 'V20']",0.5918367346938775,0.8055555555555556,0.6823529411764706,0.7114594975101187,5
"['V4', 'V14', 'V10', 'V17', 'V21']",0.5918367346938775,0.8169014084507042,0.6863905325443787,0.7104923128671635,5
"['V4', 'V14', 'V10', 'V8', 'V17']",0.5918367346938775,0.8169014084507042,0.6863905325443787,0.7260898192733898,5
"['V4', 'V14', 'V10', 'V16', 'V12']",0.5918367346938775,0.8055555555555556,0.6823529411764706,0.7169219051817369,5
"['V4', 'V14', 'V10', 'V16', 'V17']",0.5918367346938775,0.8055555555555556,0.6823529411764706,0.7165349878268996,5
"['V4', 'V14', 'V10', 'V16', 'V5', 'V17', 'V21', 'V12']",0.5918367346938775,0.8169014084507042,0.6863905325443787,0.7176935719229393,8
"['V4', 'V14', 'V10', 'V8', 'V17', 'V21', 'V20', 'V12']",0.5918367346938775,0.8169014084507042,0.6863905325443787,0.7321977581447355,8
"['V4', 'V14', 'V10', 'V16', 'V17', 'V21', 'V19', 'V12']",0.5918367346938775,0.8055555555555556,0.6823529411764706,0.7110735927321229,8
"['V4', 'V14', 'V10', 'V16', 'V17', 'V21', 'V20', 'V12']",0.5918367346938775,0.8055555555555556,0.6823529411764706,0.715053224300589,8
"['V4', 'V14', 'V10', 'V16', 'V17', 'V21', 'V2', 'V12']",0.5918367346938775,0.8055555555555556,0.6823529411764706,0.7160826399530545,8
"['V4', 'V14', 'V10', 'V16', 'V17', 'V19', 'V20', 'V12']",0.5918367346938775,0.8055555555555556,0.6823529411764706,0.7157922561569479,8
"['V4', 'V14', 'V10', 'V16', 'V21', 'V19', 'V2', 'V12']",0.5918367346938775,0.8055555555555556,0.6823529411764706,0.7145941643973471,8
"['V4', 'V14', 'V10', 'V16', 'V21', 'V20', 'V2', 'V12']",0.5918367346938775,0.8055555555555556,0.6823529411764706,0.7167046577936194,8
"['V14', 'V10', 'V16', 'V5', 'V19', 'V20', 'V2', 'V12']",0.5918367346938775,0.8169014084507042,0.6863905325443787,0.721026420367129,8
"['V14', 'V10', 'V16', 'V17', 'V19', 'V20', 'V2', 'V12']",0.5918367346938775,0.8169014084507042,0.6863905325443787,0.7199907986823004,8
"['V4', 'V10', 'V16', 'V8', 'V2']",0.5918367346938775,0.8169014084507042,0.6863905325443787,0.6801648381176791,5
"['V17', 'V14', 'V10', 'V8', 'V16', 'V11']",0.5918367346938775,0.8285714285714286,0.6904761904761905,0.7362294300035923,6
"['V4', 'V14', 'V12']",0.5918367346938775,0.7733333333333333,0.6705202312138728,0.6820958846719556,3
"['V17', 'V14', 'V10', 'V8', 'V16', 'V6', 'V9']",0.5918367346938775,0.8285714285714286,0.6904761904761905,0.7376472342020517,7
"['V17', 'V14', 'V10', 'V8', 'V16', 'Amount']",0.5918367346938775,0.8285714285714286,0.6904761904761905,0.7388088017952932,6
"['V17', 'V14', 'V10', 'V8', 'V16', 'V20']",0.5918367346938775,0.8285714285714286,0.6904761904761905,0.7361129971195759,6
"['V17', 'V14', 'V10', 'V8', 'V16', 'V19']",0.5918367346938775,0.8285714285714286,0.6904761904761905,0.7365049819956714,6
"['V17', 'V14', 'V10', 'V8', 'V16', 'V18']",0.5918367346938775,0.8285714285714286,0.6904761904761905,0.7372163235126243,6
"['V17', 'V14', 'V10', 'V8', 'V16', 'V9']",0.5918367346938775,0.8285714285714286,0.6904761904761905,0.735681069611028,6
"['V14', 'V8', 'V5', 'V17', 'V21', 'V19', 'V20', 'V2', 'V12']",0.5918367346938775,0.8169014084507042,0.6863905325443787,0.7087340208829825,9
"['V17', 'V14', 'V10', 'V8', 'V16', 'V7']",0.5918367346938775,0.8285714285714286,0.6904761904761905,0.7361376129565914,6
"['V17', 'V14', 'V10', 'V8', 'V16', 'V3']",0.5918367346938775,0.8285714285714286,0.6904761904761905,0.7360190872276404,6
"['V17', 'V14', 'V10', 'V8', 'V16', 'V2']",0.5918367346938775,0.8285714285714286,0.6904761904761905,0.7357694604494432,6
"['V17', 'V14', 'V10', 'V8', 'V16', 'V1']",0.5918367346938775,0.8285714285714286,0.6904761904761905,0.7368058172330466,6
"['V17', 'V14', 'V10', 'V8', 'V21']",0.5918367346938775,0.8169014084507042,0.6863905325443787,0.7302686829049748,5
"['V17', 'V14', 'V10', 'V8', 'V20']",0.5918367346938775,0.8285714285714286,0.6904761904761905,0.726290204723719,5
"['V10', 'V8', 'V5', 'V17', 'V21', 'V19', 'V20', 'V2', 'V12']",0.5918367346938775,0.8285714285714286,0.6904761904761905,0.7033126649494058,9
"['V14', 'V16', 'V5', 'V17', 'V21', 'V19', 'V20', 'V2', 'V12']",0.5918367346938775,0.8169014084507042,0.6863905325443787,0.7009054751640709,9
"['V17', 'V14', 'V10', 'V8', 'V12']",0.5918367346938775,0.8285714285714286,0.6904761904761905,0.7345270296949781,5
"['V14', 'V10', 'V16', 'V5', 'V17', 'V19', 'V20', 'V2', 'V12']",0.5918367346938775,0.8169014084507042,0.6863905325443787,0.719761008495996,9
"['V4', 'V16', 'V8', 'V17', 'V21', 'V19', 'V20', 'V2', 'V12']",0.5918367346938775,0.7945205479452054,0.6783625730994152,0.6599917774924009,9
"['V14', 'V16', 'V17']",0.5918367346938775,0.8055555555555556,0.6823529411764706,0.6733678621508347,3
"['V14', 'V16', 'V5']",0.5918367346938775,0.8055555555555556,0.6823529411764706,0.6701254231534733,3
"['V14', 'V10', 'V5']",0.5918367346938775,0.7341772151898734,0.655367231638418,0.6943120895916696,3
"['V14', 'V10', 'V16']",0.5918367346938775,0.8169014084507042,0.6863905325443787,0.7146827636962912,3
"['V14', 'V10', 'V16', 'V8', 'V17', 'V19', 'V20', 'V2', 'V12']",0.5918367346938775,0.8285714285714286,0.6904761904761905,0.7348088359635232,9
"['V14', 'V10', 'V16', 'V17', 'V21', 'V19', 'V20', 'V2', 'V12']",0.5918367346938775,0.8169014084507042,0.6863905325443787,0.7188992939480167,9
"['V14', 'V16', 'V8', 'V17', 'V21', 'V19', 'V20', 'V2', 'V12']",0.5918367346938775,0.8169014084507042,0.6863905325443787,0.7121096620982514,9
"['V14', 'V10', 'V8', 'V5', 'V17', 'V19', 'V20', 'V2', 'V12']",0.5918367346938775,0.8169014084507042,0.6863905325443787,0.7299526670011659,9
"['V14', 'V10', 'V8', 'V5', 'V21', 'V19', 'V20', 'V2', 'V12']",0.5918367346938775,0.8169014084507042,0.6863905325443787,0.7267339575319388,9
"['V14', 'V16', 'V8', 'V5', 'V17', 'V21', 'V19', 'V20', 'V2']",0.5918367346938775,0.8055555555555556,0.6823529411764706,0.6848907460602027,9
"['V14', 'V16', 'V8', 'V5', 'V17', 'V21', 'V19', 'V20', 'V12']",0.5918367346938775,0.8169014084507042,0.6863905325443787,0.7110733063045107,9
"['V14', 'V16', 'V8', 'V5', 'V17', 'V21', 'V19', 'V2', 'V12']",0.5918367346938775,0.8169014084507042,0.6863905325443787,0.7121630359050202,9
"['V14', 'V16', 'V8', 'V5', 'V17', 'V21', 'V20', 'V2', 'V12']",0.5918367346938775,0.8169014084507042,0.6863905325443787,0.7128232853212165,9
"['V17', 'V14', 'V10', 'V8', 'V16']",0.5918367346938775,0.8285714285714286,0.6904761904761905,0.7372725284942366,5
"['V17', 'V14', 'V10', 'V8', 'V6']",0.5918367346938775,0.8285714285714286,0.6904761904761905,0.7313557673764658,5
"['V4', 'V16', 'V8', 'V5', 'V17', 'V21', 'V20', 'V2', 'V12']",0.5918367346938775,0.8055555555555556,0.6823529411764706,0.6603516659482029,9
"['V14', 'V12', 'V4', 'V8']",0.5918367346938775,0.7733333333333333,0.6705202312138728,0.6859692677961713,4
"['V14', 'V12', 'V4', 'V16', 'V7']",0.5918367346938775,0.8169014084507042,0.6863905325443787,0.7008371016236336,5
"['V14', 'V12', 'V4', 'V21']",0.5918367346938775,0.7837837837837838,0.6744186046511628,0.6859829450801262,4
"['V14', 'V12', 'V4', 'V19']",0.5918367346938775,0.7733333333333333,0.6705202312138728,0.6825746062288253,4
"['V14', 'V12', 'V4', 'V11']",0.5918367346938775,0.7837837837837838,0.6744186046511628,0.6835609820635169,4
"['V14', 'V12', 'V4', 'V10']",0.5918367346938775,0.7073170731707317,0.6444444444444445,0.7053455438256123,4
"['V14', 'V12', 'V4', 'V9']",0.5918367346938775,0.6904761904761905,0.6373626373626373,0.6918253329385735,4
"['V14', 'V10', 'V16', 'V5', 'V17', 'V21', 'V19', 'V20', 'V2', 'V12']",0.5918367346938775,0.8169014084507042,0.6863905325443787,0.721349644285082,10
"['V14', 'V12', 'V4', 'V16', 'V10']",0.5918367346938775,0.8055555555555556,0.6823529411764706,0.7169219051817369,5
"['V14', 'V12', 'V4', 'V3']",0.5918367346938775,0.7733333333333333,0.6705202312138728,0.6824466750359913,4
"['V14', 'V12', 'V4', 'V1']",0.5918367346938775,0.7733333333333333,0.6705202312138728,0.6847139439110813,4
"['V14', 'V16', 'V8', 'V5', 'V17', 'V21', 'V19', 'V20', 'V2', 'V12']",0.5918367346938775,0.8169014084507042,0.6863905325443787,0.7110931189969992,10
"['V14', 'V12', 'V9']",0.5918367346938775,0.725,0.651685393258427,0.6969982086035732,3
"['V4', 'V14', 'V16', 'V8', 'V5', 'V17', 'V21', 'V19', 'V20', 'V2', 'V12']",0.5918367346938775,0.8055555555555556,0.6823529411764706,0.7152368203107902,11
"['V14', 'V12', 'V4']",0.5918367346938775,0.7733333333333333,0.6705202312138728,0.6820958846719556,3
"['V14', 'V12', 'V4', 'V16', 'V9']",0.5918367346938775,0.7945205479452054,0.6783625730994152,0.7086807940021315,5
"['V14', 'V12', 'V4', 'V16', 'V19']",0.5918367346938775,0.8055555555555556,0.6823529411764706,0.6989470931031002,5
"['V17', 'V14', 'V10', 'V8', 'V5']",0.5918367346938775,0.8285714285714286,0.6904761904761905,0.731207332098033,5
"['V4', 'V14', 'V16', 'V8', 'V5', 'V17', 'V21', 'V19', 'V20', 'V12']",0.5918367346938775,0.8169014084507042,0.6863905325443787,0.7135602870944294,10
"['V17', 'V14', 'V10', 'V8', 'V4']",0.5918367346938775,0.8169014084507042,0.6863905325443787,0.7260898192733898,5
"['V4', 'V14', 'V10', 'V16', 'V5', 'V17', 'V21', 'V20', 'V2', 'V12']",0.5918367346938775,0.8055555555555556,0.6823529411764706,0.719097492763332,10
"['V17', 'V14', 'V10', 'V20']",0.5918367346938775,0.8169014084507042,0.6863905325443787,0.7099406408601049,4
"['V17', 'V14', 'V10', 'V16']",0.5918367346938775,0.8169014084507042,0.6863905325443787,0.7163968782338351,4
"['V17', 'V14', 'V10', 'V6']",0.5918367346938775,0.8169014084507042,0.6863905325443787,0.7083718559429157,4
"['V17', 'V14', 'V10', 'V5']",0.5918367346938775,0.7945205479452054,0.6783625730994152,0.711771862572366,4
"['V17', 'V14', 'V10', 'V2']",0.5918367346938775,0.8285714285714286,0.6904761904761905,0.709631517590403,4
"['V4', 'V10', 'V16', 'V8', 'V17', 'V21', 'V19', 'V20', 'V2', 'V12']",0.5918367346938775,0.8055555555555556,0.6823529411764706,0.7071566987949612,10
"['V4', 'V14', 'V16', 'V8', 'V5', 'V21', 'V19', 'V20', 'V2', 'V12']",0.5918367346938775,0.8169014084507042,0.6863905325443787,0.7153690243955714,10
"['V4', 'V14', 'V16', 'V8', 'V17', 'V21', 'V19', 'V20', 'V2', 'V12']",0.5918367346938775,0.8285714285714286,0.6904761904761905,0.7145873228070969,10
"['V4', 'V14', 'V16', 'V5', 'V17', 'V21', 'V19', 'V20', 'V2', 'V12']",0.5918367346938775,0.8055555555555556,0.6823529411764706,0.6996243849370009,10
"['V17', 'V14', 'V16']",0.5918367346938775,0.8055555555555556,0.6823529411764706,0.6733678621508347,3
"['V4', 'V14', 'V8', 'V5', 'V17', 'V21', 'V19', 'V20', 'V2', 'V12']",0.5918367346938775,0.8285714285714286,0.6904761904761905,0.7103178914037406,10
"['V4', 'V10', 'V16', 'V8', 'V5', 'V17', 'V19', 'V20', 'V2', 'V12']",0.5918367346938775,0.8055555555555556,0.6823529411764706,0.7016119347663536,10
"['V4', 'V16', 'V8', 'V5', 'V17', 'V19', 'V20', 'V2', 'V12']",0.5918367346938775,0.8055555555555556,0.6823529411764706,0.6573108228206888,9
"['V4', 'V16', 'V8', 'V5', 'V17', 'V21', 'V19', 'V20', 'V12']",0.5918367346938775,0.8055555555555556,0.6823529411764706,0.6612368707079783,9
"['V14', 'V10', 'V16', 'V21', 'V19', 'V20', 'V2', 'V12']",0.5918367346938775,0.8285714285714286,0.6904761904761905,0.7181301476000832,8
"['V10', 'V16', 'V8', 'V5', 'V17', 'V19', 'V2', 'V12']",0.5918367346938775,0.8285714285714286,0.6904761904761905,0.6984371689181506,8
"['V14', 'V16', 'V5', 'V21', 'V19', 'V20', 'V2', 'V12']",0.5918367346938775,0.8169014084507042,0.6863905325443787,0.6972645532254141,8
"['V14', 'V8', 'V5', 'V17', 'V21', 'V19', 'V20', 'V12']",0.5918367346938775,0.8169014084507042,0.6863905325443787,0.7085281968223194,8
"['V14', 'V8', 'V5', 'V17', 'V21', 'V19', 'V2', 'V12']",0.5918367346938775,0.8169014084507042,0.6863905325443787,0.7084672393503295,8
"['V14', 'V8', 'V5', 'V17', 'V21', 'V20', 'V2', 'V12']",0.5918367346938775,0.8169014084507042,0.6863905325443787,0.7096578993063073,8
"['V14', 'V8', 'V5', 'V21', 'V19', 'V20', 'V2', 'V12']",0.5918367346938775,0.8169014084507042,0.6863905325443787,0.6937551709919868,8
"['V14', 'V8', 'V17', 'V21', 'V19', 'V20', 'V2', 'V12']",0.5918367346938775,0.8169014084507042,0.6863905325443787,0.7081737781677705,8
"['V10', 'V16', 'V5', 'V17', 'V21', 'V19', 'V20', 'V12']",0.5918367346938775,0.8285714285714286,0.6904761904761905,0.7022682615112501,8
"['V14', 'V16', 'V8', 'V17', 'V21', 'V20', 'V2', 'V12']",0.5918367346938775,0.8169014084507042,0.6863905325443787,0.7131223396233202,8
"['V4', 'V10', 'V16', 'V12']",0.5918367346938775,0.7837837837837838,0.6744186046511628,0.6987573175200372,4
"['V10', 'V16', 'V5', 'V17', 'V19', 'V20', 'V2', 'V12']",0.5918367346938775,0.8285714285714286,0.6904761904761905,0.6934540521995568,8
"['V10', 'V8', 'V5', 'V17', 'V21', 'V19', 'V20', 'V2']",0.5918367346938775,0.8285714285714286,0.6904761904761905,0.6633349543436405,8
"['V10', 'V8', 'V5', 'V17', 'V21', 'V19', 'V20', 'V12']",0.5918367346938775,0.8285714285714286,0.6904761904761905,0.7036534656743801,8
"['V10', 'V8', 'V5', 'V17', 'V21', 'V19', 'V2', 'V12']",0.5918367346938775,0.8285714285714286,0.6904761904761905,0.7045503650564137,8
"['V10', 'V8', 'V5', 'V17', 'V21', 'V20', 'V2', 'V12']",0.5918367346938775,0.8285714285714286,0.6904761904761905,0.7058305584453277,8
"['V14', 'V16', 'V5', 'V17', 'V21', 'V19', 'V20', 'V2']",0.5918367346938775,0.8055555555555556,0.6823529411764706,0.678774105201525,8
"['V14', 'V16', 'V8', 'V17', 'V21', 'V19', 'V2', 'V12']",0.5918367346938775,0.8169014084507042,0.6863905325443787,0.7125326892347507,8
"['V4', 'V14', 'V19', 'V12']",0.5918367346938775,0.7733333333333333,0.6705202312138728,0.6825746062288253,4
"['V14', 'V10', 'V5', 'V17', 'V19', 'V20', 'V2', 'V12']",0.5918367346938775,0.8169014084507042,0.6863905325443787,0.7169075414022243,8
"['V14', 'V10', 'V8', 'V5', 'V17', 'V19', 'V20', 'V2']",0.5918367346938775,0.8285714285714286,0.6904761904761905,0.7297243743450983,8
"['V14', 'V10', 'V8', 'V5', 'V21', 'V19', 'V20', 'V12']",0.5918367346938775,0.8169014084507042,0.6863905325443787,0.7289208673395068,8
"['V14', 'V10', 'V8', 'V5', 'V21', 'V19', 'V2', 'V12']",0.5918367346938775,0.8285714285714286,0.6904761904761905,0.7266558368767351,8
"['V14', 'V10', 'V8', 'V5', 'V19', 'V20', 'V2', 'V12']",0.5918367346938775,0.8169014084507042,0.6863905325443787,0.7226056135813196,8
"['V14', 'V10', 'V8', 'V17', 'V21', 'V20', 'V2', 'V12']",0.5918367346938775,0.8169014084507042,0.6863905325443787,0.7334129494453034,8
"['V14', 'V10', 'V5', 'V17', 'V21', 'V19', 'V20', 'V2']",0.5918367346938775,0.8169014084507042,0.6863905325443787,0.7105663341917026,8
"['V14', 'V10', 'V5', 'V21', 'V19', 'V20', 'V2', 'V12']",0.5918367346938775,0.8055555555555556,0.6823529411764706,0.7131096590962318,8
"['V14', 'V16', 'V8', 'V17', 'V21', 'V19', 'V20', 'V12']",0.5918367346938775,0.8169014084507042,0.6863905325443787,0.7130942911697048,8
"['V14', 'V16', 'V8', 'V5', 'V17', 'V21', 'V19', 'V20']",0.5918367346938775,0.8055555555555556,0.6823529411764706,0.6859468502349744,8
"['V14', 'V16', 'V8', 'V5', 'V17', 'V21', 'V19', 'V12']",0.5918367346938775,0.8169014084507042,0.6863905325443787,0.7124027150488913,8
"['V14', 'V16', 'V8', 'V5', 'V17', 'V21', 'V20', 'V2']",0.5918367346938775,0.8055555555555556,0.6823529411764706,0.6856304866086255,8
"['V14', 'V16', 'V8', 'V5', 'V17', 'V21', 'V20', 'V12']",0.5918367346938775,0.8169014084507042,0.6863905325443787,0.7129398612048805,8
"['V14', 'V16', 'V8', 'V5', 'V17', 'V21', 'V2', 'V12']",0.5918367346938775,0.8169014084507042,0.6863905325443787,0.7141480266087141,8
"['V14', 'V16', 'V8', 'V17', 'V21', 'V19', 'V20', 'V2']",0.5918367346938775,0.8055555555555556,0.6823529411764706,0.6854856935951663,8
"['V10', 'V8', 'V5', 'V21', 'V19', 'V20', 'V2', 'V12']",0.5918367346938775,0.8285714285714286,0.6904761904761905,0.6956082336189766,8
"['V10', 'V5', 'V17', 'V21', 'V19', 'V20', 'V2', 'V12']",0.5918367346938775,0.8285714285714286,0.6904761904761905,0.6949303909083389,8
"['V4', 'V10', 'V5', 'V17', 'V21', 'V19', 'V20', 'V2', 'V12']",0.5918367346938775,0.8055555555555556,0.6823529411764706,0.6957322310942937,9
"['V4', 'V14', 'V8', 'V5', 'V17', 'V21', 'V19', 'V20', 'V12']",0.5918367346938775,0.8285714285714286,0.6904761904761905,0.7093564078403637,9
"['V4', 'V14', 'V16', 'V8', 'V17', 'V21', 'V19', 'V2', 'V12']",0.5918367346938775,0.8055555555555556,0.6823529411764706,0.7158557962857454,9
"['V4', 'V14', 'V16', 'V5', 'V17', 'V21', 'V19', 'V20', 'V12']",0.5918367346938775,0.8055555555555556,0.6823529411764706,0.6996736853675758,9
"['V4', 'V14', 'V16', 'V5', 'V17', 'V21', 'V19', 'V2', 'V12']",0.5918367346938775,0.8055555555555556,0.6823529411764706,0.7007877716801547,9
"['V4', 'V14', 'V16', 'V5', 'V17', 'V19', 'V20', 'V2', 'V12']",0.5918367346938775,0.8055555555555556,0.6823529411764706,0.6963243831922005,9
"['V4', 'V14', 'V16', 'V5', 'V21', 'V19', 'V20', 'V2', 'V12']",0.5918367346938775,0.8055555555555556,0.6823529411764706,0.7005756286369756,9
"['V4', 'V14', 'V16', 'V17', 'V21', 'V19', 'V20', 'V2', 'V12']",0.5918367346938775,0.8055555555555556,0.6823529411764706,0.7006303499289783,9
"['V4', 'V14', 'V8', 'V5', 'V17', 'V21', 'V20', 'V2', 'V12']",0.5918367346938775,0.8285714285714286,0.6904761904761905,0.7104724382688989,9
"['V4', 'V14', 'V16', 'V8', 'V5', 'V19', 'V20', 'V2', 'V12']",0.5918367346938775,0.8055555555555556,0.6823529411764706,0.714464415676233,9
"['V4', 'V14', 'V8', 'V5', 'V21', 'V19', 'V20', 'V2', 'V12']",0.5918367346938775,0.7733333333333333,0.6705202312138728,0.6997746343423078,9
"['V4', 'V14', 'V8', 'V17', 'V21', 'V19', 'V20', 'V2', 'V12']",0.5918367346938775,0.8285714285714286,0.6904761904761905,0.7088097902568526,9
"['V4', 'V10', 'V16', 'V8', 'V5', 'V17', 'V20', 'V2', 'V12']",0.5918367346938775,0.8055555555555556,0.6823529411764706,0.7036001204298851,9
"['V4', 'V10', 'V16', 'V8', 'V5', 'V19', 'V20', 'V2', 'V12']",0.5918367346938775,0.8055555555555556,0.6823529411764706,0.7045236863771784,9
"['V4', 'V10', 'V16', 'V5', 'V17', 'V21', 'V19', 'V20', 'V12']",0.5918367346938775,0.8055555555555556,0.6823529411764706,0.7011643071097572,9
"['V4', 'V10', 'V16', 'V5', 'V17', 'V21', 'V19', 'V2', 'V12']",0.5918367346938775,0.8055555555555556,0.6823529411764706,0.6970241940122022,9
"['V4', 'V14', 'V16', 'V8', 'V17', 'V21', 'V19', 'V20', 'V12']",0.5918367346938775,0.8169014084507042,0.6863905325443787,0.7155280726978026,9
"['V4', 'V14', 'V16', 'V8', 'V5', 'V21', 'V19', 'V2', 'V12']",0.5918367346938775,0.8169014084507042,0.6863905325443787,0.7139488090286122,9
"['V4', 'V14', 'V21', 'V12']",0.5918367346938775,0.7837837837837838,0.6744186046511628,0.6859829450801262,4
"['V4', 'V14', 'V10', 'V16', 'V17', 'V21', 'V20', 'V2', 'V12']",0.5918367346938775,0.8055555555555556,0.6823529411764706,0.7155058550287476,9
"['V4', 'V14', 'V17', 'V20']",0.5918367346938775,0.8055555555555556,0.6823529411764706,0.6866673927449346,4
"['V4', 'V14', 'V17', 'V19']",0.5918367346938775,0.8055555555555556,0.6823529411764706,0.6800839443002324,4
"['V4', 'V14', 'V8', 'V12']",0.5918367346938775,0.7733333333333333,0.6705202312138728,0.6859692677961713,4
"['V4', 'V14', 'V10', 'V12']",0.5918367346938775,0.7073170731707317,0.6444444444444445,0.7053455438256123,4
"['V4', 'V14', 'V10', 'V2']",0.5918367346938775,0.6904761904761905,0.6373626373626373,0.7009543347358628,4
"['V4', 'V14', 'V10', 'V16', 'V17', 'V21', 'V19', 'V2', 'V12']",0.5918367346938775,0.8055555555555556,0.6823529411764706,0.7144151704984808,9
"['V4', 'V14', 'V10', 'V8', 'V17', 'V21', 'V19', 'V20', 'V12']",0.5918367346938775,0.8285714285714286,0.6904761904761905,0.7321610109166382,9
"['V4', 'V14', 'V16', 'V8', 'V5', 'V21', 'V19', 'V20', 'V12']",0.5918367346938775,0.8169014084507042,0.6863905325443787,0.7158908085261422,9
"['V4', 'V14', 'V10', 'V5', 'V17', 'V19', 'V20', 'V2', 'V12']",0.5918367346938775,0.7837837837837838,0.6744186046511628,0.7163348066181242,9
"['V4', 'V14', 'V10', 'V17', 'V21', 'V19', 'V20', 'V2', 'V12']",0.5918367346938775,0.7945205479452054,0.6783625730994152,0.70824931115892,9
"['V4', 'V14', 'V16', 'V8', 'V5', 'V17', 'V21', 'V19', 'V12']",0.5918367346938775,0.8169014084507042,0.6863905325443787,0.7135531459279956,9
"['V4', 'V14', 'V16', 'V8', 'V5', 'V17', 'V21', 'V20', 'V12']",0.5918367346938775,0.8285714285714286,0.6904761904761905,0.7140320335472643,9
"['V4', 'V14', 'V16', 'V8', 'V5', 'V17', 'V19', 'V20', 'V12']",0.5918367346938775,0.8169014084507042,0.6863905325443787,0.713417197346649,9
"['V4', 'V14', 'V16', 'V8', 'V5', 'V17', 'V19', 'V2', 'V12']",0.5918367346938775,0.8169014084507042,0.6863905325443787,0.7146855035302165,9
"['V4', 'V10', 'V16', 'V8', 'V20']",0.5918367346938775,0.8055555555555556,0.6823529411764706,0.6798522587372974,5
"['V14', 'V10', 'V16', 'V17', 'V19', 'V20']",0.5918367346938775,0.8169014084507042,0.6863905325443787,0.7169754651141891,6
"['V10', 'V16', 'V8', 'V5', 'V17', 'V2', 'V12']",0.5918367346938775,0.8285714285714286,0.6904761904761905,0.699606439381624,7
"['V14', 'V10', 'V16', 'V8', 'V17', 'V19', 'V12']",0.5918367346938775,0.8285714285714286,0.6904761904761905,0.7370158413247618,7
"['V14', 'V10', 'V16', 'V19', 'V20']",0.5918367346938775,0.8169014084507042,0.6863905325443787,0.7171857673655162,5
"['V14', 'V10', 'V16', 'V2', 'V12']",0.5918367346938775,0.8285714285714286,0.6904761904761905,0.7225103536580255,5
"['V14', 'V10', 'V8', 'V5', 'V17']",0.5918367346938775,0.8285714285714286,0.6904761904761905,0.731207332098033,5
"['V14', 'V10', 'V8', 'V5', 'V19']",0.5918367346938775,0.7631578947368421,0.6666666666666666,0.7142397989370584,5
"['V14', 'V10', 'V8', 'V5', 'V20']",0.5918367346938775,0.7435897435897436,0.6590909090909091,0.7071946671113633,5
"['V14', 'V10', 'V8', 'V5', 'V2']",0.5918367346938775,0.7341772151898734,0.655367231638418,0.7045827386377329,5
"['V14', 'V10', 'V8', 'V17', 'V21']",0.5918367346938775,0.8169014084507042,0.6863905325443787,0.7302686829049748,5
"['V14', 'V10', 'V8', 'V17', 'V20']",0.5918367346938775,0.8285714285714286,0.6904761904761905,0.726290204723719,5
"['V14', 'V10', 'V8', 'V17', 'V12']",0.5918367346938775,0.8285714285714286,0.6904761904761905,0.7345270296949781,5
"['V14', 'V10', 'V8', 'V21', 'V19']",0.5918367346938775,0.7945205479452054,0.6783625730994152,0.7168530890098356,5
"['V14', 'V10', 'V8', 'V21', 'V2']",0.5918367346938775,0.7532467532467533,0.6628571428571428,0.7101666752607801,5
"['V14', 'V10', 'V8', 'V21', 'V12']",0.5918367346938775,0.8169014084507042,0.6863905325443787,0.7232605270319459,5
"['V14', 'V10', 'V8', 'V19', 'V20']",0.5918367346938775,0.7837837837837838,0.6744186046511628,0.7125997222103819,5
"['V14', 'V10', 'V8', 'V20', 'V2']",0.5918367346938775,0.7435897435897436,0.6590909090909091,0.7073398445962891,5
"['V14', 'V10', 'V16', 'V21', 'V20']",0.5918367346938775,0.8169014084507042,0.6863905325443787,0.7184281982571222,5
"['V14', 'V10', 'V8', 'V20', 'V12']",0.5918367346938775,0.7945205479452054,0.6783625730994152,0.7187594741130013,5
"['V14', 'V10', 'V5', 'V17', 'V21']",0.5918367346938775,0.8055555555555556,0.6823529411764706,0.7117993102155312,5
"['V14', 'V10', 'V5', 'V17', 'V19']",0.5918367346938775,0.7945205479452054,0.6783625730994152,0.7112810806761721,5
"['V14', 'V10', 'V5', 'V17', 'V20']",0.5918367346938775,0.7945205479452054,0.6783625730994152,0.7112133539253127,5
"['V14', 'V10', 'V5', 'V17', 'V12']",0.5918367346938775,0.8169014084507042,0.6863905325443787,0.7158510430857973,5
"['V14', 'V10', 'V5', 'V21', 'V20']",0.5918367346938775,0.7435897435897436,0.6590909090909091,0.6959631210247313,5
"['V14', 'V10', 'V5', 'V21', 'V2']",0.5918367346938775,0.7532467532467533,0.6628571428571428,0.698312006321839,5
"['V14', 'V10', 'V5', 'V19', 'V20']",0.5918367346938775,0.7733333333333333,0.6705202312138728,0.7033860430069743,5
"['V14', 'V10', 'V5', 'V19', 'V2']",0.5918367346938775,0.7631578947368421,0.6666666666666666,0.7034878407931247,5
"['V14', 'V10', 'V5', 'V19', 'V12']",0.5918367346938775,0.8055555555555556,0.6823529411764706,0.7103423812938685,5
"['V14', 'V10', 'V5', 'V20', 'V12']",0.5918367346938775,0.7733333333333333,0.6705202312138728,0.7086552398825678,5
"['V14', 'V10', 'V5', 'V2', 'V12']",0.5918367346938775,0.7733333333333333,0.6705202312138728,0.7093063525538849,5
"['V14', 'V10', 'V16', 'V8', 'V17', 'V19', 'V20']",0.5918367346938775,0.8285714285714286,0.6904761904761905,0.7346099561613345,7
"['V14', 'V10', 'V16', 'V21', 'V12']",0.5918367346938775,0.8169014084507042,0.6863905325443787,0.7174281751691342,5
"['V14', 'V10', 'V16', 'V21', 'V19']",0.5918367346938775,0.8169014084507042,0.6863905325443787,0.7168489840102619,5
"['V14', 'V10', 'V5', 'V17', 'V19', 'V20', 'V12']",0.5918367346938775,0.8169014084507042,0.6863905325443787,0.7163426639021598,7
"['V14', 'V10', 'V16', 'V21', 'V19', 'V2', 'V12']",0.5918367346938775,0.8285714285714286,0.6904761904761905,0.7209781019972944,7
"['V14', 'V10', 'V5', 'V17', 'V21', 'V19', 'V20']",0.5918367346938775,0.7945205479452054,0.6783625730994152,0.7111298690302399,7
"['V14', 'V10', 'V8', 'V21', 'V19', 'V2', 'V12']",0.5918367346938775,0.8169014084507042,0.6863905325443787,0.7244382639369537,7
"['V14', 'V10', 'V8', 'V21', 'V19', 'V20', 'V12']",0.5918367346938775,0.8169014084507042,0.6863905325443787,0.7262348498541347,7
"['V14', 'V10', 'V8', 'V17', 'V19', 'V2', 'V12']",0.5918367346938775,0.8169014084507042,0.6863905325443787,0.7301919376820425,7
"['V14', 'V10', 'V8', 'V17', 'V21', 'V19', 'V12']",0.5918367346938775,0.8169014084507042,0.6863905325443787,0.7303984049146884,7
"['V14', 'V10', 'V8', 'V17', 'V21', 'V19', 'V2']",0.5918367346938775,0.8285714285714286,0.6904761904761905,0.7311112298416523,7
"['V14', 'V10', 'V8', 'V5', 'V19', 'V20', 'V2']",0.5918367346938775,0.7733333333333333,0.6705202312138728,0.7131528620304614,7
"['V14', 'V10', 'V8', 'V5', 'V21', 'V20', 'V2']",0.5918367346938775,0.7532467532467533,0.6628571428571428,0.7089665143924874,7
"['V14', 'V10', 'V8', 'V5', 'V21', 'V19', 'V12']",0.5918367346938775,0.8169014084507042,0.6863905325443787,0.7265747470672737,7
"['V14', 'V10', 'V8', 'V5', 'V17', 'V20', 'V2']",0.5918367346938775,0.8285714285714286,0.6904761904761905,0.7302417159310366,7
"['V14', 'V10', 'V8', 'V5', 'V17', 'V19', 'V2']",0.5918367346938775,0.8285714285714286,0.6904761904761905,0.729466747398648,7
"['V14', 'V10', 'V8', 'V5', 'V17', 'V19', 'V20']",0.5918367346938775,0.8169014084507042,0.6863905325443787,0.7306960812558639,7
"['V14', 'V10', 'V16', 'V19', 'V20', 'V2', 'V12']",0.5918367346938775,0.8285714285714286,0.6904761904761905,0.7181186955542905,7
"['V14', 'V10', 'V16', 'V17', 'V19', 'V2', 'V12']",0.5918367346938775,0.8169014084507042,0.6863905325443787,0.7212014348188492,7
"['V14', 'V10', 'V16', 'V17', 'V12']",0.5918367346938775,0.8169014084507042,0.6863905325443787,0.7147786962368189,5
"['V14', 'V10', 'V16', 'V17', 'V21', 'V19', 'V12']",0.5918367346938775,0.8169014084507042,0.6863905325443787,0.7151195318951702,7
"['V14', 'V10', 'V16', 'V17', 'V21', 'V19', 'V20']",0.5918367346938775,0.8169014084507042,0.6863905325443787,0.7179344877302245,7
"['V14', 'V10', 'V16', 'V5', 'V19', 'V2', 'V12']",0.5918367346938775,0.8169014084507042,0.6863905325443787,0.7223193312200682,7
"['V14', 'V10', 'V16', 'V5', 'V21', 'V2', 'V12']",0.5918367346938775,0.8169014084507042,0.6863905325443787,0.7228854755747648,7
"['V14', 'V10', 'V16', 'V5', 'V17', 'V19', 'V12']",0.5918367346938775,0.8169014084507042,0.6863905325443787,0.7202251407041363,7
"['V14', 'V10', 'V16', 'V8', 'V19', 'V2', 'V12']",0.5918367346938775,0.8285714285714286,0.6904761904761905,0.7376018271579566,7
"['V14', 'V10', 'V16', 'V8', 'V17']",0.5918367346938775,0.8285714285714286,0.6904761904761905,0.7372725284942366,5
"['V14', 'V10', 'V16', 'V8', 'V19']",0.5918367346938775,0.8285714285714286,0.6904761904761905,0.7377863139874156,5
"['V14', 'V10', 'V16', 'V8', 'V20']",0.5918367346938775,0.8285714285714286,0.6904761904761905,0.7393595601478968,5
"['V14', 'V10', 'V16', 'V8', 'V2']",0.5918367346938775,0.8285714285714286,0.6904761904761905,0.7386346287852193,5
"['V14', 'V10', 'V16', 'V17', 'V21']",0.5918367346938775,0.8169014084507042,0.6863905325443787,0.7184752844363687,5
"['V14', 'V10', 'V16', 'V17', 'V19']",0.5918367346938775,0.8169014084507042,0.6863905325443787,0.7168539606432657,5
"['V14', 'V10', 'V16', 'V17', 'V20']",0.5918367346938775,0.8169014084507042,0.6863905325443787,0.7178430242696248,5
"['V14', 'V10', 'V17', 'V21', 'V20']",0.5918367346938775,0.8055555555555556,0.6823529411764706,0.7120293436067596,5
"['V14', 'V10', 'V17', 'V21', 'V2']",0.5918367346938775,0.8285714285714286,0.6904761904761905,0.7097454023139045,5
"['V14', 'V10', 'V17', 'V19', 'V2']",0.5918367346938775,0.8285714285714286,0.6904761904761905,0.7064644343186695,5
"['V14', 'V8', 'V21', 'V2', 'V12']",0.5918367346938775,0.8169014084507042,0.6863905325443787,0.6902040127307091,5
"['V4', 'V10', 'V8', 'V5', 'V19', 'V20', 'V12']",0.5918367346938775,0.7945205479452054,0.6783625730994152,0.6975522861056589,7
"['V4', 'V10', 'V8', 'V5', 'V17', 'V2', 'V12']",0.5918367346938775,0.8055555555555556,0.6823529411764706,0.6985193738164974,7
"['V4', 'V10', 'V8', 'V5', 'V17', 'V20', 'V12']",0.5918367346938775,0.7945205479452054,0.6783625730994152,0.7014450020479265,7
"['V14', 'V8', 'V5', 'V21', 'V12']",0.5918367346938775,0.8169014084507042,0.6863905325443787,0.6957084893472014,5
"['V4', 'V10', 'V16', 'V19', 'V20', 'V2', 'V12']",0.5918367346938775,0.8055555555555556,0.6823529411764706,0.7001772265265284,7
"['V4', 'V10', 'V16', 'V21', 'V19', 'V20', 'V12']",0.5918367346938775,0.7837837837837838,0.6744186046511628,0.698319820404798,7
"['V14', 'V8', 'V17', 'V21', 'V12']",0.5918367346938775,0.8169014084507042,0.6863905325443787,0.7112712043546051,5
"['V4', 'V10', 'V16', 'V5', 'V19', 'V20', 'V12']",0.5918367346938775,0.8055555555555556,0.6823529411764706,0.7052241190551576,7
"['V4', 'V10', 'V16', 'V5', 'V19', 'V20', 'V2']",0.5918367346938775,0.7945205479452054,0.6783625730994152,0.6878040507084138,7
"['V4', 'V10', 'V16', 'V5', 'V21', 'V2', 'V12']",0.5918367346938775,0.8055555555555556,0.6823529411764706,0.7031856635694275,7
"['V4', 'V10', 'V16', 'V5', 'V21', 'V19', 'V12']",0.5918367346938775,0.8169014084507042,0.6863905325443787,0.7021495713666495,7
"['V14', 'V8', 'V21', 'V19', 'V12']",0.5918367346938775,0.8285714285714286,0.6904761904761905,0.6959345546514837,5
"['V14', 'V8', 'V21', 'V20', 'V12']",0.5918367346938775,0.8285714285714286,0.6904761904761905,0.6912274111565491,5
"['V4', 'V10', 'V16', 'V5', 'V17', 'V20', 'V12']",0.5918367346938775,0.8169014084507042,0.6863905325443787,0.7025872135979127,7
"['V14', 'V10', 'V17', 'V20', 'V2']",0.5918367346938775,0.8285714285714286,0.6904761904761905,0.7085795486140837,5
"['V4', 'V10', 'V16', 'V5', 'V17', 'V19', 'V12']",0.5918367346938775,0.8169014084507042,0.6863905325443787,0.7025934371737655,7
"['V4', 'V10', 'V16', 'V5', 'V17', 'V21', 'V12']",0.5918367346938775,0.8169014084507042,0.6863905325443787,0.7035602957079392,7
"['V4', 'V10', 'V16', 'V5', 'V17', 'V21', 'V20']",0.5918367346938775,0.8055555555555556,0.6823529411764706,0.6924177742773456,7
"['V4', 'V10', 'V16', 'V8', 'V19', 'V2', 'V12']",0.5918367346938775,0.8055555555555556,0.6823529411764706,0.7017274487921001,7
"['V4', 'V10', 'V16', 'V8', 'V19', 'V20', 'V2']",0.5918367346938775,0.8169014084507042,0.6863905325443787,0.6914891970617832,7
"['V4', 'V10', 'V16', 'V8', 'V21', 'V20', 'V2']",0.5918367346938775,0.8169014084507042,0.6863905325443787,0.695508740191365,7
"['V4', 'V10', 'V16', 'V8', 'V21', 'V19', 'V20']",0.5918367346938775,0.8055555555555556,0.6823529411764706,0.6911931020987393,7
"['V4', 'V10', 'V16', 'V8', 'V17', 'V20', 'V12']",0.5918367346938775,0.7945205479452054,0.6783625730994152,0.7010964512170269,7
"['V4', 'V10', 'V16', 'V8', 'V5', 'V17', 'V20']",0.5918367346938775,0.7945205479452054,0.6783625730994152,0.6816214008783209,7
"['V4', 'V10', 'V16', 'V8', 'V5', 'V17', 'V21']",0.5918367346938775,0.7945205479452054,0.6783625730994152,0.6762071780360658,7
"['V4', 'V14', 'V17', 'V21', 'V19', 'V20', 'V2']",0.5918367346938775,0.8169014084507042,0.6863905325443787,0.6941967425367107,7
"['V10', 'V16', 'V8', 'V5', 'V12']",0.5918367346938775,0.8285714285714286,0.6904761904761905,0.6997519594612379,5
"['V4', 'V14', 'V5', 'V17', 'V20', 'V2', 'V12']",0.5918367346938775,0.8169014084507042,0.6863905325443787,0.6938109262693409,7
"['V4', 'V10', 'V8', 'V5', 'V19', 'V2', 'V12']",0.5918367346938775,0.8055555555555556,0.6823529411764706,0.6902700028624229,7
"['V4', 'V10', 'V5', 'V17', 'V21', 'V19', 'V12']",0.5918367346938775,0.8169014084507042,0.6863905325443787,0.6995094547553884,7
"['V4', 'V10', 'V5', 'V17', 'V21', 'V20', 'V12']",0.5918367346938775,0.8055555555555556,0.6823529411764706,0.6972094932320534,7
"['V4', 'V10', 'V5', 'V17', 'V21', 'V2', 'V12']",0.5918367346938775,0.8055555555555556,0.6823529411764706,0.6957539545713409,7
"['V14', 'V10', 'V17', 'V2', 'V12']",0.5918367346938775,0.8285714285714286,0.6904761904761905,0.7129884154940076,5
"['V14', 'V10', 'V21', 'V19', 'V2']",0.5918367346938775,0.7945205479452054,0.6783625730994152,0.7040344716630947,5
"['V14', 'V10', 'V21', 'V2', 'V12']",0.5918367346938775,0.8169014084507042,0.6863905325443787,0.710377021327825,5
"['V14', 'V10', 'V19', 'V20', 'V2']",0.5918367346938775,0.7733333333333333,0.6705202312138728,0.7054740656619984,5
"['V14', 'V10', 'V16', 'V8', 'V5', 'V19', 'V20']",0.5918367346938775,0.8285714285714286,0.6904761904761905,0.7377228953983043,7
"['V14', 'V16', 'V8', 'V5', 'V17']",0.5918367346938775,0.7945205479452054,0.6783625730994152,0.6788676127475192,5
"['V14', 'V16', 'V8', 'V5', 'V21']",0.5918367346938775,0.7945205479452054,0.6783625730994152,0.6836406957501358,5
"['V4', 'V16', 'V8', 'V17', 'V20', 'V2', 'V12']",0.5918367346938775,0.7945205479452054,0.6783625730994152,0.6593500072947805,7
"['V4', 'V16', 'V8', 'V17', 'V19', 'V2', 'V12']",0.5918367346938775,0.7945205479452054,0.6783625730994152,0.6572763376400664,7
"['V4', 'V16', 'V8', 'V17', 'V19', 'V20', 'V12']",0.5918367346938775,0.8055555555555556,0.6823529411764706,0.6649029529195559,7
"['V4', 'V16', 'V8', 'V17', 'V21', 'V2', 'V12']",0.5918367346938775,0.7837837837837838,0.6744186046511628,0.6620069839956435,7
"['V4', 'V16', 'V8', 'V17', 'V21', 'V20', 'V12']",0.5918367346938775,0.8055555555555556,0.6823529411764706,0.6681724433270555,7
"['V4', 'V16', 'V8', 'V17', 'V21', 'V19', 'V12']",0.5918367346938775,0.8055555555555556,0.6823529411764706,0.6681837985467104,7
"['V14', 'V16', 'V5', 'V17', 'V19']",0.5918367346938775,0.8055555555555556,0.6823529411764706,0.6715664264622501,5
"['V14', 'V16', 'V5', 'V17', 'V20']",0.5918367346938775,0.8055555555555556,0.6823529411764706,0.6758506242425147,5
"['V14', 'V16', 'V5', 'V17', 'V2']",0.5918367346938775,0.8055555555555556,0.6823529411764706,0.6741036037749588,5
"['V14', 'V16', 'V5', 'V21', 'V2']",0.5918367346938775,0.8055555555555556,0.6823529411764706,0.6718455584181242,5
"['V14', 'V16', 'V5', 'V19', 'V20']",0.5918367346938775,0.8055555555555556,0.6823529411764706,0.6738965241563268,5
"['V14', 'V16', 'V5', 'V19', 'V12']",0.5918367346938775,0.8169014084507042,0.6863905325443787,0.6971864964187574,5
"['V4', 'V16', 'V8', 'V5', 'V17', 'V2', 'V12']",0.5918367346938775,0.8055555555555556,0.6823529411764706,0.659510847030813,7
"['V14', 'V16', 'V5', 'V20', 'V12']",0.5918367346938775,0.8169014084507042,0.6863905325443787,0.7005568757547328,5
"['V14', 'V16', 'V17', 'V21', 'V19']",0.5918367346938775,0.8055555555555556,0.6823529411764706,0.6742853461366689,5
"['V14', 'V16', 'V17', 'V21', 'V20']",0.5918367346938775,0.8055555555555556,0.6823529411764706,0.6762945251528678,5
"['V4', 'V16', 'V8', 'V5', 'V17', 'V21', 'V12']",0.5918367346938775,0.8055555555555556,0.6823529411764706,0.6641020923509536,7
"['V14', 'V16', 'V17', 'V19', 'V20']",0.5918367346938775,0.8055555555555556,0.6823529411764706,0.6729689482507454,5
"['V4', 'V10', 'V5', 'V21', 'V19', 'V20', 'V12']",0.5918367346938775,0.8055555555555556,0.6823529411764706,0.6986415840627772,7
"['V4', 'V10', 'V5', 'V17', 'V19', 'V20', 'V12']",0.5918367346938775,0.8055555555555556,0.6823529411764706,0.6955560305410379,7
"['V14', 'V10', 'V5', 'V17', 'V21', 'V20', 'V12']",0.5918367346938775,0.8169014084507042,0.6863905325443787,0.7152120298385443,7
"['V14', 'V10', 'V16', 'V8', 'V17', 'V20', 'V12']",0.5918367346938775,0.8285714285714286,0.6904761904761905,0.7369893348139135,7
"['V14', 'V16', 'V5', 'V17', 'V21', 'V19', 'V20']",0.5918367346938775,0.8055555555555556,0.6823529411764706,0.6780493406888621,7
"['V14', 'V8', 'V17', 'V21', 'V19', 'V20', 'V12']",0.5918367346938775,0.8169014084507042,0.6863905325443787,0.7078951497450994,7
"['V4', 'V10', 'V16', 'V20', 'V12']",0.5918367346938775,0.7945205479452054,0.6783625730994152,0.6979224387824027,5
"['V14', 'V16', 'V5', 'V21', 'V19', 'V20', 'V12']",0.5918367346938775,0.8169014084507042,0.6863905325443787,0.7000734682533462,7
"['V10', 'V16', 'V8', 'V5', 'V17', 'V19', 'V12']",0.5918367346938775,0.8285714285714286,0.6904761904761905,0.6977983135489124,7
"['V14', 'V16', 'V8', 'V5', 'V17', 'V19', 'V20']",0.5918367346938775,0.8055555555555556,0.6823529411764706,0.6797364323648246,7
"['V14', 'V16', 'V8', 'V17', 'V19', 'V20', 'V2']",0.5918367346938775,0.8055555555555556,0.6823529411764706,0.6803840398221701,7
"['V4', 'V16', 'V8', 'V17', 'V12']",0.5918367346938775,0.8055555555555556,0.6823529411764706,0.6677732959766466,5
"['V4', 'V10', 'V16', 'V20', 'V2']",0.5918367346938775,0.8169014084507042,0.6863905325443787,0.6853768539804109,5
"['V14', 'V16', 'V8', 'V17', 'V21', 'V2', 'V12']",0.5918367346938775,0.8169014084507042,0.6863905325443787,0.7139286760332075,7
"['V14', 'V16', 'V8', 'V5', 'V17', 'V21', 'V19']",0.5918367346938775,0.8055555555555556,0.6823529411764706,0.6860421634670428,7
"['V14', 'V8', 'V5', 'V21', 'V19', 'V20', 'V12']",0.5918367346938775,0.8169014084507042,0.6863905325443787,0.6949463831055955,7
"['V14', 'V8', 'V5', 'V21', 'V19', 'V2', 'V12']",0.5918367346938775,0.8169014084507042,0.6863905325443787,0.6939340766001082,7
"['V10', 'V16', 'V8', 'V5', 'V17', 'V21', 'V2']",0.5918367346938775,0.8285714285714286,0.6904761904761905,0.6707864681035961,7
"['V4', 'V10', 'V5', 'V17', 'V12']",0.5918367346938775,0.8169014084507042,0.6863905325443787,0.6987214135135152,5
"['V14', 'V16', 'V8', 'V5', 'V17', 'V21', 'V20']",0.5918367346938775,0.8055555555555556,0.6823529411764706,0.686739737149221,7
"['V14', 'V8', 'V5', 'V21', 'V20', 'V2', 'V12']",0.5918367346938775,0.8169014084507042,0.6863905325443787,0.6899212167911175,7
"['V14', 'V16', 'V8', 'V17', 'V21', 'V19', 'V12']",0.5918367346938775,0.8169014084507042,0.6863905325443787,0.7123626775242415,7
"['V14', 'V16', 'V8', 'V5', 'V17', 'V21', 'V12']",0.5918367346938775,0.8169014084507042,0.6863905325443787,0.7143380038620564,7
"['V4', 'V16', 'V8', 'V21', 'V12']",0.5918367346938775,0.8055555555555556,0.6823529411764706,0.6620498799596028,5
"['V14', 'V16', 'V8', 'V5', 'V21', 'V19', 'V20']",0.5918367346938775,0.7945205479452054,0.6783625730994152,0.685082150564947,7
"['V4', 'V10', 'V16', 'V19', 'V12']",0.5918367346938775,0.7945205479452054,0.6783625730994152,0.6983379989331634,5
"['V14', 'V16', 'V17', 'V21', 'V19', 'V20', 'V12']",0.5918367346938775,0.8169014084507042,0.6863905325443787,0.6988072073763956,7
"['V4', 'V10', 'V16', 'V21', 'V12']",0.5918367346938775,0.7837837837837838,0.6744186046511628,0.6963778937272034,5
"['V4', 'V10', 'V16', 'V19', 'V20']",0.5918367346938775,0.8055555555555556,0.6823529411764706,0.6818190550964435,5
"['V14', 'V16', 'V5', 'V17', 'V19', 'V20', 'V2']",0.5918367346938775,0.8055555555555556,0.6823529411764706,0.6747472376306327,7
"['V14', 'V10', 'V17', 'V19', 'V20', 'V2', 'V12']",0.5918367346938775,0.8285714285714286,0.6904761904761905,0.7128451257715642,7
"['V14', 'V16', 'V8', 'V5', 'V19', 'V20', 'V12']",0.5918367346938775,0.8055555555555556,0.6823529411764706,0.7051274853048526,7
"['V14', 'V10', 'V5', 'V21', 'V20', 'V2', 'V12']",0.5918367346938775,0.8055555555555556,0.6823529411764706,0.7118671048893541,7
"['V14', 'V10', 'V5', 'V17', 'V20', 'V2', 'V12']",0.5918367346938775,0.8169014084507042,0.6863905325443787,0.7171733884585145,7
"['V14', 'V16', 'V5', 'V17', 'V21', 'V19', 'V2']",0.5918367346938775,0.8055555555555556,0.6823529411764706,0.675310707626091,7
"['V14', 'V16', 'V8', 'V17', 'V21', 'V19', 'V20']",0.5918367346938775,0.8055555555555556,0.6823529411764706,0.6857820029394934,7
"['V14', 'V10', 'V5', 'V21', 'V19', 'V20', 'V2']",0.5918367346938775,0.7733333333333333,0.6705202312138728,0.7030960662104399,7
"['V14', 'V16', 'V5', 'V17', 'V21', 'V20', 'V2']",0.5918367346938775,0.8169014084507042,0.6863905325443787,0.679589793700806,7
"['V14', 'V16', 'V5', 'V19', 'V20', 'V2', 'V12']",0.5918367346938775,0.8169014084507042,0.6863905325443787,0.6972596700595132,7
"['V14', 'V8', 'V5', 'V17', 'V21', 'V19', 'V12']",0.5918367346938775,0.8169014084507042,0.6863905325443787,0.7080395697710313,7
"['V14', 'V10', 'V5', 'V21', 'V19', 'V20', 'V12']",0.5918367346938775,0.7837837837837838,0.6744186046511628,0.7104456056344965,7
"['V14', 'V10', 'V5', 'V21', 'V19', 'V2', 'V12']",0.5918367346938775,0.8055555555555556,0.6823529411764706,0.7138770966489342,7
"['V14', 'V8', 'V21', 'V19', 'V20', 'V2', 'V12']",0.5918367346938775,0.8169014084507042,0.6863905325443787,0.6914137964334673,7
"['V4', 'V16', 'V8', 'V5', 'V12']",0.5918367346938775,0.8055555555555556,0.6823529411764706,0.661908299280827,5
"['V14', 'V16', 'V8', 'V5', 'V17', 'V20', 'V2']",0.5918367346938775,0.8055555555555556,0.6823529411764706,0.684065311517356,7
"['V14', 'V8', 'V5', 'V17', 'V21', 'V20', 'V12']",0.5918367346938775,0.8169014084507042,0.6863905325443787,0.7090762252731386,7
"['V4', 'V10', 'V16', 'V5', 'V2']",0.5918367346938775,0.8055555555555556,0.6823529411764706,0.6776973887540192,5
"['V14', 'V8', 'V17', 'V21', 'V20', 'V2', 'V12']",0.5918367346938775,0.8169014084507042,0.6863905325443787,0.7088472706439912,7
"['V4', 'V10', 'V16', 'V5', 'V12']",0.5918367346938775,0.8169014084507042,0.6863905325443787,0.7036771518341334,5
"['V14', 'V10', 'V5', 'V19', 'V20', 'V2', 'V12']",0.5918367346938775,0.8055555555555556,0.6823529411764706,0.7110923305725436,7
"['V14', 'V10', 'V17', 'V21', 'V19', 'V20', 'V2']",0.5918367346938775,0.8169014084507042,0.6863905325443787,0.7067441943717241,7
"['V14', 'V16', 'V17', 'V21', 'V19', 'V20', 'V2']",0.5918367346938775,0.8169014084507042,0.6863905325443787,0.6808553375384194,7
"['V14', 'V10', 'V5', 'V17', 'V19', 'V2', 'V12']",0.5918367346938775,0.8169014084507042,0.6863905325443787,0.7166710238303243,7
"['V14', 'V8', 'V5', 'V17', 'V21', 'V2', 'V12']",0.5918367346938775,0.8169014084507042,0.6863905325443787,0.7090246614663733,7
"['V14', 'V8', 'V17', 'V21', 'V19', 'V2', 'V12']",0.5918367346938775,0.8169014084507042,0.6863905325443787,0.7051679076914501,7
"['V4', 'V10', 'V5', 'V20', 'V12']",0.5918367346938775,0.8055555555555556,0.6823529411764706,0.6919050768662929,5
"['V14', 'V16', 'V17', 'V19', 'V20', 'V2', 'V12']",0.5816326530612245,0.8142857142857143,0.6785714285714286,0.6958084548975446,7
"['V14', 'V16', 'V17', 'V21', 'V19', 'V2', 'V12']",0.5816326530612245,0.8142857142857143,0.6785714285714286,0.6958614871457445,7
"['V14', 'V16', 'V17', 'V21', 'V20', 'V2', 'V12']",0.5816326530612245,0.8142857142857143,0.6785714285714286,0.698858953103667,7
"['V14', 'V16', 'V5', 'V21', 'V20', 'V2', 'V12']",0.5816326530612245,0.8142857142857143,0.6785714285714286,0.7014811308501019,7
"['V4', 'V16', 'V8', 'V5', 'V20', 'V2', 'V12']",0.5816326530612245,0.8028169014084507,0.6745562130177515,0.6542237049910882,7
"['V4', 'V16', 'V8', 'V5', 'V19', 'V2', 'V12']",0.5816326530612245,0.8028169014084507,0.6745562130177515,0.6545888139179619,7
"['V4', 'V16', 'V8', 'V5', 'V19', 'V20', 'V12']",0.5816326530612245,0.8028169014084507,0.6745562130177515,0.655007392332048,7
"['V14', 'V16', 'V21', 'V19', 'V20', 'V2', 'V12']",0.5816326530612245,0.8142857142857143,0.6785714285714286,0.6997832173560876,7
"['V4', 'V14', 'V5', 'V17', 'V21', 'V19', 'V20', 'V2', 'V12']",0.5816326530612245,0.8142857142857143,0.6785714285714286,0.6965399242376376,9
"['V4', 'V16', 'V8', 'V5', 'V21', 'V20', 'V12']",0.5816326530612245,0.8028169014084507,0.6745562130177515,0.6529405078474234,7
"['V14', 'V8', 'V5', 'V17', 'V21', 'V19', 'V20']",0.5816326530612245,0.8142857142857143,0.6785714285714286,0.6833054982661739,7
"['V4', 'V10', 'V16', 'V8', 'V17', 'V21', 'V19', 'V20', 'V2']",0.5816326530612245,0.8142857142857143,0.6785714285714286,0.6980179192919912,9
"['V4', 'V10', 'V16', 'V8', 'V17', 'V21', 'V19', 'V2', 'V12']",0.5816326530612245,0.8028169014084507,0.6745562130177515,0.7058616318201512,9
"['V4', 'V10', 'V16', 'V8', 'V17', 'V19', 'V20', 'V2', 'V12']",0.5816326530612245,0.8028169014084507,0.6745562130177515,0.7027887420291867,9
"['V14', 'V10', 'V8', 'V20', 'V2', 'V12']",0.5816326530612245,0.8142857142857143,0.6785714285714286,0.7197193123677404,6
"['V14', 'V10', 'V5', 'V19', 'V20', 'V12']",0.5816326530612245,0.7916666666666666,0.6705882352941176,0.7102949728798655,6
"['V14', 'V10', 'V17', 'V19', 'V20', 'V12']",0.5816326530612245,0.8028169014084507,0.6745562130177515,0.7103864552577723,6
"['V14', 'V16', 'V5', 'V21', 'V19', 'V2', 'V12']",0.5816326530612245,0.8142857142857143,0.6785714285714286,0.696467213424062,7
"['V4', 'V14', 'V10', 'V17', 'V21', 'V20', 'V2', 'V12']",0.5816326530612245,0.7916666666666666,0.6705882352941176,0.7082762331136756,8
"['V14', 'V16', 'V5', 'V17', 'V19', 'V20', 'V12']",0.5816326530612245,0.8142857142857143,0.6785714285714286,0.6974089150657625,7
"['V14', 'V16', 'V8', 'V5', 'V21', 'V2']",0.5816326530612245,0.7916666666666666,0.6705882352941176,0.6807829960496904,6
"['V14', 'V16', 'V8', 'V5', 'V19', 'V20']",0.5816326530612245,0.7916666666666666,0.6705882352941176,0.6807856996920151,6
"['V14', 'V16', 'V8', 'V5', 'V19', 'V12']",0.5816326530612245,0.8028169014084507,0.6745562130177515,0.7034109652274587,6
"['V14', 'V16', 'V8', 'V5', 'V20', 'V2']",0.5816326530612245,0.8028169014084507,0.6745562130177515,0.6783376100494032,6
"['V14', 'V16', 'V8', 'V5', 'V20', 'V12']",0.5816326530612245,0.8142857142857143,0.6785714285714286,0.7062692559341854,6
"['V14', 'V16', 'V8', 'V5', 'V2', 'V12']",0.5816326530612245,0.8142857142857143,0.6785714285714286,0.7039716971115215,6
"['V14', 'V16', 'V8', 'V5', 'V17', 'V12']",0.5816326530612245,0.8142857142857143,0.6785714285714286,0.7053932878090938,6
"['V14', 'V16', 'V5', 'V17', 'V21', 'V2', 'V12']",0.5816326530612245,0.8142857142857143,0.6785714285714286,0.7008481510409287,7
"['V14', 'V16', 'V8', 'V17', 'V21', 'V19']",0.5816326530612245,0.8028169014084507,0.6745562130177515,0.6862234893580794,6
"['V14', 'V16', 'V8', 'V17', 'V21', 'V20']",0.5816326530612245,0.8028169014084507,0.6745562130177515,0.6874790446726823,6
"['V14', 'V16', 'V8', 'V17', 'V21', 'V2']",0.5816326530612245,0.8028169014084507,0.6745562130177515,0.6856112548037074,6
"['V14', 'V16', 'V5', 'V17', 'V21', 'V20', 'V12']",0.5816326530612245,0.8142857142857143,0.6785714285714286,0.700817753810211,7
"['V14', 'V16', 'V5', 'V17', 'V21', 'V19', 'V12']",0.5816326530612245,0.8142857142857143,0.6785714285714286,0.6960617530474423,7
"['V14', 'V16', 'V5', 'V17', 'V19', 'V2', 'V12']",0.5816326530612245,0.8142857142857143,0.6785714285714286,0.6986706999321366,7
"['V14', 'V16', 'V8', 'V5', 'V17', 'V2']",0.5816326530612245,0.7916666666666666,0.6705882352941176,0.678695422983215,6
"['V4', 'V16', 'V8', 'V21', 'V19', 'V20', 'V12']",0.5816326530612245,0.8028169014084507,0.6745562130177515,0.6607015016767405,7
"['V4', 'V14', 'V10', 'V8', 'V17', 'V19', 'V20', 'V2', 'V12']",0.5816326530612245,0.8142857142857143,0.6785714285714286,0.7309201035733219,9
"['V4', 'V16', 'V8', 'V21', 'V19', 'V2', 'V12']",0.5816326530612245,0.7916666666666666,0.6705882352941176,0.656633159579448,7
"['V14', 'V10', 'V17', 'V21', 'V19', 'V12']",0.5816326530612245,0.8028169014084507,0.6745562130177515,0.7094475444146376,6
"['V4', 'V16', 'V8', 'V21', 'V20', 'V2', 'V12']",0.5816326530612245,0.7916666666666666,0.6705882352941176,0.6575722557233241,7
"['V4', 'V16', 'V8', 'V19', 'V20', 'V2', 'V12']",0.5816326530612245,0.7916666666666666,0.6705882352941176,0.6546775200542143,7
"['V4', 'V16', 'V5', 'V17', 'V20', 'V2', 'V12']",0.5816326530612245,0.7916666666666666,0.6705882352941176,0.6455854063929,7
"['V4', 'V16', 'V8', 'V5', 'V21', 'V19', 'V12']",0.5816326530612245,0.8028169014084507,0.6745562130177515,0.6586170821013034,7
"['V4', 'V14', 'V10', 'V8', 'V17', 'V19', 'V20', 'V12']",0.5816326530612245,0.8260869565217391,0.6826347305389222,0.7312649862207398,8
"['V14', 'V16', 'V5', 'V17', 'V20', 'V2', 'V12']",0.5816326530612245,0.8142857142857143,0.6785714285714286,0.7009221947248504,7
"['V4', 'V14', 'V10', 'V8', 'V17', 'V19', 'V2', 'V12']",0.5816326530612245,0.8142857142857143,0.6785714285714286,0.7302924548208912,8
"['V4', 'V14', 'V10', 'V8', 'V17', 'V20', 'V2', 'V12']",0.5816326530612245,0.8142857142857143,0.6785714285714286,0.7308082136512393,8
"['V14', 'V10', 'V21', 'V20', 'V2', 'V12']",0.5816326530612245,0.8142857142857143,0.6785714285714286,0.7082390774690493,6
"['V14', 'V10', 'V19', 'V20', 'V2', 'V12']",0.5816326530612245,0.8142857142857143,0.6785714285714286,0.7088431965917065,6
"['V14', 'V16', 'V5', 'V21', 'V19', 'V20', 'V2']",0.5816326530612245,0.7916666666666666,0.6705882352941176,0.678812475054725,7
"['V4', 'V14', 'V10', 'V5', 'V17', 'V19', 'V20', 'V12']",0.5816326530612245,0.7916666666666666,0.6705882352941176,0.7140271132713621,8
"['V14', 'V10', 'V8', 'V19', 'V2', 'V12']",0.5816326530612245,0.8142857142857143,0.6785714285714286,0.7224553210490904,6
"['V4', 'V10', 'V16', 'V17', 'V19', 'V20', 'V2', 'V12']",0.5816326530612245,0.8142857142857143,0.6785714285714286,0.6957180154259818,8
"['V14', 'V8', 'V5', 'V17', 'V21', 'V19', 'V2']",0.5816326530612245,0.8142857142857143,0.6785714285714286,0.681440397453555,7
"['V4', 'V16', 'V8', 'V5', 'V17', 'V21', 'V19', 'V20', 'V2', 'V12']",0.5816326530612245,0.8028169014084507,0.6745562130177515,0.6604812345032154,10
"['V14', 'V17', 'V21', 'V19', 'V20', 'V2', 'V12']",0.5816326530612245,0.8142857142857143,0.6785714285714286,0.6933291187109135,7
"['V10', 'V16', 'V8', 'V5', 'V17', 'V21', 'V19']",0.5816326530612245,0.8142857142857143,0.6785714285714286,0.6562395419172515,7
"['V4', 'V10', 'V16', 'V8', 'V21', 'V2', 'V12']",0.5816326530612245,0.8028169014084507,0.6745562130177515,0.7047055360146505,7
"['V10', 'V16', 'V8', 'V5', 'V17', 'V21', 'V20']",0.5816326530612245,0.8260869565217391,0.6826347305389222,0.6647253442517198,7
"['V4', 'V14', 'V8', 'V5', 'V17', 'V19', 'V12']",0.5816326530612245,0.8142857142857143,0.6785714285714286,0.6981385063885899,7
"['V4', 'V10', 'V16', 'V8', 'V17', 'V2', 'V12']",0.5816326530612245,0.8028169014084507,0.6745562130177515,0.6957325605031324,7
"['V10', 'V16', 'V5', 'V17', 'V19', 'V20', 'V2']",0.5816326530612245,0.8260869565217391,0.6826347305389222,0.6618916216128977,7
"['V4', 'V10', 'V16', 'V8', 'V17', 'V20', 'V2']",0.5816326530612245,0.8142857142857143,0.6785714285714286,0.6851440703793015,7
"['V4', 'V10', 'V16', 'V8', 'V17', 'V19', 'V12']",0.5816326530612245,0.7808219178082192,0.6666666666666666,0.6982908255141133,7
"['V4', 'V14', 'V8', 'V5', 'V21', 'V20', 'V12']",0.5816326530612245,0.76,0.6589595375722543,0.6960576816807394,7
"['V4', 'V14', 'V8', 'V5', 'V21', 'V2', 'V12']",0.5816326530612245,0.7402597402597403,0.6514285714285715,0.6927922126564797,7
"['V4', 'V10', 'V16', 'V8', 'V5', 'V21', 'V19']",0.5816326530612245,0.7916666666666666,0.6705882352941176,0.6780536128491428,7
"['V4', 'V10', 'V16', 'V8', 'V5', 'V17', 'V19']",0.5816326530612245,0.8028169014084507,0.6745562130177515,0.6679485827725252,7
"['V10', 'V16', 'V8', 'V19', 'V20', 'V2', 'V12']",0.5816326530612245,0.7916666666666666,0.6705882352941176,0.6902446695777607,7
"['V4', 'V14', 'V21', 'V19', 'V20', 'V2', 'V12']",0.5816326530612245,0.7702702702702703,0.6627906976744186,0.6877896111702552,7
"['V14', 'V5', 'V17', 'V19', 'V20', 'V2', 'V12']",0.5816326530612245,0.8142857142857143,0.6785714285714286,0.6948921271558719,7
"['V4', 'V14', 'V17', 'V19', 'V20', 'V2', 'V12']",0.5816326530612245,0.8142857142857143,0.6785714285714286,0.6924491999455454,7
"['V4', 'V14', 'V17', 'V21', 'V20', 'V2', 'V12']",0.5816326530612245,0.8142857142857143,0.6785714285714286,0.69596861393516,7
"['V4', 'V14', 'V17', 'V21', 'V19', 'V2', 'V12']",0.5816326530612245,0.8142857142857143,0.6785714285714286,0.6949485778877106,7
"['V4', 'V14', 'V17', 'V21', 'V19', 'V20', 'V12']",0.5816326530612245,0.8142857142857143,0.6785714285714286,0.6972777132674826,7
"['V4', 'V14', 'V8', 'V17', 'V21', 'V20', 'V12']",0.5816326530612245,0.8260869565217391,0.6826347305389222,0.7095525960759569,7
"['V4', 'V14', 'V5', 'V19', 'V20', 'V2', 'V12']",0.5816326530612245,0.7808219178082192,0.6666666666666666,0.6860374774987752,7
"['V4', 'V14', 'V5', 'V21', 'V20', 'V2', 'V12']",0.5816326530612245,0.76,0.6589595375722543,0.6835262359664809,7
"['V4', 'V14', 'V5', 'V21', 'V19', 'V2', 'V12']",0.5816326530612245,0.7702702702702703,0.6627906976744186,0.6846844499658975,7
"['V4', 'V14', 'V5', 'V21', 'V19', 'V20', 'V12']",0.5816326530612245,0.7808219178082192,0.6666666666666666,0.688235639458571,7
"['V10', 'V16', 'V8', 'V17', 'V19', 'V20', 'V12']",0.5816326530612245,0.8028169014084507,0.6745562130177515,0.6930138684184678,7
"['V4', 'V14', 'V5', 'V17', 'V19', 'V2', 'V12']",0.5816326530612245,0.8260869565217391,0.6826347305389222,0.6906098020691276,7
"['V4', 'V14', 'V5', 'V17', 'V19', 'V20', 'V12']",0.5816326530612245,0.8260869565217391,0.6826347305389222,0.6937615852832621,7
"['V4', 'V14', 'V5', 'V17', 'V21', 'V2', 'V12']",0.5816326530612245,0.8142857142857143,0.6785714285714286,0.6965022770519731,7
"['V4', 'V14', 'V8', 'V21', 'V20', 'V2', 'V12']",0.5816326530612245,0.75,0.6551724137931034,0.6941108255818169,7
"['V14', 'V5', 'V21', 'V19', 'V20', 'V2', 'V12']",0.5816326530612245,0.8142857142857143,0.6785714285714286,0.6843680534416712,7
"['V4', 'V10', 'V16', 'V5', 'V17', 'V19', 'V20']",0.5816326530612245,0.8028169014084507,0.6745562130177515,0.6838617688216413,7
"['V4', 'V10', 'V16', 'V17', 'V21', 'V19', 'V20', 'V2', 'V12']",0.5816326530612245,0.8142857142857143,0.6785714285714286,0.6990230204460341,9
"['V14', 'V8', 'V17', 'V21', 'V19', 'V20', 'V2']",0.5816326530612245,0.8142857142857143,0.6785714285714286,0.6820151318188891,7
"['V4', 'V10', 'V8', 'V5', 'V17', 'V19', 'V20', 'V2', 'V12']",0.5816326530612245,0.7916666666666666,0.6705882352941176,0.6953952464404942,9
"['V14', 'V8', 'V5', 'V17', 'V21', 'V20', 'V2']",0.5816326530612245,0.8142857142857143,0.6785714285714286,0.6825032471120484,7
"['V4', 'V16', 'V8', 'V5', 'V17', 'V21', 'V19', 'V2', 'V12']",0.5816326530612245,0.8028169014084507,0.6745562130177515,0.6598718957641758,9
"['V14', 'V10', 'V8', 'V17', 'V20', 'V12']",0.5816326530612245,0.8260869565217391,0.6826347305389222,0.7290902954790508,6
"['V14', 'V10', 'V8', 'V17', 'V20', 'V2']",0.5816326530612245,0.8260869565217391,0.6826347305389222,0.7305545406513664,6
"['V14', 'V10', 'V8', 'V17', 'V19', 'V2']",0.5816326530612245,0.8260869565217391,0.6826347305389222,0.7301921746638589,6
"['V14', 'V8', 'V5', 'V17', 'V19', 'V20', 'V2']",0.5816326530612245,0.8142857142857143,0.6785714285714286,0.6733010601248891,7
"['V14', 'V8', 'V5', 'V17', 'V19', 'V20', 'V12']",0.5816326530612245,0.8142857142857143,0.6785714285714286,0.6984267885479554,7
"['V14', 'V8', 'V5', 'V17', 'V19', 'V2', 'V12']",0.5816326530612245,0.8142857142857143,0.6785714285714286,0.7004413400366712,7
"['V14', 'V8', 'V5', 'V17', 'V20', 'V2', 'V12']",0.5816326530612245,0.8142857142857143,0.6785714285714286,0.7003389672813888,7
"['V14', 'V16', 'V8', 'V17', 'V19', 'V2']",0.5816326530612245,0.7916666666666666,0.6705882352941176,0.6791377536785316,6
"['V4', 'V10', 'V8', 'V5', 'V20', 'V2', 'V12']",0.5816326530612245,0.8028169014084507,0.6745562130177515,0.6905422562984858,7
"['V14', 'V8', 'V5', 'V19', 'V20', 'V2', 'V12']",0.5816326530612245,0.8142857142857143,0.6785714285714286,0.6843616803981514,7
"['V4', 'V10', 'V8', 'V5', 'V21', 'V20', 'V2']",0.5816326530612245,0.7916666666666666,0.6705882352941176,0.6821746012171601,7
"['V14', 'V16', 'V8', 'V5', 'V17', 'V19', 'V20', 'V2', 'V12']",0.5816326530612245,0.8142857142857143,0.6785714285714286,0.7048969942354901,9
"['V14', 'V5', 'V17', 'V21', 'V20', 'V2', 'V12']",0.5816326530612245,0.8142857142857143,0.6785714285714286,0.6953286101293819,7
"['V4', 'V10', 'V16', 'V21', 'V20', 'V2', 'V12']",0.5816326530612245,0.8028169014084507,0.6745562130177515,0.7007046035846194,7
"['V14', 'V8', 'V17', 'V19', 'V20', 'V2', 'V12']",0.5816326530612245,0.8142857142857143,0.6785714285714286,0.6958091023483348,7
"['V10', 'V16', 'V8', 'V5', 'V17', 'V21', 'V19', 'V20', 'V2']",0.5816326530612245,0.8260869565217391,0.6826347305389222,0.6683744899143852,9
"['V4', 'V10', 'V16', 'V17', 'V19', 'V2', 'V12']",0.5816326530612245,0.8028169014084507,0.6745562130177515,0.698302313551109,7
"['V4', 'V10', 'V16', 'V17', 'V19', 'V20', 'V12']",0.5816326530612245,0.8028169014084507,0.6745562130177515,0.698951036184715,7
"['V4', 'V10', 'V16', 'V17', 'V19', 'V20', 'V2']",0.5816326530612245,0.8142857142857143,0.6785714285714286,0.6881781006291388,7
"['V14', 'V10', 'V16', 'V19', 'V20', 'V12']",0.5816326530612245,0.8142857142857143,0.6785714285714286,0.7160329826192677,6
"['V4', 'V10', 'V16', 'V17', 'V21', 'V20', 'V12']",0.5816326530612245,0.7808219178082192,0.6666666666666666,0.6987676353902043,7
"['V14', 'V5', 'V17', 'V21', 'V19', 'V20', 'V2']",0.5816326530612245,0.8142857142857143,0.6785714285714286,0.6725662025720921,7
"['V14', 'V5', 'V17', 'V21', 'V19', 'V20', 'V12']",0.5816326530612245,0.8142857142857143,0.6785714285714286,0.6950281946375847,7
"['V14', 'V10', 'V16', 'V21', 'V19', 'V12']",0.5816326530612245,0.8142857142857143,0.6785714285714286,0.7162357338560391,6
"['V14', 'V5', 'V17', 'V21', 'V19', 'V2', 'V12']",0.5816326530612245,0.8142857142857143,0.6785714285714286,0.6953478867273474,7
"['V4', 'V10', 'V16', 'V5', 'V21', 'V19', 'V2']",0.5816326530612245,0.8028169014084507,0.6745562130177515,0.6884346858832823,7
"['V14', 'V10', 'V16', 'V17', 'V19', 'V12']",0.5816326530612245,0.8142857142857143,0.6785714285714286,0.7125558774202317,6
"['V10', 'V5', 'V17', 'V19', 'V20', 'V2', 'V12']",0.5816326530612245,0.8260869565217391,0.6826347305389222,0.6890524583241389,7
"['V14', 'V16', 'V8', 'V19', 'V20', 'V2']",0.5816326530612245,0.8028169014084507,0.6745562130177515,0.6806553821674022,6
"['V14', 'V16', 'V8', 'V17', 'V19', 'V12']",0.5816326530612245,0.8028169014084507,0.6745562130177515,0.7054120344072351,6
"['V4', 'V14', 'V5', 'V17', 'V19', 'V20', 'V2', 'V12']",0.5816326530612245,0.8260869565217391,0.6826347305389222,0.6947862354536711,8
"['V14', 'V5', 'V17', 'V20', 'V2', 'V12']",0.5816326530612245,0.8142857142857143,0.6785714285714286,0.695383341263782,6
"['V14', 'V5', 'V21', 'V19', 'V20', 'V12']",0.5816326530612245,0.8142857142857143,0.6785714285714286,0.6850744924956783,6
"['V14', 'V5', 'V21', 'V19', 'V2', 'V12']",0.5816326530612245,0.8142857142857143,0.6785714285714286,0.6844321645881241,6
"['V14', 'V5', 'V21', 'V20', 'V2', 'V12']",0.5816326530612245,0.8142857142857143,0.6785714285714286,0.6818987831576453,6
"['V10', 'V5', 'V17', 'V19', 'V20', 'V12']",0.5816326530612245,0.8260869565217391,0.6826347305389222,0.6909665809325728,6
"['V14', 'V16', 'V8', 'V5', 'V17', 'V20', 'V12']",0.5816326530612245,0.8142857142857143,0.6785714285714286,0.707823675851875,7
"['V4', 'V14', 'V8', 'V17', 'V21', 'V19', 'V20', 'V12']",0.5816326530612245,0.8260869565217391,0.6826347305389222,0.709477516044614,8
"['V14', 'V16', 'V8', 'V5', 'V17', 'V19', 'V12']",0.5816326530612245,0.8142857142857143,0.6785714285714286,0.7031747147454384,7
"['V14', 'V16', 'V8', 'V5', 'V17', 'V19', 'V2']",0.5816326530612245,0.7916666666666666,0.6705882352941176,0.6783475573468285,7
"['V14', 'V5', 'V19', 'V20', 'V2', 'V12']",0.5816326530612245,0.8142857142857143,0.6785714285714286,0.6814509662670856,6
"['V14', 'V17', 'V21', 'V19', 'V20', 'V2']",0.5816326530612245,0.8028169014084507,0.6745562130177515,0.6733826136386956,6
"['V4', 'V14', 'V5', 'V17', 'V21', 'V19', 'V2', 'V12']",0.5816326530612245,0.8142857142857143,0.6785714285714286,0.6958412680242507,8
"['V4', 'V14', 'V5', 'V17', 'V21', 'V20', 'V2', 'V12']",0.5816326530612245,0.8142857142857143,0.6785714285714286,0.6965435179070262,8
"['V14', 'V17', 'V21', 'V19', 'V20', 'V12']",0.5816326530612245,0.8142857142857143,0.6785714285714286,0.6950833131166633,6
"['V14', 'V17', 'V21', 'V19', 'V2', 'V12']",0.5816326530612245,0.8142857142857143,0.6785714285714286,0.6941517377421563,6
"['V14', 'V5', 'V17', 'V19', 'V2', 'V12']",0.5816326530612245,0.8142857142857143,0.6785714285714286,0.694966115952649,6
"['V14', 'V5', 'V17', 'V19', 'V20', 'V12']",0.5816326530612245,0.8142857142857143,0.6785714285714286,0.6933216974937393,6
"['V14', 'V5', 'V17', 'V19', 'V20', 'V2']",0.5816326530612245,0.8142857142857143,0.6785714285714286,0.6705597910862584,6
"['V14', 'V10', 'V8', 'V21', 'V19', 'V20', 'V2', 'V12']",0.5816326530612245,0.8142857142857143,0.6785714285714286,0.7263482777854027,8
"['V14', 'V10', 'V17', 'V21', 'V19', 'V20', 'V2', 'V12']",0.5816326530612245,0.8142857142857143,0.6785714285714286,0.7123804796149117,8
"['V14', 'V8', 'V17', 'V19', 'V20', 'V2']",0.5816326530612245,0.8028169014084507,0.6745562130177515,0.6708790621513668,6
"['V14', 'V8', 'V17', 'V19', 'V20', 'V12']",0.5816326530612245,0.8142857142857143,0.6785714285714286,0.6961740200820611,6
"['V14', 'V8', 'V17', 'V19', 'V2', 'V12']",0.5816326530612245,0.8142857142857143,0.6785714285714286,0.7008377384942719,6
"['V14', 'V16', 'V8', 'V5', 'V21', 'V20', 'V2']",0.5816326530612245,0.8028169014084507,0.6745562130177515,0.6836456745036886,7
"['V14', 'V8', 'V17', 'V20', 'V2', 'V12']",0.5816326530612245,0.8142857142857143,0.6785714285714286,0.6967308431444759,6
"['V14', 'V10', 'V8', 'V17', 'V19', 'V20', 'V2', 'V12']",0.5816326530612245,0.8260869565217391,0.6826347305389222,0.7280168845180892,8
"['V14', 'V5', 'V17', 'V21', 'V2', 'V12']",0.5816326530612245,0.8142857142857143,0.6785714285714286,0.6962396844934342,6
"['V14', 'V16', 'V8', 'V5', 'V17', 'V2', 'V12']",0.5816326530612245,0.8142857142857143,0.6785714285714286,0.7070242124795285,7
"['V4', 'V14', 'V8', 'V5', 'V21', 'V20', 'V2', 'V12']",0.5816326530612245,0.7307692307692307,0.6477272727272727,0.6937007098760077,8
"['V14', 'V8', 'V19', 'V20', 'V2', 'V12']",0.5816326530612245,0.8142857142857143,0.6785714285714286,0.6823461556061963,6
"['V14', 'V5', 'V17', 'V21', 'V19', 'V12']",0.5816326530612245,0.8142857142857143,0.6785714285714286,0.6952094081842192,6
"['V14', 'V5', 'V17', 'V21', 'V20', 'V2']",0.5816326530612245,0.8142857142857143,0.6785714285714286,0.6728207437545602,6
"['V14', 'V5', 'V17', 'V21', 'V20', 'V12']",0.5816326530612245,0.8142857142857143,0.6785714285714286,0.6967931314295146,6
"['V14', 'V17', 'V21', 'V20', 'V2', 'V12']",0.5816326530612245,0.8142857142857143,0.6785714285714286,0.6921136798632336,6
"['V4', 'V14', 'V5', 'V21', 'V19', 'V20', 'V2', 'V12']",0.5816326530612245,0.7808219178082192,0.6666666666666666,0.6877120649245675,8
"['V14', 'V16', 'V8', 'V5', 'V19', 'V20', 'V2']",0.5816326530612245,0.8028169014084507,0.6745562130177515,0.6806336634948752,7
"['V4', 'V14', 'V17', 'V21', 'V19', 'V20', 'V2', 'V12']",0.5816326530612245,0.8142857142857143,0.6785714285714286,0.695639166887428,8
"['V14', 'V10', 'V17', 'V21', 'V20', 'V2', 'V12']",0.5816326530612245,0.8260869565217391,0.6826347305389222,0.7130322892029246,7
"['V10', 'V16', 'V8', 'V19', 'V2', 'V12']",0.5816326530612245,0.8028169014084507,0.6745562130177515,0.6897203377850377,6
"['V14', 'V10', 'V17', 'V21', 'V19', 'V20', 'V12']",0.5816326530612245,0.8028169014084507,0.6745562130177515,0.7107375348142544,7
"['V10', 'V16', 'V5', 'V17', 'V21', 'V19']",0.5816326530612245,0.8142857142857143,0.6785714285714286,0.6525933286099315,6
"['V10', 'V16', 'V5', 'V17', 'V19', 'V20']",0.5816326530612245,0.8260869565217391,0.6826347305389222,0.6532531752083758,6
"['V4', 'V16', 'V8', 'V5', 'V19', 'V20', 'V2', 'V12']",0.5816326530612245,0.8028169014084507,0.6745562130177515,0.655120497520992,8
"['V14', 'V10', 'V8', 'V17', 'V19', 'V20', 'V2']",0.5816326530612245,0.8260869565217391,0.6826347305389222,0.7302942695690627,7
"['V14', 'V10', 'V8', 'V17', 'V19', 'V20', 'V12']",0.5816326530612245,0.8260869565217391,0.6826347305389222,0.7281310660560925,7
"['V4', 'V16', 'V8', 'V5', 'V21', 'V19', 'V20', 'V12']",0.5816326530612245,0.8028169014084507,0.6745562130177515,0.6547025386266554,8
"['V14', 'V10', 'V8', 'V17', 'V20', 'V2', 'V12']",0.5816326530612245,0.8260869565217391,0.6826347305389222,0.7288333057768095,7
"['V14', 'V10', 'V8', 'V21', 'V20', 'V2', 'V12']",0.5816326530612245,0.8142857142857143,0.6785714285714286,0.7250209318563209,7
"['V14', 'V10', 'V8', 'V19', 'V20', 'V2', 'V12']",0.5816326530612245,0.8142857142857143,0.6785714285714286,0.7210642175306787,7
"['V4', 'V10', 'V5', 'V17', 'V21', 'V19', 'V20', 'V12']",0.5816326530612245,0.8028169014084507,0.6745562130177515,0.696937933445205,8
"['V10', 'V16', 'V21', 'V19', 'V20', 'V12']",0.5816326530612245,0.8142857142857143,0.6785714285714286,0.6896589032652332,6
"['V10', 'V16', 'V21', 'V20', 'V2', 'V12']",0.5816326530612245,0.8028169014084507,0.6745562130177515,0.6905175345810879,6
"['V4', 'V16', 'V8', 'V21', 'V19', 'V20', 'V2', 'V12']",0.5816326530612245,0.7916666666666666,0.6705882352941176,0.6566853748504338,8
"['V4', 'V10', 'V16', 'V8', 'V17', 'V19', 'V2', 'V12']",0.5816326530612245,0.7916666666666666,0.6705882352941176,0.6955349914122742,8
"['V10', 'V16', 'V8', 'V17', 'V20', 'V12']",0.5816326530612245,0.8028169014084507,0.6745562130177515,0.6923381200864822,6
"['V14', 'V10', 'V16', 'V17', 'V19', 'V20', 'V12']",0.5816326530612245,0.8142857142857143,0.6785714285714286,0.7122716608505055,7
"['V14', 'V10', 'V16', 'V8', 'V17', 'V19', 'V20', 'V12']",0.5816326530612245,0.8260869565217391,0.6826347305389222,0.7370138070257254,8
"['V14', 'V16', 'V8', 'V5', 'V17', 'V21', 'V2']",0.5816326530612245,0.8028169014084507,0.6745562130177515,0.6851796623884405,7
"['V4', 'V10', 'V16', 'V8', 'V5', 'V17', 'V19', 'V20']",0.5816326530612245,0.8028169014084507,0.6745562130177515,0.6864988055502474,8
"['V14', 'V17', 'V19', 'V20', 'V2', 'V12']",0.5816326530612245,0.8142857142857143,0.6785714285714286,0.6878944421644629,6
"['V14', 'V21', 'V19', 'V20', 'V2', 'V12']",0.5816326530612245,0.8142857142857143,0.6785714285714286,0.6849436095125185,6
"['V10', 'V16', 'V8', 'V5', 'V17', 'V21']",0.5816326530612245,0.8142857142857143,0.6785714285714286,0.6578265410591682,6
"['V14', 'V10', 'V16', 'V21', 'V19', 'V20', 'V12']",0.5816326530612245,0.8142857142857143,0.6785714285714286,0.7159380810499387,7
"['V4', 'V14', 'V10', 'V8', 'V17', 'V19', 'V12']",0.5816326530612245,0.8260869565217391,0.6826347305389222,0.7279757172348058,7
"['V4', 'V10', 'V16', 'V8', 'V17', 'V21', 'V20', 'V2']",0.5816326530612245,0.8028169014084507,0.6745562130177515,0.6945015279764113,8
"['V10', 'V8', 'V5', 'V19', 'V20', 'V12']",0.5816326530612245,0.8260869565217391,0.6826347305389222,0.6895380466365604,6
"['V4', 'V10', 'V16', 'V8', 'V17', 'V21', 'V2', 'V12']",0.5816326530612245,0.8028169014084507,0.6745562130177515,0.704674288087015,8
"['V4', 'V14', 'V10', 'V8', 'V17', 'V2', 'V12']",0.5816326530612245,0.8142857142857143,0.6785714285714286,0.730247714191752,7
"['V4', 'V14', 'V10', 'V8', 'V17', 'V20', 'V12']",0.5816326530612245,0.8260869565217391,0.6826347305389222,0.731055611630124,7
"['V14', 'V10', 'V21', 'V19', 'V20', 'V2', 'V12']",0.5816326530612245,0.8142857142857143,0.6785714285714286,0.7084881624412532,7
"['V14', 'V16', 'V8', 'V5', 'V17', 'V21', 'V19', 'V2']",0.5816326530612245,0.8028169014084507,0.6745562130177515,0.684915277809165,8
"['V14', 'V8', 'V17', 'V21', 'V20', 'V2']",0.5816326530612245,0.8142857142857143,0.6785714285714286,0.6807389084830803,6
"['V14', 'V16', 'V8', 'V17', 'V20', 'V2']",0.5816326530612245,0.8028169014084507,0.6745562130177515,0.6811397962742659,6
"['V14', 'V16', 'V5', 'V17', 'V21', 'V19', 'V20', 'V12']",0.5816326530612245,0.8142857142857143,0.6785714285714286,0.6979194898962551,8
"['V14', 'V16', 'V5', 'V17', 'V20', 'V12']",0.5816326530612245,0.8142857142857143,0.6785714285714286,0.6994401035462834,6
"['V14', 'V16', 'V5', 'V17', 'V2', 'V12']",0.5816326530612245,0.8142857142857143,0.6785714285714286,0.7004513823642952,6
"['V14', 'V16', 'V5', 'V21', 'V19', 'V20']",0.5816326530612245,0.8028169014084507,0.6745562130177515,0.6789092945605059,6
"['V14', 'V16', 'V8', 'V17', 'V21', 'V20', 'V2']",0.5816326530612245,0.8028169014084507,0.6745562130177515,0.6855082529181329,7
"['V14', 'V16', 'V5', 'V21', 'V20', 'V2']",0.5816326530612245,0.7916666666666666,0.6705882352941176,0.6770646765328079,6
"['V14', 'V8', 'V5', 'V17', 'V21', 'V19', 'V20', 'V2']",0.5816326530612245,0.8142857142857143,0.6785714285714286,0.6827091795334221,8
"['V14', 'V16', 'V5', 'V21', 'V2', 'V12']",0.5816326530612245,0.8142857142857143,0.6785714285714286,0.6984655751916066,6
"['V14', 'V16', 'V5', 'V19', 'V20', 'V2']",0.5816326530612245,0.8028169014084507,0.6745562130177515,0.6736609518679367,6
"['V14', 'V16', 'V17', 'V21', 'V19', 'V20', 'V2', 'V12']",0.5816326530612245,0.8142857142857143,0.6785714285714286,0.6964039905713493,8
"['V14', 'V16', 'V5', 'V19', 'V2', 'V12']",0.5816326530612245,0.8142857142857143,0.6785714285714286,0.6982559130640245,6
"['V14', 'V16', 'V5', 'V20', 'V2', 'V12']",0.5816326530612245,0.8142857142857143,0.6785714285714286,0.6991938977146416,6
"['V14', 'V16', 'V8', 'V17', 'V21', 'V19', 'V2']",0.5816326530612245,0.8028169014084507,0.6745562130177515,0.6850285197774333,7
"['V14', 'V16', 'V5', 'V17', 'V19', 'V20', 'V2', 'V12']",0.5816326530612245,0.8142857142857143,0.6785714285714286,0.6990616663450967,8
"['V14', 'V16', 'V17', 'V21', 'V19', 'V12']",0.5816326530612245,0.8142857142857143,0.6785714285714286,0.6967250179474187,6
"['V14', 'V16', 'V5', 'V17', 'V21', 'V20', 'V2', 'V12']",0.5816326530612245,0.8142857142857143,0.6785714285714286,0.7031445451232362,8
"['V14', 'V16', 'V5', 'V17', 'V19', 'V12']",0.5816326530612245,0.8142857142857143,0.6785714285714286,0.6954846401549273,6
"['V14', 'V8', 'V5', 'V17', 'V19', 'V20', 'V2', 'V12']",0.5816326530612245,0.8142857142857143,0.6785714285714286,0.6996526787083636,8
"['V14', 'V16', 'V5', 'V17', 'V21', 'V12']",0.5816326530612245,0.8142857142857143,0.6785714285714286,0.6983103386154488,6
"['V10', 'V16', 'V5', 'V17', 'V21', 'V19', 'V20', 'V2']",0.5816326530612245,0.8142857142857143,0.6785714285714286,0.6688949973401165,8
"['V14', 'V16', 'V8', 'V17', 'V20', 'V12']",0.5816326530612245,0.8142857142857143,0.6785714285714286,0.7058780606041695,6
"['V14', 'V16', 'V8', 'V17', 'V2', 'V12']",0.5816326530612245,0.8142857142857143,0.6785714285714286,0.7059080688930669,6
"['V14', 'V16', 'V8', 'V19', 'V20', 'V2', 'V12']",0.5816326530612245,0.8028169014084507,0.6745562130177515,0.7027090739116495,7
"['V14', 'V16', 'V8', 'V21', 'V19', 'V20', 'V2']",0.5816326530612245,0.8028169014084507,0.6745562130177515,0.6850843655399772,7
"['V14', 'V16', 'V8', 'V17', 'V20', 'V2', 'V12']",0.5816326530612245,0.8142857142857143,0.6785714285714286,0.705724453525618,7
"['V14', 'V16', 'V8', 'V21', 'V20', 'V2']",0.5816326530612245,0.8028169014084507,0.6745562130177515,0.6837274994166804,6
"['V14', 'V16', 'V8', 'V17', 'V19', 'V2', 'V12']",0.5816326530612245,0.8142857142857143,0.6785714285714286,0.7054274151891756,7
"['V14', 'V16', 'V8', 'V17', 'V19', 'V20', 'V12']",0.5816326530612245,0.8142857142857143,0.6785714285714286,0.7054898768441054,7
"['V10', 'V16', 'V8', 'V5', 'V17', 'V19', 'V20', 'V2']",0.5816326530612245,0.8260869565217391,0.6826347305389222,0.660996626682221,8
"['V14', 'V16', 'V8', 'V19', 'V2', 'V12']",0.5816326530612245,0.8142857142857143,0.6785714285714286,0.7047049116118713,6
"['V10', 'V16', 'V8', 'V5', 'V17', 'V21', 'V19', 'V2']",0.5816326530612245,0.8260869565217391,0.6826347305389222,0.6684703266572025,8
"['V14', 'V16', 'V8', 'V20', 'V2', 'V12']",0.5816326530612245,0.8142857142857143,0.6785714285714286,0.7048447246835574,6
"['V14', 'V5', 'V17', 'V21', 'V19', 'V20', 'V2', 'V12']",0.5816326530612245,0.8142857142857143,0.6785714285714286,0.6943513805060514,8
"['V14', 'V16', 'V5', 'V17', 'V21', 'V20']",0.5816326530612245,0.8028169014084507,0.6745562130177515,0.6787906954628509,6
"['V14', 'V16', 'V5', 'V17', 'V21', 'V19', 'V2', 'V12']",0.5816326530612245,0.8142857142857143,0.6785714285714286,0.6978183687196003,8
"['V14', 'V16', 'V17', 'V21', 'V20', 'V12']",0.5816326530612245,0.8142857142857143,0.6785714285714286,0.6996755035438683,6
"['V14', 'V16', 'V8', 'V5', 'V19', 'V2', 'V12']",0.5816326530612245,0.8028169014084507,0.6745562130177515,0.70538433380492,7
"['V14', 'V16', 'V17', 'V21', 'V2', 'V12']",0.5816326530612245,0.8142857142857143,0.6785714285714286,0.6981359330976354,6
"['V14', 'V8', 'V5', 'V17', 'V19', 'V20']",0.5816326530612245,0.7808219178082192,0.6666666666666666,0.672479169656096,6
"['V14', 'V8', 'V5', 'V17', 'V19', 'V2']",0.5816326530612245,0.8028169014084507,0.6745562130177515,0.6727765290979965,6
"['V14', 'V8', 'V5', 'V17', 'V19', 'V12']",0.5816326530612245,0.8142857142857143,0.6785714285714286,0.6981215062952002,6
"['V14', 'V8', 'V5', 'V17', 'V20', 'V2']",0.5816326530612245,0.8142857142857143,0.6785714285714286,0.6723306991361201,6
"['V14', 'V8', 'V5', 'V17', 'V20', 'V12']",0.5816326530612245,0.8142857142857143,0.6785714285714286,0.6998254011474847,6
"['V14', 'V8', 'V5', 'V17', 'V2', 'V12']",0.5816326530612245,0.8142857142857143,0.6785714285714286,0.701026117243351,6
"['V14', 'V16', 'V8', 'V5', 'V17', 'V19', 'V2', 'V12']",0.5816326530612245,0.8142857142857143,0.6785714285714286,0.7049385755224721,8
"['V14', 'V16', 'V8', 'V5', 'V17', 'V19', 'V20', 'V12']",0.5816326530612245,0.8142857142857143,0.6785714285714286,0.7057234479454095,8
"['V14', 'V16', 'V8', 'V5', 'V17', 'V19', 'V20', 'V2']",0.5816326530612245,0.8028169014084507,0.6745562130177515,0.6810292226883657,8
"['V14', 'V8', 'V5', 'V19', 'V20', 'V12']",0.5816326530612245,0.8142857142857143,0.6785714285714286,0.6844965586936728,6
"['V14', 'V8', 'V5', 'V19', 'V2', 'V12']",0.5816326530612245,0.8142857142857143,0.6785714285714286,0.6849921816958804,6
"['V10', 'V16', 'V8', 'V5', 'V17', 'V20', 'V2']",0.5816326530612245,0.8260869565217391,0.6826347305389222,0.6627423500283659,7
"['V14', 'V8', 'V5', 'V20', 'V2', 'V12']",0.5816326530612245,0.8028169014084507,0.6745562130177515,0.6800001620611986,6
"['V14', 'V8', 'V17', 'V21', 'V19', 'V20']",0.5816326530612245,0.8142857142857143,0.6785714285714286,0.6826226047992691,6
"['V14', 'V8', 'V17', 'V21', 'V19', 'V2']",0.5816326530612245,0.8142857142857143,0.6785714285714286,0.6813255955016695,6
"['V14', 'V16', 'V8', 'V5', 'V17', 'V20', 'V2', 'V12']",0.5816326530612245,0.8142857142857143,0.6785714285714286,0.7072765587291476,8
"['V14', 'V8', 'V5', 'V17', 'V21', 'V2']",0.5816326530612245,0.8142857142857143,0.6785714285714286,0.6812772526229129,6
"['V14', 'V8', 'V5', 'V17', 'V21', 'V20']",0.5816326530612245,0.8142857142857143,0.6785714285714286,0.6826292030281895,6
"['V14', 'V16', 'V17', 'V19', 'V20', 'V12']",0.5816326530612245,0.8142857142857143,0.6785714285714286,0.6960105375201388,6
"['V4', 'V14', 'V10', 'V17', 'V19', 'V20', 'V2']",0.5816326530612245,0.7916666666666666,0.6705882352941176,0.7116623745659422,7
"['V14', 'V16', 'V8', 'V17', 'V19', 'V20', 'V2', 'V12']",0.5816326530612245,0.8142857142857143,0.6785714285714286,0.7048089527381742,8
"['V4', 'V14', 'V10', 'V17', 'V21', 'V20', 'V12']",0.5816326530612245,0.7916666666666666,0.6705882352941176,0.7075921241020932,7
"['V14', 'V16', 'V8', 'V5', 'V20', 'V2', 'V12']",0.5816326530612245,0.8142857142857143,0.6785714285714286,0.7067526276102064,7
"['V14', 'V16', 'V8', 'V5', 'V19', 'V20', 'V2', 'V12']",0.5816326530612245,0.8142857142857143,0.6785714285714286,0.7045428981889211,8
"['V14', 'V16', 'V8', 'V5', 'V21', 'V19', 'V20', 'V2']",0.5816326530612245,0.8028169014084507,0.6745562130177515,0.6836440530720641,8
"['V14', 'V16', 'V17', 'V19', 'V2', 'V12']",0.5816326530612245,0.8142857142857143,0.6785714285714286,0.6971445426857033,6
"['V14', 'V8', 'V5', 'V17', 'V21', 'V19']",0.5816326530612245,0.8142857142857143,0.6785714285714286,0.6829412271068479,6
"['V14', 'V16', 'V17', 'V20', 'V2', 'V12']",0.5816326530612245,0.8142857142857143,0.6785714285714286,0.6977303813806391,6
"['V14', 'V16', 'V21', 'V19', 'V20', 'V2']",0.5816326530612245,0.8028169014084507,0.6745562130177515,0.674726233778961,6
"['V14', 'V16', 'V21', 'V19', 'V20', 'V12']",0.5816326530612245,0.8142857142857143,0.6785714285714286,0.698715363296622,6
"['V14', 'V16', 'V21', 'V19', 'V2', 'V12']",0.5816326530612245,0.8142857142857143,0.6785714285714286,0.6978881178237495,6
"['V14', 'V16', 'V21', 'V20', 'V2', 'V12']",0.5816326530612245,0.8142857142857143,0.6785714285714286,0.7010325062548785,6
"['V14', 'V16', 'V19', 'V20', 'V2', 'V12']",0.5816326530612245,0.8142857142857143,0.6785714285714286,0.6977519989663118,6
"['V4', 'V14', 'V5', 'V17', 'V21', 'V19', 'V12']",0.5816326530612245,0.8142857142857143,0.6785714285714286,0.6963859257714373,7
"['V14', 'V12', 'V1']",0.5816326530612245,0.8142857142857143,0.6785714285714286,0.6781761932486708,3
"['V10', 'V5', 'V17', 'V12']",0.5816326530612245,0.8260869565217391,0.6826347305389222,0.6922786206814944,4
"['V14', 'V16', 'V8', 'V5', 'V12']",0.5816326530612245,0.8028169014084507,0.6745562130177515,0.7043678391889958,5
"['V14', 'V16', 'V8', 'V5', 'V19']",0.5816326530612245,0.7916666666666666,0.6705882352941176,0.6782812989712629,5
"['V14', 'V10', 'V20', 'V2', 'V12']",0.5816326530612245,0.8142857142857143,0.6785714285714286,0.7086456866687847,5
"['V14', 'V10', 'V19', 'V2', 'V12']",0.5816326530612245,0.8142857142857143,0.6785714285714286,0.7096591254216922,5
"['V14', 'V10', 'V21', 'V20', 'V12']",0.5816326530612245,0.7916666666666666,0.6705882352941176,0.7068390450128892,5
"['V4', 'V10', 'V16', 'V5']",0.5816326530612245,0.8028169014084507,0.6745562130177515,0.6693308401758342,4
"['V14', 'V10', 'V21', 'V19', 'V12']",0.5816326530612245,0.8028169014084507,0.6745562130177515,0.7067872697815579,5
"['V14', 'V10', 'V21', 'V19', 'V20']",0.5816326530612245,0.7808219178082192,0.6666666666666666,0.7028463060182936,5
"['V4', 'V14', 'V20', 'V12']",0.5816326530612245,0.76,0.6589595375722543,0.6825592031141802,4
"['V14', 'V10', 'V17', 'V19', 'V12']",0.5816326530612245,0.8028169014084507,0.6745562130177515,0.7104588991359911,5
"['V14', 'V10', 'V17', 'V19', 'V20']",0.5816326530612245,0.8142857142857143,0.6785714285714286,0.7094310856659249,5
"['V14', 'V10', 'V17', 'V21', 'V12']",0.5816326530612245,0.8028169014084507,0.6745562130177515,0.7107317571686733,5
"['V4', 'V14', 'V10', 'V8', 'V17', 'V19']",0.5816326530612245,0.8142857142857143,0.6785714285714286,0.7256452655872828,6
"['V4', 'V14', 'V10', 'V8', 'V17', 'V12']",0.5816326530612245,0.8260869565217391,0.6826347305389222,0.7280200302085129,6
"['V4', 'V14', 'V10', 'V8', 'V20', 'V2']",0.5816326530612245,0.6951219512195121,0.6333333333333333,0.7145453232817859,6
"['V4', 'V14', 'V10', 'V17', 'V21', 'V12']",0.5816326530612245,0.7916666666666666,0.6705882352941176,0.707505469462936,6
"['V4', 'V14', 'V10', 'V17', 'V20', 'V2']",0.5816326530612245,0.7916666666666666,0.6705882352941176,0.7113670053553632,6
"['V4', 'V14', 'V10', 'V21', 'V2', 'V12']",0.5816326530612245,0.7125,0.6404494382022472,0.7033284327047489,6
"['V14', 'V10', 'V17', 'V21', 'V19']",0.5816326530612245,0.8028169014084507,0.6745562130177515,0.710252936728624,5
"['V14', 'V10', 'V8', 'V19', 'V12']",0.5816326530612245,0.8142857142857143,0.6785714285714286,0.7217834241819767,5
"['V14', 'V10', 'V8', 'V19', 'V2']",0.5816326530612245,0.7808219178082192,0.6666666666666666,0.7169272698869337,5
"['V14', 'V10', 'V8', 'V21', 'V20']",0.5816326530612245,0.75,0.6551724137931034,0.711709609774733,5
"['V14', 'V10', 'V8', 'V17', 'V2']",0.5816326530612245,0.8260869565217391,0.6826347305389222,0.7305247808788083,5
"['V14', 'V10', 'V8', 'V17', 'V19']",0.5816326530612245,0.8142857142857143,0.6785714285714286,0.7290025163593136,5
"['V14', 'V10', 'V16', 'V20', 'V12']",0.5816326530612245,0.8142857142857143,0.6785714285714286,0.7154106858404117,5
"['V14', 'V10', 'V16', 'V19', 'V12']",0.5816326530612245,0.8142857142857143,0.6785714285714286,0.7167721855134829,5
"['V14', 'V16', 'V8', 'V5', 'V20']",0.5816326530612245,0.7916666666666666,0.6705882352941176,0.6793859155887383,5
"['V14', 'V16', 'V8', 'V17', 'V21']",0.5816326530612245,0.8028169014084507,0.6745562130177515,0.6853485404141587,5
"['V14', 'V16', 'V20']",0.5816326530612245,0.8028169014084507,0.6745562130177515,0.6738479058401938,3
"['V14', 'V16', 'V8', 'V17', 'V19']",0.5816326530612245,0.8028169014084507,0.6745562130177515,0.6783715267496312,5
"['V14', 'V10', 'V2', 'V12']",0.5816326530612245,0.8142857142857143,0.6785714285714286,0.7088732757274121,4
"['V14', 'V10', 'V20', 'V2']",0.5816326530612245,0.7402597402597403,0.6514285714285715,0.6959617520455843,4
"['V14', 'V10', 'V19', 'V20']",0.5816326530612245,0.7808219178082192,0.6666666666666666,0.7027315621631856,4
"['V14', 'V10', 'V21', 'V12']",0.5816326530612245,0.8028169014084507,0.6745562130177515,0.7064064639180081,4
"['V14', 'V16', 'V8', 'V17', 'V12']",0.5816326530612245,0.8142857142857143,0.6785714285714286,0.7064530676149042,5
"['V14', 'V10', 'V21', 'V19']",0.5816326530612245,0.7808219178082192,0.6666666666666666,0.7020705042716422,4
"['V14', 'V10', 'V17', 'V19']",0.5816326530612245,0.8142857142857143,0.6785714285714286,0.7093600243793059,4
"['V14', 'V10', 'V17', 'V21']",0.5816326530612245,0.8028169014084507,0.6745562130177515,0.7112855832849483,4
"['V14', 'V10', 'V8', 'V2']",0.5816326530612245,0.7402597402597403,0.6514285714285715,0.7077570702110397,4
"['V14', 'V10', 'V8', 'V20']",0.5816326530612245,0.7402597402597403,0.6514285714285715,0.7058962275459556,4
"['V14', 'V10', 'V8', 'V19']",0.5816326530612245,0.7808219178082192,0.6666666666666666,0.7149280007585179,4
"['V14', 'V17', 'V21', 'V12']",0.5816326530612245,0.8142857142857143,0.6785714285714286,0.6976012745637641,4
"['V14', 'V10', 'V8', 'V17']",0.5816326530612245,0.8260869565217391,0.6826347305389222,0.7293659346899464,4
"['V14', 'V10', 'V16', 'V12']",0.5816326530612245,0.8142857142857143,0.6785714285714286,0.7179527736441312,4
"['V14', 'V17', 'V19', 'V20']",0.5816326530612245,0.8142857142857143,0.6785714285714286,0.6681725723403259,4
"['V14', 'V17', 'V19', 'V2']",0.5816326530612245,0.8142857142857143,0.6785714285714286,0.6694887463722915,4
"['V14', 'V17', 'V19', 'V12']",0.5816326530612245,0.8142857142857143,0.6785714285714286,0.6923882806802969,4
"['V14', 'V17', 'V20', 'V2']",0.5816326530612245,0.8028169014084507,0.6745562130177515,0.6685701186049623,4
"['V14', 'V17', 'V20', 'V12']",0.5816326530612245,0.8142857142857143,0.6785714285714286,0.6932065311330908,4
"['V4', 'V16', 'V8', 'V12']",0.5816326530612245,0.8028169014084507,0.6745562130177515,0.6617316299669831,4
"['V14', 'V17', 'V2', 'V12']",0.5816326530612245,0.8142857142857143,0.6785714285714286,0.6916566289665668,4
"['V14', 'V21', 'V19', 'V12']",0.5816326530612245,0.8142857142857143,0.6785714285714286,0.6851884655560274,4
"['V14', 'V21', 'V20', 'V12']",0.5816326530612245,0.8142857142857143,0.6785714285714286,0.6827681626327414,4
"['V14', 'V16', 'V8', 'V17', 'V2']",0.5816326530612245,0.7916666666666666,0.6705882352941176,0.6788061781271996,5
"['V14', 'V16', 'V8', 'V17', 'V20']",0.5816326530612245,0.8028169014084507,0.6745562130177515,0.6800386901664028,5
"['V14', 'V21', 'V2', 'V12']",0.5816326530612245,0.8142857142857143,0.6785714285714286,0.6842518027808558,4
"['V14', 'V19', 'V20', 'V12']",0.5816326530612245,0.8142857142857143,0.6785714285714286,0.6835879056013131,4
"['V14', 'V19', 'V2', 'V12']",0.5816326530612245,0.8142857142857143,0.6785714285714286,0.6841703886865748,4
"['V14', 'V20', 'V2', 'V12']",0.5816326530612245,0.8142857142857143,0.6785714285714286,0.6786092721279727,4
"['V14', 'V5', 'V12']",0.5816326530612245,0.8028169014084507,0.6745562130177515,0.6826817729635934,3
"['V4', 'V14', 'V8', 'V20', 'V2', 'V12']",0.5816326530612245,0.7702702702702703,0.6627906976744186,0.6903070674336055,6
"['V4', 'V14', 'V5', 'V17', 'V21', 'V12']",0.5816326530612245,0.8142857142857143,0.6785714285714286,0.696513497800392,6
"['V4', 'V14', 'V5', 'V17', 'V19', 'V12']",0.5816326530612245,0.8142857142857143,0.6785714285714286,0.6939450251992241,6
"['V4', 'V14', 'V5', 'V17', 'V20', 'V12']",0.5816326530612245,0.8260869565217391,0.6826347305389222,0.6933992822892149,6
"['V4', 'V14', 'V5', 'V17', 'V2', 'V12']",0.5816326530612245,0.8142857142857143,0.6785714285714286,0.6922353739538067,6
"['V4', 'V14', 'V5', 'V21', 'V19', 'V12']",0.5816326530612245,0.7808219178082192,0.6666666666666666,0.6856295088609109,6
"['V14', 'V8', 'V12']",0.5816326530612245,0.8142857142857143,0.6785714285714286,0.6842738873785706,3
"['V4', 'V14', 'V5', 'V21', 'V20', 'V12']",0.5816326530612245,0.75,0.6551724137931034,0.6847288331391558,6
"['V4', 'V14', 'V5', 'V21', 'V2', 'V12']",0.5816326530612245,0.76,0.6589595375722543,0.683328752004903,6
"['V4', 'V14', 'V5', 'V19', 'V20', 'V12']",0.5816326530612245,0.76,0.6589595375722543,0.6859034660780833,6
"['V4', 'V14', 'V5', 'V19', 'V2', 'V12']",0.5816326530612245,0.76,0.6589595375722543,0.681132912138352,6
"['V4', 'V14', 'V5', 'V20', 'V2', 'V12']",0.5816326530612245,0.76,0.6589595375722543,0.6819233068022169,6
"['V4', 'V14', 'V17', 'V21', 'V19', 'V12']",0.5816326530612245,0.8142857142857143,0.6785714285714286,0.6967588880403872,6
"['V4', 'V14', 'V17', 'V21', 'V20', 'V12']",0.5816326530612245,0.8142857142857143,0.6785714285714286,0.6974825329728154,6
"['V4', 'V14', 'V17', 'V21', 'V2', 'V12']",0.5816326530612245,0.8142857142857143,0.6785714285714286,0.6964621112269579,6
"['V4', 'V14', 'V17', 'V19', 'V20', 'V12']",0.5816326530612245,0.8142857142857143,0.6785714285714286,0.6920363793863309,6
"['V4', 'V14', 'V17', 'V19', 'V2', 'V12']",0.5816326530612245,0.8142857142857143,0.6785714285714286,0.6900778937156706,6
"['V4', 'V14', 'V17', 'V20', 'V2', 'V12']",0.5816326530612245,0.8142857142857143,0.6785714285714286,0.6925651128695873,6
"['V4', 'V14', 'V21', 'V19', 'V20', 'V12']",0.5816326530612245,0.7808219178082192,0.6666666666666666,0.6900646333402783,6
"['V4', 'V14', 'V21', 'V19', 'V2', 'V12']",0.5816326530612245,0.7702702702702703,0.6627906976744186,0.687733249026857,6
"['V4', 'V14', 'V21', 'V20', 'V2', 'V12']",0.5816326530612245,0.76,0.6589595375722543,0.6849123905494549,6
"['V14', 'V8', 'V17']",0.5816326530612245,0.8142857142857143,0.6785714285714286,0.6759746054404838,3
"['V4', 'V14', 'V19', 'V20', 'V2', 'V12']",0.5816326530612245,0.7808219178082192,0.6666666666666666,0.6850746975455211,6
"['V14', 'V16', 'V12']",0.5816326530612245,0.8142857142857143,0.6785714285714286,0.6974706356392563,3
"['V4', 'V14', 'V8', 'V21', 'V20', 'V12']",0.5816326530612245,0.75,0.6551724137931034,0.6946707892150857,6
"['V14', 'V17', 'V19']",0.5816326530612245,0.8142857142857143,0.6785714285714286,0.668553265250512,3
"['V14', 'V17', 'V20']",0.5816326530612245,0.8142857142857143,0.6785714285714286,0.6691789598365606,3
"['V4', 'V16', 'V8', 'V20', 'V12']",0.5816326530612245,0.8028169014084507,0.6745562130177515,0.6618764527723557,5
"['V10', 'V16', 'V8', 'V12']",0.5816326530612245,0.8028169014084507,0.6745562130177515,0.6875163317597874,4
"['V4', 'V14', 'V17', 'V12']",0.5816326530612245,0.8028169014084507,0.6745562130177515,0.691461508105944,4
"['V4', 'V14', 'V17', 'V2']",0.5816326530612245,0.8142857142857143,0.6785714285714286,0.6873173114860924,4
"['V4', 'V14', 'V5', 'V12']",0.5816326530612245,0.76,0.6589595375722543,0.6804123920106829,4
"['V10', 'V16', 'V21', 'V12']",0.5816326530612245,0.8028169014084507,0.6745562130177515,0.6861383498177895,4
"['V10', 'V16', 'V19', 'V12']",0.5816326530612245,0.8028169014084507,0.6745562130177515,0.688535533336049,4
"['V10', 'V16', 'V20', 'V12']",0.5816326530612245,0.8028169014084507,0.6745562130177515,0.6873538768955103,4
"['V4', 'V14', 'V8', 'V17']",0.5816326530612245,0.8028169014084507,0.6745562130177515,0.6889729857267478,4
"['V10', 'V16', 'V2', 'V12']",0.5816326530612245,0.8028169014084507,0.6745562130177515,0.6912677025145549,4
"['V4', 'V14', 'V10', 'V17']",0.5816326530612245,0.8142857142857143,0.6785714285714286,0.710479136923746,4
"['V4', 'V16', 'V8', 'V2', 'V12']",0.5816326530612245,0.7916666666666666,0.6705882352941176,0.6549368935919482,5
"['V4', 'V16', 'V8', 'V19', 'V12']",0.5816326530612245,0.8028169014084507,0.6745562130177515,0.6606885199239098,5
"['V14', 'V17', 'V2']",0.5816326530612245,0.8142857142857143,0.6785714285714286,0.6689941928695401,3
"['V14', 'V2', 'V12']",0.5816326530612245,0.8142857142857143,0.6785714285714286,0.679823848750734,3
"['V4', 'V14', 'V10', 'V8', 'V2']",0.5816326530612245,0.6951219512195121,0.6333333333333333,0.7143742073718138,5
"['V4', 'V14', 'V10', 'V17', 'V2']",0.5816326530612245,0.8028169014084507,0.6745562130177515,0.7109747118246548,5
"['V14', 'V20', 'V12']",0.5816326530612245,0.8142857142857143,0.6785714285714286,0.6805606822335766,3
"['V4', 'V14', 'V10', 'V19', 'V2', 'V12']",0.5816326530612245,0.75,0.6551724137931034,0.7060334286970313,6
"['V4', 'V14', 'V8', 'V5', 'V17', 'V12']",0.5816326530612245,0.8142857142857143,0.6785714285714286,0.6998626312583293,6
"['V4', 'V14', 'V10', 'V21', 'V2']",0.5816326530612245,0.6867469879518072,0.6298342541436464,0.7031873503794727,5
"['V4', 'V14', 'V10', 'V2', 'V12']",0.5816326530612245,0.7125,0.6404494382022472,0.7048266224189993,5
"['V14', 'V19', 'V12']",0.5816326530612245,0.8142857142857143,0.6785714285714286,0.6836801610282007,3
"['V14', 'V21', 'V12']",0.5816326530612245,0.8142857142857143,0.6785714285714286,0.6849447343218977,3
"['V14', 'V17', 'V12']",0.5816326530612245,0.8142857142857143,0.6785714285714286,0.694125824019265,3
"['V14', 'V16', 'V8', 'V5']",0.5816326530612245,0.7916666666666666,0.6705882352941176,0.6770956068181836,4
"['V14', 'V16', 'V8', 'V17']",0.5816326530612245,0.8028169014084507,0.6745562130177515,0.6797682974720174,4
"['V14', 'V16', 'V8', 'V20']",0.5816326530612245,0.8142857142857143,0.6785714285714286,0.683998764168735,4
"['V14', 'V21', 'V19', 'V2', 'V12']",0.5816326530612245,0.8142857142857143,0.6785714285714286,0.6845524867369287,5
"['V14', 'V5', 'V17', 'V19', 'V20']",0.5816326530612245,0.8142857142857143,0.6785714285714286,0.6686700521311594,5
"['V14', 'V5', 'V17', 'V19', 'V2']",0.5816326530612245,0.8142857142857143,0.6785714285714286,0.6685379018760269,5
"['V14', 'V5', 'V17', 'V19', 'V12']",0.5816326530612245,0.8142857142857143,0.6785714285714286,0.6928948158637861,5
"['V14', 'V5', 'V17', 'V20', 'V2']",0.5816326530612245,0.8142857142857143,0.6785714285714286,0.6706700804679251,5
"['V14', 'V5', 'V17', 'V20', 'V12']",0.5816326530612245,0.8142857142857143,0.6785714285714286,0.6942874246012252,5
"['V14', 'V5', 'V17', 'V2', 'V12']",0.5816326530612245,0.8142857142857143,0.6785714285714286,0.6937546736553487,5
"['V14', 'V8', 'V17', 'V2']",0.5816326530612245,0.8028169014084507,0.6745562130177515,0.6719696918301389,4
"['V14', 'V8', 'V17', 'V20']",0.5816326530612245,0.8028169014084507,0.6745562130177515,0.6739435817998763,4
"['V14', 'V5', 'V21', 'V19', 'V12']",0.5816326530612245,0.8142857142857143,0.6785714285714286,0.686413469048383,5
"['V14', 'V8', 'V17', 'V19']",0.5816326530612245,0.8142857142857143,0.6785714285714286,0.6737740259333244,4
"['V14', 'V5', 'V21', 'V20', 'V12']",0.5816326530612245,0.8142857142857143,0.6785714285714286,0.6836877598111126,5
"['V14', 'V5', 'V21', 'V2', 'V12']",0.5816326530612245,0.8142857142857143,0.6785714285714286,0.6839659294764778,5
"['V14', 'V8', 'V17', 'V21']",0.5816326530612245,0.8142857142857143,0.6785714285714286,0.6844827800978246,4
"['V14', 'V5', 'V19', 'V20', 'V12']",0.5816326530612245,0.8142857142857143,0.6785714285714286,0.6832288629305834,5
"['V14', 'V5', 'V19', 'V2', 'V12']",0.5816326530612245,0.8142857142857143,0.6785714285714286,0.6827168753853874,5
"['V14', 'V5', 'V20', 'V2', 'V12']",0.5816326530612245,0.8142857142857143,0.6785714285714286,0.6789867692479079,5
"['V14', 'V17', 'V21', 'V19', 'V12']",0.5816326530612245,0.8142857142857143,0.6785714285714286,0.6953975431597129,5
"['V14', 'V17', 'V21', 'V20', 'V2']",0.5816326530612245,0.8028169014084507,0.6745562130177515,0.6732076919549883,5
"['V14', 'V17', 'V21', 'V20', 'V12']",0.5816326530612245,0.8142857142857143,0.6785714285714286,0.6955742506497004,5
"['V14', 'V17', 'V21', 'V2', 'V12']",0.5816326530612245,0.8142857142857143,0.6785714285714286,0.6988037542468265,5
"['V14', 'V17', 'V19', 'V20', 'V2']",0.5816326530612245,0.8028169014084507,0.6745562130177515,0.6686201186163576,5
"['V14', 'V17', 'V19', 'V20', 'V12']",0.5816326530612245,0.8142857142857143,0.6785714285714286,0.6920905295414576,5
"['V14', 'V17', 'V19', 'V2', 'V12']",0.5816326530612245,0.8142857142857143,0.6785714285714286,0.6913738799579626,5
"['V14', 'V17', 'V20', 'V2', 'V12']",0.5816326530612245,0.8142857142857143,0.6785714285714286,0.6914163111276017,5
"['V14', 'V8', 'V5', 'V12']",0.5816326530612245,0.8142857142857143,0.6785714285714286,0.6846306320575631,4
"['V14', 'V5', 'V17', 'V21', 'V12']",0.5816326530612245,0.8142857142857143,0.6785714285714286,0.6971518442827678,5
"['V14', 'V8', 'V20', 'V2', 'V12']",0.5816326530612245,0.8028169014084507,0.6745562130177515,0.680052837920552,5
"['V14', 'V8', 'V19', 'V2', 'V12']",0.5816326530612245,0.8142857142857143,0.6785714285714286,0.6862187901422665,5
"['V14', 'V8', 'V5', 'V2', 'V12']",0.5816326530612245,0.8142857142857143,0.6785714285714286,0.6801870077383452,5
"['V14', 'V16', 'V20', 'V2', 'V12']",0.5816326530612245,0.8142857142857143,0.6785714285714286,0.6998076029645586,5
"['V14', 'V8', 'V5', 'V17', 'V21']",0.5816326530612245,0.8142857142857143,0.6785714285714286,0.6854144436642862,5
"['V14', 'V8', 'V5', 'V17', 'V19']",0.5816326530612245,0.7916666666666666,0.6705882352941176,0.6728596144645109,5
"['V14', 'V16', 'V19', 'V20', 'V12']",0.5816326530612245,0.8142857142857143,0.6785714285714286,0.6975894420863692,5
"['V14', 'V8', 'V5', 'V17', 'V20']",0.5816326530612245,0.7808219178082192,0.6666666666666666,0.6732000042871131,5
"['V14', 'V8', 'V5', 'V17', 'V2']",0.5816326530612245,0.7916666666666666,0.6705882352941176,0.6711984987064704,5
"['V14', 'V8', 'V5', 'V17', 'V12']",0.5816326530612245,0.8142857142857143,0.6785714285714286,0.7004585907077796,5
"['V14', 'V16', 'V19', 'V20', 'V2']",0.5816326530612245,0.8028169014084507,0.6745562130177515,0.6736181653683401,5
"['V14', 'V8', 'V19', 'V12']",0.5816326530612245,0.8142857142857143,0.6785714285714286,0.6872154012286201,4
"['V14', 'V8', 'V5', 'V19', 'V12']",0.5816326530612245,0.8142857142857143,0.6785714285714286,0.6888494086054867,5
"['V14', 'V8', 'V5', 'V20', 'V12']",0.5816326530612245,0.8028169014084507,0.6745562130177515,0.679945330783959,5
"['V14', 'V8', 'V17', 'V21', 'V19']",0.5816326530612245,0.8142857142857143,0.6785714285714286,0.6834594623722956,5
"['V14', 'V8', 'V19', 'V20', 'V12']",0.5816326530612245,0.8142857142857143,0.6785714285714286,0.6835645570102818,5
"['V14', 'V16', 'V21', 'V2', 'V12']",0.5816326530612245,0.8142857142857143,0.6785714285714286,0.6992220135208232,5
"['V14', 'V8', 'V17', 'V21', 'V20']",0.5816326530612245,0.8142857142857143,0.6785714285714286,0.683877640818642,5
"['V14', 'V8', 'V20', 'V12']",0.5816326530612245,0.8028169014084507,0.6745562130177515,0.6803192297924141,4
"['V14', 'V8', 'V17', 'V21', 'V2']",0.5816326530612245,0.8142857142857143,0.6785714285714286,0.6813411165072009,5
"['V14', 'V8', 'V17', 'V19', 'V20']",0.5816326530612245,0.8028169014084507,0.6745562130177515,0.6739864961250751,5
"['V14', 'V8', 'V17', 'V19', 'V2']",0.5816326530612245,0.8028169014084507,0.6745562130177515,0.6716251470252216,5
"['V14', 'V8', 'V17', 'V19', 'V12']",0.5816326530612245,0.8142857142857143,0.6785714285714286,0.6994293347073377,5
"['V14', 'V8', 'V17', 'V20', 'V2']",0.5816326530612245,0.8028169014084507,0.6745562130177515,0.6709373251798288,5
"['V14', 'V8', 'V17', 'V20', 'V12']",0.5816326530612245,0.8142857142857143,0.6785714285714286,0.6972347925472497,5
"['V14', 'V8', 'V17', 'V2', 'V12']",0.5816326530612245,0.8142857142857143,0.6785714285714286,0.700778120156284,5
"['V14', 'V8', 'V17', 'V12']",0.5816326530612245,0.8142857142857143,0.6785714285714286,0.7006889671789934,4
"['V14', 'V21', 'V19', 'V20', 'V12']",0.5816326530612245,0.8142857142857143,0.6785714285714286,0.6845963680545525,5
"['V14', 'V21', 'V20', 'V2', 'V12']",0.5816326530612245,0.8142857142857143,0.6785714285714286,0.6824725034403644,5
"['V14', 'V5', 'V2', 'V12']",0.5816326530612245,0.8142857142857143,0.6785714285714286,0.6790754842375225,4
"['V14', 'V19', 'V20', 'V2', 'V12']",0.5816326530612245,0.8142857142857143,0.6785714285714286,0.6816660288708619,5
"['V14', 'V5', 'V17', 'V19']",0.5816326530612245,0.8142857142857143,0.6785714285714286,0.6690408711823681,4
"['V14', 'V16', 'V17', 'V21', 'V12']",0.5816326530612245,0.8142857142857143,0.6785714285714286,0.7017094566170002,5
"['V14', 'V16', 'V5', 'V12']",0.5816326530612245,0.8142857142857143,0.6785714285714286,0.6984724067233745,4
"['V14', 'V5', 'V17', 'V20']",0.5816326530612245,0.8142857142857143,0.6785714285714286,0.6690072309388814,4
"['V14', 'V16', 'V5', 'V19']",0.5816326530612245,0.8028169014084507,0.6745562130177515,0.6711486693664522,4
"['V14', 'V16', 'V5', 'V2', 'V12']",0.5816326530612245,0.8142857142857143,0.6785714285714286,0.6992828822095418,5
"['V14', 'V16', 'V5', 'V20', 'V2']",0.5816326530612245,0.8028169014084507,0.6745562130177515,0.6731795351379063,5
"['V14', 'V5', 'V17', 'V2']",0.5816326530612245,0.8142857142857143,0.6785714285714286,0.6686916095618224,4
"['V14', 'V5', 'V17', 'V12']",0.5816326530612245,0.8142857142857143,0.6785714285714286,0.694001774623547,4
"['V14', 'V16', 'V5', 'V21']",0.5816326530612245,0.8028169014084507,0.6745562130177515,0.6761198791112414,4
"['V14', 'V16', 'V5', 'V19', 'V2']",0.5816326530612245,0.8028169014084507,0.6745562130177515,0.6673239225094003,5
"['V14', 'V16', 'V5', 'V21', 'V12']",0.5816326530612245,0.8142857142857143,0.6785714285714286,0.6993015302165058,5
"['V14', 'V5', 'V21', 'V12']",0.5816326530612245,0.8142857142857143,0.6785714285714286,0.6856733032585693,4
"['V14', 'V16', 'V5', 'V21', 'V20']",0.5816326530612245,0.8028169014084507,0.6745562130177515,0.6792198714215828,5
"['V14', 'V16', 'V5', 'V21', 'V19']",0.5816326530612245,0.8028169014084507,0.6745562130177515,0.676238535859434,5
"['V14', 'V16', 'V5', 'V17', 'V12']",0.5816326530612245,0.8142857142857143,0.6785714285714286,0.6975220380983534,5
"['V14', 'V5', 'V19', 'V12']",0.5816326530612245,0.8142857142857143,0.6785714285714286,0.6841043415020065,4
"['V14', 'V16', 'V5', 'V17', 'V21']",0.5816326530612245,0.8028169014084507,0.6745562130177515,0.6773254411355948,5
"['V14', 'V16', 'V8', 'V2', 'V12']",0.5816326530612245,0.8142857142857143,0.6785714285714286,0.7053774229369024,5
"['V14', 'V16', 'V8', 'V20', 'V12']",0.5816326530612245,0.8142857142857143,0.6785714285714286,0.7051350311115494,5
"['V14', 'V16', 'V8', 'V20', 'V2']",0.5816326530612245,0.8028169014084507,0.6745562130177515,0.6798981174370036,5
"['V14', 'V16', 'V8', 'V19', 'V12']",0.5816326530612245,0.8028169014084507,0.6745562130177515,0.6999918897211044,5
"['V14', 'V5', 'V20', 'V12']",0.5816326530612245,0.8142857142857143,0.6785714285714286,0.6807519762545119,4
"['V14', 'V16', 'V8', 'V19', 'V20']",0.5816326530612245,0.8142857142857143,0.6785714285714286,0.6842406668850544,5
"['V14', 'V16', 'V8', 'V12']",0.5816326530612245,0.8142857142857143,0.6785714285714286,0.7038328773344594,4
"['V14', 'V16', 'V17', 'V21']",0.5816326530612245,0.8028169014084507,0.6745562130177515,0.6746071902112264,4
"['V14', 'V16', 'V17', 'V2']",0.5816326530612245,0.8028169014084507,0.6745562130177515,0.6739092561871274,4
"['V14', 'V16', 'V17', 'V12']",0.5816326530612245,0.8142857142857143,0.6785714285714286,0.6969918967451466,4
"['V14', 'V16', 'V20', 'V2']",0.5816326530612245,0.8028169014084507,0.6745562130177515,0.6729478837382004,4
"['V14', 'V8', 'V2', 'V12']",0.5816326530612245,0.8142857142857143,0.6785714285714286,0.6819067108615885,4
"['V14', 'V8', 'V5', 'V17']",0.5816326530612245,0.8142857142857143,0.6785714285714286,0.6746588024334179,4
"['V10', 'V16', 'V8', 'V19', 'V12']",0.5816326530612245,0.8028169014084507,0.6745562130177515,0.6884004914086095,5
"['V10', 'V16', 'V8', 'V2', 'V12']",0.5816326530612245,0.8028169014084507,0.6745562130177515,0.6883247291463077,5
"['V14', 'V16', 'V21', 'V20', 'V12']",0.5816326530612245,0.8142857142857143,0.6785714285714286,0.701173529367989,5
"['V14', 'V16', 'V21', 'V20', 'V2']",0.5816326530612245,0.8028169014084507,0.6745562130177515,0.6742349476623681,5
"['V14', 'V16', 'V21', 'V19', 'V12']",0.5816326530612245,0.8142857142857143,0.6785714285714286,0.6970751269718906,5
"['V14', 'V16', 'V21', 'V19', 'V20']",0.5816326530612245,0.8028169014084507,0.6745562130177515,0.6738695147416983,5
"['V14', 'V16', 'V17', 'V2', 'V12']",0.5816326530612245,0.8142857142857143,0.6785714285714286,0.6981438564891925,5
"['V14', 'V16', 'V2', 'V12']",0.5816326530612245,0.8142857142857143,0.6785714285714286,0.6992271272616716,4
"['V14', 'V16', 'V20', 'V12']",0.5816326530612245,0.8142857142857143,0.6785714285714286,0.6987632695084394,4
"['V10', 'V16', 'V17', 'V21', 'V12']",0.5816326530612245,0.8028169014084507,0.6745562130177515,0.6924060824622155,5
"['V10', 'V8', 'V5', 'V20', 'V12']",0.5816326530612245,0.8260869565217391,0.6826347305389222,0.6886826579834335,5
"['V14', 'V16', 'V19', 'V12']",0.5816326530612245,0.8142857142857143,0.6785714285714286,0.6955080135772764,4
"['V14', 'V16', 'V17', 'V20', 'V12']",0.5816326530612245,0.8142857142857143,0.6785714285714286,0.6992737200645511,5
"['V14', 'V16', 'V17', 'V20', 'V2']",0.5816326530612245,0.8142857142857143,0.6785714285714286,0.6762670071245614,5
"['V14', 'V16', 'V17', 'V19', 'V12']",0.5816326530612245,0.8142857142857143,0.6785714285714286,0.6952765996435069,5
"['V14', 'V16', 'V17', 'V19', 'V2']",0.5816326530612245,0.8028169014084507,0.6745562130177515,0.673765734757674,5
"['V10', 'V16', 'V21', 'V20', 'V12']",0.5816326530612245,0.8028169014084507,0.6745562130177515,0.6881223696403008,5
"['V10', 'V16', 'V21', 'V2', 'V12']",0.5816326530612245,0.8028169014084507,0.6745562130177515,0.6929221814747475,5
"['V14', 'V16', 'V19', 'V20']",0.5816326530612245,0.8028169014084507,0.6745562130177515,0.6747877007861783,4
"['V10', 'V16', 'V19', 'V20', 'V12']",0.5816326530612245,0.8142857142857143,0.6785714285714286,0.6890189022309832,5
"['V14', 'V16', 'V21', 'V12']",0.5816326530612245,0.8142857142857143,0.6785714285714286,0.6981904633693693,4
"['V14', 'V16', 'V21', 'V20']",0.5816326530612245,0.8028169014084507,0.6745562130177515,0.673587781960657,4
"['V4', 'V10', 'V16', 'V8', 'V5', 'V17']",0.5816326530612245,0.8028169014084507,0.6745562130177515,0.6680741586446463,6
"['V14', 'V16', 'V19', 'V2', 'V12']",0.5816326530612245,0.8142857142857143,0.6785714285714286,0.6987542910323763,5
"['V4', 'V10', 'V16', 'V17', 'V20', 'V12']",0.5816326530612245,0.8028169014084507,0.6745562130177515,0.6974580092432215,6
"['V4', 'V16', 'V5', 'V17', 'V20', 'V12']",0.5816326530612245,0.7916666666666666,0.6705882352941176,0.6477436442376767,6
"['V14', 'V10', 'V19']",0.5816326530612245,0.7808219178082192,0.6666666666666666,0.7012587835958292,3
"['V14', 'V12', 'V4', 'Amount']",0.5816326530612245,0.76,0.6589595375722543,0.6800995617996618,4
"['V4', 'V10', 'V16', 'V21', 'V2', 'V12']",0.5816326530612245,0.8028169014084507,0.6745562130177515,0.7012872103996518,6
"['V14', 'V12', 'V4', 'V20']",0.5816326530612245,0.76,0.6589595375722543,0.6825592031141802,4
"['V14', 'V12', 'V2']",0.5816326530612245,0.8142857142857143,0.6785714285714286,0.679823848750734,3
"['V4', 'V10', 'V16', 'V21', 'V19', 'V12']",0.5816326530612245,0.7916666666666666,0.6705882352941176,0.6960558380063324,6
"['V14', 'V12', 'V4', 'V18']",0.5816326530612245,0.7916666666666666,0.6705882352941176,0.6874032196428242,4
"['V17', 'V14', 'V10', 'V4']",0.5816326530612245,0.8142857142857143,0.6785714285714286,0.710479136923746,4
"['V4', 'V10', 'V16', 'V21', 'V19', 'V20']",0.5816326530612245,0.8028169014084507,0.6745562130177515,0.6888085605591101,6
"['V4', 'V10', 'V16', 'V17', 'V2', 'V12']",0.5816326530612245,0.8028169014084507,0.6745562130177515,0.6981850326582042,6
"['V4', 'V10', 'V16', 'V17', 'V20', 'V2']",0.5816326530612245,0.8142857142857143,0.6785714285714286,0.6844985886420236,6
"['V14', 'V12', 'V4', 'V17']",0.5816326530612245,0.8028169014084507,0.6745562130177515,0.691461508105944,4
"['V14', 'V12', 'V4', 'V7']",0.5816326530612245,0.7702702702702703,0.6627906976744186,0.6871446399685329,4
"['V14', 'V12', 'V4', 'V6']",0.5816326530612245,0.76,0.6589595375722543,0.6823106863916761,4
"['V14', 'V12', 'V4', 'V5']",0.5816326530612245,0.76,0.6589595375722543,0.6804123920106829,4
"['V17', 'V14', 'V10', 'V7']",0.5816326530612245,0.7808219178082192,0.6666666666666666,0.7047878888079007,4
"['V4', 'V10', 'V16', 'V17', 'V19', 'V12']",0.5816326530612245,0.8028169014084507,0.6745562130177515,0.6945711855322495,6
"['V14', 'V12', 'Amount']",0.5816326530612245,0.8142857142857143,0.6785714285714286,0.6818396172484812,3
"['V4', 'V10', 'V16', 'V17', 'V19', 'V2']",0.5816326530612245,0.8028169014084507,0.6745562130177515,0.6806879936326578,6
"['V4', 'V14', 'V17', 'V2', 'V12']",0.5816326530612245,0.8142857142857143,0.6785714285714286,0.6915144801970008,5
"['V14', 'V12', 'V21']",0.5816326530612245,0.8142857142857143,0.6785714285714286,0.6849447343218977,3
"['V4', 'V16', 'V5', 'V17', 'V21', 'V12']",0.5816326530612245,0.7916666666666666,0.6705882352941176,0.6525215525931393,6
"['V4', 'V14', 'V17', 'V20', 'V12']",0.5816326530612245,0.8142857142857143,0.6785714285714286,0.6924071063745125,5
"['V17', 'V14', 'V10', 'V8']",0.5816326530612245,0.8260869565217391,0.6826347305389222,0.7293659346899464,4
"['V17', 'V14', 'V10', 'V8', 'Amount']",0.5816326530612245,0.8260869565217391,0.6826347305389222,0.7314836900858716,5
"['V17', 'V14', 'V10', 'V8', 'V19']",0.5816326530612245,0.8142857142857143,0.6785714285714286,0.7290025163593136,5
"['V14', 'V12', 'V20']",0.5816326530612245,0.8142857142857143,0.6785714285714286,0.6805606822335766,3
"['V4', 'V14', 'V17', 'V19', 'V12']",0.5816326530612245,0.8028169014084507,0.6745562130177515,0.6891138276722001,5
"['V17', 'V14', 'V10', 'V8', 'V18']",0.5816326530612245,0.8260869565217391,0.6826347305389222,0.7300699463617055,5
"['V17', 'V14', 'V2']",0.5816326530612245,0.8142857142857143,0.6785714285714286,0.6689941928695401,3
"['V4', 'V14', 'V21', 'V20', 'V12']",0.5816326530612245,0.7702702702702703,0.6627906976744186,0.686207114240643,5
"['V4', 'V10', 'V16', 'V21', 'V20']",0.5816326530612245,0.7916666666666666,0.6705882352941176,0.6846298768855925,5
"['V17', 'V14', 'V10', 'V3']",0.5816326530612245,0.7916666666666666,0.6705882352941176,0.7116252253623515,4
"['V4', 'V10', 'V16', 'V5', 'V21']",0.5816326530612245,0.7916666666666666,0.6705882352941176,0.6707848491954894,5
"['V17', 'V14', 'V12']",0.5816326530612245,0.8142857142857143,0.6785714285714286,0.694125824019265,3
"['V4', 'V10', 'V16', 'V5', 'V19']",0.5816326530612245,0.8028169014084507,0.6745562130177515,0.6682405741843749,5
"['V4', 'V10', 'V16', 'V8', 'V5']",0.5816326530612245,0.8028169014084507,0.6745562130177515,0.668292950339161,5
"['V4', 'V14', 'V20', 'V2', 'V12']",0.5816326530612245,0.7916666666666666,0.6705882352941176,0.6830177780729964,5
"['V4', 'V14', 'V19', 'V2', 'V12']",0.5816326530612245,0.8028169014084507,0.6745562130177515,0.6844626020483898,5
"['V17', 'V14', 'V18']",0.5816326530612245,0.8142857142857143,0.6785714285714286,0.6696881130153103,3
"['V14', 'V10', 'V8']",0.5816326530612245,0.7402597402597403,0.6514285714285715,0.7085322515000232,3
"['V17', 'V14', 'V11']",0.5816326530612245,0.8142857142857143,0.6785714285714286,0.6700648082148035,3
"['V4', 'V10', 'V8', 'V5', 'V19', 'V12']",0.5816326530612245,0.8260869565217391,0.6826347305389222,0.6984968494539842,6
"['V14', 'V10', 'V17']",0.5816326530612245,0.8142857142857143,0.6785714285714286,0.7103665911752233,3
"['V17', 'V14', 'V10', 'V18']",0.5816326530612245,0.8142857142857143,0.6785714285714286,0.710254007759502,4
"['V17', 'V14', 'V19']",0.5816326530612245,0.8142857142857143,0.6785714285714286,0.668553265250512,3
"['V17', 'V14', 'V20']",0.5816326530612245,0.8142857142857143,0.6785714285714286,0.6691789598365606,3
"['V4', 'V10', 'V16', 'V17', 'V12']",0.5816326530612245,0.7808219178082192,0.6666666666666666,0.6952107254056381,5
"['V4', 'V10', 'V8', 'V5', 'V17', 'V19']",0.5816326530612245,0.7808219178082192,0.6666666666666666,0.6582174072658451,6
"['V4', 'V10', 'V8', 'V5', 'V17', 'V21']",0.5816326530612245,0.7702702702702703,0.6627906976744186,0.6631344684013565,6
"['V4', 'V14', 'V19', 'V20', 'V12']",0.5816326530612245,0.7808219178082192,0.6666666666666666,0.6871030344824459,5
"['V4', 'V10', 'V16', 'V19', 'V2', 'V12']",0.5816326530612245,0.8028169014084507,0.6745562130177515,0.7004398443018353,6
"['V4', 'V10', 'V5', 'V19', 'V2', 'V12']",0.5816326530612245,0.7916666666666666,0.6705882352941176,0.6853133443338454,6
"['V17', 'V14', 'V10']",0.5816326530612245,0.8142857142857143,0.6785714285714286,0.7103665911752233,3
"['V17', 'V14', 'V9']",0.5816326530612245,0.7702702702702703,0.6627906976744186,0.7058289723221788,3
"['V17', 'V14', 'V8']",0.5816326530612245,0.8142857142857143,0.6785714285714286,0.6759746054404838,3
"['V17', 'V14', 'Amount']",0.5816326530612245,0.8142857142857143,0.6785714285714286,0.6690675813519662,3
"['V17', 'V14', 'V6']",0.5816326530612245,0.8142857142857143,0.6785714285714286,0.6707736846655146,3
"['V17', 'V14', 'V10', 'V1']",0.5816326530612245,0.8260869565217391,0.6826347305389222,0.7098537641555275,4
"['V4', 'V14', 'V17']",0.5816326530612245,0.8028169014084507,0.6745562130177515,0.683381896958676,3
"['V17', 'V14', 'V4']",0.5816326530612245,0.8028169014084507,0.6745562130177515,0.683381896958676,3
"['V4', 'V14', 'V21', 'V2', 'V12']",0.5816326530612245,0.7702702702702703,0.6627906976744186,0.6852194434973716,5
"['V14', 'V12', 'V19']",0.5816326530612245,0.8142857142857143,0.6785714285714286,0.6836801610282007,3
"['V4', 'V10', 'V16', 'V5', 'V17']",0.5816326530612245,0.8028169014084507,0.6745562130177515,0.6669702873710508,5
"['V17', 'V14', 'V10', 'V9']",0.5816326530612245,0.7702702702702703,0.6627906976744186,0.7073347264018784,4
"['V14', 'V12', 'V8']",0.5816326530612245,0.8142857142857143,0.6785714285714286,0.6842738873785706,3
"['V4', 'V10', 'V16', 'V8', 'V5', 'V19']",0.5816326530612245,0.8028169014084507,0.6745562130177515,0.667520681280492,6
"['V4', 'V14', 'V8', 'V20', 'V12']",0.5816326530612245,0.76,0.6589595375722543,0.6900900569828732,5
"['V14', 'V12', 'V11']",0.5816326530612245,0.8028169014084507,0.6745562130177515,0.6783919699066279,3
"['V4', 'V16', 'V8', 'V17', 'V2', 'V12']",0.5816326530612245,0.7916666666666666,0.6705882352941176,0.6587046274472285,6
"['V14', 'V12', 'V5']",0.5816326530612245,0.8028169014084507,0.6745562130177515,0.6826817729635934,3
"['V14', 'V12', 'V6']",0.5816326530612245,0.8142857142857143,0.6785714285714286,0.6819081374266278,3
"['V17', 'V14', 'V10', 'Amount']",0.5816326530612245,0.8028169014084507,0.6745562130177515,0.7072314689333589,4
"['V17', 'V14', 'V10', 'V8', 'V7']",0.5816326530612245,0.8260869565217391,0.6826347305389222,0.7305425141403886,5
"['V17', 'V14', 'V10', 'V8', 'V3']",0.5816326530612245,0.8260869565217391,0.6826347305389222,0.7283496383574212,5
"['V4', 'V10', 'V16', 'V8', 'V21', 'V20']",0.5816326530612245,0.7916666666666666,0.6705882352941176,0.6866396213999472,6
"['V17', 'V14', 'V10', 'V8', 'V2']",0.5816326530612245,0.8260869565217391,0.6826347305389222,0.7305247808788083,5
"['V4', 'V16', 'V8', 'V19', 'V2', 'V12']",0.5816326530612245,0.7916666666666666,0.6705882352941176,0.6549838645171762,6
"['V4', 'V16', 'V8', 'V5', 'V21', 'V12']",0.5816326530612245,0.8028169014084507,0.6745562130177515,0.6594796948419116,6
"['V4', 'V16', 'V8', 'V19', 'V20', 'V12']",0.5816326530612245,0.8028169014084507,0.6745562130177515,0.6640149056659351,6
"['V4', 'V14', 'V5', 'V19', 'V12']",0.5816326530612245,0.76,0.6589595375722543,0.6819270876656525,5
"['V4', 'V14', 'V5', 'V20', 'V12']",0.5816326530612245,0.76,0.6589595375722543,0.6819431189726373,5
"['V4', 'V10', 'V8', 'V5', 'V17']",0.5816326530612245,0.7808219178082192,0.6666666666666666,0.6578110494055275,5
"['V4', 'V14', 'V17', 'V21', 'V12']",0.5816326530612245,0.8142857142857143,0.6785714285714286,0.6981203268443829,5
"['V17', 'V14', 'V10', 'V11']",0.5816326530612245,0.8142857142857143,0.6785714285714286,0.7080247528713578,4
"['V4', 'V10', 'V16', 'V2', 'V12']",0.5816326530612245,0.8028169014084507,0.6745562130177515,0.6999931741617326,5
"['V4', 'V14', 'V5', 'V2', 'V12']",0.5816326530612245,0.7215189873417721,0.6440677966101694,0.6789674278934245,5
"['V17', 'V14', 'V10', 'V21']",0.5816326530612245,0.8028169014084507,0.6745562130177515,0.7112855832849483,4
"['V4', 'V16', 'V8', 'V21', 'V2', 'V12']",0.5816326530612245,0.7916666666666666,0.6705882352941176,0.6567076176414967,6
"['V4', 'V16', 'V8', 'V5', 'V2', 'V12']",0.5816326530612245,0.8028169014084507,0.6745562130177515,0.653065728456027,6
"['V4', 'V16', 'V8', 'V20', 'V2', 'V12']",0.5816326530612245,0.7916666666666666,0.6705882352941176,0.654994521351338,6
"['V14', 'V12', 'V7']",0.5816326530612245,0.8028169014084507,0.6745562130177515,0.6896492514263136,3
"['V17', 'V14', 'V10', 'V8', 'V1']",0.5816326530612245,0.8260869565217391,0.6826347305389222,0.7286388285650783,5
"['V4', 'V10', 'V16', 'V5', 'V17', 'V21']",0.5816326530612245,0.7916666666666666,0.6705882352941176,0.6690032353618895,6
"['V4', 'V10', 'V16', 'V5', 'V21', 'V19']",0.5816326530612245,0.7916666666666666,0.6705882352941176,0.6700255123620722,6
"['V4', 'V14', 'V5', 'V21', 'V12']",0.5816326530612245,0.76,0.6589595375722543,0.6843807301528891,5
"['V14', 'V10', 'V2']",0.5816326530612245,0.7402597402597403,0.6514285714285715,0.6960737176319339,3
"['V4', 'V10', 'V16', 'V5', 'V17', 'V19']",0.5816326530612245,0.8028169014084507,0.6745562130177515,0.6687744704869336,6
"['V4', 'V14', 'V5', 'V17', 'V12']",0.5816326530612245,0.8142857142857143,0.6785714285714286,0.6953922691521136,5
"['V17', 'V14', 'V10', 'V8', 'V11']",0.5816326530612245,0.8260869565217391,0.6826347305389222,0.7292781838149014,5
"['V4', 'V10', 'V16', 'V5', 'V17', 'V20']",0.5816326530612245,0.7916666666666666,0.6705882352941176,0.6832424442016276,6
"['V4', 'V10', 'V16', 'V8', 'V5', 'V21']",0.5816326530612245,0.7916666666666666,0.6705882352941176,0.6780952836730586,6
"['V17', 'V14', 'V10', 'V8', 'V9']",0.5816326530612245,0.7916666666666666,0.6705882352941176,0.7309518524320937,5
"['V17', 'V14', 'V10', 'V19']",0.5816326530612245,0.8142857142857143,0.6785714285714286,0.7093600243793059,4
"['V14', 'V12', 'V18']",0.5816326530612245,0.8142857142857143,0.6785714285714286,0.6853004250890801,3
"['V14', 'V12', 'V16']",0.5816326530612245,0.8142857142857143,0.6785714285714286,0.6974706356392563,3
"['V14', 'V12', 'V17']",0.5816326530612245,0.8142857142857143,0.6785714285714286,0.694125824019265,3
"['V4', 'V10', 'V16', 'V5', 'V21', 'V2']",0.5816326530612245,0.8028169014084507,0.6745562130177515,0.689602150190726,6
"['V17', 'V14', 'V21']",0.5714285714285714,0.8115942028985508,0.6706586826347305,0.6711138011724843,3
"['V4', 'V10', 'V5', 'V20', 'V2', 'V12']",0.5714285714285714,0.7887323943661971,0.6627218934911243,0.6857425674038097,6
"['V14', 'V16', 'V21', 'V19', 'V2']",0.5714285714285714,0.8,0.6666666666666666,0.67137887773906,5
"['V4', 'V14', 'V10', 'V17', 'V19', 'V2']",0.5714285714285714,0.7887323943661971,0.6627218934911243,0.7104790670073308,6
"['V14', 'V16', 'V8', 'V5', 'V2']",0.5714285714285714,0.7887323943661971,0.6627218934911243,0.6731281324441524,5
"['V4', 'V16', 'V5', 'V19', 'V20', 'V12']",0.5714285714285714,0.7887323943661971,0.6627218934911243,0.6405228922614401,6
"['V4', 'V10', 'V5', 'V21', 'V19', 'V20', 'V2']",0.5714285714285714,0.7887323943661971,0.6627218934911243,0.6881788864188423,7
"['V14', 'V16', 'V17', 'V21', 'V19', 'V2']",0.5714285714285714,0.8,0.6666666666666666,0.6748337196564816,6
"['V4', 'V16', 'V5', 'V21', 'V20', 'V12']",0.5714285714285714,0.7887323943661971,0.6627218934911243,0.6455598560117942,6
"['V4', 'V10', 'V16', 'V8', 'V21']",0.5714285714285714,0.7887323943661971,0.6627218934911243,0.6672980405010126,5
"['V4', 'V16', 'V5', 'V21', 'V2', 'V12']",0.5714285714285714,0.7887323943661971,0.6627218934911243,0.6415532261805504,6
"['V10', 'V5', 'V19', 'V2', 'V12']",0.5714285714285714,0.8235294117647058,0.6746987951807228,0.6826659139461716,5
"['V10', 'V5', 'V17', 'V19', 'V2']",0.5714285714285714,0.7887323943661971,0.6627218934911243,0.6446003971893318,5
"['V4', 'V10', 'V5', 'V17']",0.5714285714285714,0.7777777777777778,0.6588235294117647,0.6564160401569878,4
"['V10', 'V16', 'V8', 'V17', 'V21', 'V19', 'V12']",0.5714285714285714,0.8,0.6666666666666666,0.6961254734567686,7
"['V4', 'V16', 'V5', 'V17', 'V21', 'V19', 'V2', 'V12']",0.5714285714285714,0.7887323943661971,0.6627218934911243,0.6440370991011742,8
"['V4', 'V10', 'V16', 'V20']",0.5714285714285714,0.8,0.6666666666666666,0.6790803280484614,4
"['V4', 'V16', 'V17', 'V21', 'V20', 'V12']",0.5714285714285714,0.7887323943661971,0.6627218934911243,0.6488466210859074,6
"['V14', 'V10', 'V21', 'V20', 'V2']",0.5714285714285714,0.7567567567567568,0.6511627906976745,0.6972990959935114,5
"['V17', 'V14', 'V10', 'V12']",0.5714285714285714,0.8115942028985508,0.6706586826347305,0.7101207331204488,4
"['V4', 'V16', 'V5', 'V17', 'V19', 'V20', 'V2', 'V12']",0.5714285714285714,0.7887323943661971,0.6627218934911243,0.6446033750992389,8
"['V4', 'V14', 'V2', 'V12']",0.5714285714285714,0.7567567567567568,0.6511627906976745,0.6809081633790857,4
"['V4', 'V16', 'V5', 'V21', 'V19', 'V20', 'V2', 'V12']",0.5714285714285714,0.7887323943661971,0.6627218934911243,0.6386358417793097,8
"['V14', 'V16', 'V19', 'V2']",0.5714285714285714,0.8,0.6666666666666666,0.6681194761411658,4
"['V14', 'V10', 'V17', 'V20', 'V12']",0.5714285714285714,0.8115942028985508,0.6706586826347305,0.7091724639849216,5
"['V4', 'V10', 'V16', 'V5', 'V17', 'V21', 'V19', 'V20']",0.5714285714285714,0.8,0.6666666666666666,0.6910382110479694,8
"['V14', 'V10', 'V19', 'V20', 'V12']",0.5714285714285714,0.7777777777777778,0.6588235294117647,0.7057692164585865,5
"['V4', 'V10', 'V5', 'V17', 'V21', 'V19']",0.5714285714285714,0.7777777777777778,0.6588235294117647,0.6627118661816421,6
"['V4', 'V10', 'V5', 'V21', 'V19', 'V20', 'V2', 'V12']",0.5714285714285714,0.7887323943661971,0.6627218934911243,0.6902961298879793,8
"['V4', 'V10', 'V8', 'V21', 'V20', 'V12']",0.5714285714285714,0.7671232876712328,0.6549707602339181,0.695025171815321,6
"['V4', 'V16', 'V5', 'V17', 'V21', 'V20', 'V2', 'V12']",0.5714285714285714,0.7887323943661971,0.6627218934911243,0.6475695543137372,8
"['V10', 'V16', 'V8', 'V17', 'V21', 'V19', 'V20', 'V12']",0.5714285714285714,0.8,0.6666666666666666,0.7000847562586677,8
"['V4', 'V10', 'V5', 'V17', 'V19', 'V20']",0.5714285714285714,0.7887323943661971,0.6627218934911243,0.6643642595449445,6
"['V4', 'V10', 'V5', 'V17', 'V21', 'V20']",0.5714285714285714,0.7777777777777778,0.6588235294117647,0.6823034475645313,6
"['V16', 'V8', 'V5', 'V17', 'V21', 'V2', 'V12']",0.5714285714285714,0.8,0.6666666666666666,0.6534783847509288,7
"['V4', 'V16', 'V5', 'V21', 'V19', 'V12']",0.5714285714285714,0.7887323943661971,0.6627218934911243,0.6482573068840033,6
"['V10', 'V16', 'V5', 'V17', 'V21', 'V20', 'V2']",0.5714285714285714,0.8115942028985508,0.6706586826347305,0.6691674135482557,7
"['V4', 'V16', 'V5', 'V17', 'V21', 'V19', 'V12']",0.5714285714285714,0.7887323943661971,0.6627218934911243,0.6487243120674397,7
"['V4', 'V16', 'V5', 'V21', 'V20', 'V2', 'V12']",0.5714285714285714,0.7887323943661971,0.6627218934911243,0.6418466199398745,7
"['V4', 'V16', 'V8', 'V5', 'V21', 'V20', 'V2', 'V12']",0.5714285714285714,0.8,0.6666666666666666,0.6522188190420605,8
"['V4', 'V16', 'V5', 'V21', 'V19', 'V2', 'V12']",0.5714285714285714,0.7887323943661971,0.6627218934911243,0.6391080760743033,7
"['V14', 'V16', 'V8', 'V19']",0.5714285714285714,0.8,0.6666666666666666,0.6767502183825966,4
"['V10', 'V16', 'V5', 'V17', 'V21', 'V19', 'V2']",0.5714285714285714,0.8115942028985508,0.6706586826347305,0.6689439532199289,7
"['V4', 'V14', 'V10', 'V17', 'V19', 'V12']",0.5714285714285714,0.8,0.6666666666666666,0.7087216128337658,6
"['V4', 'V14', 'V10', 'V17', 'V20', 'V2', 'V12']",0.5714285714285714,0.8,0.6666666666666666,0.7094471171120971,7
"['V4', 'V14', 'V10', 'V17', 'V19', 'V2', 'V12']",0.5714285714285714,0.8,0.6666666666666666,0.7098295178917883,7
"['V4', 'V14', 'V10', 'V17', 'V19', 'V20', 'V12']",0.5714285714285714,0.8,0.6666666666666666,0.7107167937780963,7
"['V4', 'V16', 'V5', 'V17', 'V21', 'V20', 'V12']",0.5714285714285714,0.7887323943661971,0.6627218934911243,0.6489226671327508,7
"['V10', 'V8', 'V5', 'V17', 'V21']",0.5714285714285714,0.8115942028985508,0.6706586826347305,0.6498407785987255,5
"['V14', 'V17', 'V21', 'V2']",0.5714285714285714,0.8115942028985508,0.6706586826347305,0.6717828777886811,4
"['V14', 'V10', 'V17', 'V12']",0.5714285714285714,0.8115942028985508,0.6706586826347305,0.7101207331204488,4
"['V4', 'V16', 'V8', 'V17', 'V21', 'V19', 'V20', 'V12']",0.5714285714285714,0.8,0.6666666666666666,0.6651218392286586,8
"['V14', 'V10', 'V21', 'V2']",0.5714285714285714,0.7671232876712328,0.6549707602339181,0.6989242608481591,4
"['V14', 'V16', 'V5', 'V2']",0.5714285714285714,0.8,0.6666666666666666,0.6674612676722376,4
"['V14', 'V16', 'V17', 'V21', 'V2']",0.5714285714285714,0.8,0.6666666666666666,0.6748140541270509,5
"['V4', 'V16', 'V5', 'V17', 'V19', 'V2', 'V12']",0.5714285714285714,0.7887323943661971,0.6627218934911243,0.6448895593116168,7
"['V4', 'V16', 'V5', 'V17', 'V21', 'V2', 'V12']",0.5714285714285714,0.7887323943661971,0.6627218934911243,0.6473102388337623,7
"['V14', 'V10', 'V19', 'V12']",0.5714285714285714,0.7887323943661971,0.6627218934911243,0.7068336136030309,4
"['V14', 'V10', 'V20', 'V12']",0.5714285714285714,0.7777777777777778,0.6588235294117647,0.7062438275750702,4
"['V14', 'V5', 'V17', 'V21']",0.5714285714285714,0.8115942028985508,0.6706586826347305,0.6735891565980944,4
"['V14', 'V17', 'V21', 'V19']",0.5714285714285714,0.8115942028985508,0.6706586826347305,0.6707605620431129,4
"['V14', 'V10', 'V8', 'V21']",0.5714285714285714,0.7466666666666667,0.6473988439306358,0.7070519003208819,4
"['V14', 'V16', 'V8', 'V2']",0.5714285714285714,0.7777777777777778,0.6588235294117647,0.670818739393668,4
"['V4', 'V16', 'V5', 'V12']",0.5714285714285714,0.7887323943661971,0.6627218934911243,0.6458953251096444,4
"['V4', 'V10', 'V5', 'V21', 'V20', 'V2', 'V12']",0.5714285714285714,0.7887323943661971,0.6627218934911243,0.6937483515655244,7
"['V4', 'V16', 'V21', 'V12']",0.5714285714285714,0.7887323943661971,0.6627218934911243,0.6501580405181656,4
"['V4', 'V16', 'V19', 'V12']",0.5714285714285714,0.7887323943661971,0.6627218934911243,0.6514148042474559,4
"['V4', 'V16', 'V20', 'V12']",0.5714285714285714,0.7887323943661971,0.6627218934911243,0.6447531598830093,4
"['V4', 'V10', 'V5', 'V19', 'V20', 'V2', 'V12']",0.5714285714285714,0.7887323943661971,0.6627218934911243,0.6847099637628997,7
"['V10', 'V16', 'V8', 'V17', 'V20', 'V2', 'V12']",0.5714285714285714,0.8,0.6666666666666666,0.6918296108387643,7
"['V14', 'V17', 'V21', 'V20']",0.5714285714285714,0.8115942028985508,0.6706586826347305,0.6702064307452926,4
"['V4', 'V8', 'V5', 'V17', 'V19', 'V20', 'V2', 'V12']",0.5714285714285714,0.8,0.6666666666666666,0.6406447442651351,8
"['V4', 'V8', 'V5', 'V17', 'V20', 'V2', 'V12']",0.5714285714285714,0.8,0.6666666666666666,0.6422974143131962,7
"['V4', 'V10', 'V16', 'V8', 'V17', 'V21', 'V19', 'V20']",0.5714285714285714,0.8,0.6666666666666666,0.6920765718620003,8
"['V14', 'V16', 'V21', 'V2']",0.5714285714285714,0.8,0.6666666666666666,0.6698088037112507,4
"['V4', 'V16', 'V5', 'V17', 'V2', 'V12']",0.5714285714285714,0.7887323943661971,0.6627218934911243,0.6450243649960857,6
"['V14', 'V16', 'V19']",0.5714285714285714,0.8,0.6666666666666666,0.6705611488588605,3
"['V10', 'V8', 'V5', 'V19', 'V12']",0.5714285714285714,0.8235294117647058,0.6746987951807228,0.6886999338899151,5
"['V14', 'V16', 'V21', 'V19']",0.5714285714285714,0.8,0.6666666666666666,0.6703186293050934,4
"['V14', 'V16', 'V8', 'V21', 'V2']",0.5714285714285714,0.7887323943661971,0.6627218934911243,0.6774784621396942,5
"['V4', 'V16', 'V17', 'V21', 'V20', 'V2', 'V12']",0.5714285714285714,0.7887323943661971,0.6627218934911243,0.6437456634726717,7
"['V10', 'V8', 'V5', 'V2', 'V12']",0.5714285714285714,0.8235294117647058,0.6746987951807228,0.6849713328904818,5
"['V4', 'V16', 'V5', 'V17', 'V19', 'V12']",0.5714285714285714,0.7887323943661971,0.6627218934911243,0.6476559298613532,6
"['V4', 'V16', 'V8', 'V5', 'V21', 'V19', 'V2', 'V12']",0.5714285714285714,0.8,0.6666666666666666,0.6558777657934044,8
"['V14', 'V16', 'V21']",0.5714285714285714,0.8,0.6666666666666666,0.6692184105082712,3
"['V4', 'V16', 'V8', 'V5', 'V21', 'V2', 'V12']",0.5714285714285714,0.8,0.6666666666666666,0.6529795798872515,7
"['V4', 'V14', 'V10', 'V17', 'V20', 'V12']",0.5714285714285714,0.8,0.6666666666666666,0.710660578467733,6
"['V14', 'V5', 'V17']",0.5714285714285714,0.8115942028985508,0.6706586826347305,0.6694198464852604,3
"['V14', 'V16', 'V8', 'V5', 'V21', 'V19', 'V2']",0.5714285714285714,0.7887323943661971,0.6627218934911243,0.6816215200656324,7
"['V4', 'V10', 'V16', 'V21', 'V20', 'V2']",0.5714285714285714,0.8115942028985508,0.6706586826347305,0.6934050652666546,6
"['V10', 'V16', 'V12']",0.5714285714285714,0.8,0.6666666666666666,0.6867969037734475,3
"['V17', 'V14', 'V1']",0.5714285714285714,0.8115942028985508,0.6706586826347305,0.6719483507536363,3
"['V4', 'V16', 'V5', 'V17', 'V12']",0.5714285714285714,0.7887323943661971,0.6627218934911243,0.6489809931262334,5
"['V10', 'V16', 'V17', 'V21', 'V20', 'V12']",0.5714285714285714,0.8,0.6666666666666666,0.6936004652535724,6
"['V4', 'V16', 'V5', 'V21', 'V12']",0.5714285714285714,0.7887323943661971,0.6627218934911243,0.650136703798582,5
"['V4', 'V16', 'V5', 'V19', 'V12']",0.5714285714285714,0.7887323943661971,0.6627218934911243,0.6433316318589416,5
"['V4', 'V16', 'V5', 'V20', 'V12']",0.5714285714285714,0.7887323943661971,0.6627218934911243,0.6448308385630784,5
"['V4', 'V10', 'V16', 'V8', 'V17', 'V19', 'V2']",0.5714285714285714,0.8115942028985508,0.6706586826347305,0.6809211891168107,7
"['V4', 'V10', 'V16', 'V8', 'V17', 'V19', 'V20']",0.5714285714285714,0.8,0.6666666666666666,0.6804550269281036,7
"['V4', 'V16', 'V17', 'V20', 'V12']",0.5714285714285714,0.7887323943661971,0.6627218934911243,0.6493789249768384,5
"['V14', 'V17', 'V21', 'V19', 'V20']",0.5714285714285714,0.8115942028985508,0.6706586826347305,0.6700738129491897,5
"['V4', 'V16', 'V17', 'V2', 'V12']",0.5714285714285714,0.7887323943661971,0.6627218934911243,0.6449827473567867,5
"['V10', 'V16', 'V17', 'V21', 'V19', 'V12']",0.5714285714285714,0.8,0.6666666666666666,0.6928041374306554,6
"['V4', 'V16', 'V21', 'V19', 'V12']",0.5714285714285714,0.7887323943661971,0.6627218934911243,0.6496601455252963,5
"['V4', 'V16', 'V21', 'V20', 'V12']",0.5714285714285714,0.7887323943661971,0.6627218934911243,0.6451031667630579,5
"['V4', 'V16', 'V21', 'V2', 'V12']",0.5714285714285714,0.7887323943661971,0.6627218934911243,0.6450530706088643,5
"['V4', 'V16', 'V8', 'V5', 'V21', 'V19', 'V20', 'V2', 'V12']",0.5714285714285714,0.8,0.6666666666666666,0.6563187055616232,9
"['V4', 'V10', 'V16', 'V8', 'V17', 'V21', 'V2']",0.5714285714285714,0.8115942028985508,0.6706586826347305,0.6949247867984516,7
"['V4', 'V16', 'V5', 'V17', 'V21', 'V19', 'V20', 'V2', 'V12']",0.5714285714285714,0.7887323943661971,0.6627218934911243,0.6435645600221416,9
"['V4', 'V16', 'V20', 'V2', 'V12']",0.5714285714285714,0.7887323943661971,0.6627218934911243,0.6424121218180371,5
"['V16', 'V8', 'V17', 'V21', 'V20', 'V12']",0.5714285714285714,0.8,0.6666666666666666,0.6640062688736906,6
"['V4', 'V10', 'V8', 'V17', 'V21', 'V20', 'V12']",0.5714285714285714,0.7777777777777778,0.6588235294117647,0.6959057228813976,7
"['V4', 'V14', 'V10', 'V17', 'V19']",0.5714285714285714,0.8,0.6666666666666666,0.7094861827380398,5
"['V14', 'V5', 'V17', 'V21', 'V19', 'V20']",0.5714285714285714,0.8115942028985508,0.6706586826347305,0.6719446896791584,6
"['V4', 'V10', 'V16', 'V8', 'V21', 'V19', 'V2']",0.5714285714285714,0.8115942028985508,0.6706586826347305,0.697049569060475,7
"['V14', 'V5', 'V17', 'V21', 'V19', 'V2']",0.5714285714285714,0.8115942028985508,0.6706586826347305,0.6713185299053489,6
"['V4', 'V10', 'V5', 'V17', 'V21']",0.5714285714285714,0.7777777777777778,0.6588235294117647,0.6607518900922299,5
"['V4', 'V10', 'V5', 'V17', 'V19']",0.5714285714285714,0.7777777777777778,0.6588235294117647,0.6571854751840677,5
"['V4', 'V10', 'V5', 'V17', 'V20']",0.5714285714285714,0.7887323943661971,0.6627218934911243,0.6662274820867696,5
"['V4', 'V10', 'V16', 'V21', 'V2']",0.5714285714285714,0.8115942028985508,0.6706586826347305,0.6894918153170975,5
"['V10', 'V8', 'V5', 'V17', 'V21', 'V19', 'V20']",0.5714285714285714,0.8235294117647058,0.6746987951807228,0.6571714694759853,7
"['V14', 'V17', 'V21']",0.5714285714285714,0.8115942028985508,0.6706586826347305,0.6711138011724843,3
"['V4', 'V10', 'V16', 'V21', 'V19', 'V20', 'V2', 'V12']",0.5714285714285714,0.8,0.6666666666666666,0.7032417115422551,8
"['V10', 'V8', 'V5', 'V20', 'V2', 'V12']",0.5714285714285714,0.8235294117647058,0.6746987951807228,0.684588936016654,6
"['V10', 'V16', 'V21', 'V19', 'V2', 'V12']",0.5714285714285714,0.8115942028985508,0.6706586826347305,0.6967003320642098,6
"['V4', 'V10', 'V8', 'V5', 'V17', 'V21', 'V19', 'V20']",0.5714285714285714,0.7777777777777778,0.6588235294117647,0.680770115652518,8
"['V14', 'V10', 'V20']",0.5714285714285714,0.7466666666666667,0.6473988439306358,0.6949197505659588,3
"['V4', 'V10', 'V16', 'V8', 'V21', 'V2']",0.5714285714285714,0.8115942028985508,0.6706586826347305,0.6941145032818185,6
"['V10', 'V8', 'V17', 'V21', 'V20', 'V12']",0.5714285714285714,0.8,0.6666666666666666,0.692334796522548,6
"['V10', 'V16', 'V21', 'V19', 'V20', 'V2', 'V12']",0.5714285714285714,0.8115942028985508,0.6706586826347305,0.6945628956188337,7
"['V4', 'V10', 'V16', 'V17', 'V19', 'V20']",0.5714285714285714,0.8,0.6666666666666666,0.6821473508965199,6
"['V4', 'V10', 'V5', 'V19', 'V12']",0.5714285714285714,0.8115942028985508,0.6706586826347305,0.6976593960604873,5
"['V4', 'V10', 'V5', 'V2', 'V12']",0.5714285714285714,0.7887323943661971,0.6627218934911243,0.6837437288639139,5
"['V14', 'V5', 'V17', 'V21', 'V19']",0.5714285714285714,0.8115942028985508,0.6706586826347305,0.671621920611747,5
"['V14', 'V5', 'V17', 'V21', 'V20']",0.5714285714285714,0.8115942028985508,0.6706586826347305,0.673036884705907,5
"['V14', 'V5', 'V17', 'V21', 'V2']",0.5714285714285714,0.8115942028985508,0.6706586826347305,0.6720451738574306,5
"['V4', 'V10', 'V16', 'V5', 'V17', 'V21', 'V19']",0.5714285714285714,0.7887323943661971,0.6627218934911243,0.6687623520277343,7
"['V14', 'V12', 'V4', 'V2']",0.5714285714285714,0.7567567567567568,0.6511627906976745,0.6809081633790857,4
"['V4', 'V14', 'V10', 'V17', 'V12']",0.5714285714285714,0.8,0.6666666666666666,0.7088403537076607,5
"['V10', 'V8', 'V5', 'V17', 'V19', 'V20', 'V2']",0.5714285714285714,0.8235294117647058,0.6746987951807228,0.6520945522767347,7
"['V17', 'V14', 'V3']",0.5714285714285714,0.8,0.6666666666666666,0.6668788849984639,3
"['V14', 'V17', 'V21', 'V19', 'V2']",0.5714285714285714,0.8115942028985508,0.6706586826347305,0.6715848750025082,5
"['V4', 'V10', 'V8', 'V5', 'V21', 'V19', 'V2']",0.5714285714285714,0.7887323943661971,0.6627218934911243,0.6762225188592679,7
"['V4', 'V14', 'V10', 'V17', 'V19', 'V20', 'V2', 'V12']",0.5714285714285714,0.8115942028985508,0.6706586826347305,0.7095712395602993,8
"['V4', 'V10', 'V16', 'V17', 'V21', 'V19', 'V20', 'V2']",0.5714285714285714,0.8115942028985508,0.6706586826347305,0.6964828572879268,8
"['V10', 'V16', 'V8', 'V17', 'V12']",0.5714285714285714,0.8,0.6666666666666666,0.6899190988824212,5
"['V4', 'V10', 'V16', 'V8', 'V17', 'V20']",0.5714285714285714,0.8,0.6666666666666666,0.6788011733478689,6
"['V4', 'V10', 'V8', 'V5', 'V21', 'V2']",0.5714285714285714,0.7777777777777778,0.6588235294117647,0.671170741943885,6
"['V4', 'V10', 'V8', 'V5', 'V17', 'V19', 'V20']",0.5714285714285714,0.7887323943661971,0.6627218934911243,0.6648565162689662,7
"['V14', 'V12', 'V10']",0.5714285714285714,0.7887323943661971,0.6627218934911243,0.7068147493128147,3
"['V4', 'V10', 'V8', 'V5', 'V12']",0.5714285714285714,0.8235294117647058,0.6746987951807228,0.6937803709749105,5
"['V14', 'V12', 'V3']",0.5714285714285714,0.8115942028985508,0.6706586826347305,0.6762838023056678,3
"['V4', 'V10', 'V8', 'V5', 'V2', 'V12']",0.5714285714285714,0.7887323943661971,0.6627218934911243,0.6861859965922931,6
"['V4', 'V10', 'V16', 'V17', 'V20']",0.5714285714285714,0.8,0.6666666666666666,0.679443762682624,5
"['V4', 'V16', 'V17', 'V20', 'V2', 'V12']",0.5714285714285714,0.7887323943661971,0.6627218934911243,0.6437614339886555,6
"['V10', 'V16', 'V17', 'V12']",0.5714285714285714,0.8,0.6666666666666666,0.693078445032769,4
"['V4', 'V16', 'V12']",0.5714285714285714,0.7887323943661971,0.6627218934911243,0.6449719519610846,3
"['V10', 'V16', 'V8', 'V5', 'V17', 'V19', 'V2']",0.5714285714285714,0.8115942028985508,0.6706586826347305,0.6562195792007784,7
"['V14', 'V10', 'V12']",0.5714285714285714,0.7887323943661971,0.6627218934911243,0.7068147493128147,3
"['V10', 'V16', 'V5', 'V17', 'V19']",0.5714285714285714,0.8,0.6666666666666666,0.6448509054416617,5
"['V14', 'V16', 'V2']",0.5714285714285714,0.7887323943661971,0.6627218934911243,0.6661197734882002,3
"['V10', 'V16', 'V8', 'V17', 'V2', 'V12']",0.5714285714285714,0.8,0.6666666666666666,0.6914549052331757,6
"['V14', 'V16', 'V8']",0.5714285714285714,0.7887323943661971,0.6627218934911243,0.676670909592078,3
"['V4', 'V14', 'V8', 'V21', 'V19', 'V20', 'V2']",0.5714285714285714,0.691358024691358,0.6256983240223464,0.6764867391276712,7
"['V16', 'V8', 'V5', 'V17', 'V21', 'V20', 'V2', 'V12']",0.5714285714285714,0.8,0.6666666666666666,0.6540226940260274,8
"['V10', 'V16', 'V8', 'V17', 'V19', 'V12']",0.5714285714285714,0.8,0.6666666666666666,0.6919115114311016,6
"['V4', 'V14', 'V10', 'V17', 'V2', 'V12']",0.5714285714285714,0.8,0.6666666666666666,0.7099608925270033,6
"['V10', 'V16', 'V5', 'V17', 'V20', 'V2']",0.5714285714285714,0.8235294117647058,0.6746987951807228,0.6628584100541146,6
"['V4', 'V16', 'V21', 'V19', 'V20', 'V12']",0.5714285714285714,0.7887323943661971,0.6627218934911243,0.6464465077305304,6
"['V4', 'V10', 'V16', 'V19', 'V2']",0.5714285714285714,0.8,0.6666666666666666,0.6830669905913264,5
"['V4', 'V14', 'V8', 'V5', 'V21', 'V19', 'V20', 'V2']",0.5714285714285714,0.691358024691358,0.6256983240223464,0.6800498267578223,8
"['V14', 'V10', 'V8', 'V19', 'V20', 'V12']",0.5714285714285714,0.8115942028985508,0.6706586826347305,0.7200892331837006,6
"['V4', 'V8', 'V5', 'V17', 'V2', 'V12']",0.5714285714285714,0.8,0.6666666666666666,0.6418075374752681,6
"['V4', 'V10', 'V16', 'V8', 'V21', 'V19']",0.5714285714285714,0.7887323943661971,0.6627218934911243,0.6671222051169327,6
"['V17', 'V14', 'V5']",0.5714285714285714,0.8115942028985508,0.6706586826347305,0.6694198464852604,3
"['V10', 'V17', 'V20', 'V12']",0.5714285714285714,0.8,0.6666666666666666,0.6875992187193942,4
"['V17', 'V14', 'V7']",0.5714285714285714,0.8,0.6666666666666666,0.6767769548575719,3
"['V10', 'V8', 'V5', 'V19', 'V20', 'V2', 'V12']",0.5714285714285714,0.8235294117647058,0.6746987951807228,0.684826334603617,7
"['V10', 'V5', 'V2', 'V12']",0.5714285714285714,0.8235294117647058,0.6746987951807228,0.6820834167668128,4
"['V4', 'V10', 'V16', 'V17', 'V20', 'V2', 'V12']",0.5714285714285714,0.8,0.6666666666666666,0.6959585475196528,7
"['V4', 'V10', 'V16', 'V21', 'V19', 'V20', 'V2']",0.5714285714285714,0.8115942028985508,0.6706586826347305,0.6971996355905288,7
"['V10', 'V5', 'V17', 'V2']",0.5714285714285714,0.7777777777777778,0.6588235294117647,0.6445716680875352,4
"['V4', 'V16', 'V21', 'V20', 'V2', 'V12']",0.5714285714285714,0.7887323943661971,0.6627218934911243,0.6419761555232801,6
"['V10', 'V8', 'V5', 'V17', 'V21', 'V19']",0.5714285714285714,0.8115942028985508,0.6706586826347305,0.6508510604368228,6
"['V4', 'V10', 'V16', 'V17', 'V21', 'V20', 'V2', 'V12']",0.5714285714285714,0.8115942028985508,0.6706586826347305,0.6978375315349904,8
"['V4', 'V10', 'V16', 'V21', 'V19', 'V2', 'V12']",0.5714285714285714,0.8,0.6666666666666666,0.7019958141509834,7
"['V4', 'V10', 'V16', 'V17', 'V21', 'V19', 'V2', 'V12']",0.5714285714285714,0.8115942028985508,0.6706586826347305,0.6995402038420439,8
"['V4', 'V10', 'V8', 'V5', 'V17', 'V21', 'V19']",0.5714285714285714,0.7777777777777778,0.6588235294117647,0.6648712783478646,7
"['V4', 'V10', 'V8', 'V5', 'V21', 'V19', 'V20', 'V2']",0.5714285714285714,0.7887323943661971,0.6627218934911243,0.6863916589981341,8
"['V4', 'V10', 'V8', 'V5', 'V17', 'V21', 'V20']",0.5714285714285714,0.7777777777777778,0.6588235294117647,0.6822228190778855,7
"['V10', 'V8', 'V5', 'V12']",0.5714285714285714,0.8235294117647058,0.6746987951807228,0.6863890163071419,4
"['V4', 'V10', 'V8', 'V5', 'V17', 'V20']",0.5714285714285714,0.7887323943661971,0.6627218934911243,0.6664841800094379,6
"['V4', 'V10', 'V8', 'V21', 'V19', 'V20', 'V12']",0.5714285714285714,0.7671232876712328,0.6549707602339181,0.6947301872168339,7
"['V4', 'V10', 'V16', 'V17', 'V21', 'V19', 'V2']",0.5612244897959183,0.8088235294117647,0.6626506024096386,0.6965718246410328,7
"['V4', 'V10', 'V16', 'V17', 'V21', 'V19', 'V12']",0.5612244897959183,0.7857142857142857,0.6547619047619048,0.6936978900530246,7
"['V4', 'V10', 'V16', 'V17', 'V21', 'V20', 'V2']",0.5612244897959183,0.8088235294117647,0.6626506024096386,0.6925457610027175,7
"['V14', 'V16', 'V8', 'V5', 'V19', 'V2']",0.5612244897959183,0.7857142857142857,0.6547619047619048,0.673889749805819,6
"['V4', 'V14', 'V8', 'V19', 'V20']",0.5612244897959183,0.6875,0.6179775280898876,0.662714857645576,5
"['V4', 'V10', 'V16', 'V17', 'V21', 'V19', 'V20', 'V12']",0.5612244897959183,0.7971014492753623,0.6586826347305389,0.6972568591541715,8
"['V4', 'V14', 'V5', 'V19', 'V20']",0.5612244897959183,0.6962025316455697,0.6214689265536724,0.6609796894038382,5
"['V10', 'V8', 'V21', 'V2', 'V12']",0.5612244897959183,0.7971014492753623,0.6586826347305389,0.6935044395891805,5
"['V10', 'V16', 'V17', 'V2', 'V12']",0.5612244897959183,0.7971014492753623,0.6586826347305389,0.6962073962533553,5
"['V4', 'V16', 'V21', 'V19', 'V2', 'V12']",0.5612244897959183,0.7857142857142857,0.6547619047619048,0.644758531502773,6
"['V10', 'V16', 'V17', 'V20', 'V12']",0.5612244897959183,0.7971014492753623,0.6586826347305389,0.6937619851643743,5
"['V4', 'V14', 'V8', 'V5', 'V19', 'V20', 'V2']",0.5612244897959183,0.6875,0.6179775280898876,0.6675925974528454,7
"['V10', 'V16', 'V17', 'V19', 'V12']",0.5612244897959183,0.7971014492753623,0.6586826347305389,0.6923940830235572,5
"['V4', 'V10', 'V8', 'V21', 'V20', 'V2', 'V12']",0.5612244897959183,0.7857142857142857,0.6547619047619048,0.7002678003479414,7
"['V4', 'V16', 'V5', 'V20', 'V2', 'V12']",0.5612244897959183,0.7857142857142857,0.6547619047619048,0.6394410597654269,6
"['V4', 'V10', 'V8', 'V17', 'V21', 'V19', 'V20', 'V12']",0.5612244897959183,0.7746478873239436,0.650887573964497,0.6959869795256958,8
"['V4', 'V10', 'V8', 'V17', 'V21', 'V19', 'V2', 'V12']",0.5612244897959183,0.7857142857142857,0.6547619047619048,0.6982572546549786,8
"['V4', 'V16', 'V17', 'V21', 'V19', 'V12']",0.5612244897959183,0.7857142857142857,0.6547619047619048,0.659704481570723,6
"['V4', 'V10', 'V8', 'V21', 'V19', 'V20', 'V2', 'V12']",0.5612244897959183,0.7857142857142857,0.6547619047619048,0.6992840747345077,8
"['V10', 'V16', 'V5', 'V17', 'V21']",0.5612244897959183,0.8088235294117647,0.6626506024096386,0.6537222812787884,5
"['V4', 'V10', 'V5', 'V17', 'V21', 'V19', 'V20']",0.5612244897959183,0.7857142857142857,0.6547619047619048,0.6811206628988166,7
"['V10', 'V16', 'V5', 'V17', 'V2']",0.5612244897959183,0.7857142857142857,0.6547619047619048,0.6541969869986818,5
"['V4', 'V16', 'V17', 'V21', 'V2', 'V12']",0.5612244897959183,0.7857142857142857,0.6547619047619048,0.6425034728369065,6
"['V4', 'V16', 'V17', 'V19', 'V20', 'V12']",0.5612244897959183,0.7857142857142857,0.6547619047619048,0.6480135609528571,6
"['V4', 'V16', 'V5', 'V19', 'V2', 'V12']",0.5612244897959183,0.7857142857142857,0.6547619047619048,0.6411128179333835,6
"['V4', 'V10', 'V8', 'V17', 'V19', 'V2', 'V12']",0.5612244897959183,0.7857142857142857,0.6547619047619048,0.691813338791286,7
"['V4', 'V8', 'V17', 'V20', 'V2', 'V12']",0.5612244897959183,0.7857142857142857,0.6547619047619048,0.6364021674310658,6
"['V10', 'V16', 'V8', 'V5', 'V21']",0.5612244897959183,0.8088235294117647,0.6626506024096386,0.6575076395466284,5
"['V10', 'V16', 'V17', 'V19', 'V20', 'V2', 'V12']",0.5612244897959183,0.8088235294117647,0.6626506024096386,0.6944536505185598,7
"['V10', 'V16', 'V17', 'V21', 'V20', 'V2', 'V12']",0.5612244897959183,0.7971014492753623,0.6586826347305389,0.695514551992796,7
"['V10', 'V16', 'V17', 'V21', 'V19', 'V20', 'V12']",0.5612244897959183,0.7971014492753623,0.6586826347305389,0.6929122448425704,7
"['V10', 'V8', 'V17', 'V20', 'V12']",0.5612244897959183,0.7971014492753623,0.6586826347305389,0.6897316809177367,5
"['V4', 'V16', 'V17', 'V19', 'V2', 'V12']",0.5612244897959183,0.7857142857142857,0.6547619047619048,0.646008483523892,6
"['V4', 'V10', 'V16', 'V8', 'V17', 'V21', 'V12']",0.5612244897959183,0.7746478873239436,0.650887573964497,0.7015050206965262,7
"['V4', 'V10', 'V17', 'V19', 'V20', 'V2', 'V12']",0.5612244897959183,0.7857142857142857,0.6547619047619048,0.6929079130359104,7
"['V10', 'V8', 'V5', 'V17', 'V2']",0.5612244897959183,0.8088235294117647,0.6626506024096386,0.6508608772055606,5
"['V4', 'V10', 'V16', 'V8', 'V17', 'V21', 'V20']",0.5612244897959183,0.7857142857142857,0.6547619047619048,0.6898105293958094,7
"['V10', 'V16', 'V19', 'V2', 'V12']",0.5612244897959183,0.8088235294117647,0.6626506024096386,0.6941576691769795,5
"['V4', 'V8', 'V5', 'V17', 'V20', 'V12']",0.5612244897959183,0.7857142857142857,0.6547619047619048,0.646453553413522,6
"['V4', 'V8', 'V5', 'V17', 'V21', 'V12']",0.5612244897959183,0.7857142857142857,0.6547619047619048,0.644301568941854,6
"['V4', 'V10', 'V5', 'V21', 'V19', 'V2', 'V12']",0.5612244897959183,0.7857142857142857,0.6547619047619048,0.6867129074643359,7
"['V4', 'V16', 'V19', 'V20', 'V2', 'V12']",0.5612244897959183,0.7857142857142857,0.6547619047619048,0.6456275727583624,6
"['V10', 'V16', 'V8', 'V5', 'V17']",0.5612244897959183,0.8208955223880597,0.6666666666666666,0.6475086982581412,5
"['V4', 'V10', 'V8', 'V17', 'V21', 'V20', 'V2', 'V12']",0.5612244897959183,0.7857142857142857,0.6547619047619048,0.6997595370822163,8
"['V4', 'V10', 'V17', 'V20', 'V2', 'V12']",0.5612244897959183,0.7857142857142857,0.6547619047619048,0.6927023593471764,6
"['V4', 'V16', 'V5', 'V17', 'V21', 'V19', 'V20', 'V12']",0.5612244897959183,0.7857142857142857,0.6547619047619048,0.6437090661910463,8
"['V4', 'V10', 'V16', 'V21', 'V19']",0.5612244897959183,0.7857142857142857,0.6547619047619048,0.6639404321013015,5
"['V16', 'V5', 'V17', 'V21', 'V19', 'V12']",0.5612244897959183,0.7971014492753623,0.6586826347305389,0.6529415721574624,6
"['V16', 'V5', 'V17', 'V21', 'V20', 'V2', 'V12']",0.5612244897959183,0.7971014492753623,0.6586826347305389,0.65426370097764,7
"['V10', 'V16', 'V17', 'V19', 'V2', 'V12']",0.5612244897959183,0.8088235294117647,0.6626506024096386,0.6951825616130993,6
"['V16', 'V5', 'V17', 'V21', 'V2', 'V12']",0.5612244897959183,0.7971014492753623,0.6586826347305389,0.6557783532226031,6
"['V10', 'V5', 'V19', 'V12']",0.5612244897959183,0.8208955223880597,0.6666666666666666,0.6833735751193943,4
"['V4', 'V10', 'V8', 'V5', 'V19', 'V20', 'V2']",0.5612244897959183,0.7746478873239436,0.650887573964497,0.6642031347247099,7
"['V10', 'V5', 'V17', 'V19']",0.5612244897959183,0.7857142857142857,0.6547619047619048,0.6368533286957135,4
"['V10', 'V16', 'V17', 'V19', 'V20', 'V12']",0.5612244897959183,0.7971014492753623,0.6586826347305389,0.692493661402678,6
"['V16', 'V5', 'V21', 'V19', 'V2', 'V12']",0.5612244897959183,0.7971014492753623,0.6586826347305389,0.630570814971914,6
"['V10', 'V17', 'V21', 'V20', 'V12']",0.5612244897959183,0.7971014492753623,0.6586826347305389,0.6884758577697611,5
"['V10', 'V16', 'V17', 'V21', 'V2', 'V12']",0.5612244897959183,0.7971014492753623,0.6586826347305389,0.6975171190656474,6
"['V10', 'V16', 'V8', 'V5', 'V17', 'V19']",0.5612244897959183,0.8208955223880597,0.6666666666666666,0.6457624533449666,6
"['V16', 'V5', 'V17', 'V21', 'V19', 'V2', 'V12']",0.5612244897959183,0.7971014492753623,0.6586826347305389,0.6467667588738857,7
"['V4', 'V14', 'V5', 'V19', 'V20', 'V2']",0.5612244897959183,0.6875,0.6179775280898876,0.6599941987151836,6
"['V16', 'V8', 'V19', 'V20', 'V2', 'V12']",0.5612244897959183,0.7857142857142857,0.6547619047619048,0.6458084358976467,6
"['V10', 'V16', 'V8', 'V5', 'V17', 'V2']",0.5612244897959183,0.8088235294117647,0.6626506024096386,0.6570468802928209,6
"['V10', 'V16', 'V5', 'V17']",0.5612244897959183,0.7971014492753623,0.6586826347305389,0.6468189164543983,4
"['V14', 'V10', 'V21']",0.5612244897959183,0.7534246575342466,0.6432748538011696,0.6956466923921005,3
"['V4', 'V10', 'V8', 'V21', 'V12']",0.5612244897959183,0.7746478873239436,0.650887573964497,0.6920197843773391,5
"['V4', 'V10', 'V16', 'V17', 'V2']",0.5612244897959183,0.7971014492753623,0.6586826347305389,0.6773776674439045,5
"['V4', 'V10', 'V16', 'V17', 'V19']",0.5612244897959183,0.7857142857142857,0.6547619047619048,0.6623300950453558,5
"['V16', 'V5', 'V17', 'V21', 'V19', 'V20', 'V2', 'V12']",0.5612244897959183,0.7971014492753623,0.6586826347305389,0.6474106904312236,8
"['V10', 'V16', 'V8', 'V17', 'V21', 'V19', 'V20', 'V2', 'V12']",0.5612244897959183,0.7971014492753623,0.6586826347305389,0.6988301401117822,9
"['V16', 'V8', 'V5', 'V17', 'V21', 'V19', 'V20', 'V2', 'V12']",0.5612244897959183,0.7971014492753623,0.6586826347305389,0.6461652642187126,9
"['V4', 'V10', 'V16', 'V8', 'V17', 'V2']",0.5612244897959183,0.8088235294117647,0.6626506024096386,0.6787540813443425,6
"['V16', 'V8', 'V5', 'V17', 'V19', 'V20', 'V2', 'V12']",0.5612244897959183,0.7971014492753623,0.6586826347305389,0.6482280892066011,8
"['V4', 'V10', 'V16']",0.5612244897959183,0.7857142857142857,0.6547619047619048,0.6625634581279738,3
"['V4', 'V10', 'V16', 'V8', 'V17']",0.5612244897959183,0.7857142857142857,0.6547619047619048,0.6621320714006923,5
"['V4', 'V10', 'V8', 'V17', 'V21', 'V19', 'V20', 'V2', 'V12']",0.5612244897959183,0.7857142857142857,0.6547619047619048,0.6991014716062471,9
"['V10', 'V16', 'V19', 'V20', 'V2', 'V12']",0.5612244897959183,0.8088235294117647,0.6626506024096386,0.69394394922144,6
"['V10', 'V16', 'V8', 'V5', 'V19', 'V20', 'V2']",0.5612244897959183,0.8208955223880597,0.6666666666666666,0.6612276636563611,7
"['V4', 'V10', 'V16', 'V21', 'V19', 'V2']",0.5612244897959183,0.8088235294117647,0.6626506024096386,0.6933070668161383,6
"['V4', 'V10', 'V5', 'V21', 'V2']",0.5612244897959183,0.7746478873239436,0.650887573964497,0.6720635365247942,5
"['V4', 'V10', 'V17', 'V20', 'V12']",0.5612244897959183,0.7746478873239436,0.650887573964497,0.6863926091651872,5
"['V10', 'V8', 'V21', 'V20', 'V2', 'V12']",0.5612244897959183,0.7971014492753623,0.6586826347305389,0.6930831484334266,6
"['V4', 'V10', 'V16', 'V17', 'V21', 'V2']",0.5612244897959183,0.8088235294117647,0.6626506024096386,0.6902173201925378,6
"['V4', 'V10', 'V21', 'V20', 'V12']",0.5612244897959183,0.7746478873239436,0.650887573964497,0.6904698307814814,5
"['V10', 'V8', 'V5', 'V19', 'V2', 'V12']",0.5612244897959183,0.8208955223880597,0.6666666666666666,0.6867674852466354,6
"['V4', 'V14', 'V8', 'V21', 'V19', 'V2']",0.5612244897959183,0.6875,0.6179775280898876,0.6741752984825761,6
"['V4', 'V14', 'V8', 'V21', 'V19', 'V20']",0.5612244897959183,0.6875,0.6179775280898876,0.6752103578854488,6
"['V10', 'V5', 'V17', 'V19', 'V20', 'V2']",0.5612244897959183,0.8208955223880597,0.6666666666666666,0.6506036111934431,6
"['V4', 'V14', 'V8', 'V19', 'V20', 'V2']",0.5612244897959183,0.6875,0.6179775280898876,0.6651925246146334,6
"['V4', 'V14', 'V8', 'V5', 'V19', 'V20']",0.5612244897959183,0.6962025316455697,0.6214689265536724,0.6684887169079669,6
"['V10', 'V8', 'V5', 'V17', 'V20', 'V2']",0.5612244897959183,0.8208955223880597,0.6666666666666666,0.6533403844030744,6
"['V10', 'V17', 'V21', 'V19', 'V20', 'V12']",0.5612244897959183,0.7971014492753623,0.6586826347305389,0.6890343065078398,6
"['V16', 'V8', 'V5', 'V17', 'V21', 'V12']",0.5612244897959183,0.7971014492753623,0.6586826347305389,0.6655704027815963,6
"['V10', 'V8', 'V5', 'V17', 'V21', 'V20']",0.5612244897959183,0.8208955223880597,0.6666666666666666,0.6598023933970398,6
"['V10', 'V5', 'V17']",0.5612244897959183,0.7857142857142857,0.6547619047619048,0.6369038677413212,3
"['V10', 'V5', 'V12']",0.5612244897959183,0.8208955223880597,0.6666666666666666,0.6835044052998696,3
"['V10', 'V17', 'V12']",0.5612244897959183,0.7971014492753623,0.6586826347305389,0.6868131744786269,3
"['V4', 'V16', 'V5', 'V2', 'V12']",0.5612244897959183,0.7857142857142857,0.6547619047619048,0.6405462542181927,5
"['V4', 'V16', 'V17', 'V21', 'V12']",0.5612244897959183,0.7857142857142857,0.6547619047619048,0.6591937225477382,5
"['V4', 'V16', 'V17', 'V19', 'V12']",0.5612244897959183,0.7857142857142857,0.6547619047619048,0.6579720833196139,5
"['V4', 'V16', 'V19', 'V20', 'V12']",0.5612244897959183,0.7857142857142857,0.6547619047619048,0.6451716423378819,5
"['V4', 'V16', 'V19', 'V2', 'V12']",0.5612244897959183,0.7857142857142857,0.6547619047619048,0.6446211280557803,5
"['V10', 'V8', 'V5', 'V17', 'V19', 'V2']",0.5612244897959183,0.8088235294117647,0.6626506024096386,0.6502711387205731,6
"['V16', 'V5', 'V17', 'V12']",0.5612244897959183,0.7971014492753623,0.6586826347305389,0.6611044808023091,4
"['V16', 'V8', 'V2', 'V12']",0.5612244897959183,0.7971014492753623,0.6586826347305389,0.6507459214772242,4
"['V16', 'V8', 'V17', 'V12']",0.5612244897959183,0.7971014492753623,0.6586826347305389,0.6667807901341413,4
"['V10', 'V21', 'V2', 'V12']",0.5612244897959183,0.7971014492753623,0.6586826347305389,0.6939018428728678,4
"['V16', 'V8', 'V5', 'V17', 'V21', 'V19', 'V2', 'V12']",0.5612244897959183,0.7971014492753623,0.6586826347305389,0.645094552642987,8
"['V4', 'V10', 'V16', 'V8', 'V19']",0.5612244897959183,0.7857142857142857,0.6547619047619048,0.6629952894577942,5
"['V16', 'V8', 'V5', 'V17', 'V20', 'V2', 'V12']",0.5612244897959183,0.7971014492753623,0.6586826347305389,0.6576529463967064,7
"['V4', 'V16', 'V5', 'V21', 'V19', 'V20', 'V12']",0.5612244897959183,0.7857142857142857,0.6547619047619048,0.6390896894738803,7
"['V4', 'V8', 'V5', 'V17', 'V21', 'V2', 'V12']",0.5612244897959183,0.7971014492753623,0.6586826347305389,0.6433471760561561,7
"['V4', 'V10', 'V16', 'V8']",0.5612244897959183,0.7857142857142857,0.6547619047619048,0.6626037264152538,4
"['V4', 'V10', 'V16', 'V8', 'V17', 'V21', 'V19', 'V2']",0.5612244897959183,0.8088235294117647,0.6626506024096386,0.6965669612011003,8
"['V4', 'V10', 'V16', 'V8', 'V17', 'V21', 'V19', 'V12']",0.5612244897959183,0.7746478873239436,0.650887573964497,0.6998616812461617,8
"['V4', 'V16', 'V21', 'V19', 'V20', 'V2', 'V12']",0.5612244897959183,0.7857142857142857,0.6547619047619048,0.6386205323536855,7
"['V4', 'V16', 'V17', 'V19', 'V20', 'V2', 'V12']",0.5612244897959183,0.7857142857142857,0.6547619047619048,0.6410802982716808,7
"['V4', 'V10', 'V16', 'V8', 'V17', 'V19']",0.5612244897959183,0.7857142857142857,0.6547619047619048,0.6611485665304614,6
"['V4', 'V10', 'V17', 'V19', 'V2', 'V12']",0.5612244897959183,0.7857142857142857,0.6547619047619048,0.692267903768581,6
"['V4', 'V16', 'V17', 'V21', 'V19', 'V2', 'V12']",0.5612244897959183,0.7857142857142857,0.6547619047619048,0.6451890047676366,7
"['V4', 'V16', 'V17', 'V21', 'V19', 'V20', 'V12']",0.5612244897959183,0.7857142857142857,0.6547619047619048,0.6449134490009124,7
"['V4', 'V16', 'V5', 'V19', 'V20', 'V2', 'V12']",0.5612244897959183,0.7857142857142857,0.6547619047619048,0.640080394271625,7
"['V4', 'V8', 'V5', 'V17', 'V21', 'V19', 'V20', 'V2', 'V12']",0.5612244897959183,0.7971014492753623,0.6586826347305389,0.6420030071475324,9
"['V4', 'V10', 'V21', 'V19', 'V20', 'V12']",0.5612244897959183,0.7746478873239436,0.650887573964497,0.6897343386758219,6
"['V16', 'V5', 'V17', 'V20', 'V12']",0.5612244897959183,0.7971014492753623,0.6586826347305389,0.661238939447709,5
"['V4', 'V8', 'V5', 'V17', 'V19', 'V2', 'V12']",0.5612244897959183,0.7971014492753623,0.6586826347305389,0.6393081814811828,7
"['V16', 'V5', 'V17', 'V21', 'V12']",0.5612244897959183,0.7971014492753623,0.6586826347305389,0.6615478121645355,5
"['V14', 'V10', 'V21', 'V20']",0.5612244897959183,0.7534246575342466,0.6432748538011696,0.6958774293939141,4
"['V16', 'V8', 'V20', 'V2', 'V12']",0.5612244897959183,0.7857142857142857,0.6547619047619048,0.650908195136412,5
"['V16', 'V8', 'V19', 'V2', 'V12']",0.5612244897959183,0.7857142857142857,0.6547619047619048,0.6461948917570869,5
"['V16', 'V8', 'V21', 'V2', 'V12']",0.5612244897959183,0.7971014492753623,0.6586826347305389,0.6497931750760189,5
"['V4', 'V16', 'V5', 'V17', 'V19', 'V20', 'V12']",0.5612244897959183,0.7857142857142857,0.6547619047619048,0.6439216194772901,7
"['V16', 'V8', 'V17', 'V20', 'V12']",0.5612244897959183,0.7971014492753623,0.6586826347305389,0.6669267321706779,5
"['V14', 'V16', 'V8', 'V21', 'V20']",0.5612244897959183,0.8088235294117647,0.6626506024096386,0.6882918088648396,5
"['V14', 'V16', 'V8', 'V21', 'V19', 'V2']",0.5612244897959183,0.7857142857142857,0.6547619047619048,0.6797223225086712,6
"['V4', 'V8', 'V5', 'V17', 'V21', 'V20', 'V2', 'V12']",0.5612244897959183,0.7971014492753623,0.6586826347305389,0.6451337314186116,8
"['V14', 'V16', 'V8', 'V19', 'V2']",0.5612244897959183,0.7746478873239436,0.650887573964497,0.6731028042250051,5
"['V4', 'V16', 'V17', 'V21', 'V19', 'V20', 'V2', 'V12']",0.5612244897959183,0.7857142857142857,0.6547619047619048,0.6424216066024534,8
"['V10', 'V17', 'V19', 'V20', 'V12']",0.5612244897959183,0.7971014492753623,0.6586826347305389,0.6880503913378626,5
"['V4', 'V8', 'V5', 'V17', 'V19', 'V20', 'V12']",0.5612244897959183,0.7857142857142857,0.6547619047619048,0.644230287169016,7
"['V4', 'V8', 'V5', 'V17', 'V21', 'V20', 'V12']",0.5612244897959183,0.7857142857142857,0.6547619047619048,0.6415951502629856,7
"['V4', 'V16', 'V2', 'V12']",0.5612244897959183,0.7857142857142857,0.6547619047619048,0.6400808507711324,4
"['V10', 'V16', 'V8', 'V17', 'V21', 'V2', 'V12']",0.5612244897959183,0.7971014492753623,0.6586826347305389,0.6981052827914894,7
"['V4', 'V10', 'V16', 'V17']",0.5612244897959183,0.7857142857142857,0.6547619047619048,0.6618808300504162,4
"['V10', 'V16', 'V17', 'V21', 'V19', 'V20', 'V2', 'V12']",0.5612244897959183,0.7971014492753623,0.6586826347305389,0.694995603665367,8
"['V4', 'V10', 'V16', 'V21']",0.5612244897959183,0.7857142857142857,0.6547619047619048,0.6631352815205892,4
"['V16', 'V8', 'V5', 'V17', 'V19', 'V2', 'V12']",0.5612244897959183,0.7971014492753623,0.6586826347305389,0.6505784628303541,7
"['V4', 'V10', 'V16', 'V19']",0.5612244897959183,0.7857142857142857,0.6547619047619048,0.6624925489560693,4
"['V4', 'V10', 'V16', 'V2']",0.5612244897959183,0.7971014492753623,0.6586826347305389,0.6807898553400176,4
"['V10', 'V16', 'V8', 'V17', 'V19', 'V20', 'V2', 'V12']",0.5612244897959183,0.7971014492753623,0.6586826347305389,0.6923075957781544,8
"['V10', 'V16', 'V8', 'V17', 'V21', 'V20', 'V2', 'V12']",0.5612244897959183,0.7971014492753623,0.6586826347305389,0.6985508970588163,8
"['V10', 'V16', 'V8', 'V17', 'V21', 'V19', 'V2', 'V12']",0.5612244897959183,0.7971014492753623,0.6586826347305389,0.6969561378081035,8
"['V4', 'V10', 'V5', 'V21', 'V19', 'V2']",0.5612244897959183,0.7857142857142857,0.6547619047619048,0.6774090653279008,6
"['V4', 'V10', 'V5', 'V21', 'V20', 'V2']",0.5612244897959183,0.7857142857142857,0.6547619047619048,0.6834996270802898,6
"['V4', 'V10', 'V5', 'V21', 'V2', 'V12']",0.5612244897959183,0.7857142857142857,0.6547619047619048,0.6857434782950619,6
"['V4', 'V10', 'V5', 'V12']",0.5612244897959183,0.8088235294117647,0.6626506024096386,0.692697516730381,4
"['V10', 'V16', 'V8', 'V5', 'V21', 'V19']",0.5612244897959183,0.8088235294117647,0.6626506024096386,0.6567981163817658,6
"['V10', 'V16', 'V5', 'V17', 'V21', 'V2']",0.5612244897959183,0.8088235294117647,0.6626506024096386,0.6690621861173528,6
"['V4', 'V16', 'V17', 'V12']",0.5612244897959183,0.7857142857142857,0.6547619047619048,0.6560704983439155,4
"['V4', 'V14', 'V19', 'V20', 'V2']",0.5612244897959183,0.6790123456790124,0.6145251396648045,0.6588835601759446,5
"['V10', 'V16', 'V5', 'V17', 'V21', 'V20']",0.5612244897959183,0.8208955223880597,0.6666666666666666,0.6624556055124503,6
"['V4', 'V10', 'V20', 'V12']",0.5612244897959183,0.7638888888888888,0.6470588235294118,0.6867581554458583,4
"['V4', 'V8', 'V17', 'V19', 'V20', 'V2', 'V12']",0.5612244897959183,0.7857142857142857,0.6547619047619048,0.6341069735729294,7
"['V10', 'V16', 'V5', 'V17', 'V19', 'V2']",0.5612244897959183,0.7857142857142857,0.6547619047619048,0.65168728307429,6
"['V4', 'V10', 'V16', 'V17', 'V21', 'V12']",0.5612244897959183,0.7857142857142857,0.6547619047619048,0.6948139954052434,6
"['V16', 'V8', 'V17', 'V21', 'V20', 'V2', 'V12']",0.5510204081632653,0.7941176470588235,0.6506024096385542,0.6587493810905226,7
"['V16', 'V8', 'V17', 'V21', 'V19', 'V20', 'V12']",0.5510204081632653,0.7941176470588235,0.6506024096385542,0.6567120290535191,7
"['V4', 'V10', 'V8', 'V17', 'V21', 'V19', 'V2']",0.5510204081632653,0.8059701492537313,0.6545454545454545,0.6897825840130598,7
"['V4', 'V10', 'V8', 'V2', 'V12']",0.5510204081632653,0.782608695652174,0.6467065868263473,0.687279382042027,5
"['V16', 'V8', 'V5', 'V21', 'V19', 'V2', 'V12']",0.5510204081632653,0.7941176470588235,0.6506024096385542,0.6385076195397503,7
"['V4', 'V10', 'V5', 'V21', 'V12']",0.5510204081632653,0.8059701492537313,0.6545454545454545,0.6930338691420662,5
"['V10', 'V8', 'V17', 'V21', 'V19', 'V20', 'V12']",0.5510204081632653,0.7941176470588235,0.6506024096385542,0.6916386154824418,7
"['V4', 'V10', 'V8', 'V20', 'V12']",0.5510204081632653,0.7714285714285715,0.6428571428571429,0.6859932187130399,5
"['V10', 'V8', 'V21', 'V19', 'V20', 'V2', 'V12']",0.5510204081632653,0.7941176470588235,0.6506024096385542,0.6925612644796363,7
"['V4', 'V10', 'V8', 'V19', 'V12']",0.5510204081632653,0.7714285714285715,0.6428571428571429,0.6884038513165396,5
"['V16', 'V8', 'V17', 'V21', 'V19', 'V2', 'V12']",0.5510204081632653,0.7941176470588235,0.6506024096385542,0.6512816568069525,7
"['V4', 'V10', 'V5', 'V21', 'V20']",0.5510204081632653,0.782608695652174,0.6467065868263473,0.6775807361670733,5
"['V10', 'V8', 'V17', 'V21', 'V19', 'V2', 'V12']",0.5510204081632653,0.7941176470588235,0.6506024096385542,0.6915369467575253,7
"['V16', 'V5', 'V17', 'V21', 'V19', 'V20', 'V12']",0.5510204081632653,0.7941176470588235,0.6506024096385542,0.6529086290057868,7
"['V4', 'V14', 'V8', 'V19', 'V2']",0.5510204081632653,0.6835443037974683,0.6101694915254238,0.6681935895935974,5
"['V16', 'V8', 'V21', 'V19', 'V20', 'V2', 'V12']",0.5510204081632653,0.7941176470588235,0.6506024096385542,0.64258729126364,7
"['V10', 'V8', 'V17', 'V21', 'V20', 'V2', 'V12']",0.5510204081632653,0.7941176470588235,0.6506024096385542,0.6927400033630388,7
"['V4', 'V10', 'V8', 'V17', 'V21', 'V2', 'V12']",0.5510204081632653,0.782608695652174,0.6467065868263473,0.6992679633286814,7
"['V16', 'V5', 'V17', 'V19', 'V20', 'V2', 'V12']",0.5510204081632653,0.7941176470588235,0.6506024096385542,0.647418032195645,7
"['V4', 'V8', 'V17', 'V21', 'V19', 'V2', 'V12']",0.5510204081632653,0.782608695652174,0.6467065868263473,0.6348862313511718,7
"['V4', 'V17', 'V21', 'V20', 'V12']",0.5510204081632653,0.782608695652174,0.6467065868263473,0.6238184111483267,5
"['V4', 'V17', 'V21', 'V2', 'V12']",0.5510204081632653,0.782608695652174,0.6467065868263473,0.6234825038213602,5
"['V4', 'V10', 'V8', 'V19', 'V20', 'V2', 'V12']",0.5510204081632653,0.782608695652174,0.6467065868263473,0.6878335948130271,7
"['V10', 'V16', 'V8', 'V5', 'V17', 'V19', 'V20']",0.5510204081632653,0.8181818181818182,0.6585365853658537,0.6526116553941285,7
"['V4', 'V10', 'V16', 'V17', 'V21']",0.5510204081632653,0.782608695652174,0.6467065868263473,0.6630491203356206,5
"['V4', 'V17', 'V21', 'V19', 'V20', 'V2', 'V12']",0.5510204081632653,0.782608695652174,0.6467065868263473,0.6198997280604773,7
"['V4', 'V5', 'V17', 'V19', 'V20', 'V2', 'V12']",0.5510204081632653,0.782608695652174,0.6467065868263473,0.6216917523600881,7
"['V4', 'V5', 'V17', 'V21', 'V19', 'V20', 'V12']",0.5510204081632653,0.782608695652174,0.6467065868263473,0.6216294802485144,7
"['V10', 'V16', 'V8', 'V17', 'V19', 'V2', 'V12']",0.5510204081632653,0.7941176470588235,0.6506024096385542,0.691409416370205,7
"['V4', 'V17', 'V21', 'V19', 'V12']",0.5510204081632653,0.782608695652174,0.6467065868263473,0.6231944493602695,5
"['V4', 'V10', 'V17', 'V21', 'V19', 'V20', 'V12']",0.5510204081632653,0.782608695652174,0.6467065868263473,0.6881738590899021,7
"['V16', 'V8', 'V5', 'V17', 'V21', 'V20', 'V12']",0.5510204081632653,0.7941176470588235,0.6506024096385542,0.6643954582783329,7
"['V10', 'V16', 'V5', 'V17', 'V21', 'V19', 'V20']",0.5510204081632653,0.8181818181818182,0.6585365853658537,0.6606959517035959,7
"['V4', 'V16', 'V8', 'V5', 'V17', 'V21', 'V2']",0.5510204081632653,0.782608695652174,0.6467065868263473,0.6401075145864319,7
"['V4', 'V14', 'V5', 'V19', 'V2']",0.5510204081632653,0.675,0.6067415730337079,0.6582054347907831,5
"['V4', 'V16', 'V8', 'V5', 'V17', 'V20', 'V2']",0.5510204081632653,0.7941176470588235,0.6506024096385542,0.6365247555783364,7
"['V4', 'V16', 'V5', 'V17', 'V21', 'V20', 'V2']",0.5510204081632653,0.782608695652174,0.6467065868263473,0.6199340456415803,7
"['V14', 'V16', 'V8', 'V21', 'V19']",0.5510204081632653,0.7941176470588235,0.6506024096385542,0.6829103049536844,5
"['V10', 'V16', 'V5', 'V21']",0.5510204081632653,0.8059701492537313,0.6545454545454545,0.6550946535019763,4
"['V4', 'V5', 'V17', 'V2', 'V12']",0.5510204081632653,0.782608695652174,0.6467065868263473,0.6279390730968736,5
"['V16', 'V5', 'V21', 'V19', 'V20', 'V2', 'V12']",0.5510204081632653,0.7941176470588235,0.6506024096385542,0.6323434054024266,7
"['V10', 'V21', 'V20', 'V12']",0.5510204081632653,0.7941176470588235,0.6506024096385542,0.688523747415504,4
"['V4', 'V10', 'V17', 'V21', 'V2']",0.5510204081632653,0.8059701492537313,0.6545454545454545,0.6875968479039903,5
"['V4', 'V10', 'V17', 'V2', 'V12']",0.5510204081632653,0.782608695652174,0.6467065868263473,0.6922488885288921,5
"['V10', 'V16', 'V17', 'V21', 'V19', 'V2', 'V12']",0.5510204081632653,0.8059701492537313,0.6545454545454545,0.6972505009097522,7
"['V4', 'V10', 'V19', 'V20', 'V12']",0.5510204081632653,0.782608695652174,0.6467065868263473,0.6859592528420955,5
"['V4', 'V10', 'V19', 'V2', 'V12']",0.5510204081632653,0.782608695652174,0.6467065868263473,0.6879339781009176,5
"['V4', 'V10', 'V20', 'V2', 'V12']",0.5510204081632653,0.782608695652174,0.6467065868263473,0.6892777823865313,5
"['V16', 'V5', 'V21', 'V12']",0.5510204081632653,0.7941176470588235,0.6506024096385542,0.6496369657000793,4
"['V4', 'V8', 'V5', 'V17', 'V12']",0.5510204081632653,0.7714285714285715,0.6428571428571429,0.643028440971173,5
"['V10', 'V17', 'V2', 'V12']",0.5510204081632653,0.7941176470588235,0.6506024096385542,0.6911894708755602,4
"['V10', 'V8', 'V21', 'V12']",0.5510204081632653,0.7941176470588235,0.6506024096385542,0.6898012908756125,4
"['V16', 'V8', 'V5', 'V17', 'V21', 'V19', 'V12']",0.5510204081632653,0.7941176470588235,0.6506024096385542,0.6587242305640407,7
"['V4', 'V8', 'V17', 'V2', 'V12']",0.5510204081632653,0.782608695652174,0.6467065868263473,0.6334921582128241,5
"['V10', 'V17', 'V19', 'V12']",0.5510204081632653,0.7941176470588235,0.6506024096385542,0.6864316600582178,4
"['V10', 'V17', 'V21', 'V12']",0.5510204081632653,0.7941176470588235,0.6506024096385542,0.6862759277763791,4
"['V4', 'V5', 'V17', 'V21', 'V12']",0.5510204081632653,0.782608695652174,0.6467065868263473,0.6315075553179512,5
"['V4', 'V10', 'V8', 'V17', 'V19', 'V20', 'V12']",0.5510204081632653,0.7714285714285715,0.6428571428571429,0.6865019649826776,7
"['V10', 'V8', 'V20', 'V12']",0.5510204081632653,0.7941176470588235,0.6506024096385542,0.6883021746553074,4
"['V4', 'V10', 'V8', 'V17', 'V20', 'V2', 'V12']",0.5510204081632653,0.782608695652174,0.6467065868263473,0.6915915543573748,7
"['V4', 'V8', 'V5', 'V17', 'V21', 'V19', 'V12']",0.5510204081632653,0.7941176470588235,0.6506024096385542,0.6428970035459685,7
"['V10', 'V8', 'V20', 'V2', 'V12']",0.5510204081632653,0.7941176470588235,0.6506024096385542,0.6874439078576482,5
"['V4', 'V10', 'V8', 'V5', 'V21', 'V19', 'V20']",0.5510204081632653,0.7714285714285715,0.6428571428571429,0.6785817443377619,7
"['V14', 'V16', 'V8', 'V21']",0.5510204081632653,0.7941176470588235,0.6506024096385542,0.6825427820347283,4
"['V16', 'V8', 'V17', 'V21', 'V2', 'V12']",0.5510204081632653,0.7941176470588235,0.6506024096385542,0.6585615233585397,6
"['V16', 'V8', 'V17', 'V19', 'V20', 'V12']",0.5510204081632653,0.7941176470588235,0.6506024096385542,0.659965511874281,6
"['V16', 'V5', 'V21', 'V20', 'V12']",0.5510204081632653,0.7941176470588235,0.6506024096385542,0.6505924698112968,5
"['V16', 'V5', 'V21', 'V19', 'V12']",0.5510204081632653,0.7941176470588235,0.6506024096385542,0.6381816148499353,5
"['V16', 'V5', 'V17', 'V2', 'V12']",0.5510204081632653,0.7941176470588235,0.6506024096385542,0.6546904419619066,5
"['V16', 'V5', 'V17', 'V19', 'V12']",0.5510204081632653,0.7941176470588235,0.6506024096385542,0.6550035254807266,5
"['V16', 'V8', 'V19', 'V20', 'V12']",0.5510204081632653,0.7941176470588235,0.6506024096385542,0.640770656302222,5
"['V16', 'V8', 'V17', 'V19', 'V2', 'V12']",0.5510204081632653,0.7941176470588235,0.6506024096385542,0.6512510855069408,6
"['V16', 'V8', 'V21', 'V19', 'V12']",0.5510204081632653,0.7941176470588235,0.6506024096385542,0.6399825406465809,5
"['V16', 'V8', 'V17', 'V2', 'V12']",0.5510204081632653,0.7941176470588235,0.6506024096385542,0.6588591394488227,5
"['V16', 'V8', 'V17', 'V19', 'V12']",0.5510204081632653,0.7941176470588235,0.6506024096385542,0.6592161389113554,5
"['V16', 'V8', 'V17', 'V21', 'V12']",0.5510204081632653,0.7941176470588235,0.6506024096385542,0.6632691532688336,5
"['V10', 'V16', 'V8', 'V5', 'V21', 'V20']",0.5510204081632653,0.8181818181818182,0.6585365853658537,0.6654752945807875,6
"['V10', 'V17', 'V20', 'V2', 'V12']",0.5510204081632653,0.7941176470588235,0.6506024096385542,0.6918070401537812,5
"['V4', 'V10', 'V16', 'V17', 'V21', 'V19']",0.5510204081632653,0.782608695652174,0.6467065868263473,0.663557412785922,6
"['V16', 'V8', 'V5', 'V21', 'V12']",0.5510204081632653,0.7941176470588235,0.6506024096385542,0.6491587283736678,5
"['V4', 'V10', 'V16', 'V17', 'V21', 'V20']",0.5510204081632653,0.782608695652174,0.6467065868263473,0.6870609157604313,6
"['V4', 'V10', 'V8', 'V5', 'V21', 'V20']",0.5510204081632653,0.782608695652174,0.6467065868263473,0.6765332314048796,6
"['V4', 'V10', 'V8', 'V17', 'V21', 'V2']",0.5510204081632653,0.8059701492537313,0.6545454545454545,0.6892395023662475,6
"['V4', 'V8', 'V5', 'V17', 'V21', 'V19', 'V2', 'V12']",0.5510204081632653,0.7941176470588235,0.6506024096385542,0.6393687816786534,8
"['V4', 'V10', 'V8', 'V17', 'V19', 'V2']",0.5510204081632653,0.8059701492537313,0.6545454545454545,0.675612146396188,6
"['V4', 'V10', 'V8', 'V17', 'V19', 'V12']",0.5510204081632653,0.7714285714285715,0.6428571428571429,0.6920758552554028,6
"['V10', 'V21', 'V20', 'V2', 'V12']",0.5510204081632653,0.7941176470588235,0.6506024096385542,0.6928481702735725,5
"['V10', 'V21', 'V19', 'V2', 'V12']",0.5510204081632653,0.7941176470588235,0.6506024096385542,0.6940906297847055,5
"['V16', 'V8', 'V17', 'V20', 'V2', 'V12']",0.5510204081632653,0.7941176470588235,0.6506024096385542,0.6585900756650944,6
"['V10', 'V21', 'V19', 'V20', 'V12']",0.5510204081632653,0.7941176470588235,0.6506024096385542,0.6886408981070475,5
"['V8', 'V5', 'V17', 'V20', 'V2', 'V12']",0.5510204081632653,0.7941176470588235,0.6506024096385542,0.64407365110131,6
"['V10', 'V16', 'V8', 'V5', 'V20', 'V2']",0.5510204081632653,0.8181818181818182,0.6585365853658537,0.6633137139433006,6
"['V16', 'V8', 'V17', 'V21', 'V19', 'V12']",0.5510204081632653,0.7941176470588235,0.6506024096385542,0.6558372060035836,6
"['V10', 'V2', 'V12']",0.5510204081632653,0.7941176470588235,0.6506024096385542,0.6913271285233396,3
"['V16', 'V8', 'V5', 'V17', 'V2', 'V12']",0.5510204081632653,0.7941176470588235,0.6506024096385542,0.6576472722070006,6
"['V4', 'V10', 'V8', 'V12']",0.5510204081632653,0.7714285714285715,0.6428571428571429,0.6863126480876621,4
"['V10', 'V21', 'V19', 'V20', 'V2', 'V12']",0.5510204081632653,0.7941176470588235,0.6506024096385542,0.6926585863389553,6
"['V10', 'V17', 'V21', 'V20', 'V2', 'V12']",0.5510204081632653,0.7941176470588235,0.6506024096385542,0.6912235316625756,6
"['V10', 'V8', 'V17', 'V21', 'V19', 'V20', 'V2', 'V12']",0.5510204081632653,0.7941176470588235,0.6506024096385542,0.6908743452171028,8
"['V16', 'V8', 'V5', 'V17', 'V21', 'V19', 'V20', 'V12']",0.5510204081632653,0.7941176470588235,0.6506024096385542,0.6585950098289483,8
"['V16', 'V8', 'V5', 'V21', 'V19', 'V20', 'V2', 'V12']",0.5510204081632653,0.7941176470588235,0.6506024096385542,0.6394456059516254,8
"['V4', 'V14', 'V8', 'V5', 'V19', 'V2']",0.5510204081632653,0.675,0.6067415730337079,0.6644744058964548,6
"['V4', 'V10', 'V21', 'V12']",0.5510204081632653,0.7714285714285715,0.6428571428571429,0.6893747460713714,4
"['V16', 'V8', 'V17', 'V21', 'V19', 'V20', 'V2', 'V12']",0.5510204081632653,0.7941176470588235,0.6506024096385542,0.6507362132843325,8
"['V10', 'V8', 'V21', 'V19', 'V2', 'V12']",0.5510204081632653,0.7941176470588235,0.6506024096385542,0.6921535537980943,6
"['V4', 'V10', 'V19', 'V12']",0.5510204081632653,0.7714285714285715,0.6428571428571429,0.6878810224120047,4
"['V10', 'V8', 'V21', 'V19', 'V20', 'V12']",0.5510204081632653,0.7941176470588235,0.6506024096385542,0.6917202093434294,6
"['V10', 'V8', 'V17', 'V19', 'V20', 'V12']",0.5510204081632653,0.7941176470588235,0.6506024096385542,0.6898018282306206,6
"['V10', 'V8', 'V17', 'V21', 'V2', 'V12']",0.5510204081632653,0.7941176470588235,0.6506024096385542,0.6924882485232092,6
"['V10', 'V8', 'V17', 'V21', 'V19', 'V12']",0.5510204081632653,0.7941176470588235,0.6506024096385542,0.6893208889164693,6
"['V10', 'V8', 'V5', 'V17', 'V19', 'V20']",0.5510204081632653,0.8059701492537313,0.6545454545454545,0.6426388682507177,6
"['V4', 'V14', 'V19', 'V20']",0.5510204081632653,0.6835443037974683,0.6101694915254238,0.6592123395232713,4
"['V10', 'V16', 'V17', 'V20', 'V2', 'V12']",0.5510204081632653,0.7941176470588235,0.6506024096385542,0.6968237537371305,6
"['V4', 'V17', 'V21', 'V12']",0.5510204081632653,0.782608695652174,0.6467065868263473,0.6246253250694244,4
"['V10', 'V16', 'V5', 'V19', 'V20', 'V2']",0.5510204081632653,0.8181818181818182,0.6585365853658537,0.6611215582466491,6
"['V16', 'V21', 'V19', 'V2', 'V12']",0.5510204081632653,0.782608695652174,0.6467065868263473,0.6345373718357136,5
"['V10', 'V16', 'V5', 'V21', 'V19', 'V20']",0.5510204081632653,0.8181818181818182,0.6585365853658537,0.6606604618242709,6
"['V4', 'V14', 'V21', 'V19', 'V20', 'V2']",0.5510204081632653,0.6835443037974683,0.6101694915254238,0.6659825246132054,6
"['V4', 'V10', 'V16', 'V8', 'V17', 'V21']",0.5510204081632653,0.782608695652174,0.6467065868263473,0.6665611436918065,6
"['V4', 'V10', 'V8', 'V17', 'V20', 'V12']",0.5510204081632653,0.7714285714285715,0.6428571428571429,0.687512777137229,6
"['V4', 'V8', 'V5', 'V17', 'V21', 'V19', 'V20', 'V12']",0.5510204081632653,0.782608695652174,0.6467065868263473,0.6398268913637051,8
"['V4', 'V14', 'V8', 'V5', 'V21', 'V19', 'V2']",0.5510204081632653,0.6835443037974683,0.6101694915254238,0.6727774801187959,7
"['V4', 'V16', 'V5', 'V17', 'V21', 'V2']",0.5510204081632653,0.782608695652174,0.6467065868263473,0.6200810577317079,6
"['V4', 'V14', 'V8', 'V5', 'V21', 'V19', 'V20']",0.5510204081632653,0.6923076923076923,0.6136363636363636,0.6799276676059454,7
"['V4', 'V10', 'V8', 'V17', 'V2', 'V12']",0.5510204081632653,0.782608695652174,0.6467065868263473,0.6927482021700923,6
"['V4', 'V8', 'V17', 'V21', 'V2', 'V12']",0.5510204081632653,0.7714285714285715,0.6428571428571429,0.6373737696862998,6
"['V10', 'V16', 'V5', 'V20', 'V2']",0.5510204081632653,0.8181818181818182,0.6585365853658537,0.662350084147589,5
"['V4', 'V8', 'V17', 'V19', 'V2', 'V12']",0.5510204081632653,0.782608695652174,0.6467065868263473,0.6313401497373696,6
"['V16', 'V5', 'V17', 'V21', 'V20', 'V12']",0.5510204081632653,0.7941176470588235,0.6506024096385542,0.6600929300782562,6
"['V10', 'V16', 'V5', 'V21', 'V20']",0.5510204081632653,0.8181818181818182,0.6585365853658537,0.661485790615745,5
"['V10', 'V16', 'V5', 'V21', 'V19']",0.5510204081632653,0.8059701492537313,0.6545454545454545,0.6546960862244973,5
"['V10', 'V16', 'V5', 'V17', 'V20']",0.5510204081632653,0.8181818181818182,0.6585365853658537,0.6553273377566522,5
"['V4', 'V10', 'V8', 'V17', 'V19', 'V20', 'V2', 'V12']",0.5510204081632653,0.782608695652174,0.6467065868263473,0.6917774972434628,8
"['V16', 'V5', 'V17', 'V19', 'V20', 'V12']",0.5510204081632653,0.7941176470588235,0.6506024096385542,0.6545360442682644,6
"['V4', 'V5', 'V17', 'V21', 'V19', 'V12']",0.5510204081632653,0.782608695652174,0.6467065868263473,0.6306340750244962,6
"['V4', 'V14', 'V5', 'V21', 'V19', 'V20', 'V2']",0.5510204081632653,0.6835443037974683,0.6101694915254238,0.6704039494388376,7
"['V4', 'V5', 'V17', 'V21', 'V20', 'V12']",0.5510204081632653,0.7714285714285715,0.6428571428571429,0.6256583394014771,6
"['V16', 'V5', 'V17', 'V19', 'V2', 'V12']",0.5510204081632653,0.7941176470588235,0.6506024096385542,0.6471481503923083,6
"['V16', 'V5', 'V17', 'V20', 'V2', 'V12']",0.5510204081632653,0.7941176470588235,0.6506024096385542,0.6557478757003541,6
"['V4', 'V5', 'V17', 'V19', 'V2', 'V12']",0.5510204081632653,0.782608695652174,0.6467065868263473,0.6257985433123949,6
"['V4', 'V5', 'V17', 'V20', 'V2', 'V12']",0.5510204081632653,0.782608695652174,0.6467065868263473,0.6245463023322181,6
"['V4', 'V17', 'V21', 'V19', 'V20', 'V12']",0.5510204081632653,0.782608695652174,0.6467065868263473,0.6216767956383452,6
"['V4', 'V10', 'V16', 'V8', 'V17', 'V21', 'V19']",0.5510204081632653,0.782608695652174,0.6467065868263473,0.6665088260202444,7
"['V4', 'V17', 'V21', 'V19', 'V2', 'V12']",0.5510204081632653,0.782608695652174,0.6467065868263473,0.6176711012250677,6
"['V16', 'V5', 'V21', 'V19', 'V20', 'V12']",0.5510204081632653,0.7941176470588235,0.6506024096385542,0.6388847714514906,6
"['V4', 'V17', 'V21', 'V20', 'V2', 'V12']",0.5510204081632653,0.782608695652174,0.6467065868263473,0.6212950021078152,6
"['V4', 'V10', 'V16', 'V17', 'V21', 'V19', 'V20']",0.5510204081632653,0.7941176470588235,0.6506024096385542,0.690731602878471,7
"['V4', 'V10', 'V16', 'V17', 'V21', 'V2', 'V12']",0.5510204081632653,0.7941176470588235,0.6506024096385542,0.6975677363723143,7
"['V4', 'V16', 'V5', 'V17', 'V20', 'V2']",0.5510204081632653,0.782608695652174,0.6467065868263473,0.6256256849871336,6
"['V16', 'V8', 'V5', 'V17', 'V20', 'V12']",0.5510204081632653,0.7941176470588235,0.6506024096385542,0.6664574999030041,6
"['V16', 'V8', 'V21', 'V20', 'V2', 'V12']",0.5510204081632653,0.7941176470588235,0.6506024096385542,0.6504000063215366,6
"['V4', 'V10', 'V19', 'V20', 'V2', 'V12']",0.5510204081632653,0.782608695652174,0.6467065868263473,0.6880196022938341,6
"['V10', 'V5', 'V17', 'V21', 'V19']",0.5510204081632653,0.7941176470588235,0.6506024096385542,0.6479435028201536,5
"['V10', 'V8', 'V21', 'V20', 'V12']",0.5510204081632653,0.7941176470588235,0.6506024096385542,0.6918241386742731,5
"['V4', 'V16', 'V8', 'V5', 'V17', 'V21', 'V20', 'V2']",0.5510204081632653,0.782608695652174,0.6467065868263473,0.6416224723297163,8
"['V4', 'V10', 'V17', 'V21', 'V20', 'V12']",0.5510204081632653,0.782608695652174,0.6467065868263473,0.688069413841288,6
"['V10', 'V8', 'V21', 'V19', 'V12']",0.5510204081632653,0.7941176470588235,0.6506024096385542,0.6893723898555618,5
"['V4', 'V10', 'V17', 'V19', 'V20', 'V12']",0.5510204081632653,0.7714285714285715,0.6428571428571429,0.6860935815659632,6
"['V16', 'V8', 'V21', 'V19', 'V2', 'V12']",0.5510204081632653,0.7941176470588235,0.6506024096385542,0.6451961606734552,6
"['V10', 'V8', 'V17', 'V21', 'V12']",0.5510204081632653,0.7941176470588235,0.6506024096385542,0.6897887628445893,5
"['V4', 'V10', 'V8', 'V20', 'V2', 'V12']",0.5510204081632653,0.782608695652174,0.6467065868263473,0.6882556176303837,6
"['V4', 'V10', 'V5', 'V21', 'V19', 'V20']",0.5510204081632653,0.782608695652174,0.6467065868263473,0.6795108719644236,6
"['V4', 'V16', 'V8', 'V5', 'V17', 'V2']",0.5510204081632653,0.7941176470588235,0.6506024096385542,0.6366167302554477,6
"['V14', 'V16', 'V8', 'V21', 'V19', 'V20']",0.5510204081632653,0.8059701492537313,0.6545454545454545,0.6890799749423786,6
"['V10', 'V5', 'V17', 'V20', 'V2']",0.5510204081632653,0.8181818181818182,0.6585365853658537,0.6524563078956841,5
"['V4', 'V10', 'V8', 'V19', 'V2', 'V12']",0.5510204081632653,0.782608695652174,0.6467065868263473,0.6879720233270934,6
"['V4', 'V10', 'V8', 'V19', 'V20', 'V12']",0.5510204081632653,0.7714285714285715,0.6428571428571429,0.6855729856567253,6
"['V4', 'V10', 'V8', 'V21', 'V2', 'V12']",0.5510204081632653,0.782608695652174,0.6467065868263473,0.696727848483736,6
"['V4', 'V10', 'V8', 'V21', 'V19', 'V12']",0.5510204081632653,0.7714285714285715,0.6428571428571429,0.6921338382650233,6
"['V10', 'V8', 'V19', 'V20', 'V12']",0.5510204081632653,0.7941176470588235,0.6506024096385542,0.6882664070917364,5
"['V10', 'V21', 'V12']",0.5408163265306123,0.7910447761194029,0.6424242424242425,0.6870338303617383,3
"['V4', 'V16', 'V5', 'V17', 'V2']",0.5408163265306123,0.7794117647058824,0.6385542168674698,0.6216774026935872,5
"['V16', 'V8', 'V21', 'V19', 'V20', 'V12']",0.5408163265306123,0.7910447761194029,0.6424242424242425,0.6427975276433641,6
"['V16', 'V8', 'V5', 'V21', 'V19', 'V12']",0.5408163265306123,0.7910447761194029,0.6424242424242425,0.6429198643071725,6
"['V16', 'V20', 'V2', 'V12']",0.5408163265306123,0.7794117647058824,0.6385542168674698,0.6420003225048339,4
"['V16', 'V8', 'V21', 'V12']",0.5408163265306123,0.7910447761194029,0.6424242424242425,0.6494859413257712,4
"['V4', 'V17', 'V19', 'V20', 'V2', 'V12']",0.5408163265306123,0.7794117647058824,0.6385542168674698,0.6253519378853988,6
"['V10', 'V19', 'V20', 'V12']",0.5408163265306123,0.7910447761194029,0.6424242424242425,0.6828114676713145,4
"['V16', 'V8', 'V19', 'V12']",0.5408163265306123,0.7910447761194029,0.6424242424242425,0.6380555135381194,4
"['V16', 'V8', 'V5', 'V21', 'V20', 'V12']",0.5408163265306123,0.7910447761194029,0.6424242424242425,0.6499339455443992,6
"['V16', 'V8', 'V5', 'V20', 'V2', 'V12']",0.5408163265306123,0.803030303030303,0.6463414634146342,0.6465270701909382,6
"['V16', 'V5', 'V19', 'V12']",0.5408163265306123,0.7910447761194029,0.6424242424242425,0.6358425502592684,4
"['V4', 'V8', 'V17', 'V19', 'V12']",0.5408163265306123,0.7910447761194029,0.6424242424242425,0.6385260642228867,5
"['V16', 'V19', 'V12']",0.5408163265306123,0.7910447761194029,0.6424242424242425,0.6345375494736399,3
"['V16', 'V5', 'V12']",0.5408163265306123,0.7910447761194029,0.6424242424242425,0.6480066882049833,3
"['V4', 'V8', 'V17', 'V20', 'V12']",0.5408163265306123,0.7910447761194029,0.6424242424242425,0.6413735766994993,5
"['V10', 'V21', 'V19', 'V12']",0.5408163265306123,0.7910447761194029,0.6424242424242425,0.6873318647702286,4
"['V16', 'V8', 'V5', 'V19', 'V2', 'V12']",0.5408163265306123,0.7910447761194029,0.6424242424242425,0.6409996278441914,6
"['V16', 'V19', 'V20', 'V12']",0.5408163265306123,0.7910447761194029,0.6424242424242425,0.634970416959361,4
"['V16', 'V8', 'V5', 'V19', 'V20', 'V12']",0.5408163265306123,0.7910447761194029,0.6424242424242425,0.6471158782205737,6
"['V16', 'V2', 'V12']",0.5408163265306123,0.7794117647058824,0.6385542168674698,0.6423815998442737,3
"['V4', 'V8', 'V17', 'V21', 'V12']",0.5408163265306123,0.7794117647058824,0.6385542168674698,0.637629166527096,5
"['V10', 'V20', 'V12']",0.5408163265306123,0.7910447761194029,0.6424242424242425,0.6869309094991645,3
"['V16', 'V8', 'V5', 'V21', 'V2', 'V12']",0.5408163265306123,0.7910447761194029,0.6424242424242425,0.6451540308993055,6
"['V16', 'V21', 'V2', 'V12']",0.5408163265306123,0.7794117647058824,0.6385542168674698,0.6423739511206805,4
"['V10', 'V19', 'V2', 'V12']",0.5408163265306123,0.7910447761194029,0.6424242424242425,0.6895975483817423,4
"['V10', 'V16', 'V8', 'V5', 'V19', 'V2']",0.5408163265306123,0.803030303030303,0.6463414634146342,0.6579018178013831,6
"['V16', 'V8', 'V5', 'V17', 'V19', 'V12']",0.5408163265306123,0.7910447761194029,0.6424242424242425,0.6617892110830589,6
"['V10', 'V8', 'V12']",0.5408163265306123,0.7910447761194029,0.6424242424242425,0.6858621341808051,3
"['V16', 'V8', 'V5', 'V21', 'V19', 'V20', 'V12']",0.5408163265306123,0.7910447761194029,0.6424242424242425,0.6437588897714438,7
"['V10', 'V16', 'V8', 'V5', 'V21', 'V2']",0.5408163265306123,0.8153846153846154,0.6503067484662577,0.6738896345987979,6
"['V10', 'V16', 'V8', 'V5', 'V17', 'V20']",0.5408163265306123,0.8153846153846154,0.6503067484662577,0.6543225887428459,6
"['V4', 'V10', 'V8', 'V17', 'V21', 'V12']",0.5408163265306123,0.7681159420289855,0.6347305389221557,0.6908787935558187,6
"['V10', 'V16', 'V8', 'V5', 'V21', 'V19', 'V2']",0.5408163265306123,0.8153846153846154,0.6503067484662577,0.6724826093905087,7
"['V10', 'V16', 'V8', 'V5', 'V21', 'V20', 'V2']",0.5408163265306123,0.8153846153846154,0.6503067484662577,0.6736687393213524,7
"['V16', 'V8', 'V5', 'V17', 'V19', 'V20', 'V12']",0.5408163265306123,0.7910447761194029,0.6424242424242425,0.6622030041599655,7
"['V4', 'V10', 'V17', 'V21', 'V19', 'V2']",0.5408163265306123,0.803030303030303,0.6463414634146342,0.6882293783104093,6
"['V4', 'V14', 'V21', 'V19', 'V2']",0.5408163265306123,0.6794871794871795,0.6022727272727273,0.6697363346813593,5
"['V4', 'V14', 'V21', 'V19', 'V20']",0.5408163265306123,0.6794871794871795,0.6022727272727273,0.6663465795066138,5
"['V4', 'V16', 'V8', 'V17', 'V19', 'V20']",0.5408163265306123,0.7910447761194029,0.6424242424242425,0.649284811155671,6
"['V4', 'V16', 'V8', 'V17', 'V19', 'V2']",0.5408163265306123,0.7910447761194029,0.6424242424242425,0.6366742494940281,6
"['V4', 'V8', 'V5', 'V17', 'V19', 'V12']",0.5408163265306123,0.7794117647058824,0.6385542168674698,0.6401633094652808,6
"['V4', 'V8', 'V17', 'V21', 'V19', 'V12']",0.5408163265306123,0.7794117647058824,0.6385542168674698,0.6386113216910457,6
"['V4', 'V8', 'V17', 'V21', 'V20', 'V12']",0.5408163265306123,0.7794117647058824,0.6385542168674698,0.6375261966885784,6
"['V4', 'V8', 'V17', 'V19', 'V20', 'V12']",0.5408163265306123,0.7910447761194029,0.6424242424242425,0.6391286804093091,6
"['V10', 'V17', 'V21', 'V19', 'V20', 'V2', 'V12']",0.5408163265306123,0.7910447761194029,0.6424242424242425,0.6911678423864719,7
"['V4', 'V14', 'V5', 'V21', 'V19']",0.5408163265306123,0.6708860759493671,0.5988700564971752,0.673024038500001,5
"['V4', 'V5', 'V17', 'V21', 'V2', 'V12']",0.5408163265306123,0.7794117647058824,0.6385542168674698,0.6274366346717816,6
"['V4', 'V14', 'V8', 'V21', 'V2']",0.5408163265306123,0.6708860759493671,0.5988700564971752,0.6615650316956115,5
"['V10', 'V8', 'V17', 'V19', 'V20', 'V2', 'V12']",0.5408163265306123,0.7910447761194029,0.6424242424242425,0.6863838623161184,7
"['V16', 'V8', 'V5', 'V21', 'V20', 'V2', 'V12']",0.5408163265306123,0.803030303030303,0.6463414634146342,0.6449861985324923,7
"['V16', 'V8', 'V5', 'V19', 'V20', 'V2', 'V12']",0.5408163265306123,0.7910447761194029,0.6424242424242425,0.6402926004472327,7
"['V10', 'V5', 'V17', 'V21']",0.5408163265306123,0.7910447761194029,0.6424242424242425,0.6473995150008439,4
"['V4', 'V10', 'V17', 'V19', 'V12']",0.5408163265306123,0.7681159420289855,0.6347305389221557,0.6895465443233795,5
"['V5', 'V21', 'V2', 'V12']",0.5408163265306123,0.7910447761194029,0.6424242424242425,0.5546901027587194,4
"['V10', 'V17', 'V19', 'V20', 'V2', 'V12']",0.5408163265306123,0.7910447761194029,0.6424242424242425,0.6910708878211123,6
"['V10', 'V17', 'V21', 'V19', 'V2', 'V12']",0.5408163265306123,0.7910447761194029,0.6424242424242425,0.6937091085864845,6
"['V4', 'V14', 'V8', 'V5', 'V21', 'V19']",0.5408163265306123,0.654320987654321,0.5921787709497207,0.6728130336898615,6
"['V5', 'V17', 'V21', 'V19', 'V20', 'V2', 'V12']",0.5408163265306123,0.7910447761194029,0.6424242424242425,0.6298450368956046,7
"['V4', 'V14', 'V8', 'V5', 'V21', 'V2']",0.5408163265306123,0.6708860759493671,0.5988700564971752,0.666974851726153,6
"['V10', 'V5', 'V17', 'V21', 'V19', 'V20']",0.5408163265306123,0.8153846153846154,0.6503067484662577,0.6558231182556165,6
"['V8', 'V5', 'V17', 'V19', 'V20', 'V2', 'V12']",0.5408163265306123,0.7910447761194029,0.6424242424242425,0.6380824010728092,7
"['V10', 'V8', 'V19', 'V20', 'V2', 'V12']",0.5408163265306123,0.7910447761194029,0.6424242424242425,0.6868124522268743,6
"['V10', 'V8', 'V17', 'V20', 'V2', 'V12']",0.5408163265306123,0.7910447761194029,0.6424242424242425,0.6886340327059254,6
"['V4', 'V10', 'V8', 'V17', 'V19']",0.5408163265306123,0.7571428571428571,0.6309523809523809,0.6401701205767718,5
"['V10', 'V8', 'V17', 'V19', 'V2', 'V12']",0.5408163265306123,0.7910447761194029,0.6424242424242425,0.6878385609463593,6
"['V4', 'V14', 'V5', 'V21', 'V19', 'V20']",0.5408163265306123,0.6794871794871795,0.6022727272727273,0.6697910948301946,6
"['V4', 'V14', 'V5', 'V21', 'V19', 'V2']",0.5408163265306123,0.6708860759493671,0.5988700564971752,0.6696345122740344,6
"['V4', 'V16', 'V8', 'V5', 'V17', 'V21', 'V19', 'V20', 'V2']",0.5408163265306123,0.7681159420289855,0.6347305389221557,0.6370758620317033,9
"['V10', 'V16', 'V5', 'V21', 'V20', 'V2']",0.5408163265306123,0.8153846153846154,0.6503067484662577,0.6720889395415286,6
"['V10', 'V16', 'V5', 'V21', 'V19', 'V2']",0.5408163265306123,0.803030303030303,0.6463414634146342,0.6725580132011436,6
"['V16', 'V8', 'V17', 'V19', 'V20', 'V2', 'V12']",0.5408163265306123,0.7910447761194029,0.6424242424242425,0.6541441448905109,7
"['V4', 'V10', 'V8', 'V17', 'V12']",0.5408163265306123,0.7681159420289855,0.6347305389221557,0.6923310870210784,5
"['V4', 'V10', 'V8', 'V17', 'V2']",0.5408163265306123,0.803030303030303,0.6463414634146342,0.6728572926363073,5
"['V10', 'V5', 'V17', 'V20']",0.5408163265306123,0.8153846153846154,0.6503067484662577,0.6446818124676484,4
"['V10', 'V20', 'V2', 'V12']",0.5408163265306123,0.7910447761194029,0.6424242424242425,0.6919435466878743,4
"['V4', 'V14', 'V8', 'V21', 'V19']",0.5408163265306123,0.6625,0.5955056179775281,0.6692064392613958,5
"['V10', 'V16', 'V8', 'V5', 'V21', 'V19', 'V20', 'V2']",0.5408163265306123,0.8153846153846154,0.6503067484662577,0.6722094922176788,8
"['V4', 'V16', 'V8', 'V17', 'V19', 'V20', 'V2']",0.5408163265306123,0.7910447761194029,0.6424242424242425,0.6372603936259776,7
"['V5', 'V17', 'V21', 'V2', 'V12']",0.5408163265306123,0.7910447761194029,0.6424242424242425,0.6360033874381789,5
"['V4', 'V16', 'V8', 'V17', 'V21', 'V19', 'V2']",0.5408163265306123,0.7910447761194029,0.6424242424242425,0.6389545511475898,7
"['V10', 'V17', 'V19', 'V2', 'V12']",0.5408163265306123,0.7910447761194029,0.6424242424242425,0.6914593461783686,5
"['V10', 'V17', 'V21', 'V2', 'V12']",0.5408163265306123,0.7910447761194029,0.6424242424242425,0.6937033467879865,5
"['V10', 'V17', 'V21', 'V19', 'V12']",0.5408163265306123,0.7910447761194029,0.6424242424242425,0.6860823930677543,5
"['V10', 'V5', 'V17', 'V19', 'V20']",0.5408163265306123,0.8153846153846154,0.6503067484662577,0.6428512877906096,5
"['V10', 'V5', 'V17', 'V21', 'V20']",0.5408163265306123,0.8153846153846154,0.6503067484662577,0.6575634508178115,5
"['V4', 'V14', 'V19', 'V2']",0.5408163265306123,0.6794871794871795,0.6022727272727273,0.6597402676361537,4
"['V5', 'V17', 'V21', 'V20', 'V2', 'V12']",0.5408163265306123,0.7910447761194029,0.6424242424242425,0.6383988115433322,6
"['V4', 'V8', 'V17', 'V21', 'V20', 'V2', 'V12']",0.5408163265306123,0.7794117647058824,0.6385542168674698,0.6398229057205185,7
"['V5', 'V17', 'V21', 'V19', 'V2', 'V12']",0.5408163265306123,0.7910447761194029,0.6424242424242425,0.6246636067037111,6
"['V4', 'V16', 'V8', 'V5', 'V17', 'V19', 'V2']",0.5408163265306123,0.7794117647058824,0.6385542168674698,0.6341957077285713,7
"['V10', 'V8', 'V17', 'V2', 'V12']",0.5408163265306123,0.7910447761194029,0.6424242424242425,0.6889533177773766,5
"['V4', 'V16', 'V8', 'V17', 'V21', 'V19', 'V20', 'V2']",0.5408163265306123,0.7794117647058824,0.6385542168674698,0.6388281015355559,8
"['V4', 'V14', 'V21', 'V19']",0.5408163265306123,0.6708860759493671,0.5988700564971752,0.6717330651941847,4
"['V10', 'V8', 'V17', 'V19', 'V12']",0.5408163265306123,0.7910447761194029,0.6424242424242425,0.6858251466562567,5
"['V10', 'V19', 'V20', 'V2', 'V12']",0.5408163265306123,0.7910447761194029,0.6424242424242425,0.6903031057838824,5
"['V16', 'V8', 'V5', 'V17', 'V12']",0.5408163265306123,0.7910447761194029,0.6424242424242425,0.668049946561033,5
"['V10', 'V16', 'V8', 'V5']",0.5408163265306123,0.803030303030303,0.6463414634146342,0.6465976976032842,4
"['V4', 'V8', 'V17', 'V21', 'V19', 'V20', 'V2', 'V12']",0.5408163265306123,0.7794117647058824,0.6385542168674698,0.6372381416505926,8
"['V4', 'V8', 'V17', 'V21', 'V19', 'V20', 'V12']",0.5408163265306123,0.7794117647058824,0.6385542168674698,0.6370437036737765,7
"['V8', 'V5', 'V17', 'V2', 'V12']",0.5408163265306123,0.7910447761194029,0.6424242424242425,0.6434996884935513,5
"['V4', 'V8', 'V17', 'V12']",0.5408163265306123,0.7794117647058824,0.6385542168674698,0.6401401617613445,4
"['V8', 'V5', 'V21', 'V2', 'V12']",0.5408163265306123,0.7910447761194029,0.6424242424242425,0.5576021170717087,5
"['V4', 'V5', 'V17', 'V21', 'V19', 'V2', 'V12']",0.5408163265306123,0.7794117647058824,0.6385542168674698,0.6236710181055911,7
"['V4', 'V5', 'V17', 'V21', 'V20', 'V2', 'V12']",0.5408163265306123,0.7794117647058824,0.6385542168674698,0.6284765895937067,7
"['V4', 'V17', 'V2', 'V12']",0.5408163265306123,0.7794117647058824,0.6385542168674698,0.6248562397903764,4
"['V4', 'V10', 'V17', 'V12']",0.5408163265306123,0.7681159420289855,0.6347305389221557,0.6900499236153512,4
"['V16', 'V17', 'V21', 'V19', 'V12']",0.5408163265306123,0.7794117647058824,0.6385542168674698,0.6487366720138701,5
"['V16', 'V5', 'V19', 'V2', 'V12']",0.5408163265306123,0.7910447761194029,0.6424242424242425,0.6280121679152824,5
"['V16', 'V5', 'V19', 'V20', 'V12']",0.5408163265306123,0.7910447761194029,0.6424242424242425,0.6359115905403264,5
"['V16', 'V5', 'V21', 'V2', 'V12']",0.5408163265306123,0.7910447761194029,0.6424242424242425,0.6412417117400901,5
"['V16', 'V8', 'V21', 'V20', 'V12']",0.5408163265306123,0.7910447761194029,0.6424242424242425,0.6513587573888205,5
"['V16', 'V8', 'V5', 'V2', 'V12']",0.5408163265306123,0.803030303030303,0.6463414634146342,0.6466851943683332,5
"['V16', 'V8', 'V5', 'V20', 'V12']",0.5408163265306123,0.7910447761194029,0.6424242424242425,0.6530411813457329,5
"['V16', 'V8', 'V5', 'V19', 'V12']",0.5408163265306123,0.7910447761194029,0.6424242424242425,0.6445843076456254,5
"['V4', 'V5', 'V17', 'V21', 'V19', 'V20', 'V2', 'V12']",0.5408163265306123,0.7794117647058824,0.6385542168674698,0.6249041938597036,8
"['V8', 'V5', 'V21', 'V20', 'V2', 'V12']",0.5408163265306123,0.7910447761194029,0.6424242424242425,0.5571434192397493,6
"['V10', 'V8', 'V19', 'V2', 'V12']",0.5408163265306123,0.7910447761194029,0.6424242424242425,0.6859931337129697,5
"['V4', 'V10', 'V8', 'V21', 'V19', 'V2', 'V12']",0.5408163265306123,0.7794117647058824,0.6385542168674698,0.6972918032003933,7
"['V10', 'V8', 'V19', 'V12']",0.5408163265306123,0.7910447761194029,0.6424242424242425,0.6870490898731976,4
"['V10', 'V16', 'V5', 'V19', 'V2']",0.5408163265306123,0.7794117647058824,0.6385542168674698,0.6522365358627191,5
"['V16', 'V5', 'V19', 'V20', 'V2', 'V12']",0.5408163265306123,0.7910447761194029,0.6424242424242425,0.6292851641955128,6
"['V10', 'V16', 'V8', 'V5', 'V19']",0.5408163265306123,0.7910447761194029,0.6424242424242425,0.646456897008414,5
"['V10', 'V8', 'V5', 'V17', 'V19']",0.5408163265306123,0.803030303030303,0.6463414634146342,0.6381744027451589,5
"['V10', 'V8', 'V5', 'V17', 'V20']",0.5408163265306123,0.8153846153846154,0.6503067484662577,0.6445909976718356,5
"['V4', 'V10', 'V8', 'V17', 'V21', 'V19', 'V12']",0.5408163265306123,0.7681159420289855,0.6347305389221557,0.6914211102093936,7
"['V10', 'V16', 'V5', 'V21', 'V2']",0.5408163265306123,0.8153846153846154,0.6503067484662577,0.6719217847896956,5
"['V10', 'V8', 'V17', 'V12']",0.5408163265306123,0.7910447761194029,0.6424242424242425,0.6875488678235666,4
"['V10', 'V16', 'V8', 'V5', 'V2']",0.5408163265306123,0.803030303030303,0.6463414634146342,0.6570123629413406,5
"['V4', 'V17', 'V20', 'V2', 'V12']",0.5408163265306123,0.7794117647058824,0.6385542168674698,0.6272596404984218,5
"['V4', 'V17', 'V19', 'V2', 'V12']",0.5408163265306123,0.7794117647058824,0.6385542168674698,0.6216228807762152,5
"['V16', 'V21', 'V19', 'V20', 'V2', 'V12']",0.5408163265306123,0.7794117647058824,0.6385542168674698,0.6348204453194848,6
"['V4', 'V16', 'V8', 'V5', 'V17', 'V19', 'V20', 'V2']",0.5408163265306123,0.7794117647058824,0.6385542168674698,0.6351879793868708,8
"['V10', 'V8', 'V2', 'V12']",0.5408163265306123,0.7910447761194029,0.6424242424242425,0.6872594265471366,4
"['V4', 'V14', 'V8', 'V5', 'V21', 'V20', 'V2']",0.5408163265306123,0.6708860759493671,0.5988700564971752,0.6687105556161241,7
"['V4', 'V5', 'V17', 'V19', 'V20', 'V12']",0.5306122448979592,0.7647058823529411,0.6265060240963856,0.6222173236632983,6
"['V4', 'V10', 'V8', 'V17', 'V19', 'V20', 'V2']",0.5306122448979592,0.7878787878787878,0.6341463414634146,0.673183441327377,7
"['V10', 'V16', 'V8', 'V5', 'V19', 'V20']",0.5306122448979592,0.8125,0.6419753086419753,0.6537413199274915,6
"['V10', 'V16', 'V8', 'V5', 'V20']",0.5306122448979592,0.8125,0.6419753086419753,0.6544283299159585,5
"['V4', 'V14', 'V8', 'V5', 'V20']",0.5306122448979592,0.6666666666666666,0.5909090909090909,0.6546024871024879,5
"['V10', 'V8', 'V5', 'V21', 'V19', 'V20', 'V2']",0.5306122448979592,0.8,0.6380368098159509,0.6572537965453414,7
"['V16', 'V5', 'V20', 'V2', 'V12']",0.5306122448979592,0.8,0.6380368098159509,0.6367004799405201,5
"['V4', 'V10', 'V21', 'V19', 'V20', 'V2', 'V12']",0.5306122448979592,0.7878787878787878,0.6341463414634146,0.6904498189044995,7
"['V4', 'V10', 'V8', 'V17', 'V20']",0.5306122448979592,0.7647058823529411,0.6265060240963856,0.6491882043227606,5
"['V16', 'V17', 'V21', 'V2', 'V12']",0.5306122448979592,0.7761194029850746,0.6303030303030303,0.6516325952350395,5
"['V4', 'V14', 'V8', 'V20', 'V2']",0.5306122448979592,0.6666666666666666,0.5909090909090909,0.6489998259285393,5
"['V16', 'V21', 'V19', 'V20', 'V12']",0.5306122448979592,0.7878787878787878,0.6341463414634146,0.6382017851206029,5
"['V16', 'V21', 'V20', 'V2', 'V12']",0.5306122448979592,0.7761194029850746,0.6303030303030303,0.6444690027835264,5
"['V4', 'V10', 'V8', 'V17', 'V21', 'V20', 'V2']",0.5306122448979592,0.7878787878787878,0.6341463414634146,0.6857741613252331,7
"['V4', 'V5', 'V17', 'V12']",0.5306122448979592,0.7647058823529411,0.6265060240963856,0.6260322339635216,4
"['V14', 'V8', 'V19', 'V20', 'V2']",0.5306122448979592,0.7428571428571429,0.6190476190476191,0.647944524084902,5
"['V10', 'V5', 'V17', 'V21', 'V19', 'V20', 'V2']",0.5306122448979592,0.8,0.6380368098159509,0.6630706129626883,7
"['V10', 'V8', 'V5', 'V21', 'V19', 'V20']",0.5306122448979592,0.8125,0.6419753086419753,0.6496693330299731,6
"['V10', 'V8', 'V5', 'V21', 'V19', 'V2']",0.5306122448979592,0.8,0.6380368098159509,0.6552029909486211,6
"['V4', 'V10', 'V5', 'V21', 'V19']",0.5306122448979592,0.7647058823529411,0.6265060240963856,0.6571585926042754,5
"['V4', 'V14', 'V8', 'V21', 'V20', 'V2']",0.5306122448979592,0.6666666666666666,0.5909090909090909,0.6613453586693243,6
"['V16', 'V17', 'V20', 'V2', 'V12']",0.5306122448979592,0.7761194029850746,0.6303030303030303,0.6532530248952231,5
"['V4', 'V8', 'V19', 'V20', 'V2', 'V12']",0.5306122448979592,0.7761194029850746,0.6303030303030303,0.5857379939309261,6
"['V4', 'V10', 'V8', 'V5', 'V21', 'V19']",0.5306122448979592,0.7536231884057971,0.6227544910179641,0.6585100431334229,6
"['V4', 'V10', 'V8', 'V5', 'V20', 'V2']",0.5306122448979592,0.7536231884057971,0.6227544910179641,0.6613648538834143,6
"['V4', 'V10', 'V21', 'V20', 'V2', 'V12']",0.5306122448979592,0.7761194029850746,0.6303030303030303,0.6913165631752033,6
"['V4', 'V10', 'V17', 'V21', 'V20', 'V2', 'V12']",0.5306122448979592,0.7878787878787878,0.6341463414634146,0.6907592385346495,7
"['V4', 'V10', 'V21', 'V19', 'V2', 'V12']",0.5306122448979592,0.7878787878787878,0.6341463414634146,0.6919239712364835,6
"['V4', 'V10', 'V17', 'V21', 'V19', 'V2', 'V12']",0.5306122448979592,0.7878787878787878,0.6341463414634146,0.6925182975165876,7
"['V4', 'V10', 'V17', 'V19', 'V20', 'V2']",0.5306122448979592,0.8,0.6380368098159509,0.6652123823275087,6
"['V4', 'V10', 'V17', 'V21', 'V2', 'V12']",0.5306122448979592,0.7878787878787878,0.6341463414634146,0.6929843939970444,6
"['V4', 'V10', 'V17', 'V21', 'V19', 'V20', 'V2']",0.5306122448979592,0.7878787878787878,0.6341463414634146,0.687026133698419,7
"['V4', 'V10', 'V17', 'V21', 'V20', 'V2']",0.5306122448979592,0.7878787878787878,0.6341463414634146,0.6866475007883969,6
"['V10', 'V16', 'V5', 'V21', 'V19', 'V20', 'V2']",0.5306122448979592,0.8,0.6380368098159509,0.6726672959614671,7
"['V4', 'V10', 'V17', 'V21', 'V19', 'V12']",0.5306122448979592,0.7647058823529411,0.6265060240963856,0.6893403847963656,6
"['V4', 'V14', 'V5', 'V20', 'V2']",0.5306122448979592,0.6582278481012658,0.5875706214689266,0.6471126798509731,5
"['V4', 'V16', 'V8', 'V17', 'V20', 'V2']",0.5306122448979592,0.7761194029850746,0.6303030303030303,0.6382546433793536,6
"['V4', 'V14', 'V8', 'V5', 'V2']",0.5306122448979592,0.6666666666666666,0.5909090909090909,0.6564368299222171,5
"['V4', 'V16', 'V8', 'V5', 'V17', 'V21', 'V19', 'V2']",0.5306122448979592,0.7647058823529411,0.6265060240963856,0.6369621166337819,8
"['V10', 'V5', 'V21', 'V19', 'V20']",0.5306122448979592,0.8125,0.6419753086419753,0.6473018480497537,5
"['V10', 'V16', 'V8', 'V17', 'V21', 'V19', 'V2']",0.5306122448979592,0.8,0.6380368098159509,0.645688491912989,7
"['V10', 'V5', 'V21', 'V19', 'V2']",0.5306122448979592,0.8,0.6380368098159509,0.6563527700390683,5
"['V4', 'V10', 'V17', 'V21', 'V19', 'V20', 'V2', 'V12']",0.5306122448979592,0.7878787878787878,0.6341463414634146,0.6901406619253769,8
"['V4', 'V14', 'V2']",0.5306122448979592,0.6666666666666666,0.5909090909090909,0.6476806022175818,3
"['V10', 'V16', 'V5', 'V19', 'V20']",0.5306122448979592,0.8125,0.6419753086419753,0.652054982385646,5
"['V4', 'V16', 'V8', 'V17', 'V21', 'V20', 'V2']",0.5306122448979592,0.7761194029850746,0.6303030303030303,0.6396969474433587,7
"['V4', 'V8', 'V21', 'V19', 'V2', 'V12']",0.5306122448979592,0.7761194029850746,0.6303030303030303,0.5856286391720802,6
"['V10', 'V16', 'V8', 'V5', 'V21', 'V19', 'V20']",0.5306122448979592,0.8125,0.6419753086419753,0.6638579249203918,7
"['V4', 'V8', 'V21', 'V20', 'V2', 'V12']",0.5306122448979592,0.7761194029850746,0.6303030303030303,0.5904594758122146,6
"['V4', 'V10', 'V8', 'V17', 'V19', 'V20']",0.5306122448979592,0.7647058823529411,0.6265060240963856,0.6489022827716243,6
"['V4', 'V14', 'V8', 'V5', 'V21']",0.5306122448979592,0.6582278481012658,0.5875706214689266,0.6685010110800275,5
"['V4', 'V17', 'V12']",0.5306122448979592,0.7761194029850746,0.6303030303030303,0.6239676437134672,3
"['V4', 'V8', 'V20', 'V2', 'V12']",0.5306122448979592,0.7761194029850746,0.6303030303030303,0.5861931234608654,5
"['V4', 'V10', 'V5', 'V19', 'V20']",0.5306122448979592,0.7536231884057971,0.6227544910179641,0.6521759722471331,5
"['V8', 'V17', 'V2', 'V12']",0.5306122448979592,0.7761194029850746,0.6303030303030303,0.6422588106472263,4
"['V16', 'V21', 'V12']",0.5306122448979592,0.7878787878787878,0.6341463414634146,0.6479979808381694,3
"['V8', 'V17', 'V19', 'V2', 'V12']",0.5306122448979592,0.7761194029850746,0.6303030303030303,0.6335194996405206,5
"['V4', 'V16', 'V8', 'V17', 'V2']",0.5306122448979592,0.7761194029850746,0.6303030303030303,0.6378755306519606,5
"['V16', 'V17', 'V2', 'V12']",0.5306122448979592,0.7761194029850746,0.6303030303030303,0.6528013763611533,4
"['V4', 'V14', 'V8', 'V19']",0.5306122448979592,0.65,0.5842696629213483,0.6510947718979008,4
"['V4', 'V14', 'V8', 'V20']",0.5306122448979592,0.6666666666666666,0.5909090909090909,0.646116102428753,4
"['V8', 'V17', 'V21', 'V20', 'V2', 'V12']",0.5306122448979592,0.7761194029850746,0.6303030303030303,0.6486557496840655,6
"['V4', 'V14', 'V8', 'V2']",0.5306122448979592,0.6666666666666666,0.5909090909090909,0.6529999845058894,4
"['V5', 'V20', 'V2', 'V12']",0.5306122448979592,0.7761194029850746,0.6303030303030303,0.5590508180905106,4
"['V8', 'V17', 'V19', 'V20', 'V2', 'V12']",0.5306122448979592,0.7761194029850746,0.6303030303030303,0.6365512138163104,6
"['V10', 'V16', 'V5']",0.5306122448979592,0.7761194029850746,0.6303030303030303,0.6444295229510619,3
"['V4', 'V10', 'V8', 'V17']",0.5306122448979592,0.7536231884057971,0.6227544910179641,0.6399443668123219,4
"['V16', 'V8', 'V5', 'V12']",0.5306122448979592,0.7878787878787878,0.6341463414634146,0.6531458025053977,4
"['V5', 'V17', 'V21', 'V19', 'V12']",0.5306122448979592,0.7878787878787878,0.6341463414634146,0.6391411644188802,5
"['V10', 'V16', 'V5', 'V2']",0.5306122448979592,0.7761194029850746,0.6303030303030303,0.6527111556392255,4
"['V8', 'V17', 'V21', 'V2', 'V12']",0.5306122448979592,0.7761194029850746,0.6303030303030303,0.6440170591881276,5
"['V10', 'V16', 'V5', 'V20']",0.5306122448979592,0.8125,0.6419753086419753,0.6540494705765016,4
"['V5', 'V17', 'V20', 'V2', 'V12']",0.5306122448979592,0.7878787878787878,0.6341463414634146,0.6294871919738373,5
"['V5', 'V21', 'V19', 'V2', 'V12']",0.5306122448979592,0.7878787878787878,0.6341463414634146,0.5562192592629219,5
"['V10', 'V16', 'V5', 'V19']",0.5306122448979592,0.7761194029850746,0.6303030303030303,0.6436242575521198,4
"['V16', 'V8', 'V20', 'V12']",0.5306122448979592,0.7878787878787878,0.6341463414634146,0.6493383934044608,4
"['V16', 'V8', 'V12']",0.5306122448979592,0.7878787878787878,0.6341463414634146,0.6495590383013422,3
"['V8', 'V5', 'V21', 'V19', 'V2', 'V12']",0.5306122448979592,0.7878787878787878,0.6341463414634146,0.5592614639544013,6
"['V4', 'V14', 'V5', 'V20']",0.5306122448979592,0.6666666666666666,0.5909090909090909,0.649099400502899,4
"['V4', 'V10', 'V5', 'V20', 'V2']",0.5306122448979592,0.7428571428571429,0.6190476190476191,0.6563705765553335,5
"['V5', 'V21', 'V20', 'V2', 'V12']",0.5306122448979592,0.7878787878787878,0.6341463414634146,0.5618080388549046,5
"['V16', 'V5', 'V2', 'V12']",0.5306122448979592,0.8,0.6380368098159509,0.6363710025752347,4
"['V4', 'V14', 'V20', 'V2']",0.5306122448979592,0.6582278481012658,0.5875706214689266,0.644478660623071,4
"['V4', 'V14', 'V5', 'V2']",0.5306122448979592,0.6582278481012658,0.5875706214689266,0.6466315029584716,4
"['V4', 'V10', 'V5', 'V20']",0.5306122448979592,0.7536231884057971,0.6227544910179641,0.6485480782083768,4
"['V8', 'V17', 'V21', 'V19', 'V2', 'V12']",0.5306122448979592,0.7761194029850746,0.6303030303030303,0.6370609598056852,6
"['V16', 'V5', 'V20', 'V12']",0.5306122448979592,0.7878787878787878,0.6341463414634146,0.6462949670856984,4
"['V16', 'V17', 'V21', 'V19', 'V20', 'V12']",0.5306122448979592,0.7761194029850746,0.6303030303030303,0.6486559599221934,6
"['V4', 'V10', 'V2', 'V12']",0.5306122448979592,0.7761194029850746,0.6303030303030303,0.6877962230010093,4
"['V16', 'V5', 'V21', 'V20', 'V2', 'V12']",0.5306122448979592,0.7878787878787878,0.6341463414634146,0.6417546944183333,6
"['V4', 'V8', 'V21', 'V2', 'V12']",0.5306122448979592,0.7761194029850746,0.6303030303030303,0.5857036006364491,5
"['V10', 'V5', 'V21', 'V2']",0.5306122448979592,0.8,0.6380368098159509,0.6438234790306413,4
"['V4', 'V8', 'V21', 'V19', 'V20', 'V2', 'V12']",0.5306122448979592,0.7761194029850746,0.6303030303030303,0.5902703381940243,7
"['V4', 'V10', 'V17', 'V21', 'V12']",0.5306122448979592,0.7647058823529411,0.6265060240963856,0.6882813071249064,5
"['V4', 'V5', 'V17', 'V19', 'V12']",0.5306122448979592,0.7647058823529411,0.6265060240963856,0.621310044368746,5
"['V4', 'V10', 'V17', 'V19', 'V20']",0.5306122448979592,0.7647058823529411,0.6265060240963856,0.647345533883206,5
"['V4', 'V10', 'V17', 'V19', 'V2']",0.5306122448979592,0.7878787878787878,0.6341463414634146,0.662900327119643,5
"['V5', 'V2', 'V12']",0.5306122448979592,0.7761194029850746,0.6303030303030303,0.5588024754102983,3
"['V4', 'V10', 'V17', 'V20', 'V2']",0.5306122448979592,0.7878787878787878,0.6341463414634146,0.6645521317538886,5
"['V4', 'V5', 'V17', 'V20', 'V12']",0.5306122448979592,0.7647058823529411,0.6265060240963856,0.62624840988374,5
"['V16', 'V20', 'V12']",0.5306122448979592,0.7878787878787878,0.6341463414634146,0.646687400572591,3
"['V8', 'V5', 'V17', 'V21', 'V20', 'V2', 'V12']",0.5306122448979592,0.7878787878787878,0.6341463414634146,0.6413310177609756,7
"['V4', 'V14', 'V8', 'V5', 'V21', 'V20']",0.5306122448979592,0.6666666666666666,0.5909090909090909,0.6704261796727056,6
"['V4', 'V14', 'V8', 'V5']",0.5306122448979592,0.6419753086419753,0.5810055865921788,0.6497375650690924,4
"['V10', 'V8', 'V5', 'V17']",0.5306122448979592,0.8,0.6380368098159509,0.6396437496615102,4
"['V4', 'V10', 'V21', 'V2', 'V12']",0.5306122448979592,0.7878787878787878,0.6341463414634146,0.6929260344715146,5
"['V16', 'V17', 'V21', 'V20', 'V2', 'V12']",0.5306122448979592,0.7761194029850746,0.6303030303030303,0.6488758190114855,6
"['V8', 'V5', 'V21', 'V19', 'V20', 'V2', 'V12']",0.5306122448979592,0.7878787878787878,0.6341463414634146,0.5590333846647318,7
"['V16', 'V17', 'V21', 'V12']",0.5306122448979592,0.7761194029850746,0.6303030303030303,0.6565347145501782,4
"['V4', 'V14', 'V8', 'V5', 'V20', 'V2']",0.5306122448979592,0.6666666666666666,0.5909090909090909,0.6553832095562154,6
"['V4', 'V10', 'V17', 'V2']",0.5306122448979592,0.7878787878787878,0.6341463414634146,0.6637141162426575,4
"['V4', 'V10', 'V17', 'V20']",0.5306122448979592,0.7647058823529411,0.6265060240963856,0.6479296468246019,4
"['V8', 'V17', 'V21', 'V19', 'V20', 'V2', 'V12']",0.5306122448979592,0.7761194029850746,0.6303030303030303,0.6418271826406741,7
"['V4', 'V10', 'V17', 'V19']",0.5306122448979592,0.7536231884057971,0.6227544910179641,0.6417241092723371,4
"['V10', 'V5', 'V21', 'V19', 'V20', 'V2']",0.5306122448979592,0.8,0.6380368098159509,0.6564756957294616,6
"['V8', 'V5', 'V17', 'V19', 'V2', 'V12']",0.5306122448979592,0.7878787878787878,0.6341463414634146,0.6356802566519948,6
"['V4', 'V14', 'V8']",0.5204081632653061,0.6455696202531646,0.576271186440678,0.6446488855712357,3
"['V14', 'V8', 'V5', 'V20']",0.5204081632653061,0.75,0.6144578313253012,0.6336366113466073,4
"['V16', 'V17', 'V12']",0.5204081632653061,0.7727272727272727,0.6219512195121951,0.6576993865233192,3
"['V4', 'V14', 'V5', 'V19']",0.5204081632653061,0.6375,0.5730337078651685,0.6549667036313569,4
"['V4', 'V16', 'V8', 'V5', 'V17', 'V21', 'V19', 'V20']",0.5204081632653061,0.7846153846153846,0.6257668711656442,0.651103704269422,8
"['V14', 'V8', 'V20', 'V2']",0.5204081632653061,0.6623376623376623,0.5828571428571429,0.6199480650561604,4
"['V4', 'V10', 'V8', 'V17', 'V21', 'V19', 'V20', 'V2']",0.5204081632653061,0.7846153846153846,0.6257668711656442,0.6856873931463945,8
"['V4', 'V14', 'V8', 'V21']",0.5204081632653061,0.6538461538461539,0.5795454545454546,0.6612013295247406,4
"['V14', 'V8', 'V5', 'V2']",0.5204081632653061,0.7183098591549296,0.6035502958579881,0.635160341049527,4
"['V4', 'V14', 'V8', 'V5', 'V19']",0.5204081632653061,0.6375,0.5730337078651685,0.6565935185559113,5
"['V16', 'V17', 'V19', 'V12']",0.5204081632653061,0.7727272727272727,0.6219512195121951,0.6500962619180924,4
"['V4', 'V16', 'V8', 'V17']",0.5204081632653061,0.7727272727272727,0.6219512195121951,0.6493049283721218,4
"['V16', 'V21', 'V19', 'V12']",0.5204081632653061,0.7846153846153846,0.6257668711656442,0.637228850811297,4
"['V4', 'V8', 'V5', 'V21', 'V19', 'V20', 'V2', 'V12']",0.5204081632653061,0.7846153846153846,0.6257668711656442,0.5845847084706497,8
"['V4', 'V21', 'V12']",0.5204081632653061,0.7727272727272727,0.6219512195121951,0.5830940805265734,3
"['V17', 'V21', 'V20', 'V12']",0.5204081632653061,0.7727272727272727,0.6219512195121951,0.6404140482284628,4
"['V17', 'V21', 'V2', 'V12']",0.5204081632653061,0.7727272727272727,0.6219512195121951,0.6327423434155849,4
"['V4', 'V10', 'V5', 'V2']",0.5204081632653061,0.7611940298507462,0.6181818181818182,0.6396917459857367,4
"['V4', 'V21', 'V2', 'V12']",0.5204081632653061,0.7727272727272727,0.6219512195121951,0.579213352652217,4
"['V4', 'V21', 'V20', 'V12']",0.5204081632653061,0.7727272727272727,0.6219512195121951,0.5808308085984017,4
"['V4', 'V21', 'V19', 'V12']",0.5204081632653061,0.7727272727272727,0.6219512195121951,0.5828121800341513,4
"['V4', 'V10', 'V21', 'V20']",0.5204081632653061,0.75,0.6144578313253012,0.6591991993403798,4
"['V4', 'V17', 'V20', 'V12']",0.5204081632653061,0.7727272727272727,0.6219512195121951,0.6267604530899854,4
"['V4', 'V17', 'V19', 'V12']",0.5204081632653061,0.7727272727272727,0.6219512195121951,0.6218914854066769,4
"['V8', 'V5', 'V17', 'V21', 'V19', 'V2', 'V12']",0.5204081632653061,0.7846153846153846,0.6257668711656442,0.6332646972378749,7
"['V8', 'V5', 'V17', 'V21', 'V19', 'V20', 'V12']",0.5204081632653061,0.7846153846153846,0.6257668711656442,0.6487279891646407,7
"['V4', 'V8', 'V2', 'V12']",0.5204081632653061,0.7727272727272727,0.6219512195121951,0.587330212055465,4
"['V4', 'V16', 'V8', 'V2']",0.5204081632653061,0.7846153846153846,0.6257668711656442,0.6164417211718886,4
"['V16', 'V17', 'V21', 'V19', 'V20', 'V2', 'V12']",0.5204081632653061,0.7727272727272727,0.6219512195121951,0.643246049311151,7
"['V14', 'V21', 'V19']",0.5204081632653061,0.7391304347826086,0.6107784431137725,0.6495669386610763,3
"['V14', 'V21', 'V19', 'V20']",0.5204081632653061,0.75,0.6144578313253012,0.6487342786704967,4
"['V17', 'V21', 'V19', 'V12']",0.5204081632653061,0.7727272727272727,0.6219512195121951,0.6301952162030722,4
"['V5', 'V19', 'V2', 'V12']",0.5204081632653061,0.7727272727272727,0.6219512195121951,0.5590865345404099,4
"['V4', 'V14', 'V21', 'V2']",0.5204081632653061,0.6623376623376623,0.5828571428571429,0.658203348878659,4
"['V4', 'V10', 'V17']",0.5204081632653061,0.75,0.6144578313253012,0.6412973511274179,3
"['V4', 'V14', 'V5']",0.5204081632653061,0.6375,0.5730337078651685,0.648680523241794,3
"['V16', 'V21', 'V20', 'V12']",0.5204081632653061,0.7846153846153846,0.6257668711656442,0.6477782401861043,4
"['V8', 'V5', 'V17', 'V21', 'V19', 'V20', 'V2', 'V12']",0.5204081632653061,0.7846153846153846,0.6257668711656442,0.6330840845131305,8
"['V16', 'V19', 'V2', 'V12']",0.5204081632653061,0.7727272727272727,0.6219512195121951,0.6331513127904375,4
"['V8', 'V17', 'V21', 'V12']",0.5204081632653061,0.7846153846153846,0.6257668711656442,0.6465478719576335,4
"['V10', 'V19', 'V12']",0.5204081632653061,0.7846153846153846,0.6257668711656442,0.6840693229940276,3
"['V8', 'V17', 'V19', 'V12']",0.5204081632653061,0.7846153846153846,0.6257668711656442,0.6416047736290701,4
"['V4', 'V14', 'V21']",0.5204081632653061,0.6623376623376623,0.5828571428571429,0.6627249723933369,3
"['V8', 'V17', 'V20', 'V12']",0.5204081632653061,0.7846153846153846,0.6257668711656442,0.6533575403432372,4
"['V8', 'V21', 'V2', 'V12']",0.5204081632653061,0.7727272727272727,0.6219512195121951,0.5659270140188717,4
"['V4', 'V14', 'V19']",0.5204081632653061,0.6455696202531646,0.576271186440678,0.6511081709649558,3
"['V4', 'V16', 'V5', 'V17', 'V21', 'V19', 'V20', 'V2']",0.5204081632653061,0.7727272727272727,0.6219512195121951,0.6215254558182621,8
"['V4', 'V14', 'V20']",0.5204081632653061,0.6623376623376623,0.5828571428571429,0.644068746721739,3
"['V8', 'V19', 'V2', 'V12']",0.5204081632653061,0.7727272727272727,0.6219512195121951,0.5695281630934139,4
"['V8', 'V20', 'V2', 'V12']",0.5204081632653061,0.7727272727272727,0.6219512195121951,0.5684126498400919,4
"['V5', 'V17', 'V21', 'V12']",0.5204081632653061,0.7846153846153846,0.6257668711656442,0.6478332490270989,4
"['V5', 'V17', 'V2', 'V12']",0.5204081632653061,0.7846153846153846,0.6257668711656442,0.6301643427746378,4
"['V17', 'V21', 'V12']",0.5204081632653061,0.7727272727272727,0.6219512195121951,0.6401174806274852,3
"['V4', 'V21', 'V19', 'V20', 'V2', 'V12']",0.5204081632653061,0.7727272727272727,0.6219512195121951,0.5780593238575046,6
"['V5', 'V21', 'V19', 'V20', 'V2', 'V12']",0.5204081632653061,0.7727272727272727,0.6219512195121951,0.5612802549975369,6
"['V4', 'V16', 'V8', 'V21', 'V2']",0.5204081632653061,0.7846153846153846,0.6257668711656442,0.6169071455884404,5
"['V16', 'V19', 'V20', 'V2', 'V12']",0.5204081632653061,0.7727272727272727,0.6219512195121951,0.6334678885335207,5
"['V4', 'V14', 'V8', 'V21', 'V20']",0.5204081632653061,0.6710526315789473,0.5862068965517241,0.6612346387879116,5
"['V8', 'V17', 'V21', 'V19', 'V12']",0.5204081632653061,0.7846153846153846,0.6257668711656442,0.6394358057820109,5
"['V8', 'V17', 'V21', 'V20', 'V12']",0.5204081632653061,0.7846153846153846,0.6257668711656442,0.6504707764853286,5
"['V8', 'V17', 'V19', 'V20', 'V12']",0.5204081632653061,0.7846153846153846,0.6257668711656442,0.6480250563249456,5
"['V8', 'V17', 'V20', 'V2', 'V12']",0.5204081632653061,0.7727272727272727,0.6219512195121951,0.6422029242108008,5
"['V8', 'V21', 'V19', 'V2', 'V12']",0.5204081632653061,0.7727272727272727,0.6219512195121951,0.5677606736358759,5
"['V8', 'V19', 'V20', 'V2', 'V12']",0.5204081632653061,0.7727272727272727,0.6219512195121951,0.5699113541844927,5
"['V4', 'V16', 'V17', 'V21', 'V20']",0.5204081632653061,0.7727272727272727,0.6219512195121951,0.6359863364745453,5
"['V5', 'V17', 'V21', 'V20', 'V12']",0.5204081632653061,0.7846153846153846,0.6257668711656442,0.6484642103638297,5
"['V5', 'V17', 'V19', 'V2', 'V12']",0.5204081632653061,0.7846153846153846,0.6257668711656442,0.6241542560875234,5
"['V5', 'V19', 'V20', 'V2', 'V12']",0.5204081632653061,0.7727272727272727,0.6219512195121951,0.5595562783661373,5
"['V17', 'V21', 'V19', 'V20', 'V12']",0.5204081632653061,0.7727272727272727,0.6219512195121951,0.6315939405391865,5
"['V17', 'V21', 'V20', 'V2', 'V12']",0.5204081632653061,0.7727272727272727,0.6219512195121951,0.6337103235827901,5
"['V4', 'V5', 'V21', 'V19', 'V12']",0.5204081632653061,0.7846153846153846,0.6257668711656442,0.5831976243574493,5
"['V5', 'V17', 'V19', 'V20', 'V2', 'V12']",0.5204081632653061,0.7846153846153846,0.6257668711656442,0.6257944284223448,6
"['V5', 'V17', 'V21', 'V19', 'V20', 'V12']",0.5204081632653061,0.7846153846153846,0.6257668711656442,0.6396545600800565,6
"['V8', 'V17', 'V21', 'V19', 'V20', 'V12']",0.5204081632653061,0.7846153846153846,0.6257668711656442,0.6450332020184324,6
"['V8', 'V5', 'V17', 'V21', 'V2', 'V12']",0.5204081632653061,0.7846153846153846,0.6257668711656442,0.6417068841571383,6
"['V16', 'V17', 'V19', 'V20', 'V2', 'V12']",0.5204081632653061,0.7727272727272727,0.6219512195121951,0.6481551540865016,6
"['V16', 'V17', 'V21', 'V19', 'V2', 'V12']",0.5204081632653061,0.7727272727272727,0.6219512195121951,0.6452649414649348,6
"['V10', 'V5', 'V17', 'V21', 'V20', 'V2']",0.5204081632653061,0.796875,0.6296296296296297,0.6636474204154079,6
"['V10', 'V5', 'V17', 'V21', 'V19', 'V2']",0.5204081632653061,0.796875,0.6296296296296297,0.6634405346536761,6
"['V10', 'V16', 'V21', 'V19', 'V20', 'V2']",0.5204081632653061,0.796875,0.6296296296296297,0.6512453976979268,6
"['V10', 'V16', 'V17', 'V21', 'V19', 'V2']",0.5204081632653061,0.796875,0.6296296296296297,0.6505201191122723,6
"['V16', 'V17', 'V19', 'V20', 'V12']",0.5204081632653061,0.7727272727272727,0.6219512195121951,0.6499380832680861,5
"['V16', 'V17', 'V21', 'V20', 'V12']",0.5204081632653061,0.7727272727272727,0.6219512195121951,0.655813778460995,5
"['V10', 'V5', 'V21', 'V20', 'V2']",0.5204081632653061,0.796875,0.6296296296296297,0.6443417611655523,5
"['V4', 'V16', 'V5', 'V17', 'V19', 'V20', 'V2']",0.5204081632653061,0.7727272727272727,0.6219512195121951,0.6199092037967534,7
"['V4', 'V5', 'V21', 'V2', 'V12']",0.5204081632653061,0.7727272727272727,0.6219512195121951,0.576815416510369,5
"['V4', 'V21', 'V19', 'V20', 'V12']",0.5204081632653061,0.7727272727272727,0.6219512195121951,0.5799744250584771,5
"['V4', 'V21', 'V19', 'V2', 'V12']",0.5204081632653061,0.7727272727272727,0.6219512195121951,0.577875361794581,5
"['V4', 'V21', 'V20', 'V2', 'V12']",0.5204081632653061,0.7727272727272727,0.6219512195121951,0.5786666909803252,5
"['V4', 'V8', 'V19', 'V2', 'V12']",0.5204081632653061,0.7727272727272727,0.6219512195121951,0.5866836547227108,5
"['V4', 'V5', 'V21', 'V19', 'V20', 'V2', 'V12']",0.5204081632653061,0.7727272727272727,0.6219512195121951,0.5766410582988394,7
"['V4', 'V8', 'V5', 'V19', 'V20', 'V2', 'V12']",0.5204081632653061,0.7846153846153846,0.6257668711656442,0.585557044780542,7
"['V4', 'V8', 'V5', 'V21', 'V20', 'V2', 'V12']",0.5204081632653061,0.7846153846153846,0.6257668711656442,0.5848862842194517,7
"['V4', 'V8', 'V5', 'V21', 'V19', 'V2', 'V12']",0.5204081632653061,0.7846153846153846,0.6257668711656442,0.580588306876607,7
"['V4', 'V8', 'V5', 'V21', 'V19', 'V20', 'V12']",0.5204081632653061,0.7846153846153846,0.6257668711656442,0.5802319488616092,7
"['V4', 'V8', 'V21', 'V19', 'V12']",0.5204081632653061,0.7846153846153846,0.6257668711656442,0.5832829115576025,5
"['V4', 'V16', 'V5', 'V17', 'V21', 'V19', 'V2']",0.5204081632653061,0.7727272727272727,0.6219512195121951,0.6189227161769588,7
"['V10', 'V5', 'V17', 'V21', 'V2']",0.5204081632653061,0.796875,0.6296296296296297,0.6643841569029642,5
"['V4', 'V16', 'V8', 'V17', 'V21', 'V19', 'V20']",0.5204081632653061,0.7846153846153846,0.6257668711656442,0.6490871511287436,7
"['V4', 'V16', 'V8', 'V5', 'V17', 'V19', 'V20']",0.5204081632653061,0.7846153846153846,0.6257668711656442,0.6460673447296589,7
"['V4', 'V16', 'V8', 'V5', 'V17', 'V21', 'V20']",0.5204081632653061,0.7727272727272727,0.6219512195121951,0.6547284379330607,7
"['V4', 'V10', 'V8', 'V17', 'V21', 'V19', 'V20']",0.5204081632653061,0.75,0.6144578313253012,0.6627893733811846,7
"['V14', 'V8', 'V5', 'V19', 'V20']",0.5204081632653061,0.7727272727272727,0.6219512195121951,0.6513080029840242,5
"['V14', 'V8', 'V5', 'V19', 'V2']",0.5204081632653061,0.7727272727272727,0.6219512195121951,0.6532848836271667,5
"['V14', 'V8', 'V5', 'V20', 'V2']",0.5204081632653061,0.7083333333333334,0.6,0.6357628233698109,5
"['V4', 'V8', 'V5', 'V2', 'V12']",0.5204081632653061,0.7846153846153846,0.6257668711656442,0.5841113876664388,5
"['V10', 'V8', 'V5', 'V21', 'V19']",0.5204081632653061,0.796875,0.6296296296296297,0.6389900214224904,5
"['V10', 'V8', 'V5', 'V21', 'V20']",0.5204081632653061,0.8095238095238095,0.6335403726708074,0.6435003530592395,5
"['V4', 'V8', 'V5', 'V21', 'V12']",0.5204081632653061,0.7846153846153846,0.6257668711656442,0.5811688728789479,5
"['V10', 'V16', 'V8', 'V17', 'V21', 'V19']",0.5204081632653061,0.7846153846153846,0.6257668711656442,0.6392504050087011,6
"['V4', 'V5', 'V21', 'V20', 'V12']",0.5204081632653061,0.7846153846153846,0.6257668711656442,0.5785407832601578,5
"['V4', 'V16', 'V8', 'V17', 'V21', 'V2']",0.5204081632653061,0.7727272727272727,0.6219512195121951,0.6422605149969578,6
"['V4', 'V8', 'V5', 'V19', 'V2', 'V12']",0.5204081632653061,0.7846153846153846,0.6257668711656442,0.5845716497575891,6
"['V10', 'V16', 'V8', 'V17', 'V21', 'V19', 'V20']",0.5204081632653061,0.7846153846153846,0.6257668711656442,0.6448534854795072,7
"['V4', 'V8', 'V5', 'V21', 'V20', 'V12']",0.5204081632653061,0.7846153846153846,0.6257668711656442,0.5798470096668618,6
"['V4', 'V10', 'V17', 'V21', 'V19', 'V20']",0.5204081632653061,0.75,0.6144578313253012,0.6641986539711846,6
"['V4', 'V8', 'V5', 'V21', 'V19', 'V12']",0.5204081632653061,0.7846153846153846,0.6257668711656442,0.5824067144520954,6
"['V4', 'V10', 'V8', 'V21', 'V20']",0.5204081632653061,0.75,0.6144578313253012,0.6577776148193559,5
"['V4', 'V10', 'V8', 'V5', 'V20']",0.5204081632653061,0.7611940298507462,0.6181818181818182,0.6550971836408712,5
"['V14', 'V8', 'V5', 'V21', 'V19', 'V2']",0.5204081632653061,0.7846153846153846,0.6257668711656442,0.6573251010159118,6
"['V4', 'V10', 'V8', 'V5', 'V2']",0.5204081632653061,0.75,0.6144578313253012,0.6525327315044303,5
"['V4', 'V10', 'V21', 'V19', 'V20']",0.5204081632653061,0.75,0.6144578313253012,0.6598720010111596,5
"['V4', 'V16', 'V17', 'V21', 'V20', 'V2']",0.5204081632653061,0.7846153846153846,0.6257668711656442,0.6317120436421628,6
"['V4', 'V16', 'V8', 'V5', 'V17', 'V20']",0.5204081632653061,0.7727272727272727,0.6219512195121951,0.6482711366367718,6
"['V4', 'V10', 'V8', 'V17', 'V20', 'V2']",0.5204081632653061,0.7846153846153846,0.6257668711656442,0.6715564852812723,6
"['V4', 'V16', 'V8', 'V17', 'V20']",0.5204081632653061,0.7727272727272727,0.6219512195121951,0.6490791229296937,5
"['V4', 'V10', 'V8', 'V21', 'V19', 'V20']",0.5204081632653061,0.75,0.6144578313253012,0.6581836899609235,6
"['V4', 'V16', 'V8', 'V17', 'V21']",0.5204081632653061,0.7727272727272727,0.6219512195121951,0.6543211144705398,5
"['V4', 'V16', 'V8', 'V5', 'V17']",0.5204081632653061,0.7846153846153846,0.6257668711656442,0.6484035038699422,5
"['V4', 'V16', 'V8', 'V5', 'V17', 'V21']",0.5204081632653061,0.7727272727272727,0.6219512195121951,0.6542217644209893,6
"['V4', 'V8', 'V5', 'V21', 'V2', 'V12']",0.5204081632653061,0.7846153846153846,0.6257668711656442,0.5803917966679905,6
"['V4', 'V10', 'V5', 'V19', 'V20', 'V2']",0.5204081632653061,0.7611940298507462,0.6181818181818182,0.6613537700905058,6
"['V4', 'V8', 'V5', 'V20', 'V2', 'V12']",0.5204081632653061,0.7846153846153846,0.6257668711656442,0.5861651814241896,6
"['V14', 'V8', 'V5', 'V19', 'V20', 'V2']",0.5204081632653061,0.7727272727272727,0.6219512195121951,0.6512121867607115,6
"['V4', 'V10', 'V8', 'V5', 'V19', 'V2']",0.5204081632653061,0.7846153846153846,0.6257668711656442,0.6581636491700584,6
"['V4', 'V5', 'V21', 'V20', 'V2', 'V12']",0.5204081632653061,0.7727272727272727,0.6219512195121951,0.5768348316167765,6
"['V4', 'V10', 'V5', 'V19', 'V2']",0.5204081632653061,0.7611940298507462,0.6181818181818182,0.6499763060587598,5
"['V4', 'V16', 'V8', 'V17', 'V21', 'V20']",0.5204081632653061,0.7727272727272727,0.6219512195121951,0.655656310469634,6
"['V4', 'V10', 'V17', 'V21', 'V20']",0.5204081632653061,0.75,0.6144578313253012,0.6642716911609522,5
"['V4', 'V14', 'V5', 'V21', 'V2']",0.5204081632653061,0.6623376623376623,0.5828571428571429,0.6628245708080269,5
"['V4', 'V5', 'V21', 'V19', 'V2', 'V12']",0.5204081632653061,0.7727272727272727,0.6219512195121951,0.5771618934256284,6
"['V10', 'V16', 'V17', 'V21', 'V19', 'V20', 'V2']",0.5204081632653061,0.796875,0.6296296296296297,0.6481151631634616,7
"['V4', 'V5', 'V21', 'V19', 'V20', 'V12']",0.5204081632653061,0.7846153846153846,0.6257668711656442,0.5791186749868252,6
"['V4', 'V10', 'V8', 'V17', 'V21', 'V20']",0.5204081632653061,0.75,0.6144578313253012,0.6629302082280808,6
"['V4', 'V8', 'V21', 'V19', 'V20', 'V12']",0.5204081632653061,0.7846153846153846,0.6257668711656442,0.581283848505849,6
"['V4', 'V14', 'V21', 'V20', 'V2']",0.5204081632653061,0.6623376623376623,0.5828571428571429,0.6550027754109855,5
"['V4', 'V10', 'V8', 'V5', 'V19', 'V20']",0.5204081632653061,0.7611940298507462,0.6181818181818182,0.6572615454352492,6
"['V4', 'V16', 'V5', 'V17', 'V19', 'V2']",0.5204081632653061,0.7727272727272727,0.6219512195121951,0.6221872080568013,6
"['V10', 'V16', 'V21', 'V20', 'V2']",0.5102040816326531,0.7936507936507936,0.6211180124223602,0.6510360649936346,5
"['V10', 'V16', 'V8', 'V17', 'V2']",0.5102040816326531,0.78125,0.6172839506172839,0.6400551951530545,5
"['V4', 'V16', 'V8', 'V5', 'V21', 'V19', 'V20', 'V2']",0.5102040816326531,0.78125,0.6172839506172839,0.6083859900506261,8
"['V10', 'V8', 'V5', 'V21', 'V2']",0.5102040816326531,0.7936507936507936,0.6211180124223602,0.64539535813792,5
"['V10', 'V16', 'V8', 'V17', 'V21']",0.5102040816326531,0.78125,0.6172839506172839,0.6403820808107528,5
"['V10', 'V17', 'V21', 'V20', 'V2']",0.5102040816326531,0.78125,0.6172839506172839,0.642552682762956,5
"['V14', 'V8', 'V5', 'V21']",0.5102040816326531,0.704225352112676,0.591715976331361,0.645723288714201,4
"['V10', 'V17', 'V21', 'V19', 'V2']",0.5102040816326531,0.78125,0.6172839506172839,0.6391871028693458,5
"['V10', 'V16', 'V8', 'V21', 'V20']",0.5102040816326531,0.78125,0.6172839506172839,0.6471905995738625,5
"['V10', 'V16', 'V21', 'V19', 'V2']",0.5102040816326531,0.7936507936507936,0.6211180124223602,0.6516106066307165,5
"['V10', 'V16', 'V8', 'V21', 'V2']",0.5102040816326531,0.7936507936507936,0.6211180124223602,0.6482699491260345,5
"['V10', 'V16', 'V8', 'V19', 'V20']",0.5102040816326531,0.7936507936507936,0.6211180124223602,0.6342664576238941,5
"['V10', 'V16', 'V8', 'V20', 'V2']",0.5102040816326531,0.7936507936507936,0.6211180124223602,0.6436489971925963,5
"['V10', 'V8', 'V17', 'V21', 'V2']",0.5102040816326531,0.78125,0.6172839506172839,0.6387295057755813,5
"['V4', 'V16', 'V8', 'V21', 'V20', 'V2']",0.5102040816326531,0.7692307692307693,0.6134969325153374,0.6168488116803255,6
"['V10', 'V16', 'V17', 'V21', 'V2']",0.5102040816326531,0.7936507936507936,0.6211180124223602,0.6528765186422792,5
"['V4', 'V16', 'V5', 'V21', 'V20', 'V2']",0.5102040816326531,0.7692307692307693,0.6134969325153374,0.6002964816056029,6
"['V10', 'V16', 'V17', 'V20', 'V2']",0.5102040816326531,0.7936507936507936,0.6211180124223602,0.6448125503693961,5
"['V4', 'V16', 'V5', 'V21', 'V19', 'V2']",0.5102040816326531,0.7692307692307693,0.6134969325153374,0.5965699468772595,6
"['V14', 'V8', 'V21', 'V19', 'V20', 'V2']",0.5102040816326531,0.7352941176470589,0.6024096385542169,0.648060552286383,6
"['V14', 'V21', 'V19', 'V20', 'V2']",0.5102040816326531,0.746268656716418,0.6060606060606061,0.6461984729830326,5
"['V4', 'V16', 'V8', 'V5', 'V21', 'V20', 'V2']",0.5102040816326531,0.78125,0.6172839506172839,0.6160527564927457,7
"['V10', 'V16', 'V21', 'V2']",0.5102040816326531,0.7936507936507936,0.6211180124223602,0.6522346976327084,4
"['V10', 'V16', 'V17', 'V2']",0.5102040816326531,0.7692307692307693,0.6134969325153374,0.636344738495159,4
"['V10', 'V16', 'V17', 'V20']",0.5102040816326531,0.7936507936507936,0.6211180124223602,0.6414400916560377,4
"['V4', 'V17', 'V19', 'V20', 'V12']",0.5102040816326531,0.7692307692307693,0.6134969325153374,0.6242061934262367,5
"['V10', 'V16', 'V8', 'V2']",0.5102040816326531,0.78125,0.6172839506172839,0.6366987170639974,4
"['V14', 'V19', 'V20', 'V2']",0.5102040816326531,0.746268656716418,0.6060606060606061,0.6427926331101661,4
"['V14', 'V21', 'V20', 'V2']",0.5102040816326531,0.6578947368421053,0.5747126436781609,0.6252105471975923,4
"['V14', 'V21', 'V19', 'V2']",0.5102040816326531,0.746268656716418,0.6060606060606061,0.6438199625617075,4
"['V4', 'V8', 'V5', 'V19', 'V20', 'V12']",0.5102040816326531,0.7692307692307693,0.6134969325153374,0.5800272930454142,6
"['V4', 'V16', 'V17', 'V21', 'V19', 'V20', 'V2']",0.5102040816326531,0.78125,0.6172839506172839,0.6303342822772346,7
"['V4', 'V16', 'V5', 'V21', 'V19', 'V20', 'V2']",0.5102040816326531,0.78125,0.6172839506172839,0.5971054657274545,7
"['V4', 'V16', 'V5', 'V17', 'V21', 'V19', 'V20']",0.5102040816326531,0.78125,0.6172839506172839,0.6304065663840795,7
"['V4', 'V16', 'V8', 'V5', 'V19', 'V20', 'V2']",0.5102040816326531,0.78125,0.6172839506172839,0.610587402786165,7
"['V14', 'V5', 'V21', 'V19']",0.5102040816326531,0.78125,0.6172839506172839,0.6575431849224349,4
"['V14', 'V8', 'V21', 'V20', 'V2']",0.5102040816326531,0.6578947368421053,0.5747126436781609,0.6235633284665474,5
"['V4', 'V16', 'V8', 'V5', 'V21', 'V19', 'V2']",0.5102040816326531,0.78125,0.6172839506172839,0.6088406020790188,7
"['V4', 'V16', 'V17', 'V19', 'V20', 'V2']",0.5102040816326531,0.78125,0.6172839506172839,0.6338044612613614,6
"['V4', 'V16', 'V8', 'V5', 'V17', 'V21', 'V19']",0.5102040816326531,0.78125,0.6172839506172839,0.65219124799369,7
"['V14', 'V8', 'V5', 'V21', 'V19']",0.5102040816326531,0.7692307692307693,0.6134969325153374,0.660470280224426,5
"['V14', 'V8', 'V19', 'V2']",0.5102040816326531,0.7352941176470589,0.6024096385542169,0.6482584147990215,4
"['V14', 'V8', 'V5', 'V21', 'V2']",0.5102040816326531,0.7142857142857143,0.5952380952380952,0.6406312602562132,5
"['V4', 'V16', 'V17', 'V21', 'V19', 'V2']",0.5102040816326531,0.78125,0.6172839506172839,0.6368206311390444,6
"['V16', 'V8', 'V5', 'V17', 'V19']",0.5102040816326531,0.8064516129032258,0.625,0.6370477705795413,5
"['V4', 'V16', 'V5', 'V19', 'V20', 'V2']",0.5102040816326531,0.7936507936507936,0.6211180124223602,0.5959511280713858,6
"['V14', 'V8', 'V21', 'V2']",0.5102040816326531,0.684931506849315,0.5847953216374269,0.6176660697509178,4
"['V14', 'V8', 'V21', 'V19', 'V20']",0.5102040816326531,0.746268656716418,0.6060606060606061,0.6526970097100117,5
"['V14', 'V8', 'V21', 'V19', 'V2']",0.5102040816326531,0.7575757575757576,0.6097560975609756,0.6495685332003546,5
"['V14', 'V8', 'V21', 'V19']",0.5102040816326531,0.7352941176470589,0.6024096385542169,0.6510962747109618,4
"['V4', 'V16', 'V17', 'V21', 'V19', 'V20']",0.5102040816326531,0.78125,0.6172839506172839,0.6352635616904003,6
"['V4', 'V8', 'V21', 'V12']",0.5102040816326531,0.78125,0.6172839506172839,0.5824119709793548,4
"['V16', 'V8', 'V5', 'V17', 'V20']",0.5102040816326531,0.8064516129032258,0.625,0.6394652928767297,5
"['V8', 'V2', 'V12']",0.5102040816326531,0.7692307692307693,0.6134969325153374,0.5682146471133522,3
"['V4', 'V8', 'V12']",0.5102040816326531,0.7692307692307693,0.6134969325153374,0.5790719509612698,3
"['V14', 'V20', 'V2']",0.5102040816326531,0.6578947368421053,0.5747126436781609,0.6186294245999796,3
"['V10', 'V17', 'V21', 'V19', 'V20', 'V2']",0.5102040816326531,0.78125,0.6172839506172839,0.6387692669564442,6
"['V16', 'V8', 'V5', 'V17', 'V19', 'V20']",0.5102040816326531,0.8064516129032258,0.625,0.6326903123565337,6
"['V8', 'V17', 'V12']",0.5102040816326531,0.78125,0.6172839506172839,0.6515805262892382,3
"['V8', 'V21', 'V12']",0.5102040816326531,0.78125,0.6172839506172839,0.5560669925785525,3
"['V5', 'V21', 'V12']",0.5102040816326531,0.78125,0.6172839506172839,0.5555598777879466,3
"['V8', 'V5', 'V17', 'V21', 'V19', 'V12']",0.5102040816326531,0.78125,0.6172839506172839,0.6471616969674927,6
"['V17', 'V2', 'V12']",0.5102040816326531,0.7692307692307693,0.6134969325153374,0.6403271894525457,3
"['V21', 'V19', 'V12']",0.5102040816326531,0.78125,0.6172839506172839,0.5528651903361195,3
"['V21', 'V20', 'V12']",0.5102040816326531,0.78125,0.6172839506172839,0.5589344918618271,3
"['V21', 'V2', 'V12']",0.5102040816326531,0.7692307692307693,0.6134969325153374,0.5611922190568703,3
"['V19', 'V2', 'V12']",0.5102040816326531,0.7692307692307693,0.6134969325153374,0.5635129002088161,3
"['V20', 'V2', 'V12']",0.5102040816326531,0.7692307692307693,0.6134969325153374,0.5626083526884834,3
"['V14', 'V19', 'V2']",0.5102040816326531,0.746268656716418,0.6060606060606061,0.6407077660882674,3
"['V14', 'V19', 'V20']",0.5102040816326531,0.746268656716418,0.6060606060606061,0.6450618129754436,3
"['V14', 'V21', 'V2']",0.5102040816326531,0.6666666666666666,0.5780346820809249,0.6200997981201969,3
"['V10', 'V8', 'V17', 'V21', 'V20', 'V2']",0.5102040816326531,0.78125,0.6172839506172839,0.6403231373960866,6
"['V10', 'V8', 'V17', 'V21', 'V19', 'V2']",0.5102040816326531,0.78125,0.6172839506172839,0.6395307833062857,6
"['V10', 'V8', 'V5', 'V21', 'V20', 'V2']",0.5102040816326531,0.7936507936507936,0.6211180124223602,0.6463885360198534,6
"['V10', 'V16', 'V17', 'V19', 'V20', 'V2']",0.5102040816326531,0.7936507936507936,0.6211180124223602,0.6413499442457721,6
"['V10', 'V16', 'V17', 'V21', 'V20', 'V2']",0.5102040816326531,0.78125,0.6172839506172839,0.6514005081572087,6
"['V4', 'V10', 'V8', 'V17', 'V21', 'V19']",0.5102040816326531,0.746268656716418,0.6060606060606061,0.6466713002641099,6
"['V4', 'V14', 'V5', 'V21', 'V20', 'V2']",0.5102040816326531,0.6493506493506493,0.5714285714285714,0.6648094838273183,6
"['V14', 'V8', 'V2']",0.5102040816326531,0.6666666666666666,0.5780346820809249,0.6113655145699975,3
"['V14', 'V8', 'V19']",0.5102040816326531,0.7352941176470589,0.6024096385542169,0.643569836851773,3
"['V10', 'V16', 'V8', 'V21', 'V20', 'V2']",0.5102040816326531,0.78125,0.6172839506172839,0.6518418124140462,6
"['V10', 'V16', 'V8', 'V21', 'V19', 'V2']",0.5102040816326531,0.7936507936507936,0.6211180124223602,0.6469061282243616,6
"['V10', 'V16', 'V8', 'V17', 'V20', 'V2']",0.5102040816326531,0.7936507936507936,0.6211180124223602,0.6454599575728084,6
"['V10', 'V16', 'V8', 'V17', 'V21', 'V2']",0.5102040816326531,0.7936507936507936,0.6211180124223602,0.6476896762651398,6
"['V10', 'V16', 'V8', 'V17', 'V21', 'V20']",0.5102040816326531,0.78125,0.6172839506172839,0.6474960256824532,6
"['V14', 'V8', 'V5', 'V21', 'V20', 'V2']",0.5102040816326531,0.7692307692307693,0.6134969325153374,0.640828690439355,6
"['V4', 'V14', 'V5', 'V21']",0.5102040816326531,0.6578947368421053,0.5747126436781609,0.66906073372,4
"['V16', 'V17', 'V19', 'V2', 'V12']",0.5102040816326531,0.7692307692307693,0.6134969325153374,0.647669092557535,5
"['V8', 'V5', 'V17', 'V20', 'V12']",0.5102040816326531,0.78125,0.6172839506172839,0.6566101015433286,5
"['V4', 'V16', 'V8', 'V5', 'V20', 'V2']",0.5102040816326531,0.78125,0.6172839506172839,0.6155429073710588,6
"['V4', 'V16', 'V8', 'V17', 'V21', 'V19']",0.5102040816326531,0.78125,0.6172839506172839,0.6510772844552569,6
"['V8', 'V5', 'V20', 'V2', 'V12']",0.5102040816326531,0.7692307692307693,0.6134969325153374,0.568331215426918,5
"['V8', 'V5', 'V19', 'V2', 'V12']",0.5102040816326531,0.7692307692307693,0.6134969325153374,0.5685290632652669,5
"['V8', 'V5', 'V21', 'V20', 'V12']",0.5102040816326531,0.78125,0.6172839506172839,0.5589595636941915,5
"['V8', 'V5', 'V21', 'V19', 'V12']",0.5102040816326531,0.78125,0.6172839506172839,0.5566086557445665,5
"['V4', 'V16', 'V17', 'V2']",0.5102040816326531,0.78125,0.6172839506172839,0.6346541436885306,4
"['V8', 'V5', 'V17', 'V21', 'V20', 'V12']",0.5102040816326531,0.78125,0.6172839506172839,0.6541142988267109,6
"['V8', 'V5', 'V17', 'V19', 'V12']",0.5102040816326531,0.78125,0.6172839506172839,0.6497907836742401,5
"['V8', 'V5', 'V17', 'V21', 'V12']",0.5102040816326531,0.78125,0.6172839506172839,0.652581736755754,5
"['V4', 'V8', 'V5', 'V12']",0.5102040816326531,0.7692307692307693,0.6134969325153374,0.5778646102064211,4
"['V4', 'V8', 'V19', 'V12']",0.5102040816326531,0.7692307692307693,0.6134969325153374,0.5784827802309478,4
"['V4', 'V8', 'V20', 'V12']",0.5102040816326531,0.78125,0.6172839506172839,0.5801995780763621,4
"['V4', 'V5', 'V21', 'V12']",0.5102040816326531,0.78125,0.6172839506172839,0.5812483436826721,4
"['V4', 'V16', 'V8', 'V5', 'V21', 'V2']",0.5102040816326531,0.78125,0.6172839506172839,0.6167569837906709,6
"['V4', 'V10', 'V8', 'V2']",0.5102040816326531,0.7936507936507936,0.6211180124223602,0.658568713999046,4
"['V10', 'V16', 'V8', 'V17', 'V21', 'V19', 'V20', 'V2']",0.5102040816326531,0.7936507936507936,0.6211180124223602,0.64813520901146,8
"['V8', 'V21', 'V19', 'V20', 'V12']",0.5102040816326531,0.78125,0.6172839506172839,0.5625182906153005,5
"['V8', 'V21', 'V20', 'V2', 'V12']",0.5102040816326531,0.7692307692307693,0.6134969325153374,0.5693849087431571,5
"['V4', 'V16', 'V8', 'V5', 'V17', 'V19']",0.5102040816326531,0.78125,0.6172839506172839,0.6495215156484283,6
"['V5', 'V21', 'V19', 'V20', 'V12']",0.5102040816326531,0.78125,0.6172839506172839,0.5605699073602131,5
"['V4', 'V10', 'V8', 'V21', 'V19', 'V2']",0.5102040816326531,0.78125,0.6172839506172839,0.6772136837962627,6
"['V17', 'V21', 'V19', 'V2', 'V12']",0.5102040816326531,0.7692307692307693,0.6134969325153374,0.6235818538802473,5
"['V21', 'V19', 'V20', 'V2', 'V12']",0.5102040816326531,0.7692307692307693,0.6134969325153374,0.5641803561490953,5
"['V8', 'V21', 'V19', 'V20', 'V2', 'V12']",0.5102040816326531,0.7692307692307693,0.6134969325153374,0.5695827840032014,6
"['V4', 'V10', 'V12']",0.5102040816326531,0.7692307692307693,0.6134969325153374,0.6850909523347232,3
"['V4', 'V14', 'V21', 'V20']",0.5102040816326531,0.6578947368421053,0.5747126436781609,0.6549515566777817,4
"['V8', 'V5', 'V19', 'V20', 'V2', 'V12']",0.5102040816326531,0.7692307692307693,0.6134969325153374,0.5687659502533873,6
"['V8', 'V5', 'V21', 'V19', 'V20', 'V12']",0.5102040816326531,0.78125,0.6172839506172839,0.5642854291664048,6
"['V8', 'V5', 'V17', 'V19', 'V20', 'V12']",0.5102040816326531,0.78125,0.6172839506172839,0.6519399717151324,6
"['V14', 'V8', 'V5', 'V21', 'V19', 'V20']",0.5102040816326531,0.7692307692307693,0.6134969325153374,0.6577200884432055,6
"['V10', 'V8', 'V17', 'V21', 'V19', 'V20', 'V2']",0.5102040816326531,0.78125,0.6172839506172839,0.6367379530056644,7
"['V4', 'V16', 'V5', 'V19', 'V2']",0.5102040816326531,0.78125,0.6172839506172839,0.5957647386547782,5
"['V4', 'V16', 'V8', 'V5', 'V2']",0.5102040816326531,0.78125,0.6172839506172839,0.6156411209592144,5
"['V10', 'V17', 'V21', 'V2']",0.5102040816326531,0.78125,0.6172839506172839,0.6404979105153644,4
"['V4', 'V10', 'V21', 'V19', 'V12']",0.5102040816326531,0.7575757575757576,0.6097560975609756,0.6861600810273224,5
"['V21', 'V20', 'V2', 'V12']",0.5102040816326531,0.7692307692307693,0.6134969325153374,0.5662269226496455,4
"['V4', 'V8', 'V19', 'V20', 'V12']",0.5102040816326531,0.7692307692307693,0.6134969325153374,0.580805415721384,5
"['V8', 'V21', 'V19', 'V12']",0.5102040816326531,0.78125,0.6172839506172839,0.5579383851390562,4
"['V10', 'V5', 'V21', 'V19']",0.5102040816326531,0.7936507936507936,0.6211180124223602,0.6393182835449048,4
"['V4', 'V8', 'V21', 'V20', 'V12']",0.5102040816326531,0.78125,0.6172839506172839,0.5803470776377916,5
"['V4', 'V10', 'V17', 'V21', 'V19']",0.5102040816326531,0.746268656716418,0.6060606060606061,0.6449992342282804,5
"['V21', 'V19', 'V2', 'V12']",0.5102040816326531,0.7692307692307693,0.6134969325153374,0.5612209953002718,4
"['V4', 'V16', 'V5', 'V21', 'V2']",0.5102040816326531,0.7692307692307693,0.6134969325153374,0.6013601459076557,5
"['V10', 'V16', 'V8', 'V21', 'V19', 'V20', 'V2']",0.5102040816326531,0.7936507936507936,0.6211180124223602,0.6492112143165215,7
"['V16', 'V17', 'V20', 'V12']",0.5102040816326531,0.7692307692307693,0.6134969325153374,0.6577736735433376,4
"['V17', 'V20', 'V2', 'V12']",0.5102040816326531,0.7692307692307693,0.6134969325153374,0.6400284333923405,4
"['V14', 'V8', 'V5', 'V21', 'V19', 'V20', 'V2']",0.5102040816326531,0.78125,0.6172839506172839,0.6589040315845685,7
"['V8', 'V5', 'V2', 'V12']",0.5102040816326531,0.7692307692307693,0.6134969325153374,0.5681007886020639,4
"['V4', 'V16', 'V17', 'V20', 'V2']",0.5102040816326531,0.7692307692307693,0.6134969325153374,0.633814752329698,5
"['V4', 'V10', 'V8', 'V5', 'V21']",0.5102040816326531,0.7352941176470589,0.6024096385542169,0.6437634333144503,5
"['V8', 'V5', 'V21', 'V12']",0.5102040816326531,0.78125,0.6172839506172839,0.5560814069156115,4
"['V4', 'V16', 'V17', 'V19', 'V20']",0.5102040816326531,0.78125,0.6172839506172839,0.6388784537961545,5
"['V4', 'V16', 'V17', 'V21', 'V2']",0.5102040816326531,0.78125,0.6172839506172839,0.6314846535967686,5
"['V21', 'V19', 'V20', 'V12']",0.5102040816326531,0.78125,0.6172839506172839,0.5584804071311347,4
"['V4', 'V8', 'V5', 'V20', 'V12']",0.5102040816326531,0.7692307692307693,0.6134969325153374,0.5787759760809471,5
"['V16', 'V8', 'V5', 'V17']",0.5102040816326531,0.8064516129032258,0.625,0.6433660113864906,4
"['V10', 'V16', 'V8', 'V17', 'V21', 'V20', 'V2']",0.5102040816326531,0.78125,0.6172839506172839,0.6508945337585559,7
"['V4', 'V8', 'V5', 'V19', 'V12']",0.5102040816326531,0.7692307692307693,0.6134969325153374,0.5776442112857292,5
"['V8', 'V21', 'V20', 'V12']",0.5102040816326531,0.78125,0.6172839506172839,0.5593939244504774,4
"['V10', 'V5', 'V21', 'V20']",0.5102040816326531,0.8064516129032258,0.625,0.6442528905693871,4
"['V19', 'V20', 'V2', 'V12']",0.5102040816326531,0.7692307692307693,0.6134969325153374,0.5632796334291487,4
"['V4', 'V16', 'V8', 'V17', 'V19']",0.5102040816326531,0.78125,0.6172839506172839,0.6481830231840984,5
"['V5', 'V21', 'V19', 'V12']",0.5102040816326531,0.78125,0.6172839506172839,0.5556149304074213,4
"['V4', 'V10', 'V8', 'V19', 'V2']",0.5102040816326531,0.78125,0.6172839506172839,0.6613816789601873,5
"['V5', 'V21', 'V20', 'V12']",0.5102040816326531,0.78125,0.6172839506172839,0.5585545563258845,4
"['V14', 'V5', 'V21', 'V19', 'V20', 'V2']",0.5,0.765625,0.6049382716049383,0.6464545403682507,6
"['V10', 'V16', 'V17', 'V19', 'V20']",0.5,0.7903225806451613,0.6125,0.6347063312422756,5
"['V10', 'V16', 'V17', 'V19', 'V2']",0.5,0.765625,0.6049382716049383,0.6348380888220592,5
"['V4', 'V10', 'V21', 'V19', 'V20', 'V2']",0.5,0.7777777777777778,0.6086956521739131,0.6805112540714359,6
"['V4', 'V16', 'V8', 'V5', 'V19', 'V20']",0.5,0.7777777777777778,0.6086956521739131,0.6221354245051461,6
"['V4', 'V16', 'V8', 'V5', 'V19', 'V2']",0.5,0.7777777777777778,0.6086956521739131,0.6086606544354635,6
"['V10', 'V16', 'V8', 'V17', 'V19', 'V20', 'V2']",0.5,0.7903225806451613,0.6125,0.6399289039821627,7
"['V4', 'V5', 'V19', 'V20', 'V2', 'V12']",0.5,0.765625,0.6049382716049383,0.5706206212717236,6
"['V4', 'V19', 'V20', 'V12']",0.5,0.765625,0.6049382716049383,0.5724439469875378,4
"['V4', 'V10', 'V19', 'V20', 'V2']",0.5,0.765625,0.6049382716049383,0.647198860086565,5
"['V4', 'V10', 'V21', 'V20', 'V2']",0.5,0.7777777777777778,0.6086956521739131,0.6794922564839413,5
"['V4', 'V10', 'V5', 'V21']",0.5,0.7313432835820896,0.593939393939394,0.6454794660281603,4
"['V4', 'V10', 'V17', 'V21']",0.5,0.7424242424242424,0.5975609756097561,0.6460430811297814,4
"['V10', 'V16', 'V17', 'V21', 'V20']",0.5,0.7777777777777778,0.6086956521739131,0.6438609378351445,5
"['V4', 'V16', 'V17', 'V19', 'V2']",0.5,0.7777777777777778,0.6086956521739131,0.6333156645617345,5
"['V4', 'V10', 'V8', 'V21', 'V20', 'V2']",0.5,0.7777777777777778,0.6086956521739131,0.6760515858686994,6
"['V14', 'V8', 'V5']",0.5,0.7,0.5833333333333334,0.636046212757939,3
"['V10', 'V16', 'V8', 'V21', 'V19', 'V20']",0.5,0.7777777777777778,0.6086956521739131,0.6438792558082668,6
"['V16', 'V8', 'V5', 'V17', 'V21', 'V19', 'V2']",0.5,0.7903225806451613,0.6125,0.6060351907493959,7
"['V5', 'V17', 'V19', 'V12']",0.5,0.7777777777777778,0.6086956521739131,0.6411893188815722,4
"['V4', 'V16', 'V8', 'V19', 'V20']",0.5,0.7777777777777778,0.6086956521739131,0.6220383208694273,5
"['V16', 'V8', 'V17', 'V20']",0.5,0.7903225806451613,0.6125,0.6382912674248925,4
"['V4', 'V8', 'V5', 'V17', 'V2']",0.5,0.765625,0.6049382716049383,0.5969987494840908,5
"['V10', 'V16', 'V8', 'V17', 'V19', 'V20']",0.5,0.7903225806451613,0.6125,0.6347821503574687,6
"['V4', 'V5', 'V2', 'V12']",0.5,0.765625,0.6049382716049383,0.5705405076113563,4
"['V4', 'V10', 'V8', 'V5']",0.5,0.7313432835820896,0.593939393939394,0.6320643932743591,4
"['V10', 'V8', 'V17', 'V19', 'V20', 'V2']",0.5,0.7903225806451613,0.6125,0.6337058766465078,6
"['V16', 'V8', 'V17', 'V21']",0.5,0.7903225806451613,0.6125,0.6388681399393048,4
"['V14', 'V8', 'V5', 'V19']",0.5,0.765625,0.6049382716049383,0.6493901935379089,4
"['V10', 'V16', 'V8', 'V17', 'V20']",0.5,0.7903225806451613,0.6125,0.640104796401377,5
"['V4', 'V16', 'V21', 'V19', 'V2']",0.5,0.7777777777777778,0.6086956521739131,0.6134021232194512,5
"['V14', 'V5', 'V2']",0.5,0.6901408450704225,0.5798816568047337,0.6291814826961223,3
"['V4', 'V14', 'V5', 'V21', 'V20']",0.5,0.6447368421052632,0.5632183908045977,0.6621948466706657,5
"['V16', 'V8', 'V5', 'V17', 'V21']",0.5,0.8032786885245902,0.6163522012578616,0.6440417642647271,5
"['V4', 'V19', 'V12']",0.5,0.765625,0.6049382716049383,0.5729588069728119,3
"['V4', 'V16', 'V19', 'V2']",0.5,0.7777777777777778,0.6086956521739131,0.6126283920711043,4
"['V4', 'V20', 'V12']",0.5,0.765625,0.6049382716049383,0.5727068746523215,3
"['V4', 'V16', 'V21', 'V2']",0.5,0.7777777777777778,0.6086956521739131,0.6126942967561113,4
"['V16', 'V8', 'V17', 'V21', 'V20']",0.5,0.7903225806451613,0.6125,0.6396878078582485,5
"['V16', 'V8', 'V17', 'V21', 'V19']",0.5,0.7903225806451613,0.6125,0.6352127658598137,5
"['V14', 'V5', 'V21']",0.5,0.7101449275362319,0.5868263473053892,0.644810867675495,3
"['V14', 'V5', 'V20']",0.5,0.7313432835820896,0.593939393939394,0.6278825862687913,3
"['V17', 'V19', 'V2', 'V12']",0.5,0.765625,0.6049382716049383,0.6332060867891858,4
"['V16', 'V5', 'V17', 'V21', 'V20']",0.5,0.7903225806451613,0.6125,0.6297015809955091,5
"['V4', 'V16', 'V19', 'V20', 'V2']",0.5,0.7777777777777778,0.6086956521739131,0.6094532562811995,5
"['V4', 'V16', 'V17', 'V20']",0.5,0.7777777777777778,0.6086956521739131,0.6367102705967072,4
"['V16', 'V8', 'V5', 'V17', 'V2']",0.5,0.7903225806451613,0.6125,0.6156009949045136,5
"['V16', 'V8', 'V5', 'V17', 'V21', 'V19', 'V20']",0.5,0.8032786885245902,0.6163522012578616,0.6357608934808644,7
"['V16', 'V8', 'V5', 'V17', 'V21', 'V20', 'V2']",0.5,0.7903225806451613,0.6125,0.617936729503385,7
"['V14', 'V5', 'V19']",0.5,0.7538461538461538,0.6012269938650306,0.6459259446836391,3
"['V10', 'V16', 'V17', 'V21', 'V19', 'V20']",0.5,0.7777777777777778,0.6086956521739131,0.6419686130577472,6
"['V4', 'V8', 'V5', 'V17', 'V21', 'V19', 'V20', 'V2']",0.5,0.765625,0.6049382716049383,0.6064234331194066,8
"['V4', 'V10', 'V8', 'V19', 'V20', 'V2']",0.5,0.7777777777777778,0.6086956521739131,0.659632144597147,6
"['V4', 'V2', 'V12']",0.5,0.765625,0.6049382716049383,0.5746940618712922,3
"['V10', 'V16', 'V8', 'V19', 'V20', 'V2']",0.5,0.7903225806451613,0.6125,0.6396683365142519,6
"['V4', 'V16', 'V8', 'V20']",0.5,0.7777777777777778,0.6086956521739131,0.6243382604425992,4
"['V4', 'V16', 'V8', 'V20', 'V2']",0.5,0.7777777777777778,0.6086956521739131,0.6179159954767784,5
"['V4', 'V16', 'V21', 'V20', 'V2']",0.5,0.7777777777777778,0.6086956521739131,0.6097123378583268,5
"['V16', 'V5', 'V17', 'V21']",0.5,0.8032786885245902,0.6163522012578616,0.6379837233505027,4
"['V4', 'V10', 'V19', 'V2']",0.5,0.765625,0.6049382716049383,0.6435133329481134,4
"['V10', 'V8', 'V21', 'V19', 'V2']",0.5,0.7777777777777778,0.6086956521739131,0.6295281053976465,5
"['V10', 'V8', 'V17', 'V20', 'V2']",0.5,0.7903225806451613,0.6125,0.634830869188934,5
"['V4', 'V20', 'V2', 'V12']",0.5,0.765625,0.6049382716049383,0.5763472311160072,4
"['V4', 'V19', 'V2', 'V12']",0.5,0.765625,0.6049382716049383,0.5727032168165161,4
"['V10', 'V16', 'V8', 'V17', 'V19']",0.5,0.7777777777777778,0.6086956521739131,0.6316230306040622,5
"['V14', 'V5', 'V19', 'V20', 'V2']",0.5,0.7538461538461538,0.6012269938650306,0.6418253532342438,5
"['V4', 'V16', 'V21', 'V19', 'V20', 'V2']",0.5,0.7777777777777778,0.6086956521739131,0.6085422382676325,6
"['V14', 'V5', 'V20', 'V2']",0.5,0.7,0.5833333333333334,0.6286052453485773,4
"['V10', 'V16', 'V2']",0.5,0.765625,0.6049382716049383,0.6312609703967136,3
"['V16', 'V8', 'V5', 'V17', 'V21', 'V2']",0.5,0.7903225806451613,0.6125,0.6165459876650177,6
"['V4', 'V16', 'V17']",0.5,0.7777777777777778,0.6086956521739131,0.6367610780339619,3
"['V4', 'V8', 'V5', 'V17', 'V21', 'V19', 'V2']",0.5,0.765625,0.6049382716049383,0.6022016673436682,7
"['V4', 'V8', 'V5', 'V17', 'V21', 'V20', 'V2']",0.5,0.765625,0.6049382716049383,0.6059269769428586,7
"['V4', 'V8', 'V5', 'V17', 'V19', 'V2']",0.5,0.765625,0.6049382716049383,0.5967065288266897,6
"['V4', 'V8', 'V5', 'V17', 'V21', 'V2']",0.5,0.765625,0.6049382716049383,0.6017393678422834,6
"['V4', 'V16', 'V8', 'V19', 'V2']",0.5,0.7777777777777778,0.6086956521739131,0.6177153646320263,5
"['V4', 'V19', 'V20', 'V2', 'V12']",0.5,0.765625,0.6049382716049383,0.5744996016156778,5
"['V10', 'V16', 'V8', 'V17']",0.5,0.7777777777777778,0.6086956521739131,0.6350792518157505,4
"['V10', 'V16', 'V8', 'V20']",0.5,0.7903225806451613,0.6125,0.6372449727416167,4
"['V4', 'V10', 'V8', 'V17', 'V21']",0.5,0.7424242424242424,0.5975609756097561,0.646150155645287,5
"['V4', 'V10', 'V8', 'V21', 'V19']",0.5,0.7424242424242424,0.5975609756097561,0.6352475381146226,5
"['V4', 'V5', 'V20', 'V2', 'V12']",0.5,0.765625,0.6049382716049383,0.5707791051688885,5
"['V10', 'V16', 'V17', 'V19']",0.5,0.7777777777777778,0.6086956521739131,0.6331781255698337,4
"['V16', 'V5', 'V17', 'V21', 'V19', 'V20', 'V2']",0.5,0.7903225806451613,0.6125,0.606528851346722,7
"['V4', 'V5', 'V19', 'V2', 'V12']",0.5,0.765625,0.6049382716049383,0.5709613723551311,5
"['V10', 'V16', 'V21', 'V20']",0.5,0.7777777777777778,0.6086956521739131,0.64482564596462,4
"['V4', 'V16', 'V8', 'V19', 'V20', 'V2']",0.5,0.7777777777777778,0.6086956521739131,0.6179479769493478,6
"['V10', 'V16', 'V19', 'V2']",0.5,0.7538461538461538,0.6012269938650306,0.6290803514130335,4
"['V10', 'V16', 'V20', 'V2']",0.5,0.7903225806451613,0.6125,0.6430840859903043,4
"['V4', 'V16', 'V8', 'V21', 'V19', 'V2']",0.5,0.7777777777777778,0.6086956521739131,0.616691118874976,6
"['V4', 'V16', 'V8', 'V21', 'V19', 'V20']",0.5,0.7777777777777778,0.6086956521739131,0.6225422475250764,6
"['V4', 'V10', 'V8', 'V20', 'V2']",0.5,0.7777777777777778,0.6086956521739131,0.6603597122076548,5
"['V16', 'V5', 'V17', 'V21', 'V19', 'V2']",0.5,0.7903225806451613,0.6125,0.606359215896168,6
"['V16', 'V8', 'V17']",0.5,0.7903225806451613,0.6125,0.6382764362126777,3
"['V16', 'V8', 'V17', 'V21', 'V20', 'V2']",0.5,0.7903225806451613,0.6125,0.6296076908232693,6
"['V4', 'V16', 'V8', 'V21', 'V19', 'V20', 'V2']",0.5,0.765625,0.6049382716049383,0.6160888107170589,7
"['V10', 'V16', 'V8', 'V17', 'V19', 'V2']",0.5,0.7777777777777778,0.6086956521739131,0.6355351924521627,6
"['V10', 'V16', 'V17']",0.5,0.7777777777777778,0.6086956521739131,0.6345176497607647,3
"['V17', 'V21', 'V19', 'V20', 'V2', 'V12']",0.5,0.765625,0.6049382716049383,0.6252671684861149,6
"['V14', 'V8', 'V19', 'V20']",0.5,0.7424242424242424,0.5975609756097561,0.643947943607788,4
"['V16', 'V8', 'V5', 'V17', 'V21', 'V19', 'V20', 'V2']",0.5,0.7903225806451613,0.6125,0.6087622217179732,8
"['V4', 'V10', 'V8', 'V21', 'V19', 'V20', 'V2']",0.5,0.7777777777777778,0.6086956521739131,0.6778055352785689,7
"['V4', 'V16', 'V8', 'V5', 'V21', 'V19', 'V20']",0.5,0.7777777777777778,0.6086956521739131,0.6228169975506888,7
"['V14', 'V5', 'V21', 'V20']",0.5,0.7205882352941176,0.5903614457831325,0.6378653898873774,4
"['V14', 'V5', 'V21', 'V2']",0.5,0.6901408450704225,0.5798816568047337,0.6386366866079142,4
"['V8', 'V5', 'V17', 'V12']",0.5,0.7777777777777778,0.6086956521739131,0.6562287455749113,4
"['V16', 'V8', 'V5', 'V17', 'V21', 'V20']",0.5,0.8032786885245902,0.6163522012578616,0.6389816560903372,6
"['V5', 'V17', 'V19', 'V20', 'V12']",0.5,0.7777777777777778,0.6086956521739131,0.641741892492886,5
"['V10', 'V16', 'V20']",0.5,0.7903225806451613,0.6125,0.6386517093552804,3
"['V14', 'V5', 'V19', 'V2']",0.5,0.7538461538461538,0.6012269938650306,0.6420147049881335,4
"['V14', 'V5', 'V21', 'V19', 'V20']",0.5,0.765625,0.6049382716049383,0.6495487404737248,5
"['V14', 'V5', 'V21', 'V19', 'V2']",0.5,0.765625,0.6049382716049383,0.6454858612294984,5
"['V14', 'V8', 'V5', 'V21', 'V20']",0.5,0.7777777777777778,0.6086956521739131,0.6417239547298927,5
"['V4', 'V16', 'V5', 'V17', 'V20']",0.5,0.7777777777777778,0.6086956521739131,0.6341387153242319,5
"['V16', 'V8', 'V5', 'V17', 'V21', 'V19']",0.5,0.8032786885245902,0.6163522012578616,0.6377308052605366,6
"['V14', 'V5', 'V21', 'V20', 'V2']",0.5,0.7313432835820896,0.593939393939394,0.6386916917516233,5
"['V14', 'V5', 'V19', 'V20']",0.5,0.7777777777777778,0.6086956521739131,0.6415041251309356,4
"['V17', 'V19', 'V20', 'V2', 'V12']",0.5,0.765625,0.6049382716049383,0.6333396201976164,5
"['V4', 'V10', 'V21', 'V19', 'V2']",0.4897959183673469,0.7741935483870968,0.6,0.6793095950873275,5
"['V4', 'V16', 'V5', 'V17', 'V19', 'V20']",0.4897959183673469,0.7619047619047619,0.5962732919254659,0.632948524413687,6
"['V4', 'V5', 'V17', 'V21', 'V19', 'V2']",0.4897959183673469,0.75,0.5925925925925926,0.5820454657298219,6
"['V4', 'V16', 'V5', 'V17', 'V21', 'V20']",0.4897959183673469,0.7741935483870968,0.6,0.6332304534117933,6
"['V4', 'V16', 'V17', 'V21', 'V19']",0.4897959183673469,0.7741935483870968,0.6,0.6370558976865692,5
"['V4', 'V16', 'V5', 'V17', 'V21', 'V19']",0.4897959183673469,0.7619047619047619,0.5962732919254659,0.635377075078703,6
"['V14', 'V8', 'V20']",0.4897959183673469,0.64,0.5549132947976878,0.614324027755779,3
"['V16', 'V8', 'V17', 'V21', 'V19', 'V20']",0.4897959183673469,0.7868852459016393,0.6037735849056604,0.635192013922203,6
"['V4', 'V5', 'V17', 'V2']",0.4897959183673469,0.7619047619047619,0.5962732919254659,0.586983983912366,4
"['V4', 'V5', 'V17', 'V19', 'V20', 'V2']",0.4897959183673469,0.7619047619047619,0.5962732919254659,0.589568908318081,6
"['V4', 'V16', 'V5', 'V17', 'V19']",0.4897959183673469,0.7741935483870968,0.6,0.6358561534736268,5
"['V16', 'V5', 'V17', 'V21', 'V20', 'V2']",0.4897959183673469,0.7868852459016393,0.6037735849056604,0.6179601562373581,6
"['V16', 'V8', 'V17', 'V21', 'V19', 'V2']",0.4897959183673469,0.7868852459016393,0.6037735849056604,0.6221665001748188,6
"['V4', 'V5', 'V20', 'V12']",0.4897959183673469,0.7619047619047619,0.5962732919254659,0.5697134820126546,4
"['V16', 'V5', 'V17']",0.4897959183673469,0.8,0.6075949367088608,0.6335261330828851,3
"['V10', 'V17', 'V20']",0.4897959183673469,0.7619047619047619,0.5962732919254659,0.6234535010326249,3
"['V4', 'V10', 'V8', 'V21', 'V2']",0.4897959183673469,0.7868852459016393,0.6037735849056604,0.6754003892261287,5
"['V10', 'V17', 'V19']",0.4897959183673469,0.7619047619047619,0.5962732919254659,0.6207146773509403,3
"['V10', 'V8', 'V5', 'V19', 'V20', 'V2']",0.4897959183673469,0.7741935483870968,0.6,0.6326140098446197,6
"['V5', 'V17', 'V20', 'V12']",0.4897959183673469,0.7741935483870968,0.6,0.6495994208962279,4
"['V4', 'V10', 'V21', 'V2']",0.4897959183673469,0.7868852459016393,0.6037735849056604,0.6791124952681117,4
"['V4', 'V16', 'V5', 'V20', 'V2']",0.4897959183673469,0.7741935483870968,0.6,0.600843844883117,5
"['V4', 'V10', 'V19', 'V20']",0.4897959183673469,0.7384615384615385,0.588957055214724,0.6346375094512762,4
"['V4', 'V10', 'V5', 'V19']",0.4897959183673469,0.7384615384615385,0.588957055214724,0.6416203455904257,4
"['V4', 'V16', 'V5', 'V19', 'V20']",0.4897959183673469,0.7741935483870968,0.6,0.6092545322684711,5
"['V4', 'V10', 'V20', 'V2']",0.4897959183673469,0.7619047619047619,0.5962732919254659,0.6470931328320244,4
"['V10', 'V16', 'V21']",0.4897959183673469,0.7868852459016393,0.6037735849056604,0.633809314409724,3
"['V4', 'V16', 'V8', 'V5']",0.4897959183673469,0.7741935483870968,0.6,0.6242242905043149,4
"['V4', 'V8', 'V5', 'V17', 'V20', 'V2']",0.4897959183673469,0.7619047619047619,0.5962732919254659,0.5990708733600713,6
"['V4', 'V16', 'V5', 'V2']",0.4897959183673469,0.7619047619047619,0.5962732919254659,0.6005847397133954,4
"['V4', 'V16', 'V17', 'V21']",0.4897959183673469,0.7741935483870968,0.6,0.635096770374591,4
"['V5', 'V17', 'V12']",0.4897959183673469,0.7741935483870968,0.6,0.648970732400574,3
"['V17', 'V20', 'V12']",0.4897959183673469,0.7619047619047619,0.5962732919254659,0.6434282067061802,3
"['V4', 'V16', 'V17', 'V19']",0.4897959183673469,0.7741935483870968,0.6,0.6379932853684979,4
"['V17', 'V19', 'V12']",0.4897959183673469,0.7619047619047619,0.5962732919254659,0.6327494274794082,3
"['V16', 'V8', 'V5', 'V17', 'V19', 'V2']",0.4897959183673469,0.7868852459016393,0.6037735849056604,0.6030171478866297,6
"['V16', 'V8', 'V5', 'V17', 'V20', 'V2']",0.4897959183673469,0.7868852459016393,0.6037735849056604,0.6276748978729794,6
"['V4', 'V10', 'V8', 'V5', 'V19']",0.4897959183673469,0.7384615384615385,0.588957055214724,0.6426900814336153,5
"['V16', 'V8', 'V17', 'V21', 'V19', 'V20', 'V2']",0.4897959183673469,0.7868852459016393,0.6037735849056604,0.61938974330951,7
"['V10', 'V8', 'V17', 'V21', 'V19', 'V20']",0.4897959183673469,0.7741935483870968,0.6,0.6318998278779553,6
"['V16', 'V17', 'V21', 'V2']",0.4897959183673469,0.7868852459016393,0.6037735849056604,0.6302165059504901,4
"['V10', 'V16', 'V8']",0.4897959183673469,0.7741935483870968,0.6,0.6286845580032819,3
"['V4', 'V16', 'V20', 'V2']",0.4897959183673469,0.7741935483870968,0.6,0.6118572059522204,4
"['V10', 'V8', 'V21', 'V19', 'V20', 'V2']",0.4897959183673469,0.7741935483870968,0.6,0.6284912295381074,6
"['V4', 'V5', 'V19', 'V12']",0.4897959183673469,0.7619047619047619,0.5962732919254659,0.5666026338506629,4
"['V17', 'V19', 'V20', 'V12']",0.4897959183673469,0.7619047619047619,0.5962732919254659,0.6352959691658138,4
"['V16', 'V5', 'V17', 'V21', 'V19']",0.4897959183673469,0.8,0.6075949367088608,0.6334499177324209,5
"['V4', 'V5', 'V17', 'V19', 'V2']",0.4897959183673469,0.7619047619047619,0.5962732919254659,0.5867506078650424,5
"['V10', 'V17', 'V19', 'V2']",0.4897959183673469,0.7619047619047619,0.5962732919254659,0.6194045168674077,4
"['V10', 'V16', 'V8', 'V19']",0.4897959183673469,0.7868852459016393,0.6037735849056604,0.6288843238158631,4
"['V16', 'V5', 'V17', 'V21', 'V2']",0.4897959183673469,0.7868852459016393,0.6037735849056604,0.6157763160085171,5
"['V16', 'V8', 'V17', 'V19']",0.4897959183673469,0.7868852459016393,0.6037735849056604,0.6316620011537974,4
"['V10', 'V16', 'V8', 'V21']",0.4897959183673469,0.7741935483870968,0.6,0.6365299935079667,4
"['V4', 'V16', 'V8', 'V5', 'V20']",0.4897959183673469,0.7741935483870968,0.6,0.6242456943768099,5
"['V4', 'V16', 'V2']",0.4897959183673469,0.7741935483870968,0.6,0.6131234284943174,3
"['V4', 'V10', 'V2']",0.4897959183673469,0.75,0.5925925925925926,0.639186435229496,3
"['V4', 'V16', 'V8']",0.4897959183673469,0.7619047619047619,0.5962732919254659,0.6247927412673273,3
"['V10', 'V17', 'V21', 'V19', 'V20']",0.4897959183673469,0.7741935483870968,0.6,0.6306071943185211,5
"['V4', 'V5', 'V17', 'V21', 'V19', 'V20', 'V2']",0.4897959183673469,0.75,0.5925925925925926,0.5835948003293528,7
"['V10', 'V21', 'V19', 'V2']",0.4897959183673469,0.7741935483870968,0.6,0.6274094562021884,4
"['V16', 'V8', 'V17', 'V20', 'V2']",0.4897959183673469,0.7868852459016393,0.6037735849056604,0.6341617749721811,5
"['V16', 'V8', 'V17', 'V19', 'V2']",0.4897959183673469,0.7868852459016393,0.6037735849056604,0.6219884747880343,5
"['V10', 'V5', 'V19', 'V20']",0.4897959183673469,0.7619047619047619,0.5962732919254659,0.6183393381008737,4
"['V16', 'V8', 'V17', 'V19', 'V20']",0.4897959183673469,0.7868852459016393,0.6037735849056604,0.6351187907261697,5
"['V16', 'V8', 'V17', 'V21', 'V2']",0.4897959183673469,0.7868852459016393,0.6037735849056604,0.6290290823739572,5
"['V4', 'V8', 'V5', 'V17', 'V19', 'V20', 'V2']",0.4897959183673469,0.7619047619047619,0.5962732919254659,0.59802382292437,7
"['V10', 'V17', 'V21', 'V20']",0.4897959183673469,0.7741935483870968,0.6,0.6324109328233576,4
"['V16', 'V5', 'V17', 'V20']",0.4897959183673469,0.8,0.6075949367088608,0.6314066863699381,4
"['V4', 'V10', 'V20']",0.4897959183673469,0.7272727272727273,0.5853658536585366,0.6302275923080649,3
"['V10', 'V5', 'V19', 'V20', 'V2']",0.4897959183673469,0.7868852459016393,0.6037735849056604,0.6273957340883546,5
"['V10', 'V16', 'V19', 'V20']",0.4897959183673469,0.7868852459016393,0.6037735849056604,0.6350619300150647,4
"['V10', 'V8', 'V17', 'V21', 'V19']",0.4897959183673469,0.7384615384615385,0.588957055214724,0.6271209080981923,5
"['V10', 'V8', 'V17', 'V21']",0.4897959183673469,0.7384615384615385,0.588957055214724,0.6260804277003635,4
"['V10', 'V8', 'V17', 'V21', 'V20']",0.4897959183673469,0.7741935483870968,0.6,0.6340256133970678,5
"['V4', 'V16', 'V8', 'V5', 'V21']",0.4897959183673469,0.7741935483870968,0.6,0.6217203163258587,5
"['V10', 'V16', 'V21', 'V19', 'V20']",0.4897959183673469,0.7741935483870968,0.6,0.6426736626718846,5
"['V10', 'V8', 'V5', 'V21']",0.4897959183673469,0.7619047619047619,0.5962732919254659,0.6263611984204585,4
"['V4', 'V16', 'V8', 'V5', 'V19']",0.4897959183673469,0.7741935483870968,0.6,0.6213431141785193,5
"['V10', 'V16', 'V17', 'V21']",0.4897959183673469,0.7741935483870968,0.6,0.6359572585577317,4
"['V10', 'V16', 'V8', 'V19', 'V2']",0.4897959183673469,0.7868852459016393,0.6037735849056604,0.6340835809478781,5
"['V4', 'V5', 'V19', 'V20', 'V12']",0.4897959183673469,0.7619047619047619,0.5962732919254659,0.5701529709183591,5
"['V16', 'V8', 'V17', 'V2']",0.4897959183673469,0.7868852459016393,0.6037735849056604,0.6266622398768811,4
"['V4', 'V16', 'V8', 'V21', 'V19']",0.4897959183673469,0.7741935483870968,0.6,0.621955653794958,5
"['V16', 'V5', 'V17', 'V19']",0.4897959183673469,0.8,0.6075949367088608,0.6294214106168827,4
"['V10', 'V16', 'V8', 'V21', 'V19']",0.4897959183673469,0.7741935483870968,0.6,0.6355858153660345,5
"['V4', 'V5', 'V12']",0.4897959183673469,0.7619047619047619,0.5962732919254659,0.5688666876689785,3
"['V4', 'V5', 'V17', 'V20', 'V2']",0.4897959183673469,0.7619047619047619,0.5962732919254659,0.5877954756292988,5
"['V10', 'V17', 'V19', 'V20']",0.4897959183673469,0.7619047619047619,0.5962732919254659,0.6225037745128015,4
"['V4', 'V8', 'V17', 'V19', 'V2']",0.47959183673469385,0.7580645161290323,0.5875,0.6131667332985713,5
"['V4', 'V10', 'V8', 'V21']",0.47959183673469385,0.7230769230769231,0.5766871165644172,0.6254637806503354,4
"['V4', 'V8', 'V17', 'V21', 'V2']",0.47959183673469385,0.7580645161290323,0.5875,0.6200223171798692,5
"['V10', 'V16', 'V17', 'V21', 'V19']",0.47959183673469385,0.7833333333333333,0.5949367088607594,0.6340142234482304,5
"['V14', 'V8', 'V21', 'V20']",0.47959183673469385,0.6438356164383562,0.5497076023391813,0.6233945348316137,4
"['V4', 'V8', 'V17', 'V20', 'V2']",0.47959183673469385,0.7580645161290323,0.5875,0.6105768498199973,5
"['V4', 'V16', 'V21', 'V19', 'V20']",0.47959183673469385,0.7704918032786885,0.5911949685534591,0.6055038574643475,5
"['V10', 'V17', 'V20', 'V2']",0.47959183673469385,0.7704918032786885,0.5911949685534591,0.6249583848530922,4
"['V4', 'V17', 'V21', 'V19', 'V20', 'V2']",0.47959183673469385,0.7580645161290323,0.5875,0.6296762845932229,6
"['V10', 'V21', 'V20', 'V2']",0.47959183673469385,0.7704918032786885,0.5911949685534591,0.6227369845167332,4
"['V4', 'V17', 'V21', 'V2']",0.47959183673469385,0.7580645161290323,0.5875,0.6214136055651628,4
"['V10', 'V16', 'V19']",0.47959183673469385,0.7580645161290323,0.5875,0.6275658123586833,3
"['V10', 'V17', 'V2']",0.47959183673469385,0.7580645161290323,0.5875,0.6202305464775767,3
"['V10', 'V8', 'V17', 'V20']",0.47959183673469385,0.7704918032786885,0.5911949685534591,0.6258681483336723,4
"['V10', 'V8', 'V17', 'V19']",0.47959183673469385,0.7704918032786885,0.5911949685534591,0.6209616846308657,4
"['V16', 'V5', 'V17', 'V21', 'V19', 'V20']",0.47959183673469385,0.7833333333333333,0.5949367088607594,0.6243830847646744,6
"['V10', 'V8', 'V5', 'V20']",0.47959183673469385,0.7966101694915254,0.5987261146496815,0.6146324833424464,4
"['V10', 'V8', 'V5', 'V19']",0.47959183673469385,0.7833333333333333,0.5949367088607594,0.6061667209531967,4
"['V4', 'V10', 'V5']",0.47959183673469385,0.7121212121212122,0.573170731707317,0.6255200372610092,3
"['V10', 'V8', 'V21', 'V2']",0.47959183673469385,0.7704918032786885,0.5911949685534591,0.6262388072007242,4
"['V10', 'V21', 'V2']",0.47959183673469385,0.7704918032786885,0.5911949685534591,0.6218049401237581,3
"['V10', 'V16', 'V21', 'V19']",0.47959183673469385,0.7833333333333333,0.5949367088607594,0.631629051251309,4
"['V4', 'V10', 'V8', 'V19', 'V20']",0.47959183673469385,0.734375,0.5802469135802469,0.6407728312909783,5
"['V4', 'V16', 'V5', 'V21', 'V19', 'V20']",0.47959183673469385,0.7704918032786885,0.5911949685534591,0.603900348869504,6
"['V4', 'V10', 'V21']",0.47959183673469385,0.7230769230769231,0.5766871165644172,0.624863941935368,3
"['V4', 'V17', 'V21', 'V19', 'V2']",0.47959183673469385,0.7580645161290323,0.5875,0.6219147257902963,5
"['V10', 'V17', 'V21', 'V19']",0.47959183673469385,0.734375,0.5802469135802469,0.6245364299789362,4
"['V4', 'V17', 'V21', 'V20', 'V2']",0.47959183673469385,0.7580645161290323,0.5875,0.6305276179428289,5
"['V4', 'V17', 'V19', 'V20', 'V2']",0.47959183673469385,0.7580645161290323,0.5875,0.6293843903408021,5
"['V5', 'V19', 'V12']",0.47959183673469385,0.7833333333333333,0.5949367088607594,0.5521662894594812,3
"['V5', 'V20', 'V12']",0.47959183673469385,0.7704918032786885,0.5911949685534591,0.5524009428318073,3
"['V16', 'V5', 'V17', 'V19', 'V20', 'V2']",0.47959183673469385,0.7833333333333333,0.5949367088607594,0.6107342758379173,6
"['V10', 'V17', 'V21']",0.47959183673469385,0.734375,0.5802469135802469,0.6245510565310396,3
"['V10', 'V5', 'V21']",0.47959183673469385,0.7580645161290323,0.5875,0.6271912685711407,3
"['V4', 'V5', 'V17', 'V21', 'V2']",0.47959183673469385,0.7580645161290323,0.5875,0.5816242819689932,5
"['V4', 'V8', 'V17', 'V21', 'V19', 'V20', 'V2']",0.47959183673469385,0.7580645161290323,0.5875,0.6176514553753673,7
"['V10', 'V8', 'V5', 'V19', 'V20']",0.47959183673469385,0.7833333333333333,0.5949367088607594,0.6253489284979935,5
"['V19', 'V20', 'V12']",0.47959183673469385,0.7704918032786885,0.5911949685534591,0.5504312827730382,3
"['V10', 'V8', 'V17']",0.47959183673469385,0.7704918032786885,0.5911949685534591,0.6222670317543054,3
"['V10', 'V16', 'V19', 'V20', 'V2']",0.47959183673469385,0.7833333333333333,0.5949367088607594,0.6408128291033961,5
"['V14', 'V21', 'V20']",0.47959183673469385,0.6438356164383562,0.5497076023391813,0.6217526111675784,3
"['V16', 'V8', 'V17', 'V19', 'V20', 'V2']",0.47959183673469385,0.7833333333333333,0.5949367088607594,0.6224182297582744,6
"['V4', 'V16', 'V8', 'V5', 'V21', 'V20']",0.47959183673469385,0.7704918032786885,0.5911949685534591,0.6237661950520015,6
"['V4', 'V17', 'V20', 'V2']",0.47959183673469385,0.7580645161290323,0.5875,0.6310337311893781,4
"['V16', 'V5', 'V17', 'V2']",0.47959183673469385,0.7833333333333333,0.5949367088607594,0.6038453843240117,4
"['V5', 'V19', 'V20', 'V12']",0.47959183673469385,0.7704918032786885,0.5911949685534591,0.55346771437917,4
"['V4', 'V8', 'V17', 'V21', 'V19', 'V2']",0.47959183673469385,0.7580645161290323,0.5875,0.6165242303546181,6
"['V4', 'V16', 'V5', 'V17']",0.47959183673469385,0.7704918032786885,0.5911949685534591,0.635060134751423,4
"['V10', 'V17', 'V19', 'V20', 'V2']",0.47959183673469385,0.7704918032786885,0.5911949685534591,0.6243720318058822,5
"['V10', 'V21', 'V19', 'V20', 'V2']",0.47959183673469385,0.7704918032786885,0.5911949685534591,0.6262689494583669,5
"['V4', 'V17', 'V2']",0.47959183673469385,0.7580645161290323,0.5875,0.6332625127235197,3
"['V4', 'V5', 'V17', 'V21', 'V20', 'V2']",0.47959183673469385,0.746031746031746,0.5838509316770186,0.5827276952087292,6
"['V4', 'V16', 'V8', 'V19']",0.47959183673469385,0.7580645161290323,0.5875,0.6191437674146513,4
"['V4', 'V16', 'V19', 'V20']",0.47959183673469385,0.7704918032786885,0.5911949685534591,0.60860084151982,4
"['V14', 'V8', 'V21']",0.47959183673469385,0.6438356164383562,0.5497076023391813,0.6227925821387935,3
"['V4', 'V8', 'V17', 'V21', 'V20', 'V2']",0.47959183673469385,0.7580645161290323,0.5875,0.6177135629522352,6
"['V4', 'V8', 'V17', 'V19', 'V20', 'V2']",0.47959183673469385,0.7580645161290323,0.5875,0.6122527857356965,6
"['V4', 'V16', 'V8', 'V21', 'V20']",0.47959183673469385,0.7704918032786885,0.5911949685534591,0.6229451684713889,5
"['V4', 'V8', 'V17', 'V2']",0.47959183673469385,0.7580645161290323,0.5875,0.6125506349852117,4
"['V16', 'V5', 'V17', 'V19', 'V20']",0.47959183673469385,0.7966101694915254,0.5987261146496815,0.6274748411334882,5
"['V16', 'V5', 'V17', 'V19', 'V2']",0.47959183673469385,0.7833333333333333,0.5949367088607594,0.5979147169303349,5
"['V4', 'V17', 'V19', 'V2']",0.47959183673469385,0.7580645161290323,0.5875,0.6307879862318254,4
"['V16', 'V5', 'V17', 'V20', 'V2']",0.47959183673469385,0.7833333333333333,0.5949367088607594,0.6210324738268466,5
"['V4', 'V10', 'V21', 'V19']",0.47959183673469385,0.734375,0.5802469135802469,0.6330940315936442,4
"['V10', 'V8', 'V21', 'V20', 'V2']",0.47959183673469385,0.7704918032786885,0.5911949685534591,0.6263241956704251,5
"['V16', 'V8', 'V5', 'V17', 'V19', 'V20', 'V2']",0.47959183673469385,0.7833333333333333,0.5949367088607594,0.6185921052312232,7
"['V4', 'V16', 'V5', 'V17', 'V21']",0.47959183673469385,0.7580645161290323,0.5875,0.6329344185561052,5
"['V10', 'V8', 'V17', 'V19', 'V2']",0.47959183673469385,0.7704918032786885,0.5911949685534591,0.6284105293368182,5
"['V10', 'V8', 'V17', 'V19', 'V20']",0.47959183673469385,0.7704918032786885,0.5911949685534591,0.6246832330928408,5
"['V16', 'V17', 'V21']",0.46938775510204084,0.7796610169491526,0.5859872611464968,0.6375315393623823,3
"['V4', 'V10', 'V8', 'V20']",0.46938775510204084,0.7301587301587301,0.5714285714285714,0.6393509593381042,4
"['V10', 'V8', 'V21', 'V19', 'V20']",0.46938775510204084,0.7540983606557377,0.5786163522012578,0.6184936754241533,5
"['V8', 'V5', 'V12']",0.46938775510204084,0.7796610169491526,0.5859872611464968,0.5547081603437671,3
"['V16', 'V17', 'V21', 'V20', 'V2']",0.46938775510204084,0.7796610169491526,0.5859872611464968,0.627530193149698,5
"['V8', 'V19', 'V20', 'V12']",0.46938775510204084,0.7796610169491526,0.5859872611464968,0.5595698006814989,4
"['V16', 'V17', 'V21', 'V19', 'V2']",0.46938775510204084,0.7796610169491526,0.5859872611464968,0.6229448784840058,5
"['V16', 'V17', 'V20', 'V2']",0.46938775510204084,0.7796610169491526,0.5859872611464968,0.6315865228303372,4
"['V16', 'V17', 'V21', 'V19', 'V20', 'V2']",0.46938775510204084,0.7796610169491526,0.5859872611464968,0.6186204990740899,6
"['V4', 'V16', 'V21', 'V19']",0.46938775510204084,0.7540983606557377,0.5786163522012578,0.6077600874761746,4
"['V4', 'V16', 'V21', 'V20']",0.46938775510204084,0.7666666666666667,0.5822784810126582,0.6091804192237822,4
"['V4', 'V10', 'V8', 'V19']",0.46938775510204084,0.7301587301587301,0.5714285714285714,0.6271747826476601,4
"['V10', 'V8', 'V5', 'V19', 'V2']",0.46938775510204084,0.7796610169491526,0.5859872611464968,0.6222784197095811,5
"['V4', 'V16', 'V5', 'V19']",0.46938775510204084,0.7666666666666667,0.5822784810126582,0.6100070711086815,4
"['V8', 'V5', 'V19', 'V20', 'V12']",0.46938775510204084,0.7796610169491526,0.5859872611464968,0.5594616291630395,5
"['V10', 'V8', 'V17', 'V2']",0.46938775510204084,0.7666666666666667,0.5822784810126582,0.6318316285050247,4
"['V8', 'V5', 'V19', 'V12']",0.46938775510204084,0.7796610169491526,0.5859872611464968,0.5549273502391536,4
"['V10', 'V5', 'V20']",0.46938775510204084,0.7540983606557377,0.5786163522012578,0.6011356830750036,3
"['V10', 'V8', 'V5', 'V20', 'V2']",0.46938775510204084,0.7666666666666667,0.5822784810126582,0.6183211835425765,5
"['V4', 'V16', 'V5', 'V21', 'V20']",0.46938775510204084,0.7666666666666667,0.5822784810126582,0.6085754907183344,5
"['V16', 'V17', 'V2']",0.46938775510204084,0.7796610169491526,0.5859872611464968,0.6251372793099688,3
"['V4', 'V16', 'V8', 'V21']",0.46938775510204084,0.7540983606557377,0.5786163522012578,0.6256988832183631,4
"['V8', 'V20', 'V12']",0.46938775510204084,0.7796610169491526,0.5859872611464968,0.5570704967478193,3
"['V4', 'V16', 'V19']",0.46938775510204084,0.7666666666666667,0.5822784810126582,0.6113064465178789,3
"['V4', 'V5', 'V17', 'V21', 'V19', 'V20']",0.45918367346938777,0.7258064516129032,0.5625,0.5926734917488647,6
"['V16', 'V17', 'V21', 'V20']",0.45918367346938777,0.7758620689655172,0.5769230769230769,0.6371634466889348,4
"['V4', 'V5', 'V17', 'V21']",0.45918367346938777,0.7258064516129032,0.5625,0.5955239946927903,4
"['V4', 'V10', 'V19']",0.45918367346938777,0.7142857142857143,0.5590062111801242,0.6222083374717801,3
"['V8', 'V19', 'V12']",0.45918367346938777,0.7758620689655172,0.5769230769230769,0.5562843684544178,3
"['V16', 'V17', 'V21', 'V19']",0.45918367346938777,0.7758620689655172,0.5769230769230769,0.6356981872252596,4
"['V4', 'V5', 'V17', 'V21', 'V19']",0.45918367346938777,0.7258064516129032,0.5625,0.5957294130550255,5
"['V4', 'V16', 'V5', 'V21', 'V19']",0.45918367346938777,0.75,0.569620253164557,0.6066495851610163,5
"['V16', 'V17', 'V21', 'V19', 'V20']",0.45918367346938777,0.7758620689655172,0.5769230769230769,0.6344269113387531,5
"['V4', 'V17', 'V21', 'V20']",0.45918367346938777,0.7377049180327869,0.5660377358490566,0.5915285985359093,4
"['V10', 'V5', 'V20', 'V2']",0.45918367346938777,0.75,0.569620253164557,0.6085119653432058,4
"['V4', 'V16', 'V5']",0.45918367346938777,0.75,0.569620253164557,0.6142310208118844,3
"['V4', 'V17', 'V21', 'V19', 'V20']",0.45918367346938777,0.7377049180327869,0.5660377358490566,0.5938797841444756,5
"['V4', 'V16', 'V20']",0.45918367346938777,0.7627118644067796,0.5732484076433121,0.6101769535960472,3
"['V16', 'V17', 'V19', 'V2']",0.45918367346938777,0.7758620689655172,0.5769230769230769,0.6160807293865123,4
"['V16', 'V17', 'V19', 'V20', 'V2']",0.45918367346938777,0.7758620689655172,0.5769230769230769,0.6230960662364685,5
"['V4', 'V10', 'V8']",0.45918367346938777,0.7258064516129032,0.5625,0.6171848797947521,3
"['V10', 'V21', 'V19', 'V20']",0.45918367346938777,0.7627118644067796,0.5732484076433121,0.6175462998339379,4
"['V8', 'V5', 'V20', 'V12']",0.45918367346938777,0.7758620689655172,0.5769230769230769,0.5591048976247832,4
"['V4', 'V16', 'V5', 'V20']",0.45918367346938777,0.7627118644067796,0.5732484076433121,0.6107055477983724,4
"['V4', 'V17', 'V21']",0.45918367346938777,0.7377049180327869,0.5660377358490566,0.5954969132918019,3
"['V4', 'V16', 'V21']",0.45918367346938777,0.75,0.569620253164557,0.6079026640727486,3
"['V10', 'V21', 'V20']",0.45918367346938777,0.7627118644067796,0.5732484076433121,0.6129995208115191,3
"['V10', 'V8', 'V5']",0.45918367346938777,0.7758620689655172,0.5769230769230769,0.5872952608707617,3
"['V4', 'V17', 'V21', 'V19']",0.45918367346938777,0.7377049180327869,0.5660377358490566,0.598499095052983,4
"['V8', 'V5', 'V17', 'V21', 'V19']",0.4489795918367347,0.7719298245614035,0.567741935483871,0.6173023546202303,5
"['V10', 'V8', 'V21', 'V19']",0.4489795918367347,0.7213114754098361,0.5534591194968553,0.6049987044945327,4
"['V10', 'V21', 'V19']",0.4489795918367347,0.7213114754098361,0.5534591194968553,0.604607215800956,3
"['V8', 'V5', 'V17']",0.4489795918367347,0.7857142857142857,0.5714285714285714,0.6188895771421249,3
"['V16', 'V17', 'V20']",0.4489795918367347,0.7719298245614035,0.567741935483871,0.6344022573667989,3
"['V16', 'V17', 'V19']",0.4489795918367347,0.7719298245614035,0.567741935483871,0.6337051352770116,3
"['V10', 'V8', 'V5', 'V2']",0.4489795918367347,0.7719298245614035,0.567741935483871,0.60146895014921,4
"['V4', 'V8', 'V5', 'V17', 'V19']",0.4489795918367347,0.7213114754098361,0.5534591194968553,0.5942036037460064,5
"['V4', 'V8', 'V5', 'V17', 'V20']",0.4489795918367347,0.7213114754098361,0.5534591194968553,0.6050954271354675,5
"['V8', 'V17', 'V19', 'V20', 'V2']",0.4489795918367347,0.7719298245614035,0.567741935483871,0.6064056500229655,5
"['V4', 'V8', 'V5', 'V17', 'V19', 'V20']",0.4489795918367347,0.7213114754098361,0.5534591194968553,0.6064045320284228,6
"['V4', 'V8', 'V17']",0.4489795918367347,0.6984126984126984,0.546583850931677,0.596940264458579,3
"['V4', 'V8', 'V17', 'V21', 'V20']",0.4489795918367347,0.7333333333333333,0.5569620253164557,0.6115052271614241,5
"['V8', 'V5', 'V17', 'V20']",0.4489795918367347,0.7857142857142857,0.5714285714285714,0.6195718267034463,4
"['V4', 'V8', 'V17', 'V21', 'V19', 'V20']",0.4489795918367347,0.7213114754098361,0.5534591194968553,0.611785718172332,6
"['V5', 'V17', 'V21', 'V19']",0.4489795918367347,0.7586206896551724,0.5641025641025641,0.6124036018347142,4
"['V4', 'V8', 'V17', 'V19', 'V20']",0.4489795918367347,0.7333333333333333,0.5569620253164557,0.6028258582988877,5
"['V16', 'V17', 'V19', 'V20']",0.4489795918367347,0.7719298245614035,0.567741935483871,0.6319562380652435,4
"['V4', 'V8', 'V5', 'V17', 'V21']",0.4489795918367347,0.7213114754098361,0.5534591194968553,0.6109790751203761,5
"['V8', 'V5', 'V17', 'V19']",0.4489795918367347,0.7719298245614035,0.567741935483871,0.6170881295564035,4
"['V8', 'V5', 'V17', 'V21', 'V19', 'V20']",0.4489795918367347,0.7719298245614035,0.567741935483871,0.6195468890079838,6
"['V8', 'V5', 'V17', 'V21']",0.4489795918367347,0.7857142857142857,0.5714285714285714,0.6213158798374024,4
"['V4', 'V8', 'V5', 'V17', 'V21', 'V19', 'V20']",0.4489795918367347,0.7213114754098361,0.5534591194968553,0.6104029722767408,7
"['V8', 'V5', 'V17', 'V19', 'V20']",0.4489795918367347,0.7857142857142857,0.5714285714285714,0.6183871080565557,5
"['V4', 'V8', 'V5', 'V17', 'V21', 'V20']",0.4489795918367347,0.7213114754098361,0.5534591194968553,0.6091314727285729,6
"['V4', 'V8', 'V5', 'V17', 'V21', 'V19']",0.4489795918367347,0.7213114754098361,0.5534591194968553,0.6100054103644074,6
"['V4', 'V8', 'V5', 'V17']",0.4489795918367347,0.7096774193548387,0.55,0.5969531659349026,4
"['V4', 'V5', 'V17', 'V21', 'V20']",0.4489795918367347,0.7213114754098361,0.5534591194968553,0.592145756826781,5
"['V4', 'V16', 'V8', 'V5', 'V21', 'V19']",0.4489795918367347,0.7586206896551724,0.5641025641025641,0.6207841044815008,6
"['V4', 'V8', 'V17', 'V21']",0.4489795918367347,0.7333333333333333,0.5569620253164557,0.6090939318922938,4
"['V4', 'V8', 'V17', 'V19']",0.4489795918367347,0.6984126984126984,0.546583850931677,0.5928481409147893,4
"['V4', 'V8', 'V17', 'V20']",0.4489795918367347,0.7333333333333333,0.5569620253164557,0.6028197560738261,4
"['V4', 'V8', 'V17', 'V21', 'V19']",0.4489795918367347,0.7333333333333333,0.5569620253164557,0.6092331888385317,5
"['V5', 'V17', 'V21', 'V2']",0.4387755102040816,0.7678571428571429,0.5584415584415584,0.6004530287799691,4
"['V5', 'V17', 'V19', 'V2']",0.4387755102040816,0.7678571428571429,0.5584415584415584,0.5797197322709498,4
"['V17', 'V21', 'V19', 'V20']",0.4387755102040816,0.7678571428571429,0.5584415584415584,0.618162542993231,4
"['V5', 'V17', 'V20', 'V2']",0.4387755102040816,0.7678571428571429,0.5584415584415584,0.6046242308136994,4
"['V17', 'V19', 'V20', 'V2']",0.4387755102040816,0.7678571428571429,0.5584415584415584,0.6253290917023137,4
"['V5', 'V17', 'V21', 'V20']",0.4387755102040816,0.7678571428571429,0.5584415584415584,0.6156579072199958,4
"['V17', 'V21', 'V19', 'V2']",0.4387755102040816,0.7678571428571429,0.5584415584415584,0.6117204445344969,4
"['V4', 'V17', 'V19']",0.4387755102040816,0.7049180327868853,0.5408805031446541,0.5872451043988515,3
"['V4', 'V17', 'V20']",0.4387755102040816,0.7049180327868853,0.5408805031446541,0.597734048079354,3
"['V10', 'V8', 'V2']",0.4387755102040816,0.7413793103448276,0.5512820512820513,0.5998523159453252,3
"['V17', 'V21', 'V20', 'V2']",0.4387755102040816,0.7678571428571429,0.5584415584415584,0.6091240797448862,4
"['V10', 'V5', 'V19']",0.4387755102040816,0.7413793103448276,0.5512820512820513,0.6006295608917639,3
"['V8', 'V5', 'V17', 'V21', 'V19', 'V20', 'V2']",0.4387755102040816,0.7678571428571429,0.5584415584415584,0.5932317275984086,7
"['V10', 'V19', 'V2']",0.4387755102040816,0.7049180327868853,0.5408805031446541,0.5783665132814912,3
"['V8', 'V17', 'V21', 'V19', 'V2']",0.4387755102040816,0.7678571428571429,0.5584415584415584,0.6085800086620986,5
"['V8', 'V17', 'V21', 'V20']",0.4387755102040816,0.7678571428571429,0.5584415584415584,0.6173395460479638,4
"['V5', 'V17', 'V21', 'V19', 'V20', 'V2']",0.4387755102040816,0.7678571428571429,0.5584415584415584,0.589110572395534,6
"['V17', 'V21', 'V2']",0.4387755102040816,0.7678571428571429,0.5584415584415584,0.6152560948885665,3
"['V17', 'V20', 'V2']",0.4387755102040816,0.7678571428571429,0.5584415584415584,0.6293974928210232,3
"['V8', 'V17', 'V20', 'V2']",0.4387755102040816,0.7678571428571429,0.5584415584415584,0.6110813459828599,4
"['V4', 'V5', 'V17', 'V20']",0.4387755102040816,0.7166666666666667,0.5443037974683544,0.5935534003985322,4
"['V8', 'V5', 'V17', 'V21', 'V19', 'V2']",0.4387755102040816,0.7678571428571429,0.5584415584415584,0.591985782663038,6
"['V8', 'V17', 'V19', 'V2']",0.4387755102040816,0.7678571428571429,0.5584415584415584,0.6007305910653673,4
"['V8', 'V5', 'V17', 'V21', 'V20', 'V2']",0.4387755102040816,0.7678571428571429,0.5584415584415584,0.5972648943057904,6
"['V8', 'V17', 'V19', 'V20']",0.4387755102040816,0.7678571428571429,0.5584415584415584,0.6142020651209665,4
"['V8', 'V17', 'V21', 'V2']",0.4387755102040816,0.7678571428571429,0.5584415584415584,0.6088796207136206,4
"['V8', 'V5', 'V17', 'V19', 'V20', 'V2']",0.4387755102040816,0.7678571428571429,0.5584415584415584,0.6043685750392954,6
"['V8', 'V17', 'V21', 'V19']",0.4387755102040816,0.7678571428571429,0.5584415584415584,0.6128292601235716,4
"['V8', 'V17', 'V21', 'V19', 'V20', 'V2']",0.4387755102040816,0.7678571428571429,0.5584415584415584,0.6067910986115597,6
"['V17', 'V21', 'V19', 'V20', 'V2']",0.4387755102040816,0.7678571428571429,0.5584415584415584,0.6060640885298056,5
"['V17', 'V21', 'V19']",0.4387755102040816,0.7678571428571429,0.5584415584415584,0.6181338688152611,3
"['V8', 'V5', 'V17', 'V2']",0.4387755102040816,0.7678571428571429,0.5584415584415584,0.590803479849477,4
"['V8', 'V5', 'V17', 'V21', 'V20']",0.4387755102040816,0.7818181818181819,0.5620915032679739,0.6220098499890678,5
"['V5', 'V17', 'V19', 'V20', 'V2']",0.4387755102040816,0.7678571428571429,0.5584415584415584,0.5994617400084434,5
"['V5', 'V17', 'V21', 'V20', 'V2']",0.4387755102040816,0.7678571428571429,0.5584415584415584,0.5932925392730737,5
"['V5', 'V17', 'V21', 'V19', 'V2']",0.4387755102040816,0.7678571428571429,0.5584415584415584,0.5951489947486784,5
"['V5', 'V17', 'V21', 'V19', 'V20']",0.4387755102040816,0.7543859649122807,0.5548387096774193,0.6102494933255506,5
"['V8', 'V5', 'V17', 'V21', 'V2']",0.4387755102040816,0.7678571428571429,0.5584415584415584,0.5959737120591136,5
"['V10', 'V8', 'V21', 'V20']",0.4387755102040816,0.7543859649122807,0.5548387096774193,0.61296260448166,4
"['V8', 'V17', 'V21', 'V20', 'V2']",0.4387755102040816,0.7678571428571429,0.5584415584415584,0.6099085622258713,5
"['V8', 'V17', 'V21', 'V19', 'V20']",0.4387755102040816,0.7678571428571429,0.5584415584415584,0.6157045607379921,5
"['V4', 'V16', 'V5', 'V21']",0.4387755102040816,0.7413793103448276,0.5512820512820513,0.605745863899878,4
"['V8', 'V5', 'V17', 'V20', 'V2']",0.4387755102040816,0.7678571428571429,0.5584415584415584,0.6097947962521936,5
"['V17', 'V21', 'V20']",0.4387755102040816,0.7678571428571429,0.5584415584415584,0.620823248476798,3
"['V17', 'V19', 'V2']",0.4387755102040816,0.7678571428571429,0.5584415584415584,0.6126373339835561,3
"['V5', 'V17', 'V2']",0.4387755102040816,0.7678571428571429,0.5584415584415584,0.5836068792762537,3
"['V8', 'V17', 'V2']",0.4387755102040816,0.7678571428571429,0.5584415584415584,0.6037139411942116,3
"['V10', 'V8', 'V20', 'V2']",0.4387755102040816,0.7543859649122807,0.5548387096774193,0.6045137132602229,4
"['V4', 'V17', 'V19', 'V20']",0.4387755102040816,0.7288135593220338,0.5477707006369427,0.5978452339951711,4
"['V10', 'V8', 'V19', 'V2']",0.4387755102040816,0.7413793103448276,0.5512820512820513,0.6077410796817843,4
"['V10', 'V8', 'V19', 'V20']",0.4387755102040816,0.7413793103448276,0.5512820512820513,0.5983641462721982,4
"['V8', 'V17', 'V19']",0.4387755102040816,0.7678571428571429,0.5584415584415584,0.6135242970403757,3
"['V8', 'V17', 'V20']",0.4387755102040816,0.7678571428571429,0.5584415584415584,0.6160740915938863,3
"['V8', 'V17', 'V21']",0.4387755102040816,0.7678571428571429,0.5584415584415584,0.6160993934537724,3
"['V8', 'V5', 'V17', 'V19', 'V2']",0.4387755102040816,0.7678571428571429,0.5584415584415584,0.586432975373923,5
"['V5', 'V17', 'V21']",0.4387755102040816,0.7678571428571429,0.5584415584415584,0.6187665244931871,3
"['V4', 'V5', 'V17', 'V19', 'V20']",0.42857142857142855,0.711864406779661,0.535031847133758,0.5928686882169679,5
"['V16', 'V8', 'V19', 'V20', 'V2']",0.42857142857142855,0.7636363636363637,0.5490196078431373,0.5473685267021448,5
"['V10', 'V19', 'V20', 'V2']",0.42857142857142855,0.7241379310344828,0.5384615384615384,0.5951012768330973,4
"['V16', 'V8', 'V5', 'V20', 'V2']",0.42857142857142855,0.7636363636363637,0.5490196078431373,0.5491441142799942,5
"['V16', 'V5', 'V20', 'V2']",0.42857142857142855,0.7636363636363637,0.5490196078431373,0.5492734227073508,4
"['V5', 'V17', 'V19']",0.42857142857142855,0.7636363636363637,0.5490196078431373,0.6050129226045757,3
"['V10', 'V5', 'V19', 'V2']",0.42857142857142855,0.7368421052631579,0.5419354838709678,0.6054674426727605,4
"['V5', 'V17', 'V19', 'V20']",0.42857142857142855,0.7636363636363637,0.5490196078431373,0.6056157775025727,4
"['V4', 'V5', 'V17', 'V19']",0.42857142857142855,0.711864406779661,0.535031847133758,0.586400198626786,4
"['V10', 'V8', 'V19', 'V20', 'V2']",0.42857142857142855,0.75,0.5454545454545454,0.611467133333924,5
"['V4', 'V5', 'V17']",0.42857142857142855,0.711864406779661,0.535031847133758,0.588010725301209,3
"['V10', 'V8', 'V20']",0.42857142857142855,0.75,0.5454545454545454,0.5928535696940278,3
"['V16', 'V8', 'V20', 'V2']",0.42857142857142855,0.7636363636363637,0.5490196078431373,0.5510503075303258,4
"['V10', 'V8', 'V21']",0.42857142857142855,0.711864406779661,0.535031847133758,0.5967075276178105,3
"['V10', 'V19', 'V20']",0.42857142857142855,0.711864406779661,0.535031847133758,0.5871325579517359,3
"['V5', 'V17', 'V20']",0.41836734693877553,0.7592592592592593,0.5394736842105263,0.6111690817155927,3
"['V16', 'V8', 'V5', 'V19', 'V20', 'V2']",0.41836734693877553,0.7592592592592593,0.5394736842105263,0.5467852719273858,6
"['V10', 'V5', 'V2']",0.41836734693877553,0.6949152542372882,0.5222929936305732,0.574900713769445,3
"['V16', 'V8', 'V19', 'V2']",0.41836734693877553,0.7592592592592593,0.5394736842105263,0.5433649098787349,4
"['V16', 'V5', 'V21', 'V2']",0.41836734693877553,0.7592592592592593,0.5394736842105263,0.5405606369965965,4
"['V16', 'V8', 'V5', 'V21', 'V19', 'V2']",0.41836734693877553,0.7592592592592593,0.5394736842105263,0.536764150214024,6
"['V16', 'V8', 'V5', 'V2']",0.41836734693877553,0.7592592592592593,0.5394736842105263,0.5370674637218968,4
"['V16', 'V8', 'V5', 'V21', 'V2']",0.41836734693877553,0.7592592592592593,0.5394736842105263,0.5402653536809956,5
"['V16', 'V8', 'V2']",0.41836734693877553,0.7592592592592593,0.5394736842105263,0.5466134077520419,3
"['V16', 'V8', 'V5', 'V21', 'V20', 'V2']",0.41836734693877553,0.7592592592592593,0.5394736842105263,0.5432720684626913,6
"['V10', 'V20', 'V2']",0.41836734693877553,0.7068965517241379,0.5256410256410257,0.5829863467298706,3
"['V16', 'V5', 'V21', 'V20', 'V2']",0.41836734693877553,0.7592592592592593,0.5394736842105263,0.5441341782065953,5
"['V17', 'V19', 'V20']",0.41836734693877553,0.7592592592592593,0.5394736842105263,0.6172207430644236,3
"['V16', 'V21', 'V19', 'V20', 'V2']",0.40816326530612246,0.7547169811320755,0.5298013245033113,0.549147951754286,5
"['V16', 'V8', 'V21', 'V20', 'V2']",0.40816326530612246,0.7547169811320755,0.5298013245033113,0.552800294210682,5
"['V16', 'V8', 'V21', 'V19', 'V2']",0.40816326530612246,0.7547169811320755,0.5298013245033113,0.5481888424514567,5
"['V16', 'V5', 'V21', 'V19', 'V2']",0.40816326530612246,0.7547169811320755,0.5298013245033113,0.5385489738660845,5
"['V16', 'V21', 'V19', 'V2']",0.40816326530612246,0.7547169811320755,0.5298013245033113,0.5530482001484304,4
"['V16', 'V8', 'V21', 'V2']",0.40816326530612246,0.7547169811320755,0.5298013245033113,0.5519534998733251,4
"['V10', 'V8', 'V19']",0.40816326530612246,0.7407407407407407,0.5263157894736842,0.5838353938627694,3
"['V16', 'V21', 'V2']",0.40816326530612246,0.7547169811320755,0.5298013245033113,0.556309911886915,3
"['V16', 'V8', 'V21', 'V19', 'V20', 'V2']",0.40816326530612246,0.7547169811320755,0.5298013245033113,0.5490827290730196,6
"['V16', 'V19', 'V2']",0.40816326530612246,0.7547169811320755,0.5298013245033113,0.54079661940543,3
"['V16', 'V20', 'V2']",0.40816326530612246,0.7547169811320755,0.5298013245033113,0.5558258064843888,3
"['V16', 'V5', 'V21', 'V19', 'V20', 'V2']",0.40816326530612246,0.7547169811320755,0.5298013245033113,0.5390080585928999,6
"['V16', 'V5', 'V19', 'V20', 'V2']",0.40816326530612246,0.7547169811320755,0.5298013245033113,0.5456752352099142,5
"['V16', 'V8', 'V5', 'V21', 'V19', 'V20', 'V2']",0.40816326530612246,0.7547169811320755,0.5298013245033113,0.5389562641806214,7
"['V16', 'V19', 'V20', 'V2']",0.40816326530612246,0.7547169811320755,0.5298013245033113,0.5564920761979787,4
"['V16', 'V21', 'V20', 'V2']",0.40816326530612246,0.7547169811320755,0.5298013245033113,0.5521914166914286,4
"['V16', 'V5', 'V2']",0.3979591836734694,0.75,0.52,0.5327552666407521,3
"['V16', 'V8', 'V5', 'V19', 'V2']",0.3979591836734694,0.75,0.52,0.53533517008421,5
"['V16', 'V5', 'V21', 'V19']",0.3877551020408163,0.7916666666666666,0.5205479452054794,0.514353793014851,4
"['V16', 'V8', 'V5', 'V21', 'V19']",0.3877551020408163,0.8085106382978723,0.5241379310344828,0.5199754017307132,5
"['V16', 'V5', 'V19', 'V2']",0.3877551020408163,0.7450980392156863,0.5100671140939598,0.5293318732388974,4
"['V16', 'V5', 'V21']",0.3877551020408163,0.7916666666666666,0.5205479452054794,0.5139125982672632,3
"['V16', 'V5', 'V21', 'V19', 'V20']",0.3877551020408163,0.7916666666666666,0.5205479452054794,0.5186845846224639,5
"['V16', 'V8', 'V21', 'V20']",0.37755102040816324,0.8043478260869565,0.5138888888888888,0.5178735991921347,4
"['V16', 'V8', 'V21', 'V19', 'V20']",0.37755102040816324,0.8043478260869565,0.5138888888888888,0.5237046682924157,5
"['V16', 'V8', 'V5', 'V21']",0.37755102040816324,0.8043478260869565,0.5138888888888888,0.5187365834729961,4
"['V16', 'V8', 'V5', 'V21', 'V20']",0.37755102040816324,0.8043478260869565,0.5138888888888888,0.5191345741247809,5
"['V16', 'V21', 'V19']",0.37755102040816324,0.8043478260869565,0.5138888888888888,0.5138270418572651,3
"['V16', 'V5', 'V21', 'V20']",0.37755102040816324,0.7872340425531915,0.5103448275862069,0.5150072549316377,4
"['V16', 'V5', 'V19', 'V20']",0.37755102040816324,0.8043478260869565,0.5138888888888888,0.5089867557145099,4
"['V16', 'V21', 'V19', 'V20']",0.37755102040816324,0.8043478260869565,0.5138888888888888,0.5175230537429474,4
"['V16', 'V21', 'V20']",0.37755102040816324,0.8043478260869565,0.5138888888888888,0.5139927096429749,3
"['V16', 'V8', 'V5', 'V21', 'V19', 'V20']",0.37755102040816324,0.8043478260869565,0.5138888888888888,0.5237063636080318,6
"['V16', 'V8', 'V21', 'V19']",0.3673469387755102,0.8181818181818182,0.5070422535211268,0.5191661817342607,4
"['V16', 'V8', 'V19']",0.3673469387755102,0.8372093023255814,0.5106382978723404,0.5082382485553724,3
"['V16', 'V8', 'V19', 'V20']",0.3673469387755102,0.8,0.5034965034965035,0.5122834383546586,4
"['V16', 'V8', 'V21']",0.3673469387755102,0.8,0.5034965034965035,0.5144583238147736,3
"['V16', 'V8', 'V5', 'V19', 'V20']",0.3673469387755102,0.8,0.5034965034965035,0.5142315929596398,5
"['V16', 'V8', 'V5']",0.3673469387755102,0.8181818181818182,0.5070422535211268,0.5113314939151434,3
"['V16', 'V8', 'V20']",0.3673469387755102,0.8,0.5034965034965035,0.5081195952403837,3
"['V16', 'V19', 'V20']",0.3673469387755102,0.8,0.5034965034965035,0.5099529177486678,3
"['V16', 'V8', 'V5', 'V20']",0.3673469387755102,0.8,0.5034965034965035,0.5111258385486878,4
"['V16', 'V8', 'V5', 'V19']",0.3673469387755102,0.8181818181818182,0.5070422535211268,0.5135917503002937,4
"['V16', 'V5', 'V19']",0.3673469387755102,0.8181818181818182,0.5070422535211268,0.5066884797533496,3
"['V16', 'V5', 'V20']",0.3673469387755102,0.8,0.5034965034965035,0.5071866513852354,3
"['V4', 'V8', 'V2']",0.29591836734693877,0.7837837837837838,0.42962962962962964,0.38691762763148607,3
"['V4', 'V5', 'V21', 'V20', 'V2']",0.29591836734693877,0.7435897435897436,0.4233576642335766,0.38358404990599565,5
"['V4', 'V8', 'V21', 'V19', 'V2']",0.29591836734693877,0.7435897435897436,0.4233576642335766,0.38128091582120666,5
"['V4', 'V8', 'V5', 'V21', 'V2']",0.29591836734693877,0.7435897435897436,0.4233576642335766,0.3813902670444807,5
"['V4', 'V8', 'V5', 'V21', 'V20', 'V2']",0.29591836734693877,0.7435897435897436,0.4233576642335766,0.3821938577331216,6
"['V4', 'V8', 'V5', 'V19', 'V20', 'V2']",0.29591836734693877,0.7631578947368421,0.4264705882352941,0.38862033516209765,6
"['V4', 'V8', 'V21', 'V2']",0.29591836734693877,0.7631578947368421,0.4264705882352941,0.38242600112767045,4
"['V4', 'V8', 'V19', 'V2']",0.29591836734693877,0.7837837837837838,0.42962962962962964,0.3871084964962911,4
"['V4', 'V21', 'V2']",0.29591836734693877,0.7631578947368421,0.4264705882352941,0.3886006767504865,3
"['V4', 'V8', 'V20', 'V2']",0.29591836734693877,0.7837837837837838,0.42962962962962964,0.38608358603089293,4
"['V4', 'V19', 'V2']",0.29591836734693877,0.7837837837837838,0.42962962962962964,0.3866534011427216,3
"['V4', 'V20', 'V2']",0.29591836734693877,0.7837837837837838,0.42962962962962964,0.38525639113190124,3
"['V4', 'V21', 'V19', 'V2']",0.29591836734693877,0.7631578947368421,0.4264705882352941,0.38818274870539426,4
"['V4', 'V5', 'V21', 'V19', 'V2']",0.2857142857142857,0.7368421052631579,0.4117647058823529,0.390588779587368,5
"['V4', 'V8', 'V5', 'V21', 'V19', 'V20', 'V2']",0.2857142857142857,0.7368421052631579,0.4117647058823529,0.3840721552447061,7
"['V4', 'V8', 'V19', 'V20', 'V2']",0.2857142857142857,0.7777777777777778,0.417910447761194,0.3869020504702813,5
"['V4', 'V5', 'V19', 'V20', 'V2']",0.2857142857142857,0.7567567567567568,0.4148148148148148,0.38413273853943664,5
"['V4', 'V21', 'V19', 'V20', 'V2']",0.2857142857142857,0.7368421052631579,0.4117647058823529,0.3867987649268863,5
"['V4', 'V8', 'V21', 'V19', 'V20', 'V2']",0.2857142857142857,0.7368421052631579,0.4117647058823529,0.37952897004305347,6
"['V4', 'V8', 'V21', 'V20', 'V2']",0.2857142857142857,0.7368421052631579,0.4117647058823529,0.37728401595774635,5
"['V4', 'V8', 'V5', 'V20', 'V2']",0.2857142857142857,0.7567567567567568,0.4148148148148148,0.38761188725771456,5
"['V4', 'V8', 'V5', 'V19', 'V2']",0.2857142857142857,0.7567567567567568,0.4148148148148148,0.3867445246894636,5
"['V4', 'V5', 'V2']",0.2857142857142857,0.7567567567567568,0.4148148148148148,0.3867303736177616,3
"['V4', 'V19', 'V20', 'V2']",0.2857142857142857,0.7567567567567568,0.4148148148148148,0.38625683981207504,4
"['V4', 'V21', 'V20', 'V2']",0.2857142857142857,0.7368421052631579,0.4117647058823529,0.38177617119957385,4
"['V4', 'V5', 'V19', 'V2']",0.2857142857142857,0.7567567567567568,0.4148148148148148,0.386589384380525,4
"['V4', 'V5', 'V21', 'V19', 'V20', 'V2']",0.2857142857142857,0.7368421052631579,0.4117647058823529,0.38379307929480583,6
"['V4', 'V5', 'V21', 'V2']",0.2857142857142857,0.7368421052631579,0.4117647058823529,0.39007094375109125,4
"['V4', 'V8', 'V5', 'V2']",0.2857142857142857,0.7777777777777778,0.417910447761194,0.38673831613440035,4
"['V4', 'V8', 'V5', 'V21', 'V19', 'V2']",0.2857142857142857,0.7368421052631579,0.4117647058823529,0.3807377711757828,6
"['V4', 'V5', 'V20', 'V2']",0.2857142857142857,0.7567567567567568,0.4148148148148148,0.38351352632261765,4
"['V4', 'V8', 'V5', 'V21', 'V19', 'V20']",0.23469387755102042,0.6571428571428571,0.3458646616541353,0.2939893815543785,6
"['V4', 'V5', 'V21', 'V19', 'V20']",0.23469387755102042,0.6571428571428571,0.3458646616541353,0.2928757920977454,5
"['V4', 'V8', 'V5', 'V21']",0.23469387755102042,0.6388888888888888,0.34328358208955223,0.27921583710429615,4
"['V4', 'V8', 'V5', 'V21', 'V19']",0.23469387755102042,0.6052631578947368,0.3382352941176471,0.3011086711766182,5
"['V4', 'V8', 'V5', 'V21', 'V20']",0.23469387755102042,0.6216216216216216,0.34074074074074073,0.2780909284131494,5
"['V4', 'V8', 'V5', 'V19']",0.22448979591836735,0.6285714285714286,0.3308270676691729,0.2558681610183953,4
"['V4', 'V8', 'V5', 'V19', 'V20']",0.22448979591836735,0.5945945945945946,0.32592592592592595,0.2772846995646272,5
"['V4', 'V8', 'V5', 'V20']",0.21428571428571427,0.6363636363636364,0.32061068702290074,0.2561130172643954,4
"['V4', 'V8', 'V5']",0.21428571428571427,0.6363636363636364,0.32061068702290074,0.2525891578520158,3
"['V4', 'V5', 'V21', 'V19']",0.21428571428571427,0.6,0.3157894736842105,0.28040325825782025,4
"['V4', 'V5', 'V21', 'V20']",0.20408163265306123,0.625,0.3076923076923077,0.271686839718047,4
"['V4', 'V5', 'V21']",0.20408163265306123,0.6060606060606061,0.3053435114503817,0.27081382734820103,3
"['V5', 'V21', 'V19', 'V20', 'V2']",0.19387755102040816,0.7037037037037037,0.304,0.23156813842663912,5
"['V8', 'V5', 'V21', 'V19', 'V20', 'V2']",0.19387755102040816,0.7037037037037037,0.304,0.2304757476973939,6
"['V5', 'V19', 'V2']",0.1836734693877551,0.6923076923076923,0.2903225806451613,0.2234122708647797,3
"['V8', 'V5', 'V19', 'V2']",0.1836734693877551,0.6923076923076923,0.2903225806451613,0.2265055082692494,4
"['V4', 'V5', 'V19', 'V20']",0.1836734693877551,0.6206896551724138,0.28346456692913385,0.26725871612789787,4
"['V5', 'V21', 'V19', 'V2']",0.1836734693877551,0.6923076923076923,0.2903225806451613,0.22472110623251848,4
"['V5', 'V19', 'V20', 'V2']",0.1836734693877551,0.6923076923076923,0.2903225806451613,0.2244529115536083,4
"['V8', 'V5', 'V19', 'V20', 'V2']",0.1836734693877551,0.6923076923076923,0.2903225806451613,0.22447522517889604,5
"['V8', 'V5', 'V21', 'V19', 'V2']",0.1836734693877551,0.6923076923076923,0.2903225806451613,0.22695739688504188,5
"['V4', 'V5', 'V19']",0.17346938775510204,0.5666666666666667,0.265625,0.23687141115351903,3
"['V4', 'V8', 'V21', 'V19']",0.17346938775510204,0.6071428571428571,0.2698412698412698,0.2690603622132228,4
"['V4', 'V8', 'V21', 'V19', 'V20']",0.16326530612244897,0.5925925925925926,0.256,0.26919816457495943,5
"['V8', 'V21', 'V19', 'V20', 'V2']",0.16326530612244897,0.6956521739130435,0.2644628099173554,0.2118376217053773,5
"['V4', 'V5', 'V20']",0.16326530612244897,0.5925925925925926,0.256,0.24738246890053595,3
"['V4', 'V8', 'V21', 'V20']",0.16326530612244897,0.5925925925925926,0.256,0.25211588145503494,4
"['V19', 'V20', 'V2']",0.15306122448979592,0.7142857142857143,0.25210084033613445,0.2112948452996807,3
"['V8', 'V21', 'V19', 'V2']",0.15306122448979592,0.7142857142857143,0.25210084033613445,0.21344770162971216,4
"['V21', 'V19', 'V2']",0.15306122448979592,0.7142857142857143,0.25210084033613445,0.21736894849457303,3
"['V21', 'V19', 'V20', 'V2']",0.15306122448979592,0.7142857142857143,0.25210084033613445,0.216641534567419,4
"['V4', 'V21', 'V19']",0.15306122448979592,0.6,0.24390243902439024,0.24804838942503,3
"['V8', 'V19', 'V2']",0.15306122448979592,0.7142857142857143,0.25210084033613445,0.21196879178319594,3
"['V4', 'V21', 'V19', 'V20']",0.15306122448979592,0.5769230769230769,0.24193548387096775,0.25242877468459135,4
"['V8', 'V19', 'V20', 'V2']",0.15306122448979592,0.7142857142857143,0.25210084033613445,0.21401304051565848,4
"['V4', 'V8', 'V19']",0.14285714285714285,0.56,0.22764227642276422,0.22092330104438532,3
"['V4', 'V8', 'V19', 'V20']",0.1326530612244898,0.5909090909090909,0.21666666666666667,0.24420018852462963,4
"['V8', 'V5', 'V21', 'V2']",0.1326530612244898,0.5652173913043478,0.21487603305785125,0.15720888446933207,4
"['V4', 'V8', 'V21']",0.1326530612244898,0.5,0.20967741935483872,0.24711069168409772,3
"['V4', 'V21', 'V20']",0.1326530612244898,0.52,0.21138211382113822,0.23060832025015063,3
"['V8', 'V5', 'V21', 'V20', 'V2']",0.1326530612244898,0.5652173913043478,0.21487603305785125,0.1620565622305949,5
"['V4', 'V19', 'V20']",0.1326530612244898,0.5909090909090909,0.21666666666666667,0.22258223594976517,3
"['V5', 'V21', 'V20', 'V2']",0.1326530612244898,0.5652173913043478,0.21487603305785125,0.16130484779356097,4
"['V5', 'V21', 'V2']",0.1326530612244898,0.5909090909090909,0.21666666666666667,0.15673798788095034,3
"['V8', 'V5', 'V20', 'V2']",0.1326530612244898,0.5909090909090909,0.21666666666666667,0.1482090438156432,4
"['V8', 'V5', 'V2']",0.1326530612244898,0.6190476190476191,0.2184873949579832,0.14739585288686705,3
"['V5', 'V20', 'V2']",0.1326530612244898,0.5909090909090909,0.21666666666666667,0.14806602662834908,3
"['V4', 'V8', 'V20']",0.12244897959183673,0.5,0.19672131147540983,0.22598597796628067,3
"['V8', 'V5', 'V21', 'V19']",0.11224489795918367,0.7333333333333333,0.19469026548672566,0.16671824609095875,4
"['V8', 'V21', 'V2']",0.11224489795918367,0.5789473684210527,0.18803418803418803,0.12744730314965005,3
"['V8', 'V5', 'V21', 'V19', 'V20']",0.11224489795918367,0.6875,0.19298245614035087,0.17050634472654122,5
"['V8', 'V20', 'V2']",0.11224489795918367,0.6470588235294118,0.19130434782608696,0.12975416745583082,3
"['V8', 'V21', 'V20', 'V2']",0.11224489795918367,0.5789473684210527,0.18803418803418803,0.12530819393436254,4
"['V21', 'V20', 'V2']",0.10204081632653061,0.625,0.17543859649122806,0.13007606800252758,3
"['V5', 'V21', 'V19', 'V20']",0.08163265306122448,0.6153846153846154,0.14414414414414414,0.16022625837917842,4
"['V5', 'V21', 'V19']",0.061224489795918366,0.46153846153846156,0.10810810810810811,0.13910142010074789,3
"['V8', 'V5', 'V19']",0.061224489795918366,0.46153846153846156,0.10810810810810811,0.14137270909525035,3
"['V8', 'V5', 'V19', 'V20']",0.061224489795918366,0.5454545454545454,0.11009174311926606,0.15743225279517395,4
"['V8', 'V5', 'V21', 'V20']",0.05102040816326531,0.45454545454545453,0.09174311926605505,0.10420992064180078,4
"['V8', 'V5', 'V21']",0.05102040816326531,0.45454545454545453,0.09174311926605505,0.10491585666815194,3
"['V8', 'V21', 'V19', 'V20']",0.04081632653061224,0.6666666666666666,0.07692307692307693,0.18498713019056925,4
"['V8', 'V21', 'V19']",0.04081632653061224,0.6666666666666666,0.07692307692307693,0.1868269666684032,3
"['V5', 'V21', 'V20']",0.030612244897959183,0.3,0.05555555555555555,0.08413688667662425,3
"['V8', 'V21', 'V20']",0.030612244897959183,0.6,0.05825242718446602,0.10642794201325309,3
"['V8', 'V5', 'V20']",0.030612244897959183,0.3333333333333333,0.056074766355140186,0.08130826768206811,3
"['V5', 'V19', 'V20']",0.02040816326530612,0.25,0.03773584905660377,0.1437424040358454,3
"['V21', 'V19', 'V20']",0.02040816326530612,1.0,0.04,0.06503675960568843,3
"['V8', 'V19', 'V20']",0.0,0.0,0.0,0.1334752463532917,3
