features,recall,precision,f1,pr_auc,n_features
"['V14', 'V10', 'V1', 'V2', 'V5', 'V3', 'V6', 'V8', 'V21', 'V9', 'V11', 'V16', 'V7', 'V17', 'V20']",0.6216216216216216,0.8070175438596491,0.7022900763358778,0.6548355866684129,15
"['V14', 'V10', 'V1', 'V2', 'V5', 'V3', 'V6', 'V8', 'V21', 'V9', 'V11', 'V16', 'V7', 'V17', 'V18', 'V19', 'V20']",0.6216216216216216,0.8070175438596491,0.7022900763358778,0.654787822320598,17
"['V14', 'V10', 'V1', 'V2', 'V5', 'V3', 'V6', 'V8', 'V21', 'V9', 'V11', 'V16', 'V7']",0.6216216216216216,0.8070175438596491,0.7022900763358778,0.654425133537305,13
"['V14', 'V10', 'V1', 'V2', 'V5', 'V3', 'V6', 'V8', 'V21', 'V9', 'V11', 'V16', 'V20']",0.6216216216216216,0.8070175438596491,0.7022900763358778,0.6548831353480282,13
"['V14', 'V10', 'V1', 'V2', 'V5', 'V3', 'V6', 'V8', 'V21', 'V9', 'V11', 'V16', 'V7', 'V17']",0.6216216216216216,0.8070175438596491,0.7022900763358778,0.6532488394906188,14
"['V14', 'V10', 'V1', 'V2', 'V5', 'V3', 'V6', 'V8', 'V21', 'V9', 'V11', 'V16', 'V7', 'V19']",0.6216216216216216,0.8070175438596491,0.7022900763358778,0.6549282910867258,14
"['V14', 'V10', 'V1', 'V2', 'V5', 'V3', 'V6', 'V8', 'V21', 'V9', 'V11', 'V16', 'V7', 'V17', 'V18']",0.6216216216216216,0.8070175438596491,0.7022900763358778,0.652410532036911,15
"['V14', 'V10', 'V1', 'V2', 'V5', 'V3', 'V6', 'V8', 'V21', 'V9', 'V11', 'V16', 'V7', 'V17', 'V19']",0.6216216216216216,0.8070175438596491,0.7022900763358778,0.6527935836112716,15
"['V14', 'V10', 'V1', 'V2', 'V5', 'V3', 'V6', 'V8', 'V21', 'V9', 'V11', 'V16', 'V7', 'V17', 'V18', 'V19']",0.6216216216216216,0.8070175438596491,0.7022900763358778,0.6548103605146685,16
"['V14', 'V10', 'V1', 'V2', 'V5', 'V3', 'V6', 'V8', 'V21', 'V9', 'V11', 'V16', 'V7', 'V17', 'V18', 'V20']",0.6216216216216216,0.8070175438596491,0.7022900763358778,0.6533424885445508,16
"['V14', 'V10', 'V1', 'V2', 'V5', 'V3', 'V6', 'V8', 'V21', 'V9', 'V11', 'V16', 'V7', 'V20']",0.6216216216216216,0.8070175438596491,0.7022900763358778,0.6544337786852727,14
"['V10', 'V16', 'V9', 'V8', 'V12', 'V20', 'V11', 'V1']",0.6081081081081081,0.8035714285714286,0.6923076923076923,0.6044007039360019,8
"['V14', 'V10', 'V1', 'V2', 'V5', 'V3', 'V6', 'V8', 'V21', 'V9', 'V11']",0.6081081081081081,0.75,0.6716417910447762,0.6400693834241761,11
"['V14', 'V10', 'V1', 'V2', 'V5', 'V3', 'V6', 'V8', 'V21', 'V9', 'V11', 'V16', 'V17']",0.6081081081081081,0.8035714285714286,0.6923076923076923,0.6536626795277706,13
"['V14', 'V10', 'V1', 'V2', 'V5', 'V3', 'V6', 'V8', 'V21', 'V9', 'V11', 'V16', 'V12']",0.6081081081081081,0.8035714285714286,0.6923076923076923,0.6498387373248222,13
"['V14', 'V10', 'V8', 'V16', 'V4', 'V21', 'V3', 'V1', 'V20', 'V19', 'V18', 'V11', 'V5']",0.6081081081081081,0.8035714285714286,0.6923076923076923,0.666079035237221,13
"['V14', 'V10', 'V1', 'V2', 'V5', 'V3', 'V6', 'V8', 'V21', 'V9', 'V11', 'V20']",0.6081081081081081,0.75,0.6716417910447762,0.6399007704922013,12
"['V14', 'V10', 'V1', 'V2', 'V5', 'V3', 'V6', 'V8', 'V21', 'V9', 'V11', 'V17']",0.6081081081081081,0.7758620689655172,0.6818181818181818,0.6507854346406577,12
"['V14', 'V10', 'V1', 'V2', 'V5', 'V3', 'V6', 'V8', 'V21', 'V9', 'V11', 'V16']",0.6081081081081081,0.8035714285714286,0.6923076923076923,0.6543789283120363,12
"['V14', 'V10', 'V1', 'V2', 'V5', 'V3', 'V6', 'V8', 'V21', 'V9', 'V18']",0.6081081081081081,0.7758620689655172,0.6818181818181818,0.6545577875791557,11
"['V14', 'V10', 'V1', 'V2', 'V5', 'V3', 'V6', 'V8', 'V21', 'V9', 'V17']",0.6081081081081081,0.7758620689655172,0.6818181818181818,0.650830645215656,11
"['V14', 'V10', 'V1', 'V2', 'V5', 'V3', 'V6', 'V8', 'V21', 'V9', 'V16']",0.6081081081081081,0.8035714285714286,0.6923076923076923,0.655228283509826,11
"['V14', 'V10', 'V1', 'V2', 'V5', 'V3', 'V6', 'V8', 'V21', 'V20']",0.6081081081081081,0.75,0.6716417910447762,0.6388630693739442,10
"['V14', 'V10', 'V1', 'V2', 'V5', 'V3', 'V6', 'V8', 'V21', 'V9', 'V11', 'V16', 'V19']",0.6081081081081081,0.8035714285714286,0.6923076923076923,0.654410269271225,13
"['V14', 'V10', 'V1', 'V2', 'V5', 'V3', 'V6', 'V8', 'V21', 'V17']",0.6081081081081081,0.8035714285714286,0.6923076923076923,0.6451604403281829,10
"['V14', 'V10', 'V1', 'V2', 'V5', 'V3', 'V6', 'V8', 'V21', 'V16']",0.6081081081081081,0.8035714285714286,0.6923076923076923,0.6523322672764744,10
"['V14', 'V10', 'V1', 'V2', 'V5', 'V3', 'V6', 'V8', 'V21', 'V9']",0.6081081081081081,0.75,0.6716417910447762,0.6421091217284465,10
"['V14', 'V10', 'V1', 'V2', 'V5', 'V3', 'V6', 'V8', 'V21']",0.6081081081081081,0.7627118644067796,0.6766917293233082,0.6389285176022191,9
"['V4', 'V10', 'V16', 'V8', 'V21', 'V12', 'V20', 'V11', 'V1']",0.6081081081081081,0.7894736842105263,0.6870229007633588,0.6381466004464686,9
"['V10', 'V16', 'V9', 'V8', 'V21', 'V12', 'V7', 'V11', 'V1']",0.6081081081081081,0.8035714285714286,0.6923076923076923,0.6158471703934323,9
"['V10', 'V16', 'V9', 'V21', 'V12', 'V7', 'V20', 'V11', 'V1']",0.6081081081081081,0.8035714285714286,0.6923076923076923,0.6071884783001831,9
"['V10', 'V9', 'V8', 'V21', 'V12', 'V7', 'V20', 'V11', 'V1']",0.6081081081081081,0.8035714285714286,0.6923076923076923,0.6133245287525247,9
"['V14', 'V4', 'V10', 'V8', 'V21', 'V12', 'V7']",0.6081081081081081,0.8035714285714286,0.6923076923076923,0.6530119068255471,7
"['V14', 'V10', 'V1', 'V2', 'V5', 'V3', 'V6', 'V8', 'V21', 'V9', 'V11', 'V16', 'V18']",0.6081081081081081,0.8035714285714286,0.6923076923076923,0.6533504319847039,13
"['V14', 'V10', 'V8', 'V16', 'V4', 'V21', 'V3', 'V1', 'V20', 'V19', 'V18', 'V11', 'V12', 'V9', 'V7', 'V2', 'V5']",0.6081081081081081,0.8035714285714286,0.6923076923076923,0.6642447991238782,17
"['V14', 'V10', 'V8', 'V16', 'V4', 'V21', 'V3', 'V12']",0.6081081081081081,0.8035714285714286,0.6923076923076923,0.6654952901142126,8
"['V10', 'V16', 'V9', 'V8', 'V12', 'V11', 'V1']",0.6081081081081081,0.8035714285714286,0.6923076923076923,0.6064626444593633,7
"['V14', 'V4', 'V16', 'V9', 'V8', 'V12', 'V7', 'V1']",0.6081081081081081,0.8035714285714286,0.6923076923076923,0.6527781888939655,8
"['V14', 'V4', 'V10', 'V8', 'V21', 'V12', 'V7', 'V20']",0.6081081081081081,0.8035714285714286,0.6923076923076923,0.6531830156183436,8
"['V14', 'V4', 'V16', 'V9', 'V8', 'V12', 'V7', 'V20', 'V1']",0.6081081081081081,0.8035714285714286,0.6923076923076923,0.654151680415032,9
"['V10', 'V9', 'V21', 'V12', 'V20', 'V11', 'V1']",0.6081081081081081,0.8035714285714286,0.6923076923076923,0.6009722269838729,7
"['V10', 'V9', 'V21', 'V12', 'V7', 'V11', 'V1']",0.6081081081081081,0.8035714285714286,0.6923076923076923,0.6043969183116993,7
"['V10', 'V9', 'V8', 'V21', 'V12', 'V11', 'V1']",0.6081081081081081,0.7894736842105263,0.6870229007633588,0.6114450856392962,7
"['V10', 'V16', 'V8', 'V12', 'V20', 'V11', 'V1']",0.6081081081081081,0.8035714285714286,0.6923076923076923,0.5925453584985197,7
"['V10', 'V16', 'V8', 'V12', 'V7', 'V11', 'V1']",0.6081081081081081,0.8035714285714286,0.6923076923076923,0.5955100658911795,7
"['V10', 'V16', 'V9', 'V21', 'V12', 'V11', 'V1']",0.6081081081081081,0.7894736842105263,0.6870229007633588,0.6024928453325594,7
"['V14', 'V9', 'V8', 'V21', 'V12', 'V7', 'V20']",0.6081081081081081,0.7758620689655172,0.6818181818181818,0.6493062526658234,7
"['V14', 'V10', 'V1', 'V2', 'V5', 'V3', 'V6', 'V8', 'V21', 'V9', 'V11', 'V16', 'V7', 'V4']",0.6081081081081081,0.8035714285714286,0.6923076923076923,0.6624539418393571,14
"['V10', 'V16', 'V9', 'V21', 'V12', 'V7', 'V11', 'V1']",0.6081081081081081,0.8035714285714286,0.6923076923076923,0.6057386341752241,8
"['V10', 'V16', 'V9', 'V21', 'V12', 'V20', 'V11', 'V1']",0.6081081081081081,0.8035714285714286,0.6923076923076923,0.6013359401963886,8
"['V10', 'V16', 'V8', 'V12', 'V7', 'V20', 'V11', 'V1']",0.6081081081081081,0.8035714285714286,0.6923076923076923,0.5960472061220655,8
"['V10', 'V9', 'V8', 'V21', 'V12', 'V7', 'V11', 'V1']",0.6081081081081081,0.8035714285714286,0.6923076923076923,0.6131165861769221,8
"['V10', 'V9', 'V8', 'V21', 'V12', 'V20', 'V11', 'V1']",0.6081081081081081,0.7894736842105263,0.6870229007633588,0.6090081400381134,8
"['V10', 'V16', 'V8', 'V12', 'V11', 'V1']",0.6081081081081081,0.8035714285714286,0.6923076923076923,0.5964958832063216,6
"['V14', 'V10', 'V8', 'V16', 'V4', 'V21', 'V3', 'V1', 'V20', 'V19', 'V18', 'V5']",0.6081081081081081,0.8035714285714286,0.6923076923076923,0.6665476516242509,12
"['V14', 'V10', 'V1', 'V2', 'V5', 'V3', 'V6', 'V8', 'V21', 'V9', 'V11', 'V16', 'V7', 'V18']",0.6081081081081081,0.8035714285714286,0.6923076923076923,0.6548134632144096,14
"['V10', 'V9', 'V21', 'V12', 'V7', 'V20', 'V11', 'V1']",0.6081081081081081,0.8035714285714286,0.6923076923076923,0.6056723375186557,8
"['V10', 'V9', 'V21', 'V12', 'V11', 'V1']",0.6081081081081081,0.7894736842105263,0.6870229007633588,0.5994830148690408,6
"['V4', 'V10', 'V16', 'V8', 'V12', 'V20', 'V1']",0.6081081081081081,0.7894736842105263,0.6870229007633588,0.6208266852059899,7
"['V14', 'V10', 'V8', 'V16', 'V4', 'V21', 'V3', 'V1', 'V20', 'V19', 'V18', 'V11', 'V12', 'V7']",0.6081081081081081,0.8035714285714286,0.6923076923076923,0.6605606152833182,14
"['V14', 'V9', 'V8', 'V21', 'V12', 'V7']",0.6081081081081081,0.7758620689655172,0.6818181818181818,0.6493593870302724,6
"['V14', 'V9', 'V8', 'V21', 'V12', 'V1']",0.6081081081081081,0.7758620689655172,0.6818181818181818,0.6424650811858222,6
"['V14', 'V8', 'V21', 'V12', 'V11']",0.6081081081081081,0.7758620689655172,0.6818181818181818,0.6102160716983362,5
"['V14', 'V4', 'V10', 'V16', 'V8', 'V21', 'V12', 'V7', 'V20', 'V1']",0.6081081081081081,0.8035714285714286,0.6923076923076923,0.660684692479959,10
"['V14', 'V4', 'V16', 'V9', 'V8', 'V21', 'V12', 'V7', 'V20', 'V1']",0.6081081081081081,0.8035714285714286,0.6923076923076923,0.6559926958310184,10
"['V10', 'V16', 'V9', 'V8', 'V21', 'V12', 'V7', 'V20', 'V11', 'V1']",0.6081081081081081,0.8035714285714286,0.6923076923076923,0.617357618191032,10
"['V14', 'V9', 'V8', 'V21', 'V12', 'V11']",0.6081081081081081,0.7758620689655172,0.6818181818181818,0.6426322144532327,6
"['V14', 'V9', 'V8', 'V21', 'V12']",0.6081081081081081,0.7758620689655172,0.6818181818181818,0.6436635149400198,5
"['V14', 'V9', 'V8', 'V21', 'V12', 'V20']",0.6081081081081081,0.7758620689655172,0.6818181818181818,0.6427654736333659,6
"['V14', 'V4', 'V16', 'V9', 'V8', 'V21', 'V12', 'V20']",0.5945945945945946,0.8,0.6821705426356589,0.6548376571079038,8
"['V14', 'V4', 'V16', 'V9', 'V8', 'V12', 'V11', 'V1']",0.5945945945945946,0.8,0.6821705426356589,0.654279536044532,8
"['V14', 'V4', 'V16', 'V9', 'V12', 'V7', 'V20', 'V1']",0.5945945945945946,0.7857142857142857,0.676923076923077,0.6333562412658134,8
"['V14', 'V4', 'V16', 'V9', 'V12', 'V7', 'V11', 'V1']",0.5945945945945946,0.7857142857142857,0.676923076923077,0.6317937640868871,8
"['V14', 'V4', 'V16', 'V8', 'V21', 'V12', 'V7', 'V1']",0.5945945945945946,0.8,0.6821705426356589,0.6508515732324259,8
"['V14', 'V4', 'V16', 'V8', 'V21', 'V12', 'V20', 'V1']",0.5945945945945946,0.8,0.6821705426356589,0.650554372069701,8
"['V14', 'V4', 'V16', 'V8', 'V21', 'V12', 'V11', 'V1']",0.5945945945945946,0.8,0.6821705426356589,0.6496520530413029,8
"['V14', 'V4', 'V10', 'V8', 'V21', 'V7', 'V20', 'V1']",0.5945945945945946,0.7213114754098361,0.6518518518518519,0.6510510073892672,8
"['V14', 'V4', 'V16', 'V8', 'V21', 'V7', 'V20', 'V1']",0.5945945945945946,0.8,0.6821705426356589,0.6515554558852146,8
"['V14', 'V4', 'V16', 'V8', 'V12', 'V7', 'V20', 'V1']",0.5945945945945946,0.8,0.6821705426356589,0.651492450502962,8
"['V14', 'V4', 'V16', 'V8', 'V12', 'V7', 'V11', 'V1']",0.5945945945945946,0.8,0.6821705426356589,0.6485947998318938,8
"['V14', 'V4', 'V16', 'V8', 'V12', 'V20', 'V11', 'V1']",0.5945945945945946,0.8,0.6821705426356589,0.6362593882239345,8
"['V14', 'V4', 'V16', 'V8', 'V7', 'V20', 'V11', 'V1']",0.5945945945945946,0.8,0.6821705426356589,0.6517897631468477,8
"['V14', 'V4', 'V16', 'V21', 'V12', 'V7', 'V20', 'V1']",0.5945945945945946,0.8,0.6821705426356589,0.6384273772187657,8
"['V14', 'V4', 'V16', 'V21', 'V12', 'V7', 'V11', 'V1']",0.5945945945945946,0.8,0.6821705426356589,0.6361158448328443,8
"['V14', 'V4', 'V16', 'V21', 'V12', 'V20', 'V11', 'V1']",0.5945945945945946,0.8,0.6821705426356589,0.6320669813411908,8
"['V14', 'V4', 'V16', 'V21', 'V7', 'V20', 'V11', 'V1']",0.5945945945945946,0.7857142857142857,0.676923076923077,0.6438133510748795,8
"['V14', 'V4', 'V16', 'V12', 'V7', 'V20', 'V11', 'V1']",0.5945945945945946,0.8,0.6821705426356589,0.6364432004938463,8
"['V14', 'V10', 'V16', 'V9', 'V8', 'V21', 'V12', 'V11']",0.5945945945945946,0.8,0.6821705426356589,0.651175609381855,8
"['V14', 'V10', 'V16', 'V9', 'V8', 'V21', 'V7', 'V20']",0.5945945945945946,0.8,0.6821705426356589,0.6560802589620768,8
"['V14', 'V10', 'V16', 'V9', 'V8', 'V21', 'V7', 'V11']",0.5945945945945946,0.8,0.6821705426356589,0.6541932789271897,8
"['V14', 'V4', 'V10', 'V8', 'V21', 'V7', 'V11', 'V1']",0.5945945945945946,0.7213114754098361,0.6518518518518519,0.6507597025381854,8
"['V14', 'V4', 'V10', 'V8', 'V21', 'V12', 'V20', 'V1']",0.5945945945945946,0.7719298245614035,0.6717557251908397,0.6508981501312793,8
"['V14', 'V4', 'V10', 'V8', 'V21', 'V12', 'V11', 'V1']",0.5945945945945946,0.7457627118644068,0.6616541353383458,0.650496865482332,8
"['V14', 'V10', 'V16', 'V9', 'V8', 'V21', 'V20', 'V11']",0.5945945945945946,0.8,0.6821705426356589,0.6530040449658835,8
"['V10', 'V16', 'V8', 'V12', 'V11']",0.5945945945945946,0.8,0.6821705426356589,0.5962475098868254,5
"['V14', 'V21', 'V12', 'V7', 'V11']",0.5945945945945946,0.7857142857142857,0.676923076923077,0.6203535788495411,5
"['V10', 'V16', 'V21', 'V12', 'V7', 'V11', 'V1']",0.5945945945945946,0.7857142857142857,0.676923076923077,0.5890677261361253,7
"['V10', 'V16', 'V21', 'V12', 'V20', 'V11', 'V1']",0.5945945945945946,0.7857142857142857,0.676923076923077,0.5882606930630102,7
"['V14', 'V21', 'V12', 'V7', 'V20']",0.5945945945945946,0.8,0.6821705426356589,0.6252211929143852,5
"['V10', 'V9', 'V8', 'V12', 'V20', 'V11', 'V1']",0.5945945945945946,0.8,0.6821705426356589,0.6015577908087799,7
"['V14', 'V8', 'V12', 'V7', 'V11']",0.5945945945945946,0.7857142857142857,0.676923076923077,0.6211652320745553,5
"['V14', 'V8', 'V12', 'V7', 'V20']",0.5945945945945946,0.7857142857142857,0.676923076923077,0.6265062190789545,5
"['V10', 'V21', 'V12', 'V7', 'V20', 'V11', 'V1']",0.5945945945945946,0.7857142857142857,0.676923076923077,0.5896386645509866,7
"['V14', 'V4', 'V10', 'V16', 'V9', 'V21', 'V12', 'V1']",0.5945945945945946,0.8,0.6821705426356589,0.6465470432932519,8
"['V14', 'V4', 'V10', 'V16', 'V9', 'V21', 'V7', 'V1']",0.5945945945945946,0.8,0.6821705426356589,0.6505905853845139,8
"['V14', 'V4', 'V10', 'V16', 'V9', 'V12', 'V7', 'V1']",0.5945945945945946,0.8,0.6821705426356589,0.6403710203432285,8
"['V14', 'V4', 'V10', 'V16', 'V9', 'V7', 'V20', 'V1']",0.5945945945945946,0.8,0.6821705426356589,0.6415512693091542,8
"['V14', 'V4', 'V10', 'V16', 'V8', 'V21', 'V7', 'V20']",0.5945945945945946,0.8,0.6821705426356589,0.6617676094228777,8
"['V14', 'V4', 'V10', 'V16', 'V8', 'V21', 'V7', 'V11']",0.5945945945945946,0.8,0.6821705426356589,0.6629225563396468,8
"['V14', 'V8', 'V21', 'V12', 'V1']",0.5945945945945946,0.7857142857142857,0.676923076923077,0.6128621928435805,5
"['V14', 'V4', 'V10', 'V16', 'V21', 'V12', 'V7', 'V1']",0.5945945945945946,0.8,0.6821705426356589,0.648494378110744,8
"['V14', 'V4', 'V10', 'V16', 'V21', 'V12', 'V20', 'V1']",0.5945945945945946,0.8,0.6821705426356589,0.6524095334223505,8
"['V14', 'V4', 'V10', 'V16', 'V21', 'V7', 'V20', 'V1']",0.5945945945945946,0.8,0.6821705426356589,0.6523750630004013,8
"['V14', 'V4', 'V10', 'V9', 'V8', 'V21', 'V12', 'V7']",0.5945945945945946,0.7457627118644068,0.6616541353383458,0.6568581369884949,8
"['V14', 'V4', 'V10', 'V9', 'V8', 'V21', 'V12', 'V20']",0.5945945945945946,0.7457627118644068,0.6616541353383458,0.6543929619875916,8
"['V14', 'V4', 'V10', 'V9', 'V8', 'V21', 'V12', 'V11']",0.5945945945945946,0.7333333333333333,0.6567164179104478,0.653320700162475,8
"['V14', 'V4', 'V10', 'V8', 'V21', 'V12', 'V7', 'V11']",0.5945945945945946,0.7857142857142857,0.676923076923077,0.6537190615071845,8
"['V14', 'V4', 'V10', 'V8', 'V21', 'V12', 'V7', 'V1']",0.5945945945945946,0.7719298245614035,0.6717557251908397,0.6542241932155987,8
"['V14', 'V4', 'V10', 'V8', 'V21', 'V12', 'V20', 'V11']",0.5945945945945946,0.7586206896551724,0.6666666666666666,0.6515098227227551,8
"['V14', 'V10', 'V16', 'V9', 'V8', 'V21', 'V7', 'V1']",0.5945945945945946,0.7719298245614035,0.6717557251908397,0.6553607921299465,8
"['V14', 'V10', 'V16', 'V8', 'V21', 'V7', 'V20', 'V11']",0.5945945945945946,0.8,0.6821705426356589,0.6517679825468896,8
"['V14', 'V10', 'V16', 'V9', 'V8', 'V21', 'V20', 'V1']",0.5945945945945946,0.8,0.6821705426356589,0.6563061578032732,8
"['V14', 'V4', 'V16', 'V12', 'V1']",0.5945945945945946,0.8,0.6821705426356589,0.6312504847118001,5
"['V10', 'V16', 'V9', 'V8', 'V12', 'V7', 'V11', 'V1']",0.5945945945945946,0.8,0.6821705426356589,0.6072111850561548,8
"['V14', 'V8', 'V21', 'V12', 'V7']",0.5945945945945946,0.7857142857142857,0.676923076923077,0.6289454316872131,5
"['V14', 'V9', 'V8', 'V12', 'V7']",0.5945945945945946,0.7719298245614035,0.6717557251908397,0.6455689706667049,5
"['V10', 'V16', 'V8', 'V21', 'V12', 'V7', 'V20', 'V11']",0.5945945945945946,0.7857142857142857,0.676923076923077,0.6006656802870834,8
"['V10', 'V16', 'V8', 'V21', 'V12', 'V20', 'V11', 'V1']",0.5945945945945946,0.7857142857142857,0.676923076923077,0.5989767354666502,8
"['V14', 'V4', 'V16', 'V8', 'V1']",0.5945945945945946,0.7857142857142857,0.676923076923077,0.6443864100636734,5
"['V10', 'V16', 'V21', 'V12', 'V7', 'V20', 'V11', 'V1']",0.5945945945945946,0.7857142857142857,0.676923076923077,0.5885801097894884,8
"['V14', 'V16', 'V8', 'V12', 'V7']",0.5945945945945946,0.7857142857142857,0.676923076923077,0.6271025310186887,5
"['V14', 'V16', 'V8', 'V21', 'V12']",0.5945945945945946,0.7857142857142857,0.676923076923077,0.6226186536239895,5
"['V14', 'V10', 'V8', 'V16', 'V4', 'V21', 'V3', 'V1', 'V20', 'V19', 'V18', 'V11', 'V12', 'V9', 'V7', 'V2', 'V5', 'V17', 'V6']",0.5945945945945946,0.8,0.6821705426356589,0.6603790244296818,19
"['V14', 'V10', 'V8', 'V16', 'V4', 'V21', 'V3', 'V1', 'V20', 'V19', 'V18', 'V11', 'V12', 'V9', 'V7', 'V2', 'V5', 'V17']",0.5945945945945946,0.8,0.6821705426356589,0.6646144857985558,18
"['V14', 'V10', 'V8', 'V16', 'V4', 'V21', 'V3', 'V1', 'V20', 'V19', 'V18', 'V11', 'V12', 'V9', 'V7', 'V2', 'V5', 'V6']",0.5945945945945946,0.8,0.6821705426356589,0.6615274952605318,18
"['V14', 'V10', 'V16', 'V9', 'V8', 'V21', 'V11', 'V1']",0.5945945945945946,0.8,0.6821705426356589,0.6528376667069602,8
"['V14', 'V10', 'V8', 'V21', 'V20']",0.5945945945945946,0.7457627118644068,0.6616541353383458,0.6352500447575853,5
"['V14', 'V10', 'V8', 'V16', 'V4', 'V21', 'V3', 'V1', 'V20', 'V19', 'V18', 'V11', 'V12', 'V9', 'V7', 'V2', 'V6']",0.5945945945945946,0.8,0.6821705426356589,0.6612439464944165,17
"['V14', 'V10', 'V9', 'V8', 'V21']",0.5945945945945946,0.7457627118644068,0.6616541353383458,0.6432153711325372,5
"['V14', 'V10', 'V8', 'V16', 'V4', 'V21', 'V3', 'V1', 'V20', 'V19', 'V18', 'V11', 'V12', 'V9', 'V7', 'V6']",0.5945945945945946,0.8,0.6821705426356589,0.6628983041519675,16
"['V14', 'V10', 'V8', 'V16', 'V4', 'V21', 'V3', 'V1', 'V20', 'V19', 'V18', 'V11', 'V12', 'V9', 'V7', 'V5']",0.5945945945945946,0.8,0.6821705426356589,0.6628609505051725,16
"['V14', 'V10', 'V8', 'V16', 'V4', 'V21', 'V3', 'V1', 'V20', 'V19', 'V18', 'V11', 'V12', 'V9', 'V7', 'V2']",0.5945945945945946,0.8,0.6821705426356589,0.6633153913155622,16
"['V14', 'V10', 'V16', 'V8', 'V21']",0.5945945945945946,0.8,0.6821705426356589,0.65285385773594,5
"['V14', 'V10', 'V8', 'V16', 'V4', 'V21', 'V3', 'V1', 'V20', 'V19', 'V18', 'V11', 'V12', 'V9', 'V7']",0.5945945945945946,0.8,0.6821705426356589,0.6628646033806511,15
"['V14', 'V10', 'V8', 'V16', 'V4', 'V21', 'V3', 'V1', 'V20', 'V19', 'V18', 'V11', 'V12', 'V9', 'V6']",0.5945945945945946,0.8,0.6821705426356589,0.6615828696973546,15
"['V14', 'V10', 'V8', 'V16', 'V4', 'V21', 'V3', 'V1', 'V20', 'V19', 'V18', 'V11', 'V12', 'V9', 'V5']",0.5945945945945946,0.8,0.6821705426356589,0.6616965104374651,15
"['V14', 'V10', 'V8', 'V16', 'V4', 'V21', 'V3', 'V1', 'V20', 'V19', 'V18', 'V11', 'V12', 'V9', 'V2']",0.5945945945945946,0.8,0.6821705426356589,0.6593258394651063,15
"['V10', 'V16', 'V9', 'V8', 'V21', 'V20', 'V11', 'V1']",0.5945945945945946,0.8,0.6821705426356589,0.606675121057973,8
"['V10', 'V16', 'V9', 'V8', 'V21', 'V12', 'V11', 'V1']",0.5945945945945946,0.7857142857142857,0.676923076923077,0.6148051792914961,8
"['V4', 'V10', 'V16', 'V8', 'V21', 'V20', 'V11', 'V1']",0.5945945945945946,0.7857142857142857,0.676923076923077,0.6384214398368707,8
"['V4', 'V10', 'V16', 'V8', 'V21', 'V12', 'V11', 'V1']",0.5945945945945946,0.7719298245614035,0.6717557251908397,0.6304160342805893,8
"['V10', 'V16', 'V8', 'V21', 'V12', 'V11', 'V1']",0.5945945945945946,0.7857142857142857,0.676923076923077,0.599490302519135,7
"['V14', 'V10', 'V16', 'V8', 'V21', 'V20', 'V11', 'V1']",0.5945945945945946,0.8,0.6821705426356589,0.6514911681009913,8
"['V14', 'V10', 'V9', 'V8', 'V21', 'V12', 'V20', 'V1']",0.5945945945945946,0.7719298245614035,0.6717557251908397,0.6404961035357848,8
"['V14', 'V8', 'V21', 'V12', 'V20']",0.5945945945945946,0.7857142857142857,0.676923076923077,0.6097135644322129,5
"['V14', 'V10', 'V9', 'V8', 'V21', 'V7', 'V20', 'V11']",0.5945945945945946,0.7457627118644068,0.6616541353383458,0.6434057971054106,8
"['V14', 'V10', 'V9', 'V8', 'V21', 'V7', 'V20', 'V1']",0.5945945945945946,0.7457627118644068,0.6616541353383458,0.6414074889055581,8
"['V14', 'V10', 'V9', 'V8', 'V21', 'V7', 'V11', 'V1']",0.5945945945945946,0.7457627118644068,0.6616541353383458,0.6424963065939646,8
"['V14', 'V10', 'V9', 'V8', 'V21', 'V20', 'V11', 'V1']",0.5945945945945946,0.7457627118644068,0.6616541353383458,0.6374845585389461,8
"['V14', 'V10', 'V8', 'V12', 'V7', 'V20', 'V11', 'V1']",0.5945945945945946,0.8,0.6821705426356589,0.6397246985913008,8
"['V14', 'V10', 'V21', 'V12', 'V7', 'V20', 'V11', 'V1']",0.5945945945945946,0.8,0.6821705426356589,0.6237429133918543,8
"['V14', 'V16', 'V9', 'V8', 'V21', 'V12', 'V20', 'V11']",0.5945945945945946,0.8,0.6821705426356589,0.6489226833293609,8
"['V14', 'V16', 'V9', 'V8', 'V21', 'V12', 'V11', 'V1']",0.5945945945945946,0.8,0.6821705426356589,0.6499112091843319,8
"['V14', 'V16', 'V8', 'V21', 'V12', 'V7', 'V20', 'V11']",0.5945945945945946,0.7857142857142857,0.676923076923077,0.6337031170665117,8
"['V14', 'V16', 'V8', 'V21', 'V12', 'V7', 'V20', 'V1']",0.5945945945945946,0.7857142857142857,0.676923076923077,0.6406072347850869,8
"['V14', 'V16', 'V8', 'V21', 'V12', 'V7', 'V11', 'V1']",0.5945945945945946,0.7857142857142857,0.676923076923077,0.6333019269314183,8
"['V14', 'V16', 'V8', 'V21', 'V12', 'V20', 'V11', 'V1']",0.5945945945945946,0.7719298245614035,0.6717557251908397,0.6201704715416673,8
"['V14', 'V16', 'V8', 'V21', 'V7', 'V20', 'V11', 'V1']",0.5945945945945946,0.7719298245614035,0.6717557251908397,0.639165947035687,8
"['V14', 'V16', 'V8', 'V12', 'V7', 'V20', 'V11', 'V1']",0.5945945945945946,0.7857142857142857,0.676923076923077,0.6413549880290824,8
"['V14', 'V9', 'V8', 'V21', 'V12', 'V7', 'V20', 'V11']",0.5945945945945946,0.7719298245614035,0.6717557251908397,0.6493485892133244,8
"['V14', 'V9', 'V8', 'V21', 'V12', 'V7', 'V11', 'V1']",0.5945945945945946,0.7719298245614035,0.6717557251908397,0.648749002646475,8
"['V14', 'V9', 'V8', 'V21', 'V12', 'V20', 'V11', 'V1']",0.5945945945945946,0.7719298245614035,0.6717557251908397,0.6419247063144208,8
"['V14', 'V9', 'V8', 'V12', 'V7', 'V20', 'V11', 'V1']",0.5945945945945946,0.7719298245614035,0.6717557251908397,0.6473912035439668,8
"['V14', 'V8', 'V21', 'V12', 'V7', 'V20', 'V11', 'V1']",0.5945945945945946,0.7857142857142857,0.676923076923077,0.6316716074427152,8
"['V10', 'V16', 'V8', 'V12', 'V7', 'V20', 'V11']",0.5945945945945946,0.8,0.6821705426356589,0.596571823938432,7
"['V14', 'V8', 'V12', 'V7', 'V20', 'V11']",0.5945945945945946,0.7857142857142857,0.676923076923077,0.6318140527123673,6
"['V14', 'V4', 'V10', 'V16', 'V8', 'V21']",0.5945945945945946,0.8,0.6821705426356589,0.6645040143262889,6
"['V14', 'V21', 'V12', 'V1']",0.5945945945945946,0.7857142857142857,0.676923076923077,0.6067471098655736,4
"['V14', 'V4', 'V16', 'V21', 'V12', 'V7', 'V1']",0.5945945945945946,0.8,0.6821705426356589,0.6367849947741955,7
"['V14', 'V4', 'V16', 'V21', 'V12', 'V11', 'V1']",0.5945945945945946,0.8,0.6821705426356589,0.6310371305296648,7
"['V14', 'V4', 'V16', 'V12', 'V7', 'V20', 'V1']",0.5945945945945946,0.8,0.6821705426356589,0.6360027741828087,7
"['V14', 'V4', 'V16', 'V12', 'V7', 'V11', 'V1']",0.5945945945945946,0.8,0.6821705426356589,0.6286971784680391,7
"['V14', 'V4', 'V16', 'V7', 'V20', 'V11', 'V1']",0.5945945945945946,0.8,0.6821705426356589,0.6353054048467411,7
"['V14', 'V4', 'V8', 'V21', 'V12', 'V11', 'V1']",0.5945945945945946,0.7586206896551724,0.6666666666666666,0.6307463181194909,7
"['V14', 'V10', 'V16', 'V9', 'V8', 'V21', 'V12']",0.5945945945945946,0.8,0.6821705426356589,0.6517890599836992,7
"['V14', 'V10', 'V16', 'V9', 'V8', 'V21', 'V7']",0.5945945945945946,0.8,0.6821705426356589,0.6560825657442965,7
"['V14', 'V10', 'V16', 'V9', 'V8', 'V21', 'V20']",0.5945945945945946,0.8,0.6821705426356589,0.6561831264525267,7
"['V14', 'V10', 'V16', 'V9', 'V8', 'V21', 'V11']",0.5945945945945946,0.8,0.6821705426356589,0.6531450285893274,7
"['V14', 'V10', 'V16', 'V9', 'V8', 'V21', 'V1']",0.5945945945945946,0.8,0.6821705426356589,0.6560570592725328,7
"['V14', 'V16', 'V21', 'V12', 'V7', 'V11']",0.5945945945945946,0.7857142857142857,0.676923076923077,0.6270169756234615,6
"['V14', 'V10', 'V9', 'V8', 'V21', 'V12', 'V20']",0.5945945945945946,0.7719298245614035,0.6717557251908397,0.6409391870379665,7
"['V14', 'V21', 'V12', 'V7']",0.5945945945945946,0.8,0.6821705426356589,0.6256677790881191,4
"['V14', 'V8', 'V12', 'V11']",0.5945945945945946,0.7719298245614035,0.6717557251908397,0.5961995678113262,4
"['V14', 'V16', 'V21', 'V12', 'V7', 'V20']",0.5945945945945946,0.8,0.6821705426356589,0.6282439486531287,6
"['V14', 'V10', 'V16', 'V8', 'V21', 'V20', 'V11']",0.5945945945945946,0.8,0.6821705426356589,0.6525419316487291,7
"['V14', 'V8', 'V12', 'V7']",0.5945945945945946,0.7857142857142857,0.676923076923077,0.62601453058625,4
"['V14', 'V16', 'V8', 'V12', 'V7', 'V11']",0.5945945945945946,0.7857142857142857,0.676923076923077,0.6247720835590779,6
"['V14', 'V10', 'V16', 'V8', 'V21', 'V20', 'V1']",0.5945945945945946,0.8,0.6821705426356589,0.6514544378630216,7
"['V14', 'V16', 'V8', 'V12', 'V7', 'V20']",0.5945945945945946,0.7857142857142857,0.676923076923077,0.6345296172254313,6
"['V14', 'V16', 'V8', 'V21', 'V12', 'V1']",0.5945945945945946,0.7857142857142857,0.676923076923077,0.6216815042647676,6
"['V14', 'V10', 'V16', 'V8', 'V21', 'V11', 'V1']",0.5945945945945946,0.8,0.6821705426356589,0.6516788308672754,7
"['V14', 'V8', 'V21', 'V12']",0.5945945945945946,0.7857142857142857,0.676923076923077,0.611842506210288,4
"['V14', 'V4', 'V16', 'V8', 'V7', 'V11', 'V1']",0.5945945945945946,0.8,0.6821705426356589,0.6506332428721406,7
"['V14', 'V4', 'V16', 'V8', 'V7', 'V20', 'V1']",0.5945945945945946,0.8,0.6821705426356589,0.6535978444451435,7
"['V14', 'V4', 'V16', 'V8', 'V12', 'V11', 'V1']",0.5945945945945946,0.8,0.6821705426356589,0.6377291221006199,7
"['V14', 'V4', 'V16', 'V8', 'V12', 'V20', 'V1']",0.5945945945945946,0.8,0.6821705426356589,0.6383813443141118,7
"['V14', 'V8', 'V12', 'V7', 'V11', 'V1']",0.5945945945945946,0.7857142857142857,0.676923076923077,0.6188902715470147,6
"['V14', 'V21', 'V12', 'V7', 'V20', 'V11']",0.5945945945945946,0.8,0.6821705426356589,0.6221981248160178,6
"['V10', 'V16', 'V8', 'V12', 'V7', 'V11']",0.5945945945945946,0.8,0.6821705426356589,0.595965614985326,6
"['V14', 'V8', 'V21', 'V12', 'V20', 'V11']",0.5945945945945946,0.7719298245614035,0.6717557251908397,0.6079323762526503,6
"['V10', 'V16', 'V21', 'V12', 'V11', 'V1']",0.5945945945945946,0.7857142857142857,0.676923076923077,0.5873313279752009,6
"['V10', 'V9', 'V8', 'V12', 'V11', 'V1']",0.5945945945945946,0.8,0.6821705426356589,0.6023695075492413,6
"['V14', 'V8', 'V21', 'V12', 'V7', 'V1']",0.5945945945945946,0.7857142857142857,0.676923076923077,0.6304531884039178,6
"['V10', 'V21', 'V12', 'V7', 'V11', 'V1']",0.5945945945945946,0.7857142857142857,0.676923076923077,0.590346498671624,6
"['V14', 'V4', 'V10', 'V16', 'V9', 'V7', 'V1']",0.5945945945945946,0.8,0.6821705426356589,0.6415411794673281,7
"['V14', 'V4', 'V10', 'V16', 'V8', 'V21', 'V11']",0.5945945945945946,0.8,0.6821705426356589,0.663254605446605,7
"['V14', 'V4', 'V10', 'V16', 'V21', 'V12', 'V1']",0.5945945945945946,0.8,0.6821705426356589,0.6482942130852438,7
"['V14', 'V4', 'V10', 'V9', 'V8', 'V21', 'V12']",0.5945945945945946,0.7457627118644068,0.6616541353383458,0.6541725739536486,7
"['V14', 'V8', 'V21', 'V12', 'V7', 'V11']",0.5945945945945946,0.7857142857142857,0.676923076923077,0.6275355724574009,6
"['V14', 'V8', 'V21', 'V12', 'V7', 'V20']",0.5945945945945946,0.7857142857142857,0.676923076923077,0.6317662081898308,6
"['V14', 'V4', 'V10', 'V8', 'V21', 'V12', 'V20']",0.5945945945945946,0.7457627118644068,0.6616541353383458,0.6537831627472133,7
"['V14', 'V9', 'V8', 'V12', 'V7', 'V1']",0.5945945945945946,0.7719298245614035,0.6717557251908397,0.6449648067138065,6
"['V14', 'V4', 'V10', 'V8', 'V21', 'V12', 'V11']",0.5945945945945946,0.7457627118644068,0.6616541353383458,0.6498955433810074,7
"['V14', 'V4', 'V10', 'V8', 'V21', 'V12', 'V1']",0.5945945945945946,0.7586206896551724,0.6666666666666666,0.6525440123122744,7
"['V14', 'V4', 'V16', 'V9', 'V12', 'V7', 'V1']",0.5945945945945946,0.7857142857142857,0.676923076923077,0.633567147734336,7
"['V14', 'V4', 'V16', 'V8', 'V21', 'V12', 'V1']",0.5945945945945946,0.8,0.6821705426356589,0.6506504003803735,7
"['V14', 'V4', 'V16', 'V8', 'V21', 'V7', 'V1']",0.5945945945945946,0.8,0.6821705426356589,0.6505153252815077,7
"['V14', 'V4', 'V16', 'V8', 'V12', 'V7', 'V1']",0.5945945945945946,0.8,0.6821705426356589,0.6496767592094812,7
"['V14', 'V9', 'V8', 'V12', 'V7', 'V20']",0.5945945945945946,0.7719298245614035,0.6717557251908397,0.6534731498494288,6
"['V14', 'V10', 'V16', 'V21', 'V7', 'V20', 'V11']",0.5945945945945946,0.8,0.6821705426356589,0.6407730786780548,7
"['V14', 'V10', 'V9', 'V8', 'V21', 'V12', 'V1']",0.5945945945945946,0.7719298245614035,0.6717557251908397,0.641438988150897,7
"['V14', 'V4', 'V10', 'V8', 'V21', 'V12']",0.5945945945945946,0.7457627118644068,0.6616541353383458,0.6541863185620943,6
"['V14', 'V16', 'V21', 'V12', 'V7', 'V20', 'V11']",0.5945945945945946,0.7857142857142857,0.676923076923077,0.6264456805538524,7
"['V14', 'V4', 'V16', 'V8', 'V7', 'V1']",0.5945945945945946,0.8,0.6821705426356589,0.6527330941670779,6
"['V14', 'V16', 'V9', 'V8', 'V21', 'V12', 'V1']",0.5945945945945946,0.8,0.6821705426356589,0.6530887819626195,7
"['V14', 'V16', 'V8', 'V21', 'V12', 'V7', 'V20']",0.5945945945945946,0.7857142857142857,0.676923076923077,0.6386248248826447,7
"['V14', 'V16', 'V8', 'V21', 'V12', 'V7', 'V11']",0.5945945945945946,0.7857142857142857,0.676923076923077,0.629485640510198,7
"['V14', 'V16', 'V8', 'V21', 'V12', 'V7', 'V1']",0.5945945945945946,0.7857142857142857,0.676923076923077,0.63495546689543,7
"['V14', 'V16', 'V8', 'V21', 'V12', 'V20', 'V11']",0.5945945945945946,0.7719298245614035,0.6717557251908397,0.6179192006353731,7
"['V14', 'V16', 'V8', 'V21', 'V12', 'V20', 'V1']",0.5945945945945946,0.7857142857142857,0.676923076923077,0.6252285389305544,7
"['V14', 'V16', 'V8', 'V21', 'V12', 'V11', 'V1']",0.5945945945945946,0.7719298245614035,0.6717557251908397,0.6164756189365411,7
"['V14', 'V16', 'V8', 'V21', 'V7', 'V20', 'V11']",0.5945945945945946,0.7719298245614035,0.6717557251908397,0.6283463357313268,7
"['V14', 'V16', 'V8', 'V12', 'V7', 'V20', 'V11']",0.5945945945945946,0.7857142857142857,0.676923076923077,0.6281778583210216,7
"['V14', 'V16', 'V8', 'V12', 'V7', 'V20', 'V1']",0.5945945945945946,0.7857142857142857,0.676923076923077,0.6449964499409647,7
"['V14', 'V4', 'V16', 'V8', 'V12', 'V1']",0.5945945945945946,0.8,0.6821705426356589,0.6384904206568439,6
"['V14', 'V16', 'V8', 'V21', 'V12', 'V11']",0.5945945945945946,0.7586206896551724,0.6666666666666666,0.6179928518312829,6
"['V14', 'V9', 'V8', 'V21', 'V12', 'V7', 'V11']",0.5945945945945946,0.7719298245614035,0.6717557251908397,0.6474489287043146,7
"['V14', 'V9', 'V8', 'V21', 'V12', 'V7', 'V1']",0.5945945945945946,0.7719298245614035,0.6717557251908397,0.6488316799575241,7
"['V14', 'V9', 'V8', 'V21', 'V12', 'V20', 'V11']",0.5945945945945946,0.7719298245614035,0.6717557251908397,0.6401354048884784,7
"['V14', 'V9', 'V8', 'V21', 'V12', 'V20', 'V1']",0.5945945945945946,0.7719298245614035,0.6717557251908397,0.6424717497964669,7
"['V14', 'V9', 'V8', 'V12', 'V7', 'V20', 'V1']",0.5945945945945946,0.7719298245614035,0.6717557251908397,0.6500726229517382,7
"['V14', 'V8', 'V21', 'V12', 'V7', 'V20', 'V11']",0.5945945945945946,0.7857142857142857,0.676923076923077,0.6293146556985822,7
"['V14', 'V8', 'V21', 'V12', 'V7', 'V20', 'V1']",0.5945945945945946,0.7857142857142857,0.676923076923077,0.6335163436387092,7
"['V14', 'V8', 'V21', 'V12', 'V7', 'V11', 'V1']",0.5945945945945946,0.7857142857142857,0.676923076923077,0.6282441327003145,7
"['V14', 'V8', 'V12', 'V7', 'V20', 'V11', 'V1']",0.5945945945945946,0.7857142857142857,0.676923076923077,0.6343614884486781,7
"['V4', 'V10', 'V16', 'V8', 'V21', 'V20', 'V11']",0.5945945945945946,0.7857142857142857,0.676923076923077,0.6222123824316184,7
"['V14', 'V8', 'V12', 'V7', 'V20', 'V1']",0.5945945945945946,0.7857142857142857,0.676923076923077,0.6378811147918041,6
"['V14', 'V16', 'V9', 'V8', 'V21', 'V12', 'V11']",0.5945945945945946,0.8,0.6821705426356589,0.6494045686641499,7
"['V14', 'V10', 'V8', 'V12', 'V7', 'V11', 'V1']",0.5945945945945946,0.8,0.6821705426356589,0.6378959325326191,7
"['V14', 'V4', 'V16', 'V12', 'V7', 'V1']",0.5945945945945946,0.8,0.6821705426356589,0.6299707560703643,6
"['V14', 'V4', 'V16', 'V12', 'V20', 'V1']",0.5945945945945946,0.8,0.6821705426356589,0.6306829507788838,6
"['V14', 'V16', 'V8', 'V21', 'V12', 'V20']",0.5945945945945946,0.7857142857142857,0.676923076923077,0.6247834086284878,6
"['V14', 'V10', 'V9', 'V8', 'V21', 'V7', 'V20']",0.5945945945945946,0.7457627118644068,0.6616541353383458,0.6453610044862916,7
"['V14', 'V10', 'V9', 'V8', 'V21', 'V7', 'V11']",0.5945945945945946,0.7457627118644068,0.6616541353383458,0.6423877586771098,7
"['V14', 'V16', 'V8', 'V21', 'V12', 'V7']",0.5945945945945946,0.7857142857142857,0.676923076923077,0.6321084193512473,6
"['V14', 'V10', 'V9', 'V8', 'V21', 'V7', 'V1']",0.5945945945945946,0.7457627118644068,0.6616541353383458,0.6407537632627562,7
"['V14', 'V10', 'V8', 'V12', 'V7', 'V20']",0.5945945945945946,0.8,0.6821705426356589,0.6424651350371096,6
"['V14', 'V10', 'V9', 'V8', 'V21', 'V1']",0.5945945945945946,0.7457627118644068,0.6616541353383458,0.6421858515810126,6
"['V14', 'V10', 'V9', 'V8', 'V21', 'V11']",0.5945945945945946,0.7457627118644068,0.6616541353383458,0.6381118050411465,6
"['V14', 'V10', 'V9', 'V8', 'V21', 'V20']",0.5945945945945946,0.7457627118644068,0.6616541353383458,0.6414610695553227,6
"['V14', 'V10', 'V9', 'V8', 'V21', 'V7']",0.5945945945945946,0.7457627118644068,0.6616541353383458,0.6434016408072591,6
"['V14', 'V10', 'V16', 'V8', 'V21', 'V1']",0.5945945945945946,0.8,0.6821705426356589,0.6516609177642451,6
"['V14', 'V10', 'V16', 'V8', 'V21', 'V11']",0.5945945945945946,0.8,0.6821705426356589,0.6527845871944733,6
"['V14', 'V10', 'V9', 'V8', 'V21', 'V20', 'V11']",0.5945945945945946,0.7457627118644068,0.6616541353383458,0.6373906607033885,7
"['V14', 'V10', 'V16', 'V8', 'V21', 'V20']",0.5945945945945946,0.8,0.6821705426356589,0.6515376202979305,6
"['V14', 'V10', 'V16', 'V9', 'V8', 'V21']",0.5945945945945946,0.8,0.6821705426356589,0.6557203115151206,6
"['V14', 'V4', 'V8', 'V21', 'V12', 'V11']",0.5945945945945946,0.7857142857142857,0.676923076923077,0.6286035361831874,6
"['V14', 'V4', 'V16', 'V7', 'V20', 'V1']",0.5945945945945946,0.8,0.6821705426356589,0.6332990924683792,6
"['V14', 'V10', 'V9', 'V8', 'V21', 'V20', 'V1']",0.5945945945945946,0.7457627118644068,0.6616541353383458,0.6410557453863103,7
"['V14', 'V10', 'V9', 'V8', 'V21', 'V11', 'V1']",0.5945945945945946,0.7457627118644068,0.6616541353383458,0.6405037902201468,7
"['V14', 'V4', 'V16', 'V12', 'V11', 'V1']",0.5945945945945946,0.8,0.6821705426356589,0.6284326278383955,6
"['V14', 'V10', 'V8', 'V16', 'V4', 'V21', 'V3', 'V1', 'V20', 'V19', 'V18', 'V11', 'V12', 'V5']",0.5945945945945946,0.8,0.6821705426356589,0.6649292326355292,14
"['V14', 'V10', 'V8', 'V21', 'V12', 'V7', 'V20']",0.5945945945945946,0.8,0.6821705426356589,0.6437192488853168,7
"['V14', 'V10', 'V8', 'V12', 'V7', 'V20', 'V11']",0.5945945945945946,0.8,0.6821705426356589,0.6395001635462788,7
"['V4', 'V10', 'V16', 'V8', 'V21', 'V11', 'V1']",0.5945945945945946,0.7586206896551724,0.6666666666666666,0.6242782443149676,7
"['V14', 'V4', 'V10', 'V16', 'V9', 'V8', 'V21', 'V12', 'V7', 'V20', 'V11', 'V1']",0.5945945945945946,0.8,0.6821705426356589,0.6571631321110171,12
"['V14', 'V10', 'V1', 'V2', 'V5', 'V3', 'V6', 'V21']",0.5945945945945946,0.7719298245614035,0.6717557251908397,0.6326749035539945,8
"['V14', 'V10', 'V1', 'V2', 'V5', 'V3', 'V6', 'V8', 'V21', 'V9', 'V11', 'V16', 'V7', 'V12']",0.5945945945945946,0.8,0.6821705426356589,0.6517119075853101,14
"['V14', 'V10', 'V8', 'V16', 'V4', 'V21']",0.5945945945945946,0.8,0.6821705426356589,0.6645040143262889,6
"['V14', 'V10', 'V1', 'V2', 'V5', 'V3', 'V6', 'V8', 'V21', 'V9', 'V20']",0.5945945945945946,0.7457627118644068,0.6616541353383458,0.6423459396003196,11
"['V14', 'V16', 'V9', 'V8', 'V21', 'V12', 'V20', 'V11', 'V1']",0.5945945945945946,0.8,0.6821705426356589,0.6484809810655142,9
"['V14', 'V4', 'V10', 'V8', 'V21', 'V12', 'V7', 'V20', 'V11']",0.5945945945945946,0.8,0.6821705426356589,0.6528802417441693,9
"['V14', 'V10', 'V1', 'V2', 'V5', 'V3', 'V6', 'V8', 'V21', 'V9', 'V11', 'V7']",0.5945945945945946,0.7586206896551724,0.6666666666666666,0.6452827439587905,12
"['V14', 'V10', 'V1', 'V2', 'V5', 'V3', 'V6', 'V8', 'V21', 'V9', 'V11', 'V12']",0.5945945945945946,0.7719298245614035,0.6717557251908397,0.6402314782916089,12
"['V14', 'V10', 'V1', 'V2', 'V5', 'V3', 'V6', 'V8', 'V21', 'V9', 'V11', 'V18']",0.5945945945945946,0.7719298245614035,0.6717557251908397,0.6483238337121372,12
"['V14', 'V10', 'V1', 'V2', 'V5', 'V3', 'V6', 'V8', 'V21', 'V9', 'V11', 'V19']",0.5945945945945946,0.7719298245614035,0.6717557251908397,0.6423183097182625,12
"['V14', 'V10', 'V1', 'V2', 'V5', 'V3', 'V6', 'V8', 'V21', 'V9', 'V11', 'V16', 'V4']",0.5945945945945946,0.8,0.6821705426356589,0.6617976878052769,13
"['V14', 'V10', 'V1', 'V2', 'V5', 'V3', 'V6', 'V8', 'V21', 'V9', 'V11', 'V16', 'V7', 'V17', 'V4']",0.5945945945945946,0.8,0.6821705426356589,0.6629815589277014,15
"['V14', 'V10', 'V1', 'V2', 'V5', 'V3', 'V6', 'V8', 'V21', 'V9', 'V12']",0.5945945945945946,0.7719298245614035,0.6717557251908397,0.6415859495629644,11
"['V14', 'V10', 'V1', 'V2', 'V5', 'V3', 'V6', 'V8', 'V21', 'V9', 'V11', 'V16', 'V7', 'V17', 'V12']",0.5945945945945946,0.8,0.6821705426356589,0.6515759977773847,15
"['V14', 'V10', 'V1', 'V2', 'V5', 'V9']",0.5945945945945946,0.7457627118644068,0.6616541353383458,0.6239318398200677,6
"['V14', 'V10', 'V1', 'V2', 'V5', 'V8']",0.5945945945945946,0.7457627118644068,0.6616541353383458,0.6370358695836811,6
"['V14', 'V4', 'V10', 'V8', 'V21', 'V12', 'V7', 'V20', 'V1']",0.5945945945945946,0.7719298245614035,0.6717557251908397,0.6530942937388325,9
"['V14', 'V10', 'V8', 'V16', 'V4', 'V6']",0.5945945945945946,0.8,0.6821705426356589,0.6580432895261801,6
"['V14', 'V4', 'V10', 'V16', 'V9', 'V21', 'V12', 'V7', 'V20', 'V1']",0.5945945945945946,0.7857142857142857,0.676923076923077,0.650411600573064,10
"['V14', 'V10', 'V8', 'V16', 'V4', 'V5']",0.5945945945945946,0.8,0.6821705426356589,0.661622007318771,6
"['V14', 'V10', 'V8', 'V16', 'V4', 'V3']",0.5945945945945946,0.8,0.6821705426356589,0.6610436526151197,6
"['V14', 'V4', 'V10', 'V8', 'V21', 'V12', 'V7', 'V11', 'V1']",0.5945945945945946,0.7719298245614035,0.6717557251908397,0.6541038567117686,9
"['V14', 'V10', 'V1', 'V2', 'V5', 'V12']",0.5945945945945946,0.7719298245614035,0.6717557251908397,0.6238179295557245,6
"['V14', 'V10', 'V1', 'V2', 'V5', 'V3', 'V6', 'V8', 'V21', 'V9', 'V7']",0.5945945945945946,0.7586206896551724,0.6666666666666666,0.6439173033559594,11
"['V14', 'V10', 'V8', 'V16', 'V4', 'V21', 'V3', 'V7']",0.5945945945945946,0.8,0.6821705426356589,0.6669744510819233,8
"['V14', 'V4', 'V10', 'V9', 'V8', 'V21', 'V12', 'V7', 'V11']",0.5945945945945946,0.7333333333333333,0.6567164179104478,0.6539679295956289,9
"['V14', 'V4', 'V10', 'V16', 'V9', 'V8', 'V21', 'V12', 'V7', 'V20', 'V1']",0.5945945945945946,0.8,0.6821705426356589,0.6583462932827776,11
"['V14', 'V10', 'V1', 'V2', 'V5', 'V3', 'V6', 'V8', 'V21', 'V12']",0.5945945945945946,0.8,0.6821705426356589,0.6379852505462372,10
"['V14', 'V10', 'V1', 'V2', 'V5', 'V3', 'V6', 'V8', 'V21', 'V18']",0.5945945945945946,0.8,0.6821705426356589,0.648449465816419,10
"['V14', 'V10', 'V1', 'V2', 'V5', 'V20']",0.5945945945945946,0.7457627118644068,0.6616541353383458,0.6232911883636092,6
"['V14', 'V10', 'V8', 'V16', 'V4', 'V21', 'V3', 'V6']",0.5945945945945946,0.8,0.6821705426356589,0.6655190724404018,8
"['V14', 'V10', 'V8', 'V16', 'V4', 'V21', 'V3', 'V5']",0.5945945945945946,0.8,0.6821705426356589,0.6675184827217909,8
"['V14', 'V10', 'V16', 'V9', 'V8', 'V21', 'V7', 'V20', 'V11', 'V1']",0.5945945945945946,0.8,0.6821705426356589,0.6543544432826354,10
"['V14', 'V10', 'V16', 'V9', 'V8', 'V21', 'V12', 'V20', 'V11', 'V1']",0.5945945945945946,0.8,0.6821705426356589,0.6504539347318191,10
"['V14', 'V4', 'V10', 'V9', 'V8', 'V21', 'V12', 'V7', 'V20']",0.5945945945945946,0.7457627118644068,0.6616541353383458,0.6552476095565972,9
"['V14', 'V4', 'V10', 'V9', 'V8', 'V21', 'V12', 'V7', 'V1']",0.5945945945945946,0.7457627118644068,0.6616541353383458,0.6528507902715291,9
"['V14', 'V10', 'V8', 'V16', 'V4', 'V21', 'V3']",0.5945945945945946,0.8,0.6821705426356589,0.6674508156891266,7
"['V14', 'V10', 'V1', 'V2', 'V5', 'V17']",0.5945945945945946,0.8,0.6821705426356589,0.6312711830287414,6
"['V14', 'V10', 'V1', 'V2', 'V5', 'V3', 'V6', 'V8', 'V21', 'V19']",0.5945945945945946,0.7719298245614035,0.6717557251908397,0.6407516171240363,10
"['V14', 'V4', 'V10', 'V9', 'V8', 'V21', 'V12', 'V20', 'V11']",0.5945945945945946,0.7333333333333333,0.6567164179104478,0.6530037270342961,9
"['V14', 'V4', 'V10', 'V9', 'V8', 'V21', 'V12', 'V20', 'V1']",0.5945945945945946,0.7457627118644068,0.6616541353383458,0.6510588906516156,9
"['V14', 'V10', 'V8', 'V16', 'V4', 'V21', 'V11']",0.5945945945945946,0.8,0.6821705426356589,0.663254605446605,7
"['V14', 'V4', 'V10', 'V9', 'V8', 'V21', 'V12', 'V11', 'V1']",0.5945945945945946,0.7213114754098361,0.6518518518518519,0.6503426346292691,9
"['V14', 'V16', 'V8', 'V21', 'V12', 'V7', 'V20', 'V11', 'V1']",0.5945945945945946,0.7857142857142857,0.676923076923077,0.63920465486064,9
"['V14', 'V10', 'V8', 'V16', 'V4', 'V21', 'V6']",0.5945945945945946,0.8,0.6821705426356589,0.663918398158082,7
"['V14', 'V10', 'V8', 'V16', 'V4', 'V21', 'V5']",0.5945945945945946,0.8,0.6821705426356589,0.6665366913502726,7
"['V14', 'V4', 'V10', 'V8', 'V21', 'V12', 'V20', 'V11', 'V1']",0.5945945945945946,0.7213114754098361,0.6518518518518519,0.6515502298483368,9
"['V14', 'V10', 'V8', 'V16', 'V21']",0.5945945945945946,0.8,0.6821705426356589,0.65285385773594,5
"['V14', 'V4', 'V10', 'V8', 'V21', 'V7', 'V20', 'V11', 'V1']",0.5945945945945946,0.7213114754098361,0.6518518518518519,0.6505694228330604,9
"['V14', 'V10', 'V1', 'V2', 'V5']",0.5945945945945946,0.7457627118644068,0.6616541353383458,0.6220460575900548,5
"['V14', 'V4', 'V16', 'V8', 'V21', 'V12', 'V7', 'V20', 'V1']",0.5945945945945946,0.8,0.6821705426356589,0.6512218961896687,9
"['V14', 'V4', 'V10', 'V16', 'V9', 'V8', 'V21', 'V12', 'V7', 'V1']",0.5945945945945946,0.8,0.6821705426356589,0.6582133187428,10
"['V14', 'V4', 'V10', 'V9', 'V8', 'V21', 'V12', 'V20', 'V11', 'V1']",0.5945945945945946,0.7333333333333333,0.6567164179104478,0.6491205542425819,10
"['V14', 'V4', 'V10', 'V9', 'V8', 'V21', 'V12', 'V7', 'V11', 'V1']",0.5945945945945946,0.7457627118644068,0.6616541353383458,0.6536816033195499,10
"['V14', 'V4', 'V10', 'V9', 'V8', 'V21', 'V12', 'V7', 'V20', 'V1']",0.5945945945945946,0.7586206896551724,0.6666666666666666,0.6538030781965669,10
"['V14', 'V10', 'V16', 'V8', 'V12', 'V7', 'V20', 'V11', 'V1']",0.5945945945945946,0.8,0.6821705426356589,0.6477675521026219,9
"['V14', 'V10', 'V16', 'V8', 'V21', 'V12', 'V20', 'V11', 'V1']",0.5945945945945946,0.8,0.6821705426356589,0.6470760486852194,9
"['V14', 'V4', 'V16', 'V8', 'V21', 'V12', 'V7', 'V11', 'V1']",0.5945945945945946,0.8,0.6821705426356589,0.6499432870088228,9
"['V14', 'V4', 'V16', 'V8', 'V21', 'V12', 'V20', 'V11', 'V1']",0.5945945945945946,0.8,0.6821705426356589,0.6486170423940439,9
"['V14', 'V4', 'V16', 'V8', 'V12', 'V7', 'V20', 'V11', 'V1']",0.5945945945945946,0.8,0.6821705426356589,0.6490981999060117,9
"['V14', 'V10', 'V1', 'V2', 'V5', 'V6']",0.5945945945945946,0.7457627118644068,0.6616541353383458,0.6240431365894773,6
"['V14', 'V4', 'V16', 'V21', 'V12', 'V7', 'V20', 'V11', 'V1']",0.5945945945945946,0.8,0.6821705426356589,0.6390253557970145,9
"['V14', 'V10', 'V1', 'V2', 'V6']",0.5945945945945946,0.7457627118644068,0.6616541353383458,0.6234911314671284,5
"['V14', 'V4', 'V10', 'V9', 'V8', 'V21', 'V12', 'V7', 'V20', 'V11']",0.5945945945945946,0.7586206896551724,0.6666666666666666,0.6542546719142875,10
"['V14', 'V4', 'V10', 'V16', 'V21', 'V12', 'V7', 'V20', 'V11', 'V1']",0.5945945945945946,0.8,0.6821705426356589,0.6505466007591205,10
"['V14', 'V10', 'V16', 'V9', 'V8', 'V21', 'V20', 'V11', 'V1']",0.5945945945945946,0.8,0.6821705426356589,0.6542654785721624,9
"['V14', 'V10', 'V16', 'V9', 'V8', 'V21', 'V7', 'V11', 'V1']",0.5945945945945946,0.8,0.6821705426356589,0.6549735762889978,9
"['V14', 'V10', 'V16', 'V9', 'V8', 'V21', 'V7', 'V20', 'V1']",0.5945945945945946,0.7857142857142857,0.676923076923077,0.6554049651040466,9
"['V14', 'V10', 'V16', 'V9', 'V8', 'V21', 'V12', 'V11', 'V1']",0.5945945945945946,0.8,0.6821705426356589,0.6506045763513215,9
"['V14', 'V10', 'V16', 'V9', 'V8', 'V21', 'V7', 'V20', 'V11']",0.5945945945945946,0.8,0.6821705426356589,0.653746302324907,9
"['V14', 'V4', 'V16', 'V9', 'V21', 'V12', 'V7', 'V11', 'V1']",0.5945945945945946,0.7857142857142857,0.676923076923077,0.6381800642963535,9
"['V14', 'V4', 'V16', 'V9', 'V21', 'V12', 'V7', 'V20', 'V1']",0.5945945945945946,0.7857142857142857,0.676923076923077,0.6404774288526818,9
"['V14', 'V10', 'V9', 'V8', 'V21', 'V7', 'V20', 'V11', 'V1']",0.5945945945945946,0.7457627118644068,0.6616541353383458,0.642339002275478,9
"['V14', 'V4', 'V10', 'V8', 'V21', 'V12', 'V7', 'V20', 'V11', 'V1']",0.5945945945945946,0.7586206896551724,0.6666666666666666,0.6545340622663983,10
"['V14', 'V4', 'V10', 'V16', 'V9', 'V21', 'V12', 'V7', 'V11', 'V1']",0.5945945945945946,0.8,0.6821705426356589,0.6494500449849697,10
"['V14', 'V10', 'V1', 'V2', 'V5', 'V3']",0.5945945945945946,0.7457627118644068,0.6616541353383458,0.6236447783774631,6
"['V14', 'V10', 'V1', 'V2', 'V5', 'V3', 'V6', 'V8', 'V21', 'V9', 'V11', 'V16', 'V7', 'V17', 'V18', 'V4']",0.5945945945945946,0.8,0.6821705426356589,0.6623868495268554,16
"['V14', 'V4', 'V10', 'V16', 'V9', 'V21', 'V7', 'V20', 'V11', 'V1']",0.5945945945945946,0.7857142857142857,0.676923076923077,0.6504536831901714,10
"['V14', 'V10', 'V1', 'V2', 'V5', 'V3', 'V6', 'V8', 'V21', 'V9', 'V11', 'V16', 'V7', 'V17', 'V18', 'V12']",0.5945945945945946,0.8,0.6821705426356589,0.6513666043199743,16
"['V14', 'V10', 'V1', 'V2', 'V5', 'V3', 'V6', 'V8', 'V21', 'V9', 'V11', 'V16', 'V7', 'V17', 'V18', 'V19', 'V4']",0.5945945945945946,0.8,0.6821705426356589,0.6617096808466745,17
"['V14', 'V4', 'V16', 'V9', 'V8', 'V21', 'V12', 'V7', 'V1']",0.5945945945945946,0.8,0.6821705426356589,0.6557636760096053,9
"['V14', 'V4', 'V16', 'V9', 'V8', 'V21', 'V12', 'V20', 'V1']",0.5945945945945946,0.8,0.6821705426356589,0.6536090219073342,9
"['V14', 'V4', 'V10', 'V16', 'V8', 'V21', 'V12', 'V7', 'V20', 'V11']",0.5945945945945946,0.8,0.6821705426356589,0.6588620325124044,10
"['V14', 'V10', 'V1', 'V2', 'V5', 'V3', 'V6', 'V8', 'V21', 'V9', 'V11', 'V16', 'V7', 'V17', 'V18', 'V19', 'V12']",0.5945945945945946,0.8,0.6821705426356589,0.6512047643067607,17
"['V14', 'V10', 'V1', 'V2', 'V5', 'V3', 'V6', 'V8', 'V21', 'V9', 'V11', 'V16', 'V7', 'V17', 'V18', 'V19', 'V20', 'V4']",0.5945945945945946,0.8,0.6821705426356589,0.661848327122466,18
"['V14', 'V4', 'V16', 'V8', 'V21', 'V12', 'V7', 'V20', 'V11', 'V1']",0.5945945945945946,0.8,0.6821705426356589,0.6511255952994601,10
"['V14', 'V4', 'V10', 'V16', 'V8', 'V21', 'V12', 'V7', 'V11', 'V1']",0.5945945945945946,0.8,0.6821705426356589,0.6593517308262028,10
"['V14', 'V4', 'V10', 'V16', 'V8', 'V21', 'V7', 'V20', 'V11', 'V1']",0.5945945945945946,0.8,0.6821705426356589,0.6621562616238105,10
"['V14', 'V10', 'V1', 'V2', 'V5', 'V3', 'V6', 'V8', 'V21', 'V9', 'V11', 'V16', 'V7', 'V17', 'V18', 'V19', 'V20', 'V12']",0.5945945945945946,0.8,0.6821705426356589,0.6531558958309477,18
"['V14', 'V10', 'V1', 'V2', 'V5', 'V3', 'V6', 'V8', 'V21', 'V9', 'V11', 'V16', 'V7', 'V17', 'V18', 'V19', 'V20', 'V4', 'V12']",0.5945945945945946,0.8,0.6821705426356589,0.6603790244296818,19
"['V14', 'V4', 'V16', 'V9', 'V8', 'V12', 'V7', 'V11', 'V1']",0.5945945945945946,0.7857142857142857,0.676923076923077,0.6524453842782124,9
"['V14', 'V4', 'V16', 'V9', 'V8', 'V12', 'V20', 'V11', 'V1']",0.5945945945945946,0.8,0.6821705426356589,0.6528975265542213,9
"['V14', 'V4', 'V16', 'V9', 'V8', 'V12', 'V7', 'V20', 'V11', 'V1']",0.5945945945945946,0.8,0.6821705426356589,0.6543793405625633,10
"['V14', 'V4', 'V10', 'V16', 'V9', 'V8', 'V21', 'V12', 'V7', 'V11', 'V1']",0.5945945945945946,0.8,0.6821705426356589,0.6577306036874202,11
"['V14', 'V10', 'V1', 'V2', 'V5', 'V3', 'V6', 'V8', 'V21', 'V9', 'V19']",0.5945945945945946,0.7719298245614035,0.6717557251908397,0.644985884833439,11
"['V14', 'V10', 'V1', 'V2', 'V5', 'V3', 'V20']",0.5945945945945946,0.7457627118644068,0.6616541353383458,0.6240950609106378,7
"['V14', 'V4', 'V10', 'V16', 'V21', 'V12', 'V7', 'V20', 'V1']",0.5945945945945946,0.8,0.6821705426356589,0.650905874045795,9
"['V14', 'V10', 'V1', 'V2', 'V5', 'V3', 'V6', 'V8', 'V12']",0.5945945945945946,0.7857142857142857,0.676923076923077,0.6311614813007735,9
"['V14', 'V10', 'V1', 'V2', 'V5', 'V3', 'V8']",0.5945945945945946,0.7457627118644068,0.6616541353383458,0.6372349912373306,7
"['V10', 'V16', 'V9', 'V8', 'V21', 'V7', 'V20', 'V11', 'V1']",0.5945945945945946,0.8,0.6821705426356589,0.6085641568571324,9
"['V14', 'V10', 'V1', 'V2', 'V5', 'V3', 'V9']",0.5945945945945946,0.7457627118644068,0.6616541353383458,0.6260488947937857,7
"['V10', 'V16', 'V8', 'V21', 'V12', 'V7', 'V20', 'V11', 'V1']",0.5945945945945946,0.7857142857142857,0.676923076923077,0.6016710955311446,9
"['V14', 'V10', 'V1', 'V2', 'V5', 'V3', 'V6', 'V8', 'V9']",0.5945945945945946,0.7457627118644068,0.6616541353383458,0.63717821221327,9
"['V14', 'V4', 'V10', 'V16', 'V21', 'V12', 'V7', 'V11', 'V1']",0.5945945945945946,0.8,0.6821705426356589,0.6463900619507225,9
"['V14', 'V10', 'V8', 'V16', 'V4', 'V21', 'V3', 'V1', 'V5']",0.5945945945945946,0.8,0.6821705426356589,0.6664450824228088,9
"['V14', 'V4', 'V10', 'V16', 'V9', 'V21', 'V7', 'V11', 'V1']",0.5945945945945946,0.7857142857142857,0.676923076923077,0.6476245441614623,9
"['V14', 'V10', 'V8', 'V16', 'V4', 'V21', 'V3', 'V1', 'V6']",0.5945945945945946,0.8,0.6821705426356589,0.6654958020671243,9
"['V14', 'V4', 'V10', 'V16', 'V9', 'V21', 'V7', 'V20', 'V1']",0.5945945945945946,0.8,0.6821705426356589,0.6498275271336454,9
"['V14', 'V10', 'V1', 'V2', 'V5', 'V3', 'V6', 'V8']",0.5945945945945946,0.7457627118644068,0.6616541353383458,0.6366668952311296,8
"['V14', 'V10', 'V8', 'V16', 'V4', 'V21', 'V3', 'V20']",0.5945945945945946,0.8,0.6821705426356589,0.66737517220258,8
"['V14', 'V10', 'V1', 'V2', 'V5', 'V3', 'V6', 'V9']",0.5945945945945946,0.7457627118644068,0.6616541353383458,0.6249349707619762,8
"['V14', 'V10', 'V8', 'V16', 'V4', 'V21', 'V3', 'V1', 'V20', 'V19', 'V18', 'V6']",0.5945945945945946,0.8,0.6821705426356589,0.6669685732408558,12
"['V14', 'V4', 'V10', 'V16', 'V8', 'V21', 'V12', 'V7', 'V1']",0.5945945945945946,0.8,0.6821705426356589,0.6607250579891873,9
"['V14', 'V10', 'V1', 'V2', 'V5', 'V3', 'V6', 'V20']",0.5945945945945946,0.7457627118644068,0.6616541353383458,0.625433453684178,8
"['V14', 'V4', 'V10', 'V16', 'V9', 'V21', 'V12', 'V7', 'V1']",0.5945945945945946,0.8,0.6821705426356589,0.6499383308795239,9
"['V14', 'V10', 'V1', 'V2', 'V5', 'V3', 'V6', 'V17']",0.5945945945945946,0.7857142857142857,0.676923076923077,0.6312044967788759,8
"['V14', 'V4', 'V10', 'V16', 'V9', 'V21', 'V12', 'V20', 'V1']",0.5945945945945946,0.8,0.6821705426356589,0.6505915708957015,9
"['V14', 'V4', 'V10', 'V16', 'V8', 'V21', 'V12', 'V7', 'V20', 'V11', 'V1']",0.5945945945945946,0.8,0.6821705426356589,0.6597356255793458,11
"['V10', 'V16', 'V9', 'V8', 'V21', 'V12', 'V20', 'V11', 'V1']",0.5945945945945946,0.8,0.6821705426356589,0.6141542282644972,9
"['V14', 'V4', 'V10', 'V16', 'V8', 'V21', 'V7', 'V20', 'V11']",0.5945945945945946,0.8,0.6821705426356589,0.6621483722087957,9
"['V14', 'V10', 'V8', 'V16', 'V4', 'V21', 'V3', 'V1', 'V20', 'V5']",0.5945945945945946,0.8,0.6821705426356589,0.6677997337793384,10
"['V14', 'V10', 'V1', 'V2', 'V5', 'V3', 'V6', 'V8', 'V16']",0.5945945945945946,0.8,0.6821705426356589,0.6484449358756055,9
"['V14', 'V4', 'V10', 'V9', 'V8', 'V21', 'V12', 'V7', 'V20', 'V11', 'V1']",0.5945945945945946,0.7457627118644068,0.6616541353383458,0.6539738736834801,11
"['V14', 'V10', 'V1', 'V2', 'V5', 'V3', 'V6', 'V8', 'V20']",0.5945945945945946,0.7457627118644068,0.6616541353383458,0.6365473551644784,9
"['V14', 'V4', 'V10', 'V16', 'V9', 'V12', 'V7', 'V11', 'V1']",0.5945945945945946,0.7857142857142857,0.676923076923077,0.6414526593875968,9
"['V14', 'V10', 'V8', 'V16', 'V4', 'V21', 'V3', 'V1', 'V20', 'V19', 'V5']",0.5945945945945946,0.8,0.6821705426356589,0.6672017558552105,11
"['V14', 'V4', 'V10', 'V16', 'V8', 'V21', 'V12', 'V7', 'V20']",0.5945945945945946,0.8,0.6821705426356589,0.6599433280459068,9
"['V14', 'V10', 'V8', 'V16', 'V4', 'V21', 'V3', 'V18']",0.5945945945945946,0.8,0.6821705426356589,0.6674083072867911,8
"['V14', 'V10', 'V1', 'V2', 'V5', 'V3', 'V6', 'V8', 'V21', 'V11']",0.5945945945945946,0.7586206896551724,0.6666666666666666,0.638652598579041,10
"['V14', 'V10', 'V8', 'V16', 'V4', 'V21', 'V3', 'V19']",0.5945945945945946,0.8,0.6821705426356589,0.6678724463597362,8
"['V14', 'V10', 'V8', 'V16', 'V4', 'V21', 'V3', 'V17']",0.5945945945945946,0.8,0.6821705426356589,0.6675909311308865,8
"['V14', 'V10', 'V1', 'V2', 'V5', 'V3', 'V6']",0.5945945945945946,0.7457627118644068,0.6616541353383458,0.6229280880237709,7
"['V14', 'V10', 'V8', 'V16', 'V4', 'V21', 'V3', 'V11']",0.5945945945945946,0.8,0.6821705426356589,0.6664566857476575,8
"['V14', 'V10', 'V1', 'V2', 'V5', 'V3', 'V6', 'V8', 'V17']",0.5945945945945946,0.8,0.6821705426356589,0.6417961642739902,9
"['V14', 'V10', 'V1', 'V2', 'V5', 'V3', 'V6', 'V8', 'V21', 'V7']",0.5945945945945946,0.7719298245614035,0.6717557251908397,0.6415843397712276,10
"['V14', 'V10', 'V1', 'V2', 'V5', 'V3', 'V17']",0.5945945945945946,0.8,0.6821705426356589,0.6289917140618723,7
"['V14', 'V4', 'V10', 'V16', 'V8', 'V21', 'V12', 'V7', 'V11']",0.5945945945945946,0.8,0.6821705426356589,0.6598727830553112,9
"['V14', 'V10', 'V21', 'V12', 'V7', 'V11']",0.581081081081081,0.7962962962962963,0.671875,0.6281511449413634,6
"['V14', 'V16', 'V9', 'V8', 'V21', 'V20']",0.581081081081081,0.7678571428571429,0.6615384615384615,0.6581390044726679,6
"['V14', 'V4', 'V10', 'V16', 'V8', 'V21', 'V1']",0.581081081081081,0.7962962962962963,0.671875,0.6656161768776001,7
"['V14', 'V10', 'V21', 'V12', 'V7', 'V20']",0.581081081081081,0.7962962962962963,0.671875,0.6291783643976845,6
"['V14', 'V10', 'V21', 'V12', 'V7', 'V1']",0.581081081081081,0.7962962962962963,0.671875,0.6282298488711832,6
"['V14', 'V10', 'V8', 'V12', 'V11', 'V1']",0.581081081081081,0.7962962962962963,0.671875,0.6301054120215853,6
"['V14', 'V4', 'V10', 'V16', 'V8', 'V21', 'V20']",0.581081081081081,0.7962962962962963,0.671875,0.6639303863926136,7
"['V14', 'V10', 'V8', 'V12', 'V7', 'V1']",0.581081081081081,0.7962962962962963,0.671875,0.6412962123655469,6
"['V14', 'V10', 'V8', 'V7', 'V20', 'V11']",0.581081081081081,0.7413793103448276,0.6515151515151515,0.63716954713513,6
"['V14', 'V10', 'V21', 'V12', 'V20', 'V11']",0.581081081081081,0.7678571428571429,0.6615384615384615,0.6262275509778986,6
"['V14', 'V4', 'V10', 'V16', 'V8', 'V20', 'V11']",0.581081081081081,0.7962962962962963,0.671875,0.6607743657134808,7
"['V14', 'V10', 'V21', 'V12', 'V20', 'V1']",0.581081081081081,0.7962962962962963,0.671875,0.6272753439550517,6
"['V14', 'V10', 'V21', 'V12', 'V11', 'V1']",0.581081081081081,0.7962962962962963,0.671875,0.6268332885766776,6
"['V14', 'V4', 'V10', 'V16', 'V8', 'V21', 'V12', 'V20', 'V11', 'V1']",0.581081081081081,0.7962962962962963,0.671875,0.6629348949180023,10
"['V14', 'V4', 'V10', 'V16', 'V8', 'V12', 'V7']",0.581081081081081,0.7962962962962963,0.671875,0.6561773877287767,7
"['V14', 'V16', 'V9', 'V8', 'V11', 'V1']",0.581081081081081,0.7818181818181819,0.6666666666666666,0.6516509113828406,6
"['V14', 'V4', 'V10', 'V16', 'V8', 'V12', 'V20']",0.581081081081081,0.7962962962962963,0.671875,0.6580863192120796,7
"['V14', 'V4', 'V10', 'V16', 'V8', 'V12', 'V11']",0.581081081081081,0.7962962962962963,0.671875,0.6608085396991311,7
"['V14', 'V4', 'V10', 'V16', 'V8', 'V7', 'V1']",0.581081081081081,0.7962962962962963,0.671875,0.6594250293800445,7
"['V14', 'V10', 'V2']",0.581081081081081,0.7413793103448276,0.6515151515151515,0.62223580255663,3
"['V14', 'V4', 'V10', 'V16', 'V8', 'V12', 'V1']",0.581081081081081,0.7962962962962963,0.671875,0.6577079286678488,7
"['V14', 'V4', 'V10', 'V16', 'V8', 'V7', 'V20']",0.581081081081081,0.7962962962962963,0.671875,0.659242769024977,7
"['V14', 'V10', 'V21', 'V7', 'V20', 'V11']",0.581081081081081,0.7413793103448276,0.6515151515151515,0.6322435423527525,6
"['V14', 'V16', 'V9', 'V8', 'V21', 'V11']",0.581081081081081,0.7678571428571429,0.6615384615384615,0.6563340602809024,6
"['V14', 'V4', 'V10', 'V16', 'V8', 'V7', 'V11']",0.581081081081081,0.7962962962962963,0.671875,0.6582115200872104,7
"['V10', 'V16', 'V8', 'V21', 'V20', 'V11']",0.581081081081081,0.7962962962962963,0.671875,0.5895530840317852,6
"['V14', 'V4', 'V10', 'V16', 'V9', 'V8', 'V21', 'V12', 'V20', 'V11']",0.581081081081081,0.7962962962962963,0.671875,0.65945581322609,10
"['V14', 'V4', 'V10', 'V16', 'V8', 'V20', 'V1']",0.581081081081081,0.7962962962962963,0.671875,0.6605947232718722,7
"['V14', 'V10', 'V9', 'V12', 'V11', 'V1']",0.581081081081081,0.7678571428571429,0.6615384615384615,0.6261420927264728,6
"['V14', 'V10', 'V8', 'V21', 'V12', 'V7']",0.581081081081081,0.7962962962962963,0.671875,0.6440371712270262,6
"['V14', 'V10', 'V9', 'V20', 'V11', 'V1']",0.581081081081081,0.7413793103448276,0.6515151515151515,0.6198609572880605,6
"['V14', 'V10', 'V9', 'V7', 'V11', 'V1']",0.581081081081081,0.7413793103448276,0.6515151515151515,0.6238231679570835,6
"['V14', 'V10', 'V9', 'V7', 'V20', 'V1']",0.581081081081081,0.7413793103448276,0.6515151515151515,0.6322093691803424,6
"['V14', 'V10', 'V9', 'V7', 'V20', 'V11']",0.581081081081081,0.7413793103448276,0.6515151515151515,0.6288601123347934,6
"['V14', 'V4', 'V10', 'V16', 'V12', 'V7', 'V1']",0.581081081081081,0.7962962962962963,0.671875,0.6408776319519524,7
"['V14', 'V4', 'V10', 'V16', 'V12', 'V20', 'V1']",0.581081081081081,0.7962962962962963,0.671875,0.6415440613588039,7
"['V14', 'V10', 'V8', 'V12', 'V7', 'V11']",0.581081081081081,0.7962962962962963,0.671875,0.6395745912215004,6
"['V14', 'V10', 'V9', 'V12', 'V20', 'V1']",0.581081081081081,0.7678571428571429,0.6615384615384615,0.6231020009485883,6
"['V14', 'V4', 'V10', 'V16', 'V12', 'V11', 'V1']",0.581081081081081,0.7962962962962963,0.671875,0.6411529637483071,7
"['V14', 'V10', 'V9', 'V12', 'V20', 'V11']",0.581081081081081,0.7678571428571429,0.6615384615384615,0.6227876366798767,6
"['V14', 'V4', 'V10', 'V16', 'V7', 'V20', 'V1']",0.581081081081081,0.7962962962962963,0.671875,0.643001402126386,7
"['V14', 'V10', 'V9', 'V12', 'V7', 'V1']",0.581081081081081,0.7678571428571429,0.6615384615384615,0.627027419680952,6
"['V14', 'V4', 'V10', 'V16', 'V7', 'V11', 'V1']",0.581081081081081,0.7962962962962963,0.671875,0.6429560185881757,7
"['V14', 'V4', 'V10', 'V16', 'V21', 'V11', 'V1']",0.581081081081081,0.7962962962962963,0.671875,0.6494768360402088,7
"['V14', 'V4', 'V10', 'V16', 'V21', 'V20', 'V1']",0.581081081081081,0.7962962962962963,0.671875,0.6522971597722655,7
"['V14', 'V4', 'V10', 'V16', 'V21', 'V20', 'V11']",0.581081081081081,0.7962962962962963,0.671875,0.6527475358337008,7
"['V14', 'V4', 'V10', 'V16', 'V21', 'V7', 'V1']",0.581081081081081,0.7962962962962963,0.671875,0.6485891260361086,7
"['V14', 'V4', 'V10', 'V16', 'V21', 'V7', 'V20']",0.581081081081081,0.7962962962962963,0.671875,0.653556236172448,7
"['V14', 'V10', 'V8', 'V21', 'V12', 'V20']",0.581081081081081,0.7962962962962963,0.671875,0.6377615297491347,6
"['V14', 'V10', 'V8', 'V21', 'V12', 'V11']",0.581081081081081,0.7962962962962963,0.671875,0.6373434242466994,6
"['V14', 'V10', 'V8', 'V21', 'V12', 'V1']",0.581081081081081,0.7962962962962963,0.671875,0.6397040344924861,6
"['V14', 'V10', 'V8', 'V21', 'V7', 'V20']",0.581081081081081,0.7543859649122807,0.6564885496183206,0.6392889931303494,6
"['V14', 'V10', 'V8', 'V21', 'V7', 'V11']",0.581081081081081,0.7543859649122807,0.6564885496183206,0.6388085966398862,6
"['V14', 'V10', 'V8', 'V21', 'V7', 'V1']",0.581081081081081,0.7543859649122807,0.6564885496183206,0.6359355383106962,6
"['V14', 'V10', 'V8', 'V21', 'V20', 'V11']",0.581081081081081,0.7413793103448276,0.6515151515151515,0.6380736867070089,6
"['V14', 'V16', 'V8', 'V21', 'V7', 'V11']",0.581081081081081,0.7678571428571429,0.6615384615384615,0.6216533060534581,6
"['V14', 'V4', 'V10', 'V16', 'V8', 'V11', 'V1']",0.581081081081081,0.7962962962962963,0.671875,0.660141994161478,7
"['V14', 'V10', 'V8', 'V21', 'V20', 'V1']",0.581081081081081,0.7543859649122807,0.6564885496183206,0.6370038035292042,6
"['V14', 'V10', 'V8', 'V21', 'V11', 'V1']",0.581081081081081,0.7543859649122807,0.6564885496183206,0.638329171224553,6
"['V14', 'V4', 'V10', 'V16', 'V8', 'V12', 'V7', 'V20', 'V11', 'V1']",0.581081081081081,0.7962962962962963,0.671875,0.6597443240796603,10
"['V14', 'V16', 'V8', 'V21', 'V7', 'V20']",0.581081081081081,0.7818181818181819,0.6666666666666666,0.6314080466344295,6
"['V14', 'V16', 'V8', 'V7', 'V11', 'V1']",0.581081081081081,0.7678571428571429,0.6615384615384615,0.630270863335585,6
"['V14', 'V4', 'V10', 'V16', 'V8', 'V21', 'V7']",0.581081081081081,0.7962962962962963,0.671875,0.6627596180015435,7
"['V14', 'V16', 'V8', 'V21', 'V7', 'V1']",0.581081081081081,0.7818181818181819,0.6666666666666666,0.6301529024067709,6
"['V10', 'V16', 'V12', 'V20', 'V11', 'V1']",0.581081081081081,0.7962962962962963,0.671875,0.5900512965254765,6
"['V10', 'V9', 'V8', 'V21', 'V12', 'V11']",0.581081081081081,0.7818181818181819,0.6666666666666666,0.6136344496487014,6
"['V14', 'V4', 'V10', 'V16', 'V9', 'V8', 'V21', 'V7', 'V20', 'V11']",0.581081081081081,0.7962962962962963,0.671875,0.6616977164142449,10
"['V14', 'V10', 'V9', 'V21', 'V20', 'V1']",0.581081081081081,0.7413793103448276,0.6515151515151515,0.6331098129989321,6
"['V10', 'V8', 'V21', 'V12', 'V11', 'V1']",0.581081081081081,0.7962962962962963,0.671875,0.5960696554738161,6
"['V14', 'V9', 'V12', 'V7', 'V11', 'V1']",0.581081081081081,0.7413793103448276,0.6515151515151515,0.6288663202483811,6
"['V14', 'V9', 'V12', 'V7', 'V20', 'V1']",0.581081081081081,0.7678571428571429,0.6615384615384615,0.6347657123632934,6
"['V14', 'V9', 'V12', 'V7', 'V20', 'V11']",0.581081081081081,0.7678571428571429,0.6615384615384615,0.6319751688412536,6
"['V14', 'V9', 'V21', 'V12', 'V20', 'V1']",0.581081081081081,0.7678571428571429,0.6615384615384615,0.6296603439270886,6
"['V14', 'V9', 'V21', 'V12', 'V20', 'V11']",0.581081081081081,0.7678571428571429,0.6615384615384615,0.6227510717805016,6
"['V14', 'V9', 'V21', 'V12', 'V7', 'V1']",0.581081081081081,0.7678571428571429,0.6615384615384615,0.6386831727582775,6
"['V14', 'V9', 'V21', 'V12', 'V7', 'V20']",0.581081081081081,0.7678571428571429,0.6615384615384615,0.6359153873044472,6
"['V14', 'V4', 'V10', 'V16', 'V9', 'V8', 'V21', 'V12', 'V11', 'V1']",0.581081081081081,0.7962962962962963,0.671875,0.6621340431628504,10
"['V14', 'V9', 'V8', 'V12', 'V20', 'V11']",0.581081081081081,0.7543859649122807,0.6564885496183206,0.6292541632085339,6
"['V10', 'V21', 'V12', 'V20', 'V11', 'V1']",0.581081081081081,0.7962962962962963,0.671875,0.5886380346326169,6
"['V14', 'V4', 'V10', 'V16', 'V9', 'V8', 'V12', 'V20', 'V11', 'V1']",0.581081081081081,0.7962962962962963,0.671875,0.6611469272792851,10
"['V14', 'V4', 'V10', 'V16', 'V9', 'V8', 'V12', 'V7', 'V11', 'V1']",0.581081081081081,0.7962962962962963,0.671875,0.6589294796289521,10
"['V14', 'V8', 'V21', 'V12', 'V20', 'V1']",0.581081081081081,0.7818181818181819,0.6666666666666666,0.6106997515686665,6
"['V14', 'V4', 'V10', 'V16', 'V9', 'V8', 'V21', 'V7', 'V11', 'V1']",0.581081081081081,0.7962962962962963,0.671875,0.6607436924311436,10
"['V10', 'V16', 'V8', 'V21', 'V12', 'V11']",0.581081081081081,0.7818181818181819,0.6666666666666666,0.600251029753662,6
"['V10', 'V16', 'V8', 'V21', 'V12', 'V20']",0.581081081081081,0.7818181818181819,0.6666666666666666,0.5925324533999183,6
"['V4', 'V10', 'V16', 'V12', 'V11', 'V1']",0.581081081081081,0.7818181818181819,0.6666666666666666,0.6240048867103241,6
"['V14', 'V12', 'V7', 'V20', 'V11', 'V1']",0.581081081081081,0.7962962962962963,0.671875,0.6213600399074868,6
"['V14', 'V21', 'V12', 'V7', 'V11', 'V1']",0.581081081081081,0.7962962962962963,0.671875,0.619989275375144,6
"['V14', 'V21', 'V12', 'V7', 'V20', 'V1']",0.581081081081081,0.7962962962962963,0.671875,0.6258077725787061,6
"['V14', 'V4', 'V10', 'V16', 'V9', 'V8', 'V21', 'V20', 'V11', 'V1']",0.581081081081081,0.7962962962962963,0.671875,0.6621244745987651,10
"['V14', 'V8', 'V21', 'V12', 'V11', 'V1']",0.581081081081081,0.7678571428571429,0.6615384615384615,0.6096211323360244,6
"['V10', 'V16', 'V8', 'V12', 'V20', 'V11']",0.581081081081081,0.7962962962962963,0.671875,0.5955842723797826,6
"['V14', 'V4', 'V10', 'V16', 'V9', 'V8', 'V21', 'V7', 'V20', 'V1']",0.581081081081081,0.7962962962962963,0.671875,0.6600574417548404,10
"['V14', 'V4', 'V10', 'V16', 'V9', 'V8', 'V12', 'V7', 'V20', 'V1']",0.581081081081081,0.7962962962962963,0.671875,0.6567350883139619,10
"['V10', 'V16', 'V8', 'V20', 'V11', 'V1']",0.581081081081081,0.7962962962962963,0.671875,0.5785210440926776,6
"['V10', 'V16', 'V21', 'V12', 'V7', 'V11']",0.581081081081081,0.7818181818181819,0.6666666666666666,0.5893839042304159,6
"['V10', 'V16', 'V21', 'V12', 'V20', 'V1']",0.581081081081081,0.7818181818181819,0.6666666666666666,0.591237012648589,6
"['V14', 'V4', 'V10', 'V16', 'V9', 'V8', 'V7', 'V20', 'V11', 'V1']",0.581081081081081,0.7962962962962963,0.671875,0.6588788401335274,10
"['V14', 'V4', 'V10', 'V16', 'V9', 'V8', 'V21']",0.581081081081081,0.7962962962962963,0.671875,0.6637522146031282,7
"['V14', 'V4', 'V10', 'V16', 'V9', 'V8', 'V12']",0.581081081081081,0.7962962962962963,0.671875,0.6599918837525123,7
"['V14', 'V16', 'V8', 'V12', 'V11', 'V1']",0.581081081081081,0.7543859649122807,0.6564885496183206,0.605693444918039,6
"['V14', 'V4', 'V10', 'V16', 'V9', 'V20', 'V11']",0.581081081081081,0.7962962962962963,0.671875,0.6435761322296988,7
"['V14', 'V4', 'V10', 'V16', 'V9', 'V20', 'V1']",0.581081081081081,0.7962962962962963,0.671875,0.6407033353828689,7
"['V14', 'V4', 'V10', 'V16', 'V9', 'V21', 'V12', 'V20', 'V11', 'V1']",0.581081081081081,0.7962962962962963,0.671875,0.6501925138616759,10
"['V10', 'V16', 'V8', 'V21', 'V12', 'V1']",0.581081081081081,0.7962962962962963,0.671875,0.592697429275371,6
"['V14', 'V16', 'V8', 'V7', 'V20', 'V1']",0.581081081081081,0.7818181818181819,0.6666666666666666,0.6396754331365618,6
"['V14', 'V16', 'V8', 'V7', 'V20', 'V11']",0.581081081081081,0.7678571428571429,0.6615384615384615,0.62818232317593,6
"['V14', 'V16', 'V8', 'V12', 'V20', 'V1']",0.581081081081081,0.7818181818181819,0.6666666666666666,0.6152290588594417,6
"['V14', 'V16', 'V21', 'V12', 'V20', 'V11']",0.581081081081081,0.7818181818181819,0.6666666666666666,0.6088364984653551,6
"['V14', 'V16', 'V8', 'V12', 'V20', 'V11']",0.581081081081081,0.7543859649122807,0.6564885496183206,0.6087944733262677,6
"['V14', 'V16', 'V8', 'V12', 'V7', 'V1']",0.581081081081081,0.7818181818181819,0.6666666666666666,0.6352756318848974,6
"['V14', 'V4', 'V10', 'V16', 'V9', 'V11', 'V1']",0.581081081081081,0.7962962962962963,0.671875,0.6398953543690163,7
"['V14', 'V4', 'V10', 'V16', 'V9', 'V12', 'V7', 'V20', 'V11', 'V1']",0.581081081081081,0.7962962962962963,0.671875,0.641908843143905,10
"['V14', 'V4', 'V10', 'V16', 'V8', 'V21', 'V12']",0.581081081081081,0.7962962962962963,0.671875,0.6647248462368432,7
"['V14', 'V16', 'V8', 'V21', 'V20', 'V11']",0.581081081081081,0.7543859649122807,0.6564885496183206,0.6112882874977026,6
"['V14', 'V16', 'V21', 'V12', 'V7', 'V1']",0.581081081081081,0.7962962962962963,0.671875,0.6264079191654017,6
"['V14', 'V16', 'V21', 'V12', 'V20', 'V1']",0.581081081081081,0.7818181818181819,0.6666666666666666,0.6072168281769458,6
"['V14', 'V4', 'V10', 'V16', 'V9', 'V8', 'V7']",0.581081081081081,0.7962962962962963,0.671875,0.6607108435450606,7
"['V14', 'V4', 'V10', 'V16', 'V9', 'V12', 'V1']",0.581081081081081,0.7962962962962963,0.671875,0.6430437002661719,7
"['V14', 'V4', 'V10', 'V16', 'V9', 'V8', 'V20']",0.581081081081081,0.7962962962962963,0.671875,0.6612097831259823,7
"['V14', 'V4', 'V10', 'V16', 'V9', 'V8', 'V11']",0.581081081081081,0.7962962962962963,0.671875,0.661945997501441,7
"['V14', 'V4', 'V10', 'V16', 'V9', 'V8', 'V1']",0.581081081081081,0.7962962962962963,0.671875,0.6599738753017289,7
"['V14', 'V4', 'V10', 'V16', 'V9', 'V21', 'V7']",0.581081081081081,0.7962962962962963,0.671875,0.6508940930060685,7
"['V14', 'V4', 'V10', 'V16', 'V9', 'V21', 'V20']",0.581081081081081,0.7962962962962963,0.671875,0.6529951225652816,7
"['V14', 'V4', 'V10', 'V16', 'V9', 'V21', 'V1']",0.581081081081081,0.7962962962962963,0.671875,0.6488524469462563,7
"['V14', 'V4', 'V10', 'V16', 'V9', 'V7', 'V20']",0.581081081081081,0.7962962962962963,0.671875,0.6437988168242174,7
"['V14', 'V16', 'V21', 'V12', 'V11', 'V1']",0.581081081081081,0.7818181818181819,0.6666666666666666,0.6095615976169901,6
"['V14', 'V4', 'V10', 'V16', 'V9', 'V8', 'V21', 'V12', 'V20', 'V1']",0.581081081081081,0.7962962962962963,0.671875,0.6611006842116046,10
"['V14', 'V16', 'V12', 'V20', 'V11', 'V1']",0.581081081081081,0.7678571428571429,0.6615384615384615,0.6063008435706654,6
"['V14', 'V16', 'V12', 'V7', 'V11', 'V1']",0.581081081081081,0.7818181818181819,0.6666666666666666,0.6146089059695518,6
"['V14', 'V16', 'V12', 'V7', 'V20', 'V1']",0.581081081081081,0.7962962962962963,0.671875,0.628090901038274,6
"['V14', 'V16', 'V12', 'V7', 'V20', 'V11']",0.581081081081081,0.7818181818181819,0.6666666666666666,0.6178214799299883,6
"['V14', 'V16', 'V21', 'V7', 'V20', 'V11']",0.581081081081081,0.7818181818181819,0.6666666666666666,0.6271660024133962,6
"['V14', 'V10', 'V9', 'V21', 'V11', 'V1']",0.581081081081081,0.7413793103448276,0.6515151515151515,0.631128931282401,6
"['V14', 'V10', 'V16', 'V8', 'V21', 'V12']",0.581081081081081,0.7962962962962963,0.671875,0.6502568852315881,6
"['V14', 'V10', 'V9', 'V21', 'V7', 'V1']",0.581081081081081,0.7413793103448276,0.6515151515151515,0.6313822626039112,6
"['V14', 'V9', 'V21', 'V12', 'V11']",0.581081081081081,0.7678571428571429,0.6615384615384615,0.6260700494622411,5
"['V14', 'V9', 'V21', 'V12', 'V7']",0.581081081081081,0.7678571428571429,0.6615384615384615,0.6374396471883007,5
"['V14', 'V9', 'V8', 'V12', 'V11']",0.581081081081081,0.7413793103448276,0.6515151515151515,0.6315626929389447,5
"['V14', 'V9', 'V8', 'V12', 'V20']",0.581081081081081,0.7678571428571429,0.6615384615384615,0.6320344190057735,5
"['V14', 'V4', 'V10', 'V16', 'V9', 'V8', 'V21', 'V12', 'V20', 'V11', 'V1']",0.581081081081081,0.7962962962962963,0.671875,0.6594427784665834,11
"['V14', 'V4', 'V10', 'V16', 'V9', 'V8', 'V21', 'V7', 'V20', 'V11', 'V1']",0.581081081081081,0.7962962962962963,0.671875,0.6600405704264323,11
"['V14', 'V16', 'V12', 'V11', 'V1']",0.581081081081081,0.7818181818181819,0.6666666666666666,0.6056871387441845,5
"['V14', 'V16', 'V12', 'V20', 'V1']",0.581081081081081,0.7818181818181819,0.6666666666666666,0.6067183479127554,5
"['V14', 'V16', 'V12', 'V20', 'V11']",0.581081081081081,0.7818181818181819,0.6666666666666666,0.6057739964640688,5
"['V14', 'V16', 'V12', 'V7', 'V1']",0.581081081081081,0.7818181818181819,0.6666666666666666,0.6193905958205542,5
"['V14', 'V16', 'V12', 'V7', 'V11']",0.581081081081081,0.7818181818181819,0.6666666666666666,0.6109910383182721,5
"['V14', 'V16', 'V12', 'V7', 'V20']",0.581081081081081,0.7818181818181819,0.6666666666666666,0.6211730467506336,5
"['V14', 'V16', 'V21', 'V20', 'V1']",0.581081081081081,0.7678571428571429,0.6615384615384615,0.6065575959185069,5
"['V14', 'V16', 'V21', 'V20', 'V11']",0.581081081081081,0.7678571428571429,0.6615384615384615,0.6051085720986759,5
"['V14', 'V16', 'V21', 'V12', 'V1']",0.581081081081081,0.7818181818181819,0.6666666666666666,0.6088202706677848,5
"['V14', 'V16', 'V21', 'V12', 'V11']",0.581081081081081,0.7818181818181819,0.6666666666666666,0.6088843440340408,5
"['V14', 'V16', 'V21', 'V12', 'V20']",0.581081081081081,0.7818181818181819,0.6666666666666666,0.6086921180048744,5
"['V14', 'V16', 'V21', 'V12', 'V7']",0.581081081081081,0.7818181818181819,0.6666666666666666,0.6284565080218064,5
"['V14', 'V16', 'V8', 'V7', 'V11']",0.581081081081081,0.7678571428571429,0.6615384615384615,0.619771950907253,5
"['V14', 'V16', 'V8', 'V7', 'V20']",0.581081081081081,0.7678571428571429,0.6615384615384615,0.6296013558879536,5
"['V14', 'V16', 'V8', 'V12', 'V1']",0.581081081081081,0.7818181818181819,0.6666666666666666,0.614479388779926,5
"['V14', 'V16', 'V8', 'V12', 'V11']",0.581081081081081,0.7543859649122807,0.6564885496183206,0.606199989956719,5
"['V14', 'V9', 'V21', 'V12', 'V20']",0.581081081081081,0.7678571428571429,0.6615384615384615,0.6298232120287869,5
"['V14', 'V9', 'V21', 'V12', 'V1']",0.581081081081081,0.7678571428571429,0.6615384615384615,0.6344070652531768,5
"['V14', 'V10', 'V9', 'V21', 'V7', 'V11']",0.581081081081081,0.7413793103448276,0.6515151515151515,0.633601433890894,6
"['V14', 'V9', 'V12', 'V7', 'V20']",0.581081081081081,0.7678571428571429,0.6615384615384615,0.635167508022575,5
"['V10', 'V9', 'V12', 'V20', 'V11']",0.581081081081081,0.7962962962962963,0.671875,0.606435996650349,5
"['V10', 'V16', 'V12', 'V11', 'V1']",0.581081081081081,0.7962962962962963,0.671875,0.5894213118362854,5
"['V14', 'V10', 'V16', 'V9', 'V8', 'V21', 'V12', 'V7', 'V11', 'V1']",0.581081081081081,0.7962962962962963,0.671875,0.6520050577007366,10
"['V10', 'V16', 'V8', 'V21', 'V12']",0.581081081081081,0.7818181818181819,0.6666666666666666,0.5908851439559567,5
"['V14', 'V12', 'V7', 'V11', 'V1']",0.581081081081081,0.7818181818181819,0.6666666666666666,0.6105775822077973,5
"['V14', 'V12', 'V7', 'V20', 'V1']",0.581081081081081,0.7962962962962963,0.671875,0.624284690515288,5
"['V14', 'V12', 'V7', 'V20', 'V11']",0.581081081081081,0.7818181818181819,0.6666666666666666,0.6118475146773329,5
"['V14', 'V21', 'V12', 'V11', 'V1']",0.581081081081081,0.7818181818181819,0.6666666666666666,0.6006252666431087,5
"['V14', 'V21', 'V12', 'V20', 'V1']",0.581081081081081,0.7818181818181819,0.6666666666666666,0.602344098715138,5
"['V14', 'V21', 'V12', 'V20', 'V11']",0.581081081081081,0.7818181818181819,0.6666666666666666,0.5986074872972076,5
"['V14', 'V21', 'V12', 'V7', 'V1']",0.581081081081081,0.7962962962962963,0.671875,0.623753014738046,5
"['V14', 'V8', 'V12', 'V20', 'V11']",0.581081081081081,0.7543859649122807,0.6564885496183206,0.5909470071578975,5
"['V14', 'V8', 'V12', 'V7', 'V1']",0.581081081081081,0.7818181818181819,0.6666666666666666,0.6282350570989417,5
"['V14', 'V10', 'V16', 'V8', 'V21', 'V12', 'V7', 'V20', 'V11', 'V1']",0.581081081081081,0.7962962962962963,0.671875,0.6513251326360671,10
"['V14', 'V10', 'V9', 'V8', 'V21', 'V12', 'V7', 'V20', 'V11', 'V1']",0.581081081081081,0.7678571428571429,0.6615384615384615,0.6430462254020455,10
"['V4', 'V10', 'V16', 'V9', 'V8', 'V21', 'V12', 'V20', 'V11', 'V1']",0.581081081081081,0.7818181818181819,0.6666666666666666,0.6247496946508103,10
"['V14', 'V4', 'V10', 'V16', 'V9', 'V8', 'V21', 'V12', 'V7', 'V20', 'V11']",0.581081081081081,0.7962962962962963,0.671875,0.6602461283616846,11
"['V14', 'V9', 'V12', 'V20', 'V1']",0.581081081081081,0.7678571428571429,0.6615384615384615,0.6249685243846841,5
"['V14', 'V9', 'V12', 'V20', 'V11']",0.581081081081081,0.7413793103448276,0.6515151515151515,0.6231389386485202,5
"['V14', 'V9', 'V12', 'V7', 'V1']",0.581081081081081,0.7678571428571429,0.6615384615384615,0.6330654239480242,5
"['V14', 'V9', 'V12', 'V7', 'V11']",0.581081081081081,0.7678571428571429,0.6615384615384615,0.6278490159848245,5
"['V14', 'V16', 'V8', 'V12', 'V20']",0.581081081081081,0.7678571428571429,0.6615384615384615,0.6160741023908839,5
"['V14', 'V4', 'V10', 'V16', 'V9', 'V8', 'V12', 'V7', 'V20', 'V11', 'V1']",0.581081081081081,0.7962962962962963,0.671875,0.6611944868446855,11
"['V14', 'V4', 'V10', 'V16', 'V9', 'V21', 'V12', 'V7', 'V20', 'V11', 'V1']",0.581081081081081,0.7962962962962963,0.671875,0.6532230827333881,11
"['V14', 'V16', 'V8', 'V21', 'V11']",0.581081081081081,0.7543859649122807,0.6564885496183206,0.6048088445490926,5
"['V14', 'V10', 'V9', 'V7', 'V11']",0.581081081081081,0.7413793103448276,0.6515151515151515,0.6243416289053881,5
"['V14', 'V10', 'V9', 'V7', 'V20']",0.581081081081081,0.7413793103448276,0.6515151515151515,0.6302508448585835,5
"['V14', 'V10', 'V9', 'V12', 'V1']",0.581081081081081,0.7678571428571429,0.6615384615384615,0.6234781467712021,5
"['V14', 'V10', 'V9', 'V12', 'V11']",0.581081081081081,0.7678571428571429,0.6615384615384615,0.6271803067124414,5
"['V14', 'V10', 'V9', 'V12', 'V20']",0.581081081081081,0.7678571428571429,0.6615384615384615,0.6236742054091055,5
"['V14', 'V10', 'V9', 'V21', 'V1']",0.581081081081081,0.7413793103448276,0.6515151515151515,0.6326465232360279,5
"['V14', 'V10', 'V9', 'V21', 'V20']",0.581081081081081,0.7413793103448276,0.6515151515151515,0.63541618551291,5
"['V14', 'V10', 'V9', 'V21', 'V7']",0.581081081081081,0.7413793103448276,0.6515151515151515,0.6338385264544789,5
"['V14', 'V10', 'V9', 'V21', 'V12']",0.581081081081081,0.7678571428571429,0.6615384615384615,0.6365726226697737,5
"['V14', 'V10', 'V9', 'V8', 'V1']",0.581081081081081,0.7413793103448276,0.6515151515151515,0.6427513297730479,5
"['V14', 'V10', 'V9', 'V8', 'V11']",0.581081081081081,0.7413793103448276,0.6515151515151515,0.6330908872340637,5
"['V14', 'V10', 'V9', 'V8', 'V20']",0.581081081081081,0.7413793103448276,0.6515151515151515,0.6337796439069862,5
"['V14', 'V10', 'V9', 'V8', 'V7']",0.581081081081081,0.7413793103448276,0.6515151515151515,0.642254425068306,5
"['V14', 'V10', 'V9', 'V8', 'V12']",0.581081081081081,0.7678571428571429,0.6615384615384615,0.6362818227724056,5
"['V14', 'V10', 'V16', 'V9', 'V8', 'V21', 'V12', 'V7', 'V20', 'V11', 'V1']",0.581081081081081,0.7962962962962963,0.671875,0.6516720262866008,11
"['V14', 'V10', 'V16', 'V8', 'V1']",0.581081081081081,0.7962962962962963,0.671875,0.6496098517461969,5
"['V14', 'V10', 'V16', 'V8', 'V11']",0.581081081081081,0.7962962962962963,0.671875,0.6482811474352531,5
"['V14', 'V10', 'V16', 'V8', 'V20']",0.581081081081081,0.7962962962962963,0.671875,0.649860095953205,5
"['V14', 'V10', 'V16', 'V8', 'V12']",0.581081081081081,0.7962962962962963,0.671875,0.6477889483854973,5
"['V4', 'V10', 'V16', 'V9', 'V8', 'V21', 'V12', 'V7', 'V20', 'V11', 'V1']",0.581081081081081,0.7962962962962963,0.671875,0.6278760166138768,11
"['V14', 'V10', 'V16', 'V9', 'V21']",0.581081081081081,0.7818181818181819,0.6666666666666666,0.6415634814656577,5
"['V14', 'V10', 'V9', 'V7', 'V1']",0.581081081081081,0.7413793103448276,0.6515151515151515,0.6290472831441649,5
"['V14', 'V10', 'V9', 'V20', 'V11']",0.581081081081081,0.7413793103448276,0.6515151515151515,0.61961821324211,5
"['V14', 'V10', 'V9', 'V20', 'V1']",0.581081081081081,0.7413793103448276,0.6515151515151515,0.6239000405360564,5
"['V14', 'V10', 'V21', 'V12', 'V20']",0.581081081081081,0.7962962962962963,0.671875,0.6279252240187975,5
"['V14', 'V16', 'V8', 'V21', 'V7']",0.581081081081081,0.7678571428571429,0.6615384615384615,0.621997960880795,5
"['V14', 'V16', 'V9', 'V8', 'V1']",0.581081081081081,0.7818181818181819,0.6666666666666666,0.6601922555004012,5
"['V14', 'V16', 'V9', 'V8', 'V11']",0.581081081081081,0.7678571428571429,0.6615384615384615,0.6511789111749088,5
"['V14', 'V16', 'V9', 'V8', 'V21']",0.581081081081081,0.7678571428571429,0.6615384615384615,0.6582755150076762,5
"['V14', 'V10', 'V21', 'V11', 'V1']",0.581081081081081,0.7543859649122807,0.6564885496183206,0.6292485528573939,5
"['V14', 'V10', 'V21', 'V7', 'V11']",0.581081081081081,0.7413793103448276,0.6515151515151515,0.6296331606964258,5
"['V14', 'V10', 'V21', 'V7', 'V20']",0.581081081081081,0.7543859649122807,0.6564885496183206,0.6335577182691879,5
"['V14', 'V10', 'V21', 'V12', 'V1']",0.581081081081081,0.7962962962962963,0.671875,0.627753899838177,5
"['V14', 'V10', 'V21', 'V12', 'V11']",0.581081081081081,0.7962962962962963,0.671875,0.6268469949268679,5
"['V14', 'V10', 'V21', 'V12', 'V7']",0.581081081081081,0.7962962962962963,0.671875,0.6275864988841574,5
"['V14', 'V10', 'V9', 'V11', 'V1']",0.581081081081081,0.7413793103448276,0.6515151515151515,0.623476065449489,5
"['V14', 'V10', 'V8', 'V20', 'V1']",0.581081081081081,0.7413793103448276,0.6515151515151515,0.63368487977982,5
"['V14', 'V10', 'V8', 'V7', 'V20']",0.581081081081081,0.7413793103448276,0.6515151515151515,0.6426257411807523,5
"['V14', 'V10', 'V8', 'V12', 'V1']",0.581081081081081,0.7962962962962963,0.671875,0.6330668610721558,5
"['V14', 'V10', 'V8', 'V12', 'V7']",0.581081081081081,0.7962962962962963,0.671875,0.6407543280678959,5
"['V14', 'V10', 'V8', 'V21', 'V1']",0.581081081081081,0.7543859649122807,0.6564885496183206,0.64039272062275,5
"['V14', 'V10', 'V8', 'V21', 'V11']",0.581081081081081,0.7413793103448276,0.6515151515151515,0.6383031622687412,5
"['V14', 'V4', 'V16', 'V9', 'V8', 'V21', 'V12', 'V7', 'V20', 'V11', 'V1']",0.581081081081081,0.7818181818181819,0.6666666666666666,0.6549665723506226,11
"['V14', 'V10', 'V8', 'V21', 'V7']",0.581081081081081,0.7678571428571429,0.6615384615384615,0.6367390670643528,5
"['V14', 'V10', 'V8', 'V21', 'V12']",0.581081081081081,0.7962962962962963,0.671875,0.6389933638929944,5
"['V10', 'V21', 'V12', 'V11', 'V1']",0.581081081081081,0.7962962962962963,0.671875,0.5896243148021323,5
"['V14', 'V4', 'V10', 'V16', 'V9', 'V8']",0.581081081081081,0.7962962962962963,0.671875,0.6623456897318049,6
"['V14', 'V4', 'V10', 'V16', 'V9', 'V12']",0.581081081081081,0.7962962962962963,0.671875,0.6429839502143903,6
"['V14', 'V4', 'V16', 'V8', 'V21', 'V1']",0.581081081081081,0.7818181818181819,0.6666666666666666,0.6488482941234595,6
"['V14', 'V10', 'V16', 'V9', 'V8', 'V11']",0.581081081081081,0.7962962962962963,0.671875,0.6501477693400194,6
"['V14', 'V10', 'V16', 'V9', 'V8', 'V20']",0.581081081081081,0.7962962962962963,0.671875,0.6526377920846543,6
"['V14', 'V10', 'V16', 'V9', 'V8', 'V7']",0.581081081081081,0.7962962962962963,0.671875,0.6504635325344424,6
"['V14', 'V4', 'V10', 'V9', 'V8', 'V12', 'V7', 'V20', 'V11', 'V1']",0.581081081081081,0.7413793103448276,0.6515151515151515,0.6484499049140084,10
"['V14', 'V4', 'V21', 'V12', 'V11', 'V1']",0.581081081081081,0.7818181818181819,0.6666666666666666,0.6196882464550613,6
"['V14', 'V4', 'V21', 'V12', 'V20', 'V11']",0.581081081081081,0.7962962962962963,0.671875,0.6188371362443446,6
"['V14', 'V4', 'V8', 'V12', 'V20', 'V11']",0.581081081081081,0.7678571428571429,0.6615384615384615,0.6150510192624179,6
"['V14', 'V4', 'V10', 'V9', 'V21', 'V12', 'V7', 'V20', 'V11', 'V1']",0.581081081081081,0.7413793103448276,0.6515151515151515,0.6416857425775335,10
"['V14', 'V4', 'V16', 'V20', 'V11', 'V1']",0.581081081081081,0.7962962962962963,0.671875,0.6278799354680592,6
"['V14', 'V4', 'V16', 'V7', 'V11', 'V1']",0.581081081081081,0.7962962962962963,0.671875,0.6326826076789493,6
"['V14', 'V4', 'V16', 'V9', 'V8', 'V21', 'V12', 'V7', 'V11', 'V1']",0.581081081081081,0.7962962962962963,0.671875,0.6556368785137908,10
"['V14', 'V4', 'V16', 'V9', 'V8', 'V21', 'V12', 'V20', 'V11', 'V1']",0.581081081081081,0.7962962962962963,0.671875,0.6532144501843493,10
"['V14', 'V4', 'V16', 'V21', 'V11', 'V1']",0.581081081081081,0.7962962962962963,0.671875,0.6335661359744301,6
"['V14', 'V4', 'V16', 'V21', 'V20', 'V1']",0.581081081081081,0.7962962962962963,0.671875,0.6358312156665308,6
"['V14', 'V4', 'V16', 'V21', 'V20', 'V11']",0.581081081081081,0.7962962962962963,0.671875,0.6353313969458506,6
"['V14', 'V4', 'V16', 'V21', 'V7', 'V1']",0.581081081081081,0.7818181818181819,0.6666666666666666,0.6442054276600994,6
"['V14', 'V4', 'V16', 'V21', 'V7', 'V20']",0.581081081081081,0.7962962962962963,0.671875,0.6408634509777702,6
"['V14', 'V4', 'V16', 'V8', 'V11', 'V1']",0.581081081081081,0.7818181818181819,0.6666666666666666,0.6395306275275273,6
"['V14', 'V4', 'V16', 'V8', 'V20', 'V1']",0.581081081081081,0.7818181818181819,0.6666666666666666,0.6391169359969007,6
"['V14', 'V4', 'V16', 'V9', 'V21', 'V12', 'V7', 'V20', 'V11', 'V1']",0.581081081081081,0.7818181818181819,0.6666666666666666,0.6395971047617944,10
"['V14', 'V4', 'V16', 'V8', 'V12', 'V20']",0.581081081081081,0.7818181818181819,0.6666666666666666,0.6373394828960037,6
"['V14', 'V10', 'V16', 'V9', 'V8', 'V1']",0.581081081081081,0.7962962962962963,0.671875,0.6512996700969048,6
"['V14', 'V10', 'V16', 'V9', 'V21', 'V20']",0.581081081081081,0.7818181818181819,0.6666666666666666,0.6424739934853768,6
"['V14', 'V10', 'V16', 'V9', 'V20', 'V1']",0.581081081081081,0.7962962962962963,0.671875,0.6372584904882055,6
"['V14', 'V10', 'V9', 'V8', 'V12', 'V20']",0.581081081081081,0.7678571428571429,0.6615384615384615,0.6316011180516613,6
"['V14', 'V10', 'V9', 'V21', 'V7', 'V20']",0.581081081081081,0.7413793103448276,0.6515151515151515,0.6404784888728492,6
"['V14', 'V10', 'V9', 'V21', 'V12', 'V1']",0.581081081081081,0.7678571428571429,0.6615384615384615,0.6292917589070602,6
"['V14', 'V10', 'V9', 'V8', 'V11', 'V1']",0.581081081081081,0.7413793103448276,0.6515151515151515,0.6342415504613077,6
"['V14', 'V10', 'V9', 'V8', 'V20', 'V1']",0.581081081081081,0.7413793103448276,0.6515151515151515,0.637293088083946,6
"['V14', 'V10', 'V9', 'V8', 'V20', 'V11']",0.581081081081081,0.7288135593220338,0.6466165413533834,0.6307440889789119,6
"['V14', 'V10', 'V9', 'V8', 'V7', 'V1']",0.581081081081081,0.7413793103448276,0.6515151515151515,0.6417248037968212,6
"['V14', 'V10', 'V9', 'V8', 'V7', 'V11']",0.581081081081081,0.7288135593220338,0.6466165413533834,0.6389436579952132,6
"['V14', 'V10', 'V9', 'V8', 'V7', 'V20']",0.581081081081081,0.7413793103448276,0.6515151515151515,0.6501261921758105,6
"['V14', 'V10', 'V9', 'V8', 'V12', 'V1']",0.581081081081081,0.7678571428571429,0.6615384615384615,0.6362541729879952,6
"['V14', 'V10', 'V9', 'V8', 'V12', 'V7']",0.581081081081081,0.7678571428571429,0.6615384615384615,0.6416562582714362,6
"['V14', 'V10', 'V16', 'V8', 'V21', 'V7']",0.581081081081081,0.7962962962962963,0.671875,0.6523433854840675,6
"['V14', 'V10', 'V9', 'V8', 'V21', 'V12']",0.581081081081081,0.7678571428571429,0.6615384615384615,0.6428718883293001,6
"['V14', 'V10', 'V16', 'V21', 'V7', 'V11']",0.581081081081081,0.7962962962962963,0.671875,0.63467301055514,6
"['V14', 'V10', 'V16', 'V21', 'V12', 'V11']",0.581081081081081,0.7962962962962963,0.671875,0.634590904362099,6
"['V14', 'V10', 'V16', 'V8', 'V11', 'V1']",0.581081081081081,0.7962962962962963,0.671875,0.6485257184310309,6
"['V14', 'V10', 'V16', 'V8', 'V20', 'V1']",0.581081081081081,0.7962962962962963,0.671875,0.6512949982828883,6
"['V14', 'V10', 'V16', 'V8', 'V20', 'V11']",0.581081081081081,0.7962962962962963,0.671875,0.6480348149378938,6
"['V14', 'V10', 'V16', 'V8', 'V7', 'V20']",0.581081081081081,0.7962962962962963,0.671875,0.654250809867917,6
"['V14', 'V10', 'V16', 'V8', 'V12', 'V11']",0.581081081081081,0.7962962962962963,0.671875,0.6478060835007237,6
"['V14', 'V10', 'V16', 'V8', 'V12', 'V7']",0.581081081081081,0.7962962962962963,0.671875,0.6473980875157495,6
"['V14', 'V4', 'V16', 'V8', 'V12', 'V7']",0.581081081081081,0.7962962962962963,0.671875,0.6441441176149885,6
"['V14', 'V4', 'V16', 'V8', 'V21', 'V11']",0.581081081081081,0.7818181818181819,0.6666666666666666,0.6466849190757286,6
"['V14', 'V4', 'V10', 'V16', 'V9', 'V7']",0.581081081081081,0.7962962962962963,0.671875,0.6438190131093742,6
"['V14', 'V4', 'V16', 'V8', 'V21', 'V20']",0.581081081081081,0.7818181818181819,0.6666666666666666,0.6466054531676987,6
"['V14', 'V4', 'V10', 'V9', 'V7', 'V1']",0.581081081081081,0.7166666666666667,0.6417910447761194,0.6294735077999155,6
"['V14', 'V4', 'V10', 'V9', 'V12', 'V1']",0.581081081081081,0.7166666666666667,0.6417910447761194,0.6342111070354766,6
"['V14', 'V4', 'V10', 'V9', 'V12', 'V11']",0.581081081081081,0.7288135593220338,0.6466165413533834,0.635656102764897,6
"['V14', 'V4', 'V10', 'V9', 'V21', 'V12']",0.581081081081081,0.7288135593220338,0.6466165413533834,0.646069050376728,6
"['V14', 'V4', 'V10', 'V9', 'V8', 'V12']",0.581081081081081,0.7413793103448276,0.6515151515151515,0.6446618740625731,6
"['V14', 'V4', 'V10', 'V16', 'V11', 'V1']",0.581081081081081,0.7962962962962963,0.671875,0.6414239922321223,6
"['V14', 'V4', 'V10', 'V16', 'V20', 'V1']",0.581081081081081,0.7962962962962963,0.671875,0.642065110049884,6
"['V14', 'V4', 'V10', 'V16', 'V20', 'V11']",0.581081081081081,0.7962962962962963,0.671875,0.6436017843882756,6
"['V14', 'V4', 'V10', 'V16', 'V7', 'V1']",0.581081081081081,0.7962962962962963,0.671875,0.6431444467129458,6
"['V14', 'V4', 'V10', 'V16', 'V12', 'V1']",0.581081081081081,0.7962962962962963,0.671875,0.6436329779991229,6
"['V14', 'V4', 'V10', 'V16', 'V21', 'V1']",0.581081081081081,0.7962962962962963,0.671875,0.6483655178139379,6
"['V14', 'V4', 'V10', 'V16', 'V21', 'V20']",0.581081081081081,0.7962962962962963,0.671875,0.6536683304191605,6
"['V14', 'V4', 'V10', 'V16', 'V8', 'V1']",0.581081081081081,0.7962962962962963,0.671875,0.6612454190144547,6
"['V14', 'V4', 'V10', 'V16', 'V8', 'V11']",0.581081081081081,0.7962962962962963,0.671875,0.6616996941753102,6
"['V14', 'V4', 'V10', 'V16', 'V8', 'V20']",0.581081081081081,0.7962962962962963,0.671875,0.6616050964095256,6
"['V14', 'V4', 'V10', 'V16', 'V8', 'V7']",0.581081081081081,0.7962962962962963,0.671875,0.6591917035816248,6
"['V14', 'V4', 'V10', 'V16', 'V8', 'V12']",0.581081081081081,0.7962962962962963,0.671875,0.6611224903412204,6
"['V14', 'V10', 'V16', 'V9', 'V8', 'V21', 'V12', 'V7', 'V20', 'V1']",0.581081081081081,0.7962962962962963,0.671875,0.6518787122757197,10
"['V14', 'V4', 'V10', 'V16', 'V9', 'V1']",0.581081081081081,0.7962962962962963,0.671875,0.6401306156912059,6
"['V14', 'V4', 'V10', 'V16', 'V9', 'V11']",0.581081081081081,0.7962962962962963,0.671875,0.642719718563139,6
"['V14', 'V4', 'V10', 'V16', 'V9', 'V20']",0.581081081081081,0.7962962962962963,0.671875,0.6441256157109881,6
"['V14', 'V10', 'V16', 'V9', 'V8', 'V21', 'V12', 'V7', 'V20', 'V11']",0.581081081081081,0.7962962962962963,0.671875,0.6502566661657914,10
"['V14', 'V4', 'V10', 'V8', 'V21', 'V7']",0.581081081081081,0.7166666666666667,0.6417910447761194,0.650639863561291,6
"['V14', 'V4', 'V10', 'V8', 'V21', 'V20']",0.581081081081081,0.7166666666666667,0.6417910447761194,0.646637028014926,6
"['V14', 'V4', 'V10', 'V21', 'V20', 'V1']",0.581081081081081,0.7166666666666667,0.6417910447761194,0.6442240816425808,6
"['V14', 'V4', 'V16', 'V9', 'V20', 'V1']",0.581081081081081,0.7818181818181819,0.6666666666666666,0.6324238486780874,6
"['V14', 'V4', 'V16', 'V9', 'V21', 'V1']",0.581081081081081,0.7818181818181819,0.6666666666666666,0.6420127983277387,6
"['V14', 'V4', 'V10', 'V7', 'V20', 'V1']",0.581081081081081,0.7166666666666667,0.6417910447761194,0.6308534157671165,6
"['V14', 'V4', 'V10', 'V12', 'V11', 'V1']",0.581081081081081,0.7413793103448276,0.6515151515151515,0.6358685772429585,6
"['V14', 'V4', 'V10', 'V12', 'V20', 'V1']",0.581081081081081,0.7166666666666667,0.6417910447761194,0.6353046392236957,6
"['V14', 'V4', 'V10', 'V12', 'V20', 'V11']",0.581081081081081,0.7543859649122807,0.6564885496183206,0.6327123069683762,6
"['V14', 'V4', 'V10', 'V12', 'V7', 'V1']",0.581081081081081,0.7413793103448276,0.6515151515151515,0.6334290244842766,6
"['V14', 'V4', 'V10', 'V12', 'V7', 'V20']",0.581081081081081,0.7962962962962963,0.671875,0.6382489834856689,6
"['V14', 'V4', 'V10', 'V21', 'V11', 'V1']",0.581081081081081,0.7166666666666667,0.6417910447761194,0.6376891539353096,6
"['V14', 'V4', 'V10', 'V21', 'V7', 'V1']",0.581081081081081,0.7166666666666667,0.6417910447761194,0.6414351970661609,6
"['V14', 'V4', 'V10', 'V8', 'V21', 'V11']",0.581081081081081,0.7166666666666667,0.6417910447761194,0.6472673434823504,6
"['V14', 'V4', 'V10', 'V21', 'V12', 'V1']",0.581081081081081,0.7288135593220338,0.6466165413533834,0.6428318224728949,6
"['V14', 'V4', 'V10', 'V21', 'V12', 'V20']",0.581081081081081,0.7288135593220338,0.6466165413533834,0.6442685995356294,6
"['V14', 'V4', 'V10', 'V21', 'V12', 'V7']",0.581081081081081,0.7962962962962963,0.671875,0.6452517979097037,6
"['V14', 'V4', 'V10', 'V8', 'V20', 'V1']",0.581081081081081,0.7166666666666667,0.6417910447761194,0.6417716377941017,6
"['V14', 'V4', 'V10', 'V8', 'V7', 'V1']",0.581081081081081,0.7166666666666667,0.6417910447761194,0.647448609266855,6
"['V14', 'V4', 'V10', 'V8', 'V12', 'V1']",0.581081081081081,0.7413793103448276,0.6515151515151515,0.6457360453984989,6
"['V14', 'V4', 'V10', 'V8', 'V12', 'V11']",0.581081081081081,0.7413793103448276,0.6515151515151515,0.6427574342138247,6
"['V14', 'V4', 'V10', 'V8', 'V12', 'V20']",0.581081081081081,0.7413793103448276,0.6515151515151515,0.6447866365806844,6
"['V14', 'V4', 'V10', 'V8', 'V12', 'V7']",0.581081081081081,0.7962962962962963,0.671875,0.6482062582126793,6
"['V14', 'V4', 'V10', 'V16', 'V20', 'V11', 'V1']",0.581081081081081,0.7962962962962963,0.671875,0.6419098336791988,7
"['V14', 'V4', 'V10', 'V16', 'V9', 'V8', 'V21', 'V7', 'V1']",0.581081081081081,0.7962962962962963,0.671875,0.660477925494921,9
"['V14', 'V4', 'V10', 'V9', 'V8', 'V12', 'V7']",0.581081081081081,0.7543859649122807,0.6564885496183206,0.6532321559842057,7
"['V14', 'V4', 'V10', 'V12', 'V7', 'V20', 'V11', 'V1']",0.581081081081081,0.7413793103448276,0.6515151515151515,0.6348537203420089,8
"['V14', 'V4', 'V10', 'V21', 'V12', 'V20', 'V11', 'V1']",0.581081081081081,0.7288135593220338,0.6466165413533834,0.643653378681789,8
"['V14', 'V4', 'V10', 'V21', 'V12', 'V7', 'V11', 'V1']",0.581081081081081,0.7413793103448276,0.6515151515151515,0.6434366827352043,8
"['V14', 'V4', 'V10', 'V21', 'V12', 'V7', 'V20', 'V1']",0.581081081081081,0.7543859649122807,0.6564885496183206,0.6438324655314631,8
"['V14', 'V4', 'V10', 'V8', 'V7', 'V20', 'V11', 'V1']",0.581081081081081,0.7166666666666667,0.6417910447761194,0.6460550060936139,8
"['V14', 'V4', 'V10', 'V8', 'V12', 'V20', 'V11', 'V1']",0.581081081081081,0.7543859649122807,0.6564885496183206,0.6395075663590136,8
"['V14', 'V4', 'V10', 'V8', 'V12', 'V7', 'V11', 'V1']",0.581081081081081,0.7543859649122807,0.6564885496183206,0.6491345388982289,8
"['V14', 'V4', 'V10', 'V8', 'V12', 'V7', 'V20', 'V1']",0.581081081081081,0.7678571428571429,0.6615384615384615,0.6512476290554841,8
"['V14', 'V4', 'V10', 'V8', 'V12', 'V7', 'V20', 'V11']",0.581081081081081,0.7678571428571429,0.6615384615384615,0.6489419447114558,8
"['V14', 'V4', 'V10', 'V8', 'V21', 'V7', 'V20', 'V11']",0.581081081081081,0.7166666666666667,0.6417910447761194,0.6509512048560738,8
"['V14', 'V4', 'V10', 'V9', 'V7', 'V20', 'V11', 'V1']",0.581081081081081,0.7166666666666667,0.6417910447761194,0.6283197872032563,8
"['V14', 'V4', 'V10', 'V9', 'V12', 'V20', 'V11', 'V1']",0.581081081081081,0.7166666666666667,0.6417910447761194,0.6339790027737312,8
"['V14', 'V4', 'V10', 'V9', 'V12', 'V7', 'V11', 'V1']",0.581081081081081,0.7288135593220338,0.6466165413533834,0.6351275110253759,8
"['V14', 'V4', 'V10', 'V9', 'V12', 'V7', 'V20', 'V1']",0.581081081081081,0.7413793103448276,0.6515151515151515,0.6350394990103467,8
"['V14', 'V4', 'V10', 'V9', 'V21', 'V12', 'V11', 'V1']",0.581081081081081,0.7166666666666667,0.6417910447761194,0.6436718274554654,8
"['V14', 'V4', 'V10', 'V9', 'V21', 'V12', 'V20', 'V1']",0.581081081081081,0.7166666666666667,0.6417910447761194,0.6421230384367294,8
"['V14', 'V4', 'V10', 'V9', 'V21', 'V12', 'V7', 'V1']",0.581081081081081,0.7288135593220338,0.6466165413533834,0.6432330749737449,8
"['V14', 'V4', 'V10', 'V9', 'V8', 'V7', 'V20', 'V1']",0.581081081081081,0.7166666666666667,0.6417910447761194,0.6459044740134189,8
"['V14', 'V4', 'V10', 'V9', 'V8', 'V12', 'V11', 'V1']",0.581081081081081,0.7166666666666667,0.6417910447761194,0.6439229292855349,8
"['V14', 'V4', 'V10', 'V9', 'V8', 'V12', 'V20', 'V1']",0.581081081081081,0.7413793103448276,0.6515151515151515,0.6433443809452495,8
"['V14', 'V4', 'V10', 'V21', 'V7', 'V20', 'V11', 'V1']",0.581081081081081,0.7413793103448276,0.6515151515151515,0.6473807882293938,8
"['V14', 'V4', 'V16', 'V9', 'V8', 'V21', 'V12', 'V7']",0.581081081081081,0.7962962962962963,0.671875,0.6559971528416915,8
"['V14', 'V4', 'V10', 'V9', 'V8', 'V12', 'V7', 'V1']",0.581081081081081,0.7543859649122807,0.6564885496183206,0.6497723220180992,8
"['V14', 'V4', 'V16', 'V9', 'V8', 'V21', 'V7', 'V20']",0.581081081081081,0.7818181818181819,0.6666666666666666,0.6620311255172363,8
"['V14', 'V10', 'V16', 'V9', 'V8', 'V21', 'V12', 'V20']",0.581081081081081,0.7962962962962963,0.671875,0.6524306287462033,8
"['V14', 'V10', 'V16', 'V9', 'V8', 'V21', 'V12', 'V7']",0.581081081081081,0.7962962962962963,0.671875,0.6516373619251777,8
"['V14', 'V4', 'V8', 'V21', 'V12', 'V20', 'V11', 'V1']",0.581081081081081,0.7543859649122807,0.6564885496183206,0.6298337155940654,8
"['V14', 'V4', 'V9', 'V8', 'V12', 'V7', 'V20', 'V1']",0.581081081081081,0.7288135593220338,0.6466165413533834,0.6447120064118791,8
"['V14', 'V4', 'V9', 'V8', 'V21', 'V12', 'V7', 'V1']",0.581081081081081,0.7166666666666667,0.6417910447761194,0.6467718560847845,8
"['V14', 'V4', 'V10', 'V9', 'V8', 'V21', 'V7', 'V20', 'V1']",0.581081081081081,0.7166666666666667,0.6417910447761194,0.6511861830216847,9
"['V14', 'V4', 'V10', 'V9', 'V8', 'V12', 'V7', 'V20', 'V11']",0.581081081081081,0.7413793103448276,0.6515151515151515,0.6524800560294933,9
"['V14', 'V4', 'V16', 'V8', 'V21', 'V20', 'V11', 'V1']",0.581081081081081,0.7818181818181819,0.6666666666666666,0.6495492857001045,8
"['V14', 'V4', 'V16', 'V8', 'V21', 'V7', 'V11', 'V1']",0.581081081081081,0.7962962962962963,0.671875,0.650341812912903,8
"['V14', 'V4', 'V10', 'V9', 'V8', 'V12', 'V7', 'V20', 'V1']",0.581081081081081,0.7543859649122807,0.6564885496183206,0.6512953043432237,9
"['V14', 'V4', 'V10', 'V9', 'V8', 'V12', 'V7', 'V11', 'V1']",0.581081081081081,0.7288135593220338,0.6466165413533834,0.6482826851652426,9
"['V14', 'V4', 'V10', 'V9', 'V8', 'V12', 'V20', 'V11', 'V1']",0.581081081081081,0.7166666666666667,0.6417910447761194,0.6413232292705618,9
"['V14', 'V4', 'V10', 'V9', 'V21', 'V12', 'V7', 'V20', 'V1']",0.581081081081081,0.7413793103448276,0.6515151515151515,0.6439119824973318,9
"['V14', 'V4', 'V10', 'V9', 'V21', 'V12', 'V7', 'V11', 'V1']",0.581081081081081,0.7288135593220338,0.6466165413533834,0.6439593847830051,9
"['V14', 'V4', 'V16', 'V9', 'V8', 'V7', 'V20', 'V1']",0.581081081081081,0.7818181818181819,0.6666666666666666,0.6605331764424286,8
"['V14', 'V4', 'V10', 'V9', 'V21', 'V12', 'V20', 'V11', 'V1']",0.581081081081081,0.7166666666666667,0.6417910447761194,0.6431342728510546,9
"['V14', 'V4', 'V16', 'V9', 'V8', 'V12', 'V20', 'V1']",0.581081081081081,0.7962962962962963,0.671875,0.6525990081816488,8
"['V14', 'V4', 'V10', 'V9', 'V12', 'V7', 'V20', 'V11', 'V1']",0.581081081081081,0.7288135593220338,0.6466165413533834,0.6355376938522832,9
"['V14', 'V4', 'V16', 'V9', 'V8', 'V12', 'V7', 'V20']",0.581081081081081,0.7962962962962963,0.671875,0.6537956665721711,8
"['V14', 'V4', 'V10', 'V9', 'V8', 'V12', 'V20', 'V11']",0.581081081081081,0.7166666666666667,0.6417910447761194,0.6451106145185471,8
"['V14', 'V4', 'V10', 'V9', 'V8', 'V12', 'V7', 'V11']",0.581081081081081,0.7678571428571429,0.6615384615384615,0.6516891177274962,8
"['V14', 'V4', 'V10', 'V16', 'V9', 'V8', 'V20', 'V11']",0.581081081081081,0.7962962962962963,0.671875,0.6613295083221817,8
"['V14', 'V4', 'V10', 'V16', 'V8', 'V12', 'V7', 'V20']",0.581081081081081,0.7962962962962963,0.671875,0.6565671815181426,8
"['V14', 'V4', 'V10', 'V16', 'V8', 'V21', 'V20', 'V1']",0.581081081081081,0.7962962962962963,0.671875,0.6656038507740114,8
"['V14', 'V4', 'V10', 'V16', 'V8', 'V21', 'V20', 'V11']",0.581081081081081,0.7962962962962963,0.671875,0.6636961503572466,8
"['V14', 'V4', 'V10', 'V16', 'V8', 'V21', 'V7', 'V1']",0.581081081081081,0.7962962962962963,0.671875,0.6636494414399405,8
"['V14', 'V4', 'V10', 'V16', 'V8', 'V21', 'V12', 'V1']",0.581081081081081,0.7962962962962963,0.671875,0.6640180370569575,8
"['V14', 'V4', 'V10', 'V16', 'V8', 'V21', 'V12', 'V11']",0.581081081081081,0.7962962962962963,0.671875,0.6643232146635802,8
"['V14', 'V4', 'V10', 'V16', 'V8', 'V21', 'V12', 'V20']",0.581081081081081,0.7962962962962963,0.671875,0.6623415287106454,8
"['V14', 'V4', 'V10', 'V16', 'V8', 'V21', 'V12', 'V7']",0.581081081081081,0.7962962962962963,0.671875,0.6602988101309774,8
"['V14', 'V4', 'V10', 'V16', 'V9', 'V20', 'V11', 'V1']",0.581081081081081,0.7962962962962963,0.671875,0.6406055434324193,8
"['V14', 'V4', 'V10', 'V16', 'V9', 'V7', 'V11', 'V1']",0.581081081081081,0.7818181818181819,0.6666666666666666,0.6407592829882041,8
"['V14', 'V4', 'V10', 'V16', 'V9', 'V12', 'V11', 'V1']",0.581081081081081,0.7962962962962963,0.671875,0.639102218945485,8
"['V14', 'V4', 'V10', 'V16', 'V9', 'V12', 'V20', 'V1']",0.581081081081081,0.7962962962962963,0.671875,0.6400426887469327,8
"['V14', 'V4', 'V10', 'V16', 'V9', 'V12', 'V20', 'V11']",0.581081081081081,0.7962962962962963,0.671875,0.6428480245866194,8
"['V14', 'V4', 'V10', 'V16', 'V9', 'V21', 'V11', 'V1']",0.581081081081081,0.7962962962962963,0.671875,0.6476250872085029,8
"['V14', 'V4', 'V10', 'V16', 'V9', 'V21', 'V20', 'V1']",0.581081081081081,0.7962962962962963,0.671875,0.6503416294743218,8
"['V14', 'V4', 'V10', 'V16', 'V9', 'V21', 'V20', 'V11']",0.581081081081081,0.7962962962962963,0.671875,0.6529326722558206,8
"['V14', 'V4', 'V16', 'V9', 'V12', 'V7', 'V20', 'V11', 'V1']",0.581081081081081,0.7818181818181819,0.6666666666666666,0.6342291771917749,9
"['V14', 'V4', 'V10', 'V16', 'V9', 'V21', 'V7', 'V11']",0.581081081081081,0.7962962962962963,0.671875,0.6481495452189503,8
"['V14', 'V4', 'V10', 'V16', 'V9', 'V21', 'V7', 'V20']",0.581081081081081,0.7962962962962963,0.671875,0.6523800441008063,8
"['V14', 'V4', 'V10', 'V16', 'V9', 'V8', 'V11', 'V1']",0.581081081081081,0.7962962962962963,0.671875,0.658108331182779,8
"['V14', 'V4', 'V10', 'V16', 'V8', 'V21', 'V11', 'V1']",0.581081081081081,0.7962962962962963,0.671875,0.6647965848295607,8
"['V14', 'V4', 'V10', 'V16', 'V8', 'V12', 'V7', 'V1']",0.581081081081081,0.7962962962962963,0.671875,0.6573033207579355,8
"['V14', 'V4', 'V10', 'V9', 'V8', 'V12', 'V7', 'V20']",0.581081081081081,0.7288135593220338,0.6466165413533834,0.6536469847524389,8
"['V14', 'V4', 'V10', 'V16', 'V8', 'V12', 'V20', 'V11']",0.581081081081081,0.7962962962962963,0.671875,0.6597244642589823,8
"['V14', 'V4', 'V10', 'V9', 'V8', 'V21', 'V7', 'V1']",0.581081081081081,0.7166666666666667,0.6417910447761194,0.6500860661836164,8
"['V14', 'V4', 'V10', 'V9', 'V8', 'V21', 'V12', 'V1']",0.581081081081081,0.7288135593220338,0.6466165413533834,0.6505470257122572,8
"['V14', 'V4', 'V10', 'V8', 'V12', 'V7', 'V20', 'V11', 'V1']",0.581081081081081,0.7413793103448276,0.6515151515151515,0.650499348588051,9
"['V14', 'V4', 'V10', 'V21', 'V12', 'V7', 'V20', 'V11', 'V1']",0.581081081081081,0.7413793103448276,0.6515151515151515,0.6417874152002688,9
"['V14', 'V4', 'V16', 'V9', 'V8', 'V21', 'V12', 'V7', 'V20']",0.581081081081081,0.7962962962962963,0.671875,0.6557852877646297,9
"['V14', 'V4', 'V10', 'V16', 'V7', 'V20', 'V11', 'V1']",0.581081081081081,0.7962962962962963,0.671875,0.6407756701554181,8
"['V14', 'V4', 'V10', 'V16', 'V12', 'V20', 'V11', 'V1']",0.581081081081081,0.7962962962962963,0.671875,0.6406204984048549,8
"['V14', 'V4', 'V10', 'V16', 'V12', 'V7', 'V11', 'V1']",0.581081081081081,0.7962962962962963,0.671875,0.6414532110629112,8
"['V14', 'V4', 'V10', 'V16', 'V12', 'V7', 'V20', 'V1']",0.581081081081081,0.7962962962962963,0.671875,0.642762020923763,8
"['V14', 'V4', 'V10', 'V16', 'V21', 'V20', 'V11', 'V1']",0.581081081081081,0.7962962962962963,0.671875,0.6532504717362337,8
"['V14', 'V4', 'V10', 'V16', 'V21', 'V7', 'V11', 'V1']",0.581081081081081,0.7962962962962963,0.671875,0.648570197034495,8
"['V14', 'V4', 'V16', 'V9', 'V8', 'V21', 'V12', 'V7', 'V11']",0.581081081081081,0.7962962962962963,0.671875,0.6565639216369544,9
"['V14', 'V4', 'V10', 'V16', 'V21', 'V12', 'V11', 'V1']",0.581081081081081,0.7962962962962963,0.671875,0.6480722839636998,8
"['V14', 'V4', 'V10', 'V16', 'V8', 'V20', 'V11', 'V1']",0.581081081081081,0.7962962962962963,0.671875,0.6605509609251093,8
"['V14', 'V4', 'V10', 'V16', 'V8', 'V7', 'V11', 'V1']",0.581081081081081,0.7962962962962963,0.671875,0.6588207688709503,8
"['V14', 'V4', 'V10', 'V16', 'V8', 'V7', 'V20', 'V1']",0.581081081081081,0.7962962962962963,0.671875,0.6590961971319693,8
"['V14', 'V4', 'V10', 'V16', 'V8', 'V7', 'V20', 'V11']",0.581081081081081,0.7962962962962963,0.671875,0.6586501245428037,8
"['V14', 'V4', 'V10', 'V16', 'V8', 'V12', 'V11', 'V1']",0.581081081081081,0.7962962962962963,0.671875,0.6603013443353862,8
"['V14', 'V4', 'V10', 'V16', 'V8', 'V12', 'V20', 'V1']",0.581081081081081,0.7962962962962963,0.671875,0.659484789101744,8
"['V14', 'V10', 'V16', 'V9', 'V8', 'V21', 'V12', 'V1']",0.581081081081081,0.7962962962962963,0.671875,0.6516905739966548,8
"['V14', 'V4', 'V10', 'V16', 'V12', 'V7', 'V20', 'V11', 'V1']",0.581081081081081,0.7962962962962963,0.671875,0.6413500064828064,9
"['V14', 'V4', 'V10', 'V16', 'V21', 'V7', 'V20', 'V11', 'V1']",0.581081081081081,0.7962962962962963,0.671875,0.6502768814543078,9
"['V10', 'V16', 'V8', 'V21', 'V12', 'V7', 'V20', 'V1']",0.581081081081081,0.7818181818181819,0.6666666666666666,0.5915928875773693,8
"['V10', 'V16', 'V9', 'V12', 'V7', 'V20', 'V11', 'V1']",0.581081081081081,0.7962962962962963,0.671875,0.6044080720379411,8
"['V10', 'V16', 'V9', 'V21', 'V7', 'V20', 'V11', 'V1']",0.581081081081081,0.7962962962962963,0.671875,0.6082963160263058,8
"['V10', 'V16', 'V9', 'V21', 'V12', 'V7', 'V20', 'V1']",0.581081081081081,0.7962962962962963,0.671875,0.6046557845490819,8
"['V14', 'V4', 'V10', 'V16', 'V9', 'V12', 'V20', 'V11', 'V1']",0.581081081081081,0.7962962962962963,0.671875,0.6398428026475723,9
"['V14', 'V4', 'V10', 'V16', 'V9', 'V7', 'V20', 'V11', 'V1']",0.581081081081081,0.7962962962962963,0.671875,0.6420119365993547,9
"['V10', 'V16', 'V9', 'V8', 'V12', 'V7', 'V20', 'V11']",0.581081081081081,0.7962962962962963,0.671875,0.6147014263218278,8
"['V10', 'V16', 'V9', 'V8', 'V21', 'V7', 'V11', 'V1']",0.581081081081081,0.7962962962962963,0.671875,0.6037527220281825,8
"['V10', 'V16', 'V9', 'V8', 'V21', 'V12', 'V20', 'V11']",0.581081081081081,0.7962962962962963,0.671875,0.6164371891912477,8
"['V10', 'V16', 'V9', 'V8', 'V21', 'V12', 'V7', 'V1']",0.581081081081081,0.7962962962962963,0.671875,0.6030562787265553,8
"['V4', 'V10', 'V16', 'V8', 'V12', 'V7', 'V11', 'V1']",0.581081081081081,0.7818181818181819,0.6666666666666666,0.6246463191370697,8
"['V4', 'V10', 'V16', 'V8', 'V12', 'V7', 'V20', 'V1']",0.581081081081081,0.7818181818181819,0.6666666666666666,0.6157470767416994,8
"['V14', 'V4', 'V10', 'V16', 'V8', 'V21', 'V12', 'V20', 'V11']",0.581081081081081,0.7962962962962963,0.671875,0.6612450170239605,9
"['V4', 'V10', 'V16', 'V8', 'V21', 'V12', 'V20', 'V1']",0.581081081081081,0.7818181818181819,0.6666666666666666,0.6327713192361581,8
"['V4', 'V10', 'V16', 'V8', 'V21', 'V12', 'V20', 'V11']",0.581081081081081,0.7818181818181819,0.6666666666666666,0.6256019674158652,8
"['V4', 'V10', 'V16', 'V9', 'V21', 'V20', 'V11', 'V1']",0.581081081081081,0.7962962962962963,0.671875,0.6216744539243512,8
"['V4', 'V10', 'V16', 'V9', 'V8', 'V12', 'V11', 'V1']",0.581081081081081,0.7818181818181819,0.6666666666666666,0.6169786243154158,8
"['V14', 'V4', 'V10', 'V16', 'V8', 'V21', 'V12', 'V20', 'V1']",0.581081081081081,0.7962962962962963,0.671875,0.663385912567973,9
"['V14', 'V9', 'V21', 'V12', 'V7', 'V20', 'V11', 'V1']",0.581081081081081,0.7678571428571429,0.6615384615384615,0.6351660138796061,8
"['V14', 'V4', 'V10', 'V16', 'V8', 'V21', 'V12', 'V11', 'V1']",0.581081081081081,0.7962962962962963,0.671875,0.6630429835406705,9
"['V14', 'V4', 'V10', 'V16', 'V9', 'V12', 'V7', 'V20', 'V1']",0.581081081081081,0.7962962962962963,0.671875,0.6405020610108481,9
"['V10', 'V16', 'V8', 'V21', 'V12', 'V7', 'V11', 'V1']",0.581081081081081,0.7818181818181819,0.6666666666666666,0.6016554159120682,8
"['V14', 'V10', 'V16', 'V9', 'V8', 'V7', 'V20', 'V11']",0.581081081081081,0.7962962962962963,0.671875,0.6512157495940845,8
"['V14', 'V4', 'V10', 'V16', 'V9', 'V21', 'V20', 'V11', 'V1']",0.581081081081081,0.7962962962962963,0.671875,0.6505845501986562,9
"['V14', 'V4', 'V10', 'V16', 'V9', 'V8', 'V21', 'V20', 'V11']",0.581081081081081,0.7962962962962963,0.671875,0.6625814457118556,9
"['V14', 'V4', 'V10', 'V16', 'V9', 'V8', 'V21', 'V7', 'V20']",0.581081081081081,0.7962962962962963,0.671875,0.6627452807322025,9
"['V14', 'V4', 'V10', 'V16', 'V9', 'V8', 'V21', 'V12', 'V1']",0.581081081081081,0.7962962962962963,0.671875,0.664291106567345,9
"['V14', 'V4', 'V10', 'V16', 'V9', 'V8', 'V21', 'V20', 'V1']",0.581081081081081,0.7962962962962963,0.671875,0.6614227251130811,9
"['V14', 'V4', 'V10', 'V16', 'V9', 'V8', 'V21', 'V11', 'V1']",0.581081081081081,0.7962962962962963,0.671875,0.6644570765797158,9
"['V14', 'V4', 'V10', 'V16', 'V9', 'V8', 'V12', 'V7', 'V11']",0.581081081081081,0.7962962962962963,0.671875,0.6580698048595799,9
"['V14', 'V4', 'V10', 'V16', 'V9', 'V8', 'V12', 'V7', 'V1']",0.581081081081081,0.7962962962962963,0.671875,0.659665509694377,9
"['V14', 'V4', 'V10', 'V16', 'V9', 'V8', 'V21', 'V12', 'V11']",0.581081081081081,0.7962962962962963,0.671875,0.6637476357813334,9
"['V14', 'V4', 'V10', 'V16', 'V9', 'V8', 'V12', 'V20', 'V11']",0.581081081081081,0.7962962962962963,0.671875,0.6597348851604461,9
"['V14', 'V4', 'V10', 'V16', 'V9', 'V8', 'V12', 'V20', 'V1']",0.581081081081081,0.7962962962962963,0.671875,0.6588588070156913,9
"['V14', 'V4', 'V10', 'V16', 'V9', 'V8', 'V12', 'V11', 'V1']",0.581081081081081,0.7962962962962963,0.671875,0.655572422056396,9
"['V14', 'V4', 'V10', 'V16', 'V9', 'V8', 'V21', 'V12', 'V20']",0.581081081081081,0.7962962962962963,0.671875,0.6623051984612424,9
"['V14', 'V4', 'V10', 'V16', 'V9', 'V8', 'V7', 'V20', 'V11']",0.581081081081081,0.7962962962962963,0.671875,0.6581298396663714,9
"['V14', 'V4', 'V10', 'V16', 'V9', 'V8', 'V7', 'V20', 'V1']",0.581081081081081,0.7962962962962963,0.671875,0.6597466997288906,9
"['V14', 'V4', 'V10', 'V16', 'V9', 'V8', 'V7', 'V11', 'V1']",0.581081081081081,0.7962962962962963,0.671875,0.6581293686105196,9
"['V14', 'V4', 'V10', 'V16', 'V9', 'V8', 'V20', 'V11', 'V1']",0.581081081081081,0.7962962962962963,0.671875,0.6568129612384721,9
"['V14', 'V4', 'V10', 'V16', 'V9', 'V21', 'V12', 'V11', 'V1']",0.581081081081081,0.7962962962962963,0.671875,0.6460076584906079,9
"['V10', 'V9', 'V8', 'V21', 'V12', 'V7', 'V20', 'V1']",0.581081081081081,0.7962962962962963,0.671875,0.6041559790459403,8
"['V10', 'V16', 'V8', 'V21', 'V7', 'V20', 'V11', 'V1']",0.581081081081081,0.7962962962962963,0.671875,0.5885695202988798,8
"['V14', 'V9', 'V8', 'V21', 'V12', 'V7', 'V20', 'V1']",0.581081081081081,0.7678571428571429,0.6615384615384615,0.6490354920626156,8
"['V14', 'V4', 'V10', 'V16', 'V8', 'V21', 'V7', 'V20', 'V1']",0.581081081081081,0.7962962962962963,0.671875,0.6628219679363214,9
"['V14', 'V16', 'V21', 'V12', 'V7', 'V20', 'V11', 'V1']",0.581081081081081,0.7962962962962963,0.671875,0.627672784173927,8
"['V14', 'V4', 'V10', 'V16', 'V8', 'V21', 'V7', 'V11', 'V1']",0.581081081081081,0.7962962962962963,0.671875,0.6622051858590672,9
"['V14', 'V10', 'V16', 'V8', 'V7', 'V20', 'V11', 'V1']",0.581081081081081,0.7962962962962963,0.671875,0.6488028159514003,8
"['V14', 'V10', 'V16', 'V8', 'V12', 'V7', 'V11', 'V1']",0.581081081081081,0.7962962962962963,0.671875,0.6467441263313028,8
"['V14', 'V10', 'V16', 'V8', 'V12', 'V7', 'V20', 'V1']",0.581081081081081,0.7962962962962963,0.671875,0.6474803308967116,8
"['V14', 'V10', 'V16', 'V8', 'V12', 'V7', 'V20', 'V11']",0.581081081081081,0.7962962962962963,0.671875,0.6472987912529534,8
"['V14', 'V4', 'V10', 'V16', 'V21', 'V12', 'V20', 'V11', 'V1']",0.581081081081081,0.7962962962962963,0.671875,0.6514007842576847,9
"['V14', 'V10', 'V16', 'V8', 'V21', 'V7', 'V11', 'V1']",0.581081081081081,0.7962962962962963,0.671875,0.6494240330360798,8
"['V14', 'V10', 'V16', 'V8', 'V21', 'V7', 'V20', 'V1']",0.581081081081081,0.7962962962962963,0.671875,0.65169397287471,8
"['V14', 'V10', 'V16', 'V8', 'V21', 'V12', 'V11', 'V1']",0.581081081081081,0.7962962962962963,0.671875,0.6490552310318322,8
"['V14', 'V10', 'V16', 'V8', 'V21', 'V12', 'V20', 'V1']",0.581081081081081,0.7962962962962963,0.671875,0.6488627489555279,8
"['V14', 'V10', 'V16', 'V8', 'V21', 'V12', 'V20', 'V11']",0.581081081081081,0.7962962962962963,0.671875,0.6474605772043673,8
"['V14', 'V10', 'V16', 'V8', 'V21', 'V12', 'V7', 'V1']",0.581081081081081,0.7962962962962963,0.671875,0.6500748931063349,8
"['V14', 'V10', 'V16', 'V8', 'V21', 'V12', 'V7', 'V11']",0.581081081081081,0.7962962962962963,0.671875,0.648811597555992,8
"['V14', 'V10', 'V16', 'V8', 'V21', 'V12', 'V7', 'V20']",0.581081081081081,0.7962962962962963,0.671875,0.6505632258052944,8
"['V14', 'V10', 'V16', 'V9', 'V21', 'V20', 'V11', 'V1']",0.581081081081081,0.7962962962962963,0.671875,0.6404595822808905,8
"['V14', 'V10', 'V16', 'V9', 'V21', 'V7', 'V11', 'V1']",0.581081081081081,0.7962962962962963,0.671875,0.6404844486256347,8
"['V14', 'V10', 'V16', 'V9', 'V21', 'V7', 'V20', 'V11']",0.581081081081081,0.7962962962962963,0.671875,0.6451128387688537,8
"['V14', 'V10', 'V16', 'V9', 'V8', 'V20', 'V11', 'V1']",0.581081081081081,0.7962962962962963,0.671875,0.6499808208199144,8
"['V14', 'V10', 'V16', 'V9', 'V8', 'V7', 'V11', 'V1']",0.581081081081081,0.7818181818181819,0.6666666666666666,0.6491820820388448,8
"['V14', 'V10', 'V16', 'V9', 'V8', 'V7', 'V20', 'V1']",0.581081081081081,0.7962962962962963,0.671875,0.6514017417488883,8
"['V14', 'V10', 'V16', 'V21', 'V12', 'V7', 'V20', 'V11']",0.581081081081081,0.7962962962962963,0.671875,0.6339134332980293,8
"['V14', 'V10', 'V9', 'V8', 'V21', 'V12', 'V7', 'V20']",0.581081081081081,0.7678571428571429,0.6615384615384615,0.6450029908203612,8
"['V14', 'V10', 'V9', 'V8', 'V21', 'V12', 'V7', 'V11']",0.581081081081081,0.7678571428571429,0.6615384615384615,0.6429057270315981,8
"['V14', 'V10', 'V8', 'V21', 'V7', 'V20', 'V11', 'V1']",0.581081081081081,0.7413793103448276,0.6515151515151515,0.6412739938125963,8
"['V14', 'V4', 'V10', 'V16', 'V8', 'V21', 'V20', 'V11', 'V1']",0.581081081081081,0.7962962962962963,0.671875,0.6648302864300331,9
"['V14', 'V4', 'V10', 'V16', 'V8', 'V12', 'V7', 'V20', 'V1']",0.581081081081081,0.7962962962962963,0.671875,0.6604996948844724,9
"['V14', 'V4', 'V10', 'V16', 'V8', 'V12', 'V7', 'V11', 'V1']",0.581081081081081,0.7962962962962963,0.671875,0.6567826863234196,9
"['V14', 'V4', 'V10', 'V16', 'V8', 'V12', 'V20', 'V11', 'V1']",0.581081081081081,0.7962962962962963,0.671875,0.6586966193199463,9
"['V14', 'V4', 'V10', 'V16', 'V8', 'V7', 'V20', 'V11', 'V1']",0.581081081081081,0.7962962962962963,0.671875,0.659505822756053,9
"['V14', 'V16', 'V9', 'V8', 'V21', 'V20', 'V11', 'V1']",0.581081081081081,0.7818181818181819,0.6666666666666666,0.6563744001879965,8
"['V14', 'V16', 'V9', 'V8', 'V21', 'V7', 'V20', 'V11']",0.581081081081081,0.7962962962962963,0.671875,0.6555629394236665,8
"['V14', 'V16', 'V9', 'V8', 'V21', 'V12', 'V7', 'V11']",0.581081081081081,0.7962962962962963,0.671875,0.6504232845879238,8
"['V14', 'V10', 'V8', 'V21', 'V12', 'V20', 'V11', 'V1']",0.581081081081081,0.7962962962962963,0.671875,0.6372394434968714,8
"['V14', 'V10', 'V9', 'V8', 'V21', 'V12', 'V7', 'V1']",0.581081081081081,0.7678571428571429,0.6615384615384615,0.644627919357153,8
"['V14', 'V10', 'V8', 'V21', 'V12', 'V7', 'V11', 'V1']",0.581081081081081,0.7962962962962963,0.671875,0.6435128070603225,8
"['V14', 'V10', 'V8', 'V21', 'V12', 'V7', 'V20', 'V1']",0.581081081081081,0.7962962962962963,0.671875,0.6435721352154579,8
"['V14', 'V10', 'V8', 'V21', 'V12', 'V7', 'V20', 'V11']",0.581081081081081,0.7962962962962963,0.671875,0.6421991079978635,8
"['V14', 'V10', 'V9', 'V21', 'V12', 'V7', 'V20', 'V1']",0.581081081081081,0.7678571428571429,0.6615384615384615,0.6338511013370359,8
"['V14', 'V10', 'V9', 'V8', 'V7', 'V20', 'V11', 'V1']",0.581081081081081,0.7413793103448276,0.6515151515151515,0.6392117400149575,8
"['V14', 'V10', 'V9', 'V8', 'V12', 'V7', 'V20', 'V11']",0.581081081081081,0.7678571428571429,0.6615384615384615,0.6411530958200021,8
"['V14', 'V10', 'V9', 'V8', 'V21', 'V12', 'V11', 'V1']",0.581081081081081,0.7678571428571429,0.6615384615384615,0.6409289362999222,8
"['V14', 'V10', 'V9', 'V8', 'V21', 'V12', 'V20', 'V11']",0.581081081081081,0.7678571428571429,0.6615384615384615,0.6411270980991404,8
"['V14', 'V4', 'V10', 'V16', 'V9', 'V8', 'V20', 'V1']",0.581081081081081,0.7962962962962963,0.671875,0.6598794217427585,8
"['V14', 'V4', 'V10', 'V16', 'V9', 'V8', 'V7', 'V1']",0.581081081081081,0.7962962962962963,0.671875,0.6594845243962804,8
"['V14', 'V4', 'V10', 'V9', 'V8', 'V12', 'V20']",0.581081081081081,0.7288135593220338,0.6466165413533834,0.646987883901205,7
"['V14', 'V10', 'V16', 'V8', 'V21', 'V12', 'V11']",0.581081081081081,0.7962962962962963,0.671875,0.650359718526191,7
"['V14', 'V10', 'V16', 'V8', 'V21', 'V12', 'V7']",0.581081081081081,0.7962962962962963,0.671875,0.6492502300189259,7
"['V14', 'V10', 'V16', 'V9', 'V21', 'V11', 'V1']",0.581081081081081,0.7962962962962963,0.671875,0.6408830555401895,7
"['V14', 'V10', 'V16', 'V9', 'V21', 'V7', 'V11']",0.581081081081081,0.7962962962962963,0.671875,0.6416546610510339,7
"['V14', 'V10', 'V16', 'V9', 'V21', 'V7', 'V20']",0.581081081081081,0.7818181818181819,0.6666666666666666,0.6439257130696584,7
"['V14', 'V10', 'V16', 'V9', 'V8', 'V11', 'V1']",0.581081081081081,0.7962962962962963,0.671875,0.6506536847959293,7
"['V14', 'V10', 'V16', 'V9', 'V8', 'V20', 'V1']",0.581081081081081,0.7962962962962963,0.671875,0.6526680749350656,7
"['V14', 'V10', 'V16', 'V9', 'V8', 'V20', 'V11']",0.581081081081081,0.7818181818181819,0.6666666666666666,0.6494485857071353,7
"['V14', 'V10', 'V16', 'V9', 'V8', 'V7', 'V1']",0.581081081081081,0.7962962962962963,0.671875,0.6504813947542478,7
"['V14', 'V10', 'V16', 'V9', 'V8', 'V7', 'V11']",0.581081081081081,0.7962962962962963,0.671875,0.649360877523543,7
"['V14', 'V10', 'V16', 'V9', 'V8', 'V7', 'V20']",0.581081081081081,0.7962962962962963,0.671875,0.6568876105753098,7
"['V14', 'V10', 'V16', 'V9', 'V8', 'V12', 'V11']",0.581081081081081,0.7962962962962963,0.671875,0.6499713359659133,7
"['V14', 'V9', 'V8', 'V21', 'V12', 'V7', 'V20', 'V11', 'V1']",0.581081081081081,0.7678571428571429,0.6615384615384615,0.6488556805985638,9
"['V4', 'V10', 'V16', 'V9', 'V8', 'V21', 'V7', 'V11', 'V1']",0.581081081081081,0.7962962962962963,0.671875,0.6205478808078204,9
"['V14', 'V4', 'V8', 'V12', 'V7', 'V20', 'V1']",0.581081081081081,0.7962962962962963,0.671875,0.6375881779518486,7
"['V4', 'V10', 'V16', 'V9', 'V21', 'V12', 'V20', 'V11', 'V1']",0.581081081081081,0.7962962962962963,0.671875,0.6217299375651445,9
"['V14', 'V4', 'V8', 'V21', 'V12', 'V20', 'V11']",0.581081081081081,0.7678571428571429,0.6615384615384615,0.6274854929923372,7
"['V14', 'V4', 'V16', 'V12', 'V20', 'V11', 'V1']",0.581081081081081,0.7962962962962963,0.671875,0.6272051490374584,7
"['V14', 'V4', 'V16', 'V21', 'V20', 'V11', 'V1']",0.581081081081081,0.7962962962962963,0.671875,0.634413851231489,7
"['V14', 'V4', 'V16', 'V21', 'V7', 'V11', 'V1']",0.581081081081081,0.7962962962962963,0.671875,0.6420706919248345,7
"['V14', 'V10', 'V16', 'V8', 'V21', 'V12', 'V20']",0.581081081081081,0.7962962962962963,0.671875,0.6501371839464043,7
"['V14', 'V10', 'V16', 'V8', 'V21', 'V12', 'V1']",0.581081081081081,0.7962962962962963,0.671875,0.6495952389618621,7
"['V4', 'V10', 'V16', 'V8', 'V21', 'V12', 'V7', 'V20', 'V11']",0.581081081081081,0.7818181818181819,0.6666666666666666,0.6287162781500234,9
"['V14', 'V10', 'V16', 'V8', 'V21', 'V7', 'V20']",0.581081081081081,0.7962962962962963,0.671875,0.6539427592080451,7
"['V14', 'V10', 'V9', 'V8', 'V7', 'V11', 'V1']",0.581081081081081,0.7413793103448276,0.6515151515151515,0.6374974013162195,7
"['V14', 'V10', 'V9', 'V8', 'V7', 'V20', 'V1']",0.581081081081081,0.7413793103448276,0.6515151515151515,0.64824358441284,7
"['V14', 'V10', 'V9', 'V8', 'V7', 'V20', 'V11']",0.581081081081081,0.7413793103448276,0.6515151515151515,0.6470908116414205,7
"['V14', 'V10', 'V9', 'V8', 'V12', 'V11', 'V1']",0.581081081081081,0.7678571428571429,0.6615384615384615,0.6351422526568858,7
"['V14', 'V10', 'V9', 'V8', 'V12', 'V20', 'V1']",0.581081081081081,0.7678571428571429,0.6615384615384615,0.6336837654820889,7
"['V14', 'V10', 'V9', 'V8', 'V12', 'V20', 'V11']",0.581081081081081,0.7678571428571429,0.6615384615384615,0.6324006303909075,7
"['V14', 'V10', 'V9', 'V8', 'V12', 'V7', 'V20']",0.581081081081081,0.7678571428571429,0.6615384615384615,0.642741410850798,7
"['V14', 'V10', 'V9', 'V8', 'V21', 'V12', 'V11']",0.581081081081081,0.7678571428571429,0.6615384615384615,0.6409591979978354,7
"['V14', 'V10', 'V9', 'V8', 'V21', 'V12', 'V7']",0.581081081081081,0.7678571428571429,0.6615384615384615,0.6449482471419813,7
"['V14', 'V10', 'V16', 'V21', 'V12', 'V7', 'V11']",0.581081081081081,0.7962962962962963,0.671875,0.6347389836985133,7
"['V14', 'V10', 'V16', 'V8', 'V20', 'V11', 'V1']",0.581081081081081,0.7962962962962963,0.671875,0.6477732469707831,7
"['V14', 'V10', 'V16', 'V8', 'V7', 'V20', 'V1']",0.581081081081081,0.7962962962962963,0.671875,0.6500109405874779,7
"['V14', 'V10', 'V16', 'V8', 'V7', 'V20', 'V11']",0.581081081081081,0.7962962962962963,0.671875,0.6497967598038072,7
"['V14', 'V10', 'V16', 'V8', 'V12', 'V11', 'V1']",0.581081081081081,0.7962962962962963,0.671875,0.6457307156052675,7
"['V14', 'V10', 'V16', 'V8', 'V12', 'V7', 'V1']",0.581081081081081,0.7962962962962963,0.671875,0.647190355876293,7
"['V14', 'V10', 'V16', 'V8', 'V12', 'V7', 'V11']",0.581081081081081,0.7962962962962963,0.671875,0.6465475969812691,7
"['V14', 'V10', 'V16', 'V8', 'V12', 'V7', 'V20']",0.581081081081081,0.7962962962962963,0.671875,0.647902753154104,7
"['V14', 'V10', 'V16', 'V8', 'V21', 'V7', 'V1']",0.581081081081081,0.7962962962962963,0.671875,0.6517642318835859,7
"['V14', 'V10', 'V16', 'V8', 'V21', 'V7', 'V11']",0.581081081081081,0.7962962962962963,0.671875,0.6505646676022891,7
"['V14', 'V4', 'V16', 'V21', 'V7', 'V20', 'V1']",0.581081081081081,0.7818181818181819,0.6666666666666666,0.6451416501208572,7
"['V14', 'V4', 'V16', 'V21', 'V12', 'V20', 'V11']",0.581081081081081,0.7962962962962963,0.671875,0.6352051396319068,7
"['V14', 'V4', 'V10', 'V16', 'V9', 'V8', 'V7', 'V11']",0.581081081081081,0.7962962962962963,0.671875,0.6584107059193167,8
"['V14', 'V4', 'V10', 'V8', 'V7', 'V20', 'V1']",0.581081081081081,0.7166666666666667,0.6417910447761194,0.6451562505544616,7
"['V14', 'V4', 'V10', 'V8', 'V12', 'V20', 'V1']",0.581081081081081,0.7543859649122807,0.6564885496183206,0.6438954785794179,7
"['V14', 'V4', 'V10', 'V8', 'V12', 'V20', 'V11']",0.581081081081081,0.7413793103448276,0.6515151515151515,0.6406827638970936,7
"['V14', 'V4', 'V10', 'V8', 'V12', 'V7', 'V1']",0.581081081081081,0.7678571428571429,0.6615384615384615,0.6508976950601094,7
"['V14', 'V4', 'V10', 'V8', 'V12', 'V7', 'V11']",0.581081081081081,0.7962962962962963,0.671875,0.6486718180211221,7
"['V14', 'V4', 'V10', 'V8', 'V12', 'V7', 'V20']",0.581081081081081,0.7962962962962963,0.671875,0.6491511441608769,7
"['V14', 'V4', 'V10', 'V8', 'V21', 'V20', 'V1']",0.581081081081081,0.7166666666666667,0.6417910447761194,0.6495391977486116,7
"['V14', 'V4', 'V10', 'V8', 'V21', 'V20', 'V11']",0.581081081081081,0.7166666666666667,0.6417910447761194,0.6452364138828951,7
"['V14', 'V4', 'V10', 'V8', 'V21', 'V7', 'V1']",0.581081081081081,0.7166666666666667,0.6417910447761194,0.6505731583805372,7
"['V14', 'V4', 'V10', 'V8', 'V21', 'V7', 'V11']",0.581081081081081,0.7166666666666667,0.6417910447761194,0.6516575383917751,7
"['V14', 'V4', 'V10', 'V8', 'V21', 'V7', 'V20']",0.581081081081081,0.7166666666666667,0.6417910447761194,0.6487765664856131,7
"['V14', 'V4', 'V10', 'V9', 'V7', 'V20', 'V1']",0.581081081081081,0.7166666666666667,0.6417910447761194,0.6303479985668157,7
"['V14', 'V4', 'V10', 'V9', 'V12', 'V11', 'V1']",0.581081081081081,0.7166666666666667,0.6417910447761194,0.6343101176627891,7
"['V14', 'V4', 'V10', 'V9', 'V12', 'V20', 'V1']",0.581081081081081,0.7166666666666667,0.6417910447761194,0.634972306870543,7
"['V14', 'V4', 'V10', 'V9', 'V12', 'V7', 'V1']",0.581081081081081,0.7288135593220338,0.6466165413533834,0.6338317729196615,7
"['V14', 'V4', 'V10', 'V9', 'V21', 'V7', 'V1']",0.581081081081081,0.7166666666666667,0.6417910447761194,0.6396718076555725,7
"['V14', 'V4', 'V10', 'V9', 'V21', 'V12', 'V1']",0.581081081081081,0.7166666666666667,0.6417910447761194,0.643278892558128,7
"['V14', 'V4', 'V10', 'V9', 'V21', 'V12', 'V11']",0.581081081081081,0.7288135593220338,0.6466165413533834,0.6445048934122998,7
"['V14', 'V4', 'V10', 'V9', 'V8', 'V12', 'V1']",0.581081081081081,0.7166666666666667,0.6417910447761194,0.6448198488016377,7
"['V14', 'V4', 'V10', 'V9', 'V8', 'V12', 'V11']",0.581081081081081,0.7166666666666667,0.6417910447761194,0.6457017094695661,7
"['V14', 'V4', 'V10', 'V8', 'V12', 'V11', 'V1']",0.581081081081081,0.7166666666666667,0.6417910447761194,0.64388466207784,7
"['V14', 'V4', 'V10', 'V21', 'V12', 'V7', 'V1']",0.581081081081081,0.7413793103448276,0.6515151515151515,0.643926098224003,7
"['V14', 'V4', 'V16', 'V8', 'V20', 'V11', 'V1']",0.581081081081081,0.7818181818181819,0.6666666666666666,0.6392934481266628,7
"['V14', 'V4', 'V10', 'V21', 'V12', 'V20', 'V1']",0.581081081081081,0.7288135593220338,0.6466165413533834,0.6431797735843634,7
"['V4', 'V10', 'V16', 'V8', 'V21', 'V7', 'V20', 'V11', 'V1']",0.581081081081081,0.7818181818181819,0.6666666666666666,0.6361338533562475,9
"['V14', 'V4', 'V10', 'V16', 'V9', 'V8', 'V21', 'V7', 'V11']",0.581081081081081,0.7962962962962963,0.671875,0.6614152714697851,9
"['V10', 'V16', 'V9', 'V8', 'V21', 'V12', 'V7', 'V20', 'V1']",0.581081081081081,0.7962962962962963,0.671875,0.6055956183890984,9
"['V14', 'V4', 'V16', 'V8', 'V12', 'V7', 'V20']",0.581081081081081,0.7818181818181819,0.6666666666666666,0.6441272802146776,7
"['V14', 'V4', 'V16', 'V8', 'V21', 'V11', 'V1']",0.581081081081081,0.7818181818181819,0.6666666666666666,0.6492068533850207,7
"['V14', 'V4', 'V16', 'V8', 'V21', 'V20', 'V1']",0.581081081081081,0.7962962962962963,0.671875,0.64986755471749,7
"['V14', 'V4', 'V16', 'V8', 'V21', 'V20', 'V11']",0.581081081081081,0.7818181818181819,0.6666666666666666,0.6462664488063242,7
"['V14', 'V4', 'V16', 'V8', 'V21', 'V7', 'V20']",0.581081081081081,0.7818181818181819,0.6666666666666666,0.647606010480182,7
"['V14', 'V4', 'V16', 'V9', 'V12', 'V20', 'V1']",0.581081081081081,0.7818181818181819,0.6666666666666666,0.6314316031847593,7
"['V10', 'V16', 'V9', 'V8', 'V12', 'V7', 'V20', 'V11', 'V1']",0.581081081081081,0.7962962962962963,0.671875,0.610093047929963,9
"['V14', 'V4', 'V16', 'V9', 'V8', 'V12', 'V1']",0.581081081081081,0.7962962962962963,0.671875,0.6537836791675774,7
"['V14', 'V4', 'V16', 'V9', 'V8', 'V12', 'V20']",0.581081081081081,0.7962962962962963,0.671875,0.6539077081011346,7
"['V14', 'V4', 'V16', 'V9', 'V8', 'V21', 'V12']",0.581081081081081,0.7962962962962963,0.671875,0.6570549540887437,7
"['V14', 'V4', 'V10', 'V12', 'V20', 'V11', 'V1']",0.581081081081081,0.7166666666666667,0.6417910447761194,0.6347954437055717,7
"['V14', 'V4', 'V10', 'V12', 'V7', 'V11', 'V1']",0.581081081081081,0.7413793103448276,0.6515151515151515,0.6349028487928444,7
"['V14', 'V4', 'V10', 'V12', 'V7', 'V20', 'V1']",0.581081081081081,0.7413793103448276,0.6515151515151515,0.6349923385614902,7
"['V14', 'V4', 'V10', 'V21', 'V20', 'V11', 'V1']",0.581081081081081,0.7166666666666667,0.6417910447761194,0.6439410259795801,7
"['V14', 'V4', 'V10', 'V21', 'V7', 'V20', 'V1']",0.581081081081081,0.7288135593220338,0.6466165413533834,0.6453641629758183,7
"['V14', 'V4', 'V10', 'V21', 'V12', 'V11', 'V1']",0.581081081081081,0.7288135593220338,0.6466165413533834,0.6440818824843072,7
"['V14', 'V10', 'V9', 'V8', 'V20', 'V11', 'V1']",0.581081081081081,0.7413793103448276,0.6515151515151515,0.6319368461560215,7
"['V14', 'V10', 'V9', 'V21', 'V12', 'V7', 'V20']",0.581081081081081,0.7678571428571429,0.6615384615384615,0.631051479280095,7
"['V14', 'V10', 'V9', 'V21', 'V12', 'V20', 'V1']",0.581081081081081,0.7678571428571429,0.6615384615384615,0.6296939334463081,7
"['V14', 'V10', 'V16', 'V9', 'V8', 'V21', 'V12', 'V20', 'V1']",0.581081081081081,0.7962962962962963,0.671875,0.6524589261944318,9
"['V10', 'V16', 'V8', 'V21', 'V12', 'V20', 'V11']",0.581081081081081,0.7818181818181819,0.6666666666666666,0.6005917906663223,7
"['V10', 'V16', 'V8', 'V21', 'V12', 'V7', 'V1']",0.581081081081081,0.7818181818181819,0.6666666666666666,0.5920823869194249,7
"['V10', 'V16', 'V8', 'V21', 'V12', 'V7', 'V11']",0.581081081081081,0.7818181818181819,0.6666666666666666,0.6020872382974094,7
"['V10', 'V16', 'V9', 'V21', 'V20', 'V11', 'V1']",0.581081081081081,0.7962962962962963,0.671875,0.6055963674159007,7
"['V10', 'V16', 'V9', 'V21', 'V12', 'V7', 'V1']",0.581081081081081,0.7962962962962963,0.671875,0.6044242519681409,7
"['V10', 'V16', 'V9', 'V8', 'V21', 'V12', 'V11']",0.581081081081081,0.7962962962962963,0.671875,0.6169366072910264,7
"['V4', 'V10', 'V16', 'V21', 'V12', 'V20', 'V1']",0.581081081081081,0.7962962962962963,0.671875,0.6300627371022169,7
"['V4', 'V10', 'V16', 'V21', 'V12', 'V20', 'V11']",0.581081081081081,0.7818181818181819,0.6666666666666666,0.6183160003965807,7
"['V4', 'V10', 'V16', 'V8', 'V20', 'V11', 'V1']",0.581081081081081,0.7818181818181819,0.6666666666666666,0.6302475199011897,7
"['V14', 'V4', 'V21', 'V12', 'V11']",0.581081081081081,0.7962962962962963,0.671875,0.6215067092077643,5
"['V4', 'V10', 'V16', 'V8', 'V21', 'V20', 'V1']",0.581081081081081,0.7962962962962963,0.671875,0.6321434659519123,7
"['V14', 'V21', 'V12', 'V7', 'V20', 'V11', 'V1']",0.581081081081081,0.7962962962962963,0.671875,0.6220240639849673,7
"['V14', 'V8', 'V21', 'V12', 'V20', 'V11', 'V1']",0.581081081081081,0.7678571428571429,0.6615384615384615,0.6054202795510727,7
"['V14', 'V10', 'V16', 'V9', 'V8', 'V7', 'V20', 'V11', 'V1']",0.581081081081081,0.7962962962962963,0.671875,0.6489885570624611,9
"['V14', 'V10', 'V16', 'V9', 'V21', 'V7', 'V20', 'V11', 'V1']",0.581081081081081,0.7962962962962963,0.671875,0.6402143910059583,9
"['V14', 'V10', 'V16', 'V8', 'V21', 'V12', 'V7', 'V20', 'V11']",0.581081081081081,0.7962962962962963,0.671875,0.6489398162405289,9
"['V14', 'V9', 'V12', 'V7', 'V20', 'V11', 'V1']",0.581081081081081,0.7413793103448276,0.6515151515151515,0.6330918571622258,7
"['V14', 'V9', 'V21', 'V12', 'V7', 'V20', 'V1']",0.581081081081081,0.7678571428571429,0.6615384615384615,0.6388374255799172,7
"['V14', 'V9', 'V8', 'V12', 'V7', 'V11', 'V1']",0.581081081081081,0.7678571428571429,0.6615384615384615,0.6434242426759953,7
"['V10', 'V16', 'V8', 'V21', 'V12', 'V20', 'V1']",0.581081081081081,0.7818181818181819,0.6666666666666666,0.5931028365715433,7
"['V10', 'V16', 'V8', 'V21', 'V20', 'V11', 'V1']",0.581081081081081,0.7962962962962963,0.671875,0.5872216674194308,7
"['V14', 'V10', 'V9', 'V21', 'V7', 'V20', 'V1']",0.581081081081081,0.7413793103448276,0.6515151515151515,0.6320302607616222,7
"['V14', 'V10', 'V16', 'V9', 'V8', 'V21', 'V12', 'V20', 'V11']",0.581081081081081,0.7962962962962963,0.671875,0.6505294641464,9
"['V14', 'V4', 'V10', 'V16', 'V9', 'V8', 'V7', 'V20']",0.581081081081081,0.7962962962962963,0.671875,0.6599865258989946,8
"['V14', 'V4', 'V10', 'V16', 'V9', 'V8', 'V12', 'V1']",0.581081081081081,0.7962962962962963,0.671875,0.6544347390018515,8
"['V14', 'V4', 'V10', 'V16', 'V9', 'V8', 'V12', 'V11']",0.581081081081081,0.7962962962962963,0.671875,0.6553774190648491,8
"['V14', 'V4', 'V10', 'V16', 'V9', 'V8', 'V12', 'V20']",0.581081081081081,0.7962962962962963,0.671875,0.6626981015905106,8
"['V14', 'V4', 'V10', 'V16', 'V9', 'V8', 'V21', 'V1']",0.581081081081081,0.7962962962962963,0.671875,0.6607411923237906,8
"['V14', 'V4', 'V10', 'V16', 'V9', 'V8', 'V21', 'V11']",0.581081081081081,0.7962962962962963,0.671875,0.6642698529300195,8
"['V14', 'V4', 'V10', 'V16', 'V9', 'V8', 'V21', 'V20']",0.581081081081081,0.7962962962962963,0.671875,0.6636917379866683,8
"['V14', 'V4', 'V10', 'V16', 'V9', 'V8', 'V21', 'V7']",0.581081081081081,0.7962962962962963,0.671875,0.6623847638901732,8
"['V14', 'V4', 'V10', 'V16', 'V9', 'V8', 'V21', 'V12']",0.581081081081081,0.7962962962962963,0.671875,0.6637673706523755,8
"['V10', 'V8', 'V21', 'V12', 'V20', 'V11', 'V1']",0.581081081081081,0.7962962962962963,0.671875,0.5970158163423982,7
"['V10', 'V8', 'V21', 'V12', 'V7', 'V11', 'V1']",0.581081081081081,0.7818181818181819,0.6666666666666666,0.5995791151345511,7
"['V10', 'V9', 'V12', 'V7', 'V20', 'V11', 'V1']",0.581081081081081,0.7962962962962963,0.671875,0.6040039277977294,7
"['V14', 'V4', 'V16', 'V8', 'V21', 'V7', 'V20', 'V11', 'V1']",0.581081081081081,0.7962962962962963,0.671875,0.6515596099312395,9
"['V10', 'V9', 'V8', 'V21', 'V12', 'V20', 'V11']",0.581081081081081,0.7962962962962963,0.671875,0.6128344721970457,7
"['V14', 'V4', 'V9', 'V8', 'V21', 'V12', 'V7', 'V20', 'V1']",0.581081081081081,0.7288135593220338,0.6466165413533834,0.646574056033656,9
"['V14', 'V10', 'V16', 'V9', 'V8', 'V21', 'V12', 'V7', 'V20']",0.581081081081081,0.7962962962962963,0.671875,0.6514674406535494,9
"['V10', 'V16', 'V21', 'V12', 'V7', 'V20', 'V1']",0.581081081081081,0.7818181818181819,0.6666666666666666,0.5913651312409499,7
"['V14', 'V10', 'V16', 'V9', 'V8', 'V21', 'V12', 'V7', 'V11']",0.581081081081081,0.7962962962962963,0.671875,0.6515557292532016,9
"['V14', 'V10', 'V16', 'V9', 'V8', 'V21', 'V12', 'V7', 'V1']",0.581081081081081,0.7962962962962963,0.671875,0.6519493868060537,9
"['V14', 'V10', 'V16', 'V8', 'V21', 'V12', 'V7', 'V20', 'V1']",0.581081081081081,0.7962962962962963,0.671875,0.6503104120473444,9
"['V14', 'V9', 'V8', 'V12', 'V7', 'V20', 'V11']",0.581081081081081,0.7678571428571429,0.6615384615384615,0.6484782190918769,7
"['V14', 'V9', 'V8', 'V21', 'V12', 'V11', 'V1']",0.581081081081081,0.7678571428571429,0.6615384615384615,0.640509835453584,7
"['V14', 'V10', 'V16', 'V8', 'V21', 'V12', 'V7', 'V11', 'V1']",0.581081081081081,0.7962962962962963,0.671875,0.6505846724071254,9
"['V14', 'V10', 'V21', 'V12', 'V20', 'V11', 'V1']",0.581081081081081,0.7818181818181819,0.6666666666666666,0.625002494822927,7
"['V14', 'V10', 'V21', 'V12', 'V7', 'V11', 'V1']",0.581081081081081,0.7962962962962963,0.671875,0.6233399827605826,7
"['V14', 'V10', 'V21', 'V12', 'V7', 'V20', 'V1']",0.581081081081081,0.7962962962962963,0.671875,0.6277356369473437,7
"['V14', 'V10', 'V21', 'V12', 'V7', 'V20', 'V11']",0.581081081081081,0.7962962962962963,0.671875,0.6280467418931356,7
"['V14', 'V10', 'V8', 'V7', 'V20', 'V11', 'V1']",0.581081081081081,0.7413793103448276,0.6515151515151515,0.6376464779192644,7
"['V14', 'V10', 'V8', 'V12', 'V7', 'V20', 'V1']",0.581081081081081,0.7962962962962963,0.671875,0.6414901744628101,7
"['V14', 'V10', 'V8', 'V21', 'V20', 'V11', 'V1']",0.581081081081081,0.7413793103448276,0.6515151515151515,0.6375859883836502,7
"['V14', 'V10', 'V8', 'V21', 'V7', 'V11', 'V1']",0.581081081081081,0.7543859649122807,0.6564885496183206,0.6413115589789646,7
"['V14', 'V10', 'V8', 'V21', 'V7', 'V20', 'V1']",0.581081081081081,0.7543859649122807,0.6564885496183206,0.6372922877247603,7
"['V14', 'V10', 'V8', 'V21', 'V7', 'V20', 'V11']",0.581081081081081,0.7543859649122807,0.6564885496183206,0.641159307750197,7
"['V14', 'V10', 'V8', 'V21', 'V12', 'V11', 'V1']",0.581081081081081,0.7962962962962963,0.671875,0.635902045427992,7
"['V14', 'V10', 'V8', 'V21', 'V12', 'V20', 'V1']",0.581081081081081,0.7962962962962963,0.671875,0.6396742342089394,7
"['V14', 'V10', 'V8', 'V21', 'V12', 'V20', 'V11']",0.581081081081081,0.7962962962962963,0.671875,0.6374073059269291,7
"['V14', 'V10', 'V8', 'V21', 'V12', 'V7', 'V1']",0.581081081081081,0.7962962962962963,0.671875,0.6428606393954425,7
"['V14', 'V10', 'V8', 'V21', 'V12', 'V7', 'V11']",0.581081081081081,0.7962962962962963,0.671875,0.6435891820615958,7
"['V14', 'V10', 'V9', 'V7', 'V20', 'V11', 'V1']",0.581081081081081,0.7413793103448276,0.6515151515151515,0.6276146635453547,7
"['V14', 'V10', 'V9', 'V12', 'V20', 'V11', 'V1']",0.581081081081081,0.7678571428571429,0.6615384615384615,0.6233623532207351,7
"['V14', 'V10', 'V9', 'V12', 'V7', 'V20', 'V1']",0.581081081081081,0.7678571428571429,0.6615384615384615,0.6271744236564663,7
"['V14', 'V10', 'V9', 'V21', 'V20', 'V11', 'V1']",0.581081081081081,0.7413793103448276,0.6515151515151515,0.6311352827490805,7
"['V14', 'V16', 'V9', 'V8', 'V21', 'V20', 'V11']",0.581081081081081,0.7678571428571429,0.6615384615384615,0.6567706987472455,7
"['V14', 'V16', 'V9', 'V8', 'V21', 'V11', 'V1']",0.581081081081081,0.7678571428571429,0.6615384615384615,0.6555991278420449,7
"['V14', 'V16', 'V9', 'V8', 'V7', 'V20', 'V11']",0.581081081081081,0.7962962962962963,0.671875,0.6594746536516272,7
"['V14', 'V16', 'V8', 'V12', 'V20', 'V11', 'V1']",0.581081081081081,0.7678571428571429,0.6615384615384615,0.6068310295738495,7
"['V14', 'V10', 'V16', 'V8', 'V21', 'V7', 'V20', 'V11', 'V1']",0.581081081081081,0.7962962962962963,0.671875,0.6512982920594261,9
"['V14', 'V10', 'V9', 'V8', 'V21', 'V12', 'V7', 'V20', 'V11']",0.581081081081081,0.7678571428571429,0.6615384615384615,0.6427223141257883,9
"['V14', 'V16', 'V12', 'V7', 'V20', 'V11', 'V1']",0.581081081081081,0.7962962962962963,0.671875,0.6275617437368388,7
"['V14', 'V16', 'V21', 'V12', 'V20', 'V11', 'V1']",0.581081081081081,0.7818181818181819,0.6666666666666666,0.607933809704964,7
"['V14', 'V16', 'V21', 'V12', 'V7', 'V11', 'V1']",0.581081081081081,0.7818181818181819,0.6666666666666666,0.6205784981641707,7
"['V14', 'V16', 'V21', 'V12', 'V7', 'V20', 'V1']",0.581081081081081,0.7962962962962963,0.671875,0.6286365923743267,7
"['V14', 'V10', 'V9', 'V8', 'V21', 'V12', 'V7', 'V20', 'V1']",0.581081081081081,0.7678571428571429,0.6615384615384615,0.6446307946129263,9
"['V14', 'V16', 'V8', 'V7', 'V20', 'V11', 'V1']",0.581081081081081,0.7678571428571429,0.6615384615384615,0.6391013300253873,7
"['V14', 'V16', 'V8', 'V12', 'V7', 'V11', 'V1']",0.581081081081081,0.7818181818181819,0.6666666666666666,0.6278204085351922,7
"['V14', 'V16', 'V9', 'V8', 'V20', 'V11', 'V1']",0.581081081081081,0.7818181818181819,0.6666666666666666,0.6528615681757384,7
"['V14', 'V10', 'V9', 'V8', 'V21', 'V12', 'V7', 'V11', 'V1']",0.581081081081081,0.7678571428571429,0.6615384615384615,0.6431155036948397,9
"['V14', 'V10', 'V9', 'V8', 'V21', 'V12', 'V20', 'V11', 'V1']",0.581081081081081,0.7678571428571429,0.6615384615384615,0.6409532885685221,9
"['V14', 'V16', 'V8', 'V21', 'V7', 'V11', 'V1']",0.581081081081081,0.7678571428571429,0.6615384615384615,0.6288720302317422,7
"['V14', 'V16', 'V8', 'V21', 'V7', 'V20', 'V1']",0.581081081081081,0.7818181818181819,0.6666666666666666,0.6398848414943182,7
"['V14', 'V10', 'V9', 'V8', 'V12', 'V7', 'V20', 'V11', 'V1']",0.581081081081081,0.7678571428571429,0.6615384615384615,0.6412413179075517,9
"['V14', 'V10', 'V8', 'V21', 'V12', 'V7', 'V20', 'V11', 'V1']",0.581081081081081,0.7962962962962963,0.671875,0.6442072054725007,9
"['V14', 'V16', 'V9', 'V8', 'V21', 'V12', 'V7', 'V20', 'V11']",0.581081081081081,0.7962962962962963,0.671875,0.6514058297427459,9
"['V14', 'V16', 'V9', 'V8', 'V21', 'V12', 'V7', 'V11', 'V1']",0.581081081081081,0.7962962962962963,0.671875,0.6518847556051586,9
"['V14', 'V10', 'V16', 'V9', 'V8']",0.581081081081081,0.7962962962962963,0.671875,0.6528818709260036,5
"['V14', 'V10', 'V1']",0.581081081081081,0.7413793103448276,0.6515151515151515,0.621368371613909,3
"['V14', 'V16', 'V9', 'V8', 'V20', 'V11']",0.581081081081081,0.7818181818181819,0.6666666666666666,0.6512086198687737,6
"['V14', 'V4', 'V10', 'V16', 'V8']",0.581081081081081,0.7962962962962963,0.671875,0.6615395382151885,5
"['V14', 'V10', 'V8', 'V16', 'V4', 'V21', 'V3', 'V1', 'V20']",0.581081081081081,0.7962962962962963,0.671875,0.669730466792827,9
"['V14', 'V10', 'V8', 'V16', 'V4', 'V21', 'V3', 'V1', 'V19']",0.581081081081081,0.7962962962962963,0.671875,0.66858520247027,9
"['V14', 'V10', 'V8', 'V16', 'V4', 'V21', 'V3', 'V1', 'V18']",0.581081081081081,0.7962962962962963,0.671875,0.6688600040785139,9
"['V14', 'V10', 'V8', 'V16', 'V4', 'V21', 'V3', 'V1', 'V17']",0.581081081081081,0.7962962962962963,0.671875,0.6660101383731438,9
"['V14', 'V10', 'V8', 'V16', 'V4', 'V21', 'V3', 'V1', 'V12']",0.581081081081081,0.7962962962962963,0.671875,0.6653556397467172,9
"['V14', 'V10', 'V8', 'V16', 'V4', 'V21', 'V3', 'V1', 'V11']",0.581081081081081,0.7962962962962963,0.671875,0.6679093718327557,9
"['V14', 'V10', 'V8', 'V16', 'V4', 'V21', 'V3', 'V1', 'V9']",0.581081081081081,0.7962962962962963,0.671875,0.6653364554899929,9
"['V14', 'V10', 'V8', 'V16', 'V4', 'V21', 'V3', 'V1', 'V7']",0.581081081081081,0.7962962962962963,0.671875,0.6633770862718498,9
"['V14', 'V10', 'V8', 'V16', 'V4', 'V21', 'V3', 'V1', 'V20', 'V6']",0.581081081081081,0.7962962962962963,0.671875,0.6663068808216386,10
"['V14', 'V10', 'V8', 'V16', 'V4', 'V21', 'V3', 'V1', 'V2']",0.581081081081081,0.7962962962962963,0.671875,0.6647795114857413,9
"['V14', 'V10', 'V8', 'V16', 'V4', 'V21', 'V3', 'V9']",0.581081081081081,0.7962962962962963,0.671875,0.6652702314509193,8
"['V14', 'V10', 'V8', 'V16', 'V4', 'V21', 'V3', 'V2']",0.581081081081081,0.7962962962962963,0.671875,0.6642291352999905,8
"['V14', 'V10', 'V8', 'V16', 'V4', 'V21', 'V3', 'V1']",0.581081081081081,0.7962962962962963,0.671875,0.6686126930310975,8
"['V14', 'V10', 'V8', 'V16', 'V4', 'V21', 'V20']",0.581081081081081,0.7962962962962963,0.671875,0.6639303863926136,7
"['V14', 'V4', 'V10', 'V16', 'V20']",0.581081081081081,0.7962962962962963,0.671875,0.6439104185576225,5
"['V14', 'V4', 'V10', 'V16', 'V11']",0.581081081081081,0.7962962962962963,0.671875,0.6431024934138045,5
"['V14', 'V10', 'V8', 'V16', 'V4', 'V21', 'V3', 'V1', 'V20', 'V2']",0.581081081081081,0.7962962962962963,0.671875,0.6642510909357978,10
"['V14', 'V10', 'V8', 'V16', 'V4', 'V21', 'V3', 'V1', 'V20', 'V7']",0.581081081081081,0.7962962962962963,0.671875,0.6645144685277738,10
"['V14', 'V10', 'V8', 'V20']",0.581081081081081,0.7413793103448276,0.6515151515151515,0.6313544205153858,4
"['V14', 'V10', 'V8', 'V16', 'V4', 'V21', 'V3', 'V1', 'V20', 'V19', 'V9']",0.581081081081081,0.7962962962962963,0.671875,0.6651601098014517,11
"['V14', 'V10', 'V8', 'V16', 'V4', 'V21', 'V3', 'V1', 'V20', 'V19', 'V18', 'V9']",0.581081081081081,0.7962962962962963,0.671875,0.6647586185522871,12
"['V14', 'V10', 'V8', 'V16', 'V4', 'V21', 'V3', 'V1', 'V20', 'V19', 'V18', 'V7']",0.581081081081081,0.7962962962962963,0.671875,0.6643597553531374,12
"['V14', 'V10', 'V8', 'V16', 'V4', 'V21', 'V3', 'V1', 'V20', 'V19', 'V18', 'V2']",0.581081081081081,0.7962962962962963,0.671875,0.6658769146990127,12
"['V14', 'V10', 'V8', 'V16', 'V4', 'V21', 'V3', 'V1', 'V20', 'V19', 'V18']",0.581081081081081,0.7962962962962963,0.671875,0.6687592954947087,11
"['V14', 'V10', 'V8', 'V16', 'V4', 'V21', 'V3', 'V1', 'V20', 'V19', 'V17']",0.581081081081081,0.7962962962962963,0.671875,0.6661040918679506,11
"['V14', 'V10', 'V8', 'V16', 'V4', 'V21', 'V3', 'V1', 'V20', 'V19', 'V12']",0.581081081081081,0.7962962962962963,0.671875,0.6658426453565446,11
"['V14', 'V10', 'V8', 'V16', 'V4', 'V21', 'V3', 'V1', 'V20', 'V19', 'V11']",0.581081081081081,0.7962962962962963,0.671875,0.6671404390845086,11
"['V14', 'V10', 'V8', 'V16', 'V4', 'V21', 'V3', 'V1', 'V20', 'V19', 'V7']",0.581081081081081,0.7962962962962963,0.671875,0.6651544610545274,11
"['V14', 'V10', 'V8', 'V16', 'V4', 'V21', 'V3', 'V1', 'V20', 'V9']",0.581081081081081,0.7962962962962963,0.671875,0.6654598559808281,10
"['V14', 'V10', 'V8', 'V16', 'V4', 'V21', 'V3', 'V1', 'V20', 'V19', 'V6']",0.581081081081081,0.7962962962962963,0.671875,0.6659626140794142,11
"['V14', 'V10', 'V8', 'V16', 'V4', 'V21', 'V3', 'V1', 'V20', 'V19', 'V2']",0.581081081081081,0.7962962962962963,0.671875,0.6643830526838908,11
"['V14', 'V10', 'V8', 'V16', 'V4', 'V21', 'V3', 'V1', 'V20', 'V19']",0.581081081081081,0.7962962962962963,0.671875,0.6692962696540341,10
"['V14', 'V10', 'V8', 'V16', 'V4', 'V21', 'V3', 'V1', 'V20', 'V18']",0.581081081081081,0.7962962962962963,0.671875,0.6690380743942805,10
"['V14', 'V10', 'V8', 'V16', 'V4', 'V21', 'V3', 'V1', 'V20', 'V17']",0.581081081081081,0.7962962962962963,0.671875,0.6657596748558596,10
"['V14', 'V10', 'V8', 'V16', 'V4', 'V21', 'V3', 'V1', 'V20', 'V12']",0.581081081081081,0.7962962962962963,0.671875,0.6656386944423226,10
"['V14', 'V10', 'V8', 'V16', 'V4', 'V21', 'V3', 'V1', 'V20', 'V11']",0.581081081081081,0.7962962962962963,0.671875,0.667238759298506,10
"['V14', 'V4', 'V10', 'V16', 'V1']",0.581081081081081,0.7962962962962963,0.671875,0.6409055225263276,5
"['V14', 'V10', 'V8', 'V16', 'V4', 'V21', 'V19']",0.581081081081081,0.7962962962962963,0.671875,0.6646549974032034,7
"['V14', 'V10', 'V8', 'V16', 'V4', 'V21', 'V18']",0.581081081081081,0.7962962962962963,0.671875,0.6633570640578559,7
"['V14', 'V4', 'V10', 'V12', 'V7']",0.581081081081081,0.7962962962962963,0.671875,0.6363670556797142,5
"['V14', 'V10', 'V8', 'V16', 'V18']",0.581081081081081,0.7962962962962963,0.671875,0.6480637509864299,5
"['V14', 'V4', 'V10', 'V8', 'V1']",0.581081081081081,0.7166666666666667,0.6417910447761194,0.6417951856357738,5
"['V14', 'V4', 'V10', 'V21', 'V12']",0.581081081081081,0.7288135593220338,0.6466165413533834,0.6439804129674459,5
"['V14', 'V10', 'V8', 'V16', 'V12']",0.581081081081081,0.7962962962962963,0.671875,0.6477889483854973,5
"['V14', 'V10', 'V8', 'V16', 'V11']",0.581081081081081,0.7962962962962963,0.671875,0.6482811474352531,5
"['V14', 'V10', 'V8', 'V16', 'V9']",0.581081081081081,0.7962962962962963,0.671875,0.6528818709260036,5
"['V14', 'V4', 'V10', 'V21', 'V1']",0.581081081081081,0.7166666666666667,0.6417910447761194,0.637398606532063,5
"['V14', 'V10', 'V8', 'V16', 'V6']",0.581081081081081,0.7962962962962963,0.671875,0.6477408047214798,5
"['V14', 'V10', 'V8', 'V16', 'V4', 'V21', 'V17']",0.581081081081081,0.7962962962962963,0.671875,0.6621325905832077,7
"['V14', 'V10', 'V8', 'V16', 'V5']",0.581081081081081,0.7962962962962963,0.671875,0.6495521517048343,5
"['V14', 'V10', 'V8', 'V16', 'V4']",0.581081081081081,0.7962962962962963,0.671875,0.6615395382151885,5
"['V14', 'V4', 'V10', 'V12', 'V20']",0.581081081081081,0.7678571428571429,0.6615384615384615,0.6342122357561553,5
"['V14', 'V10', 'V8', 'V16', 'V3']",0.581081081081081,0.7962962962962963,0.671875,0.6495516794819318,5
"['V14', 'V4', 'V10', 'V12', 'V1']",0.581081081081081,0.7288135593220338,0.6466165413533834,0.6344541544583613,5
"['V14', 'V10', 'V8', 'V16', 'V2']",0.581081081081081,0.7962962962962963,0.671875,0.6501242661250286,5
"['V14', 'V10', 'V8', 'V16', 'V1']",0.581081081081081,0.7962962962962963,0.671875,0.6496098517461969,5
"['V14', 'V10', 'V8', 'V16', 'V19']",0.581081081081081,0.7962962962962963,0.671875,0.6494677664714854,5
"['V14', 'V10', 'V8', 'V16', 'V20']",0.581081081081081,0.7962962962962963,0.671875,0.649860095953205,5
"['V14', 'V10', 'V8', 'V16', 'V4', 'V1']",0.581081081081081,0.7962962962962963,0.671875,0.6612454190144547,6
"['V14', 'V10', 'V8', 'V16', 'V4', 'V2']",0.581081081081081,0.7962962962962963,0.671875,0.6618190871094193,6
"['V14', 'V10', 'V8', 'V16', 'V4', 'V21', 'V12']",0.581081081081081,0.7962962962962963,0.671875,0.6647248462368432,7
"['V14', 'V10', 'V8', 'V16', 'V4', 'V21', 'V9']",0.581081081081081,0.7962962962962963,0.671875,0.6637522146031282,7
"['V14', 'V10', 'V8', 'V16', 'V4', 'V21', 'V7']",0.581081081081081,0.7962962962962963,0.671875,0.6627596180015435,7
"['V14', 'V4', 'V10', 'V9', 'V12']",0.581081081081081,0.7288135593220338,0.6466165413533834,0.636388148684891,5
"['V14', 'V10', 'V8', 'V16', 'V4', 'V21', 'V2']",0.581081081081081,0.7962962962962963,0.671875,0.6610030179350265,7
"['V14', 'V10', 'V8', 'V16', 'V4', 'V21', 'V1']",0.581081081081081,0.7962962962962963,0.671875,0.6656161768776001,7
"['V14', 'V10', 'V8', 'V16', 'V4', 'V20']",0.581081081081081,0.7962962962962963,0.671875,0.6616050964095256,6
"['V14', 'V10', 'V8', 'V16', 'V4', 'V19']",0.581081081081081,0.7962962962962963,0.671875,0.6627254540616492,6
"['V14', 'V10', 'V8', 'V16', 'V4', 'V18']",0.581081081081081,0.7962962962962963,0.671875,0.6586650146330444,6
"['V14', 'V10', 'V8', 'V16', 'V4', 'V17']",0.581081081081081,0.7962962962962963,0.671875,0.6587613173921607,6
"['V14', 'V10', 'V8', 'V16', 'V4', 'V12']",0.581081081081081,0.7962962962962963,0.671875,0.6611224903412204,6
"['V14', 'V4', 'V10', 'V8', 'V12']",0.581081081081081,0.7413793103448276,0.6515151515151515,0.6440128200366383,5
"['V14', 'V10', 'V8', 'V16', 'V4', 'V11']",0.581081081081081,0.7962962962962963,0.671875,0.6616996941753102,6
"['V14', 'V10', 'V8', 'V16', 'V4', 'V9']",0.581081081081081,0.7962962962962963,0.671875,0.6623456897318049,6
"['V14', 'V10', 'V8', 'V16', 'V4', 'V7']",0.581081081081081,0.7962962962962963,0.671875,0.6591917035816248,6
"['V14', 'V10', 'V8', 'V16', 'V4', 'V21', 'V3', 'V1', 'V20', 'V19', 'V18', 'V11']",0.581081081081081,0.7962962962962963,0.671875,0.6675342056244845,12
"['V14', 'V10', 'V8', 'V16', 'V4', 'V21', 'V3', 'V1', 'V20', 'V19', 'V18', 'V12']",0.581081081081081,0.7962962962962963,0.671875,0.6665519604011491,12
"['V14', 'V10', 'V8', 'V16', 'V4', 'V21', 'V3', 'V1', 'V20', 'V19', 'V18', 'V17']",0.581081081081081,0.7962962962962963,0.671875,0.6656234959036169,12
"['V14', 'V10', 'V21', 'V12']",0.581081081081081,0.7962962962962963,0.671875,0.6285451079373326,4
"['V14', 'V16', 'V21', 'V20']",0.581081081081081,0.7543859649122807,0.6564885496183206,0.602312378685192,4
"['V14', 'V16', 'V21', 'V12']",0.581081081081081,0.7818181818181819,0.6666666666666666,0.607625074799309,4
"['V14', 'V16', 'V8', 'V7']",0.581081081081081,0.7678571428571429,0.6615384615384615,0.6236244414640995,4
"['V14', 'V16', 'V8', 'V12']",0.581081081081081,0.7818181818181819,0.6666666666666666,0.6145278653743586,4
"['V14', 'V10', 'V11', 'V1']",0.581081081081081,0.7413793103448276,0.6515151515151515,0.6207770486938814,4
"['V14', 'V10', 'V20', 'V1']",0.581081081081081,0.7413793103448276,0.6515151515151515,0.6192401729365007,4
"['V14', 'V10', 'V21', 'V11']",0.581081081081081,0.7543859649122807,0.6564885496183206,0.6289438628664777,4
"['V14', 'V10', 'V8', 'V1']",0.581081081081081,0.7413793103448276,0.6515151515151515,0.6375765508644771,4
"['V14', 'V10', 'V9', 'V21']",0.581081081081081,0.7413793103448276,0.6515151515151515,0.6355071339174739,4
"['V14', 'V10', 'V8', 'V20']",0.581081081081081,0.7413793103448276,0.6515151515151515,0.6313544205153858,4
"['V14', 'V10', 'V8', 'V7']",0.581081081081081,0.7413793103448276,0.6515151515151515,0.6360401900935482,4
"['V14', 'V10', 'V8', 'V21']",0.581081081081081,0.7543859649122807,0.6564885496183206,0.6362493135897894,4
"['V14', 'V10', 'V9', 'V1']",0.581081081081081,0.7413793103448276,0.6515151515151515,0.6263069783713852,4
"['V14', 'V10', 'V9', 'V11']",0.581081081081081,0.7288135593220338,0.6466165413533834,0.6237443040238283,4
"['V14', 'V10', 'V9', 'V20']",0.581081081081081,0.7413793103448276,0.6515151515151515,0.6236281435498345,4
"['V14', 'V10', 'V9', 'V7']",0.581081081081081,0.7413793103448276,0.6515151515151515,0.6293382103563097,4
"['V14', 'V16', 'V12', 'V7']",0.581081081081081,0.7818181818181819,0.6666666666666666,0.6136921450065762,4
"['V14', 'V16', 'V12', 'V20']",0.581081081081081,0.7818181818181819,0.6666666666666666,0.6074493136098392,4
"['V14', 'V16', 'V12', 'V11']",0.581081081081081,0.7818181818181819,0.6666666666666666,0.6066356017106476,4
"['V14', 'V16', 'V12', 'V1']",0.581081081081081,0.7818181818181819,0.6666666666666666,0.6052683508789842,4
"['V14', 'V12', 'V20', 'V1']",0.581081081081081,0.7818181818181819,0.6666666666666666,0.5899590677452469,4
"['V14', 'V12', 'V20', 'V11']",0.581081081081081,0.7678571428571429,0.6615384615384615,0.5921814556085622,4
"['V14', 'V12', 'V7', 'V1']",0.581081081081081,0.7818181818181819,0.6666666666666666,0.6126849183895718,4
"['V14', 'V12', 'V7', 'V11']",0.581081081081081,0.7818181818181819,0.6666666666666666,0.608656952751038,4
"['V14', 'V12', 'V7', 'V20']",0.581081081081081,0.7818181818181819,0.6666666666666666,0.6154555154099736,4
"['V14', 'V21', 'V12', 'V11']",0.581081081081081,0.7818181818181819,0.6666666666666666,0.6013669293272488,4
"['V14', 'V21', 'V12', 'V20']",0.581081081081081,0.7818181818181819,0.6666666666666666,0.5983221127889585,4
"['V14', 'V8', 'V12', 'V20']",0.581081081081081,0.7818181818181819,0.6666666666666666,0.5922972554780178,4
"['V14', 'V9', 'V12', 'V1']",0.581081081081081,0.7678571428571429,0.6615384615384615,0.6269142063642444,4
"['V14', 'V9', 'V12', 'V11']",0.581081081081081,0.7413793103448276,0.6515151515151515,0.6264761899316569,4
"['V14', 'V9', 'V12', 'V20']",0.581081081081081,0.7678571428571429,0.6615384615384615,0.6239965974514599,4
"['V14', 'V9', 'V12', 'V7']",0.581081081081081,0.7678571428571429,0.6615384615384615,0.6321799348010223,4
"['V14', 'V9', 'V21', 'V12']",0.581081081081081,0.7678571428571429,0.6615384615384615,0.6350080823462532,4
"['V14', 'V9', 'V8', 'V12']",0.581081081081081,0.7678571428571429,0.6615384615384615,0.633639417679883,4
"['V14', 'V16', 'V20', 'V11']",0.581081081081081,0.7543859649122807,0.6564885496183206,0.5979259288426291,4
"['V14', 'V10', 'V9', 'V12']",0.581081081081081,0.7678571428571429,0.6615384615384615,0.6259432541808335,4
"['V14', 'V10', 'V9', 'V8']",0.581081081081081,0.7413793103448276,0.6515151515151515,0.6363907383230542,4
"['V14', 'V10', 'V8', 'V16', 'V4', 'V21', 'V3', 'V1', 'V20', 'V19', 'V18', 'V11', 'V2']",0.581081081081081,0.7962962962962963,0.671875,0.6642909458974172,13
"['V14', 'V10', 'V8', 'V16', 'V4', 'V21', 'V3', 'V1', 'V20', 'V19', 'V18', 'V11', 'V12', 'V17']",0.581081081081081,0.7962962962962963,0.671875,0.6629151113908457,14
"['V14', 'V10', 'V8']",0.581081081081081,0.7413793103448276,0.6515151515151515,0.6347705104907447,3
"['V14', 'V10', 'V9']",0.581081081081081,0.7413793103448276,0.6515151515151515,0.6282174094436339,3
"['V14', 'V4', 'V12']",0.581081081081081,0.7962962962962963,0.671875,0.6106925346009464,3
"['V14', 'V4', 'V16']",0.581081081081081,0.7818181818181819,0.6666666666666666,0.6281229770853345,3
"['V14', 'V10', 'V8', 'V16', 'V4', 'V21', 'V3', 'V1', 'V20', 'V19', 'V18', 'V11', 'V12', 'V9', 'V7', 'V2', 'V17']",0.581081081081081,0.7962962962962963,0.671875,0.6623449711166604,17
"['V14', 'V10', 'V8', 'V16', 'V4', 'V21', 'V3', 'V1', 'V20', 'V19', 'V18', 'V11', 'V12', 'V9', 'V7', 'V17']",0.581081081081081,0.7962962962962963,0.671875,0.6601414476769291,16
"['V14', 'V10', 'V8', 'V16', 'V4', 'V21', 'V3', 'V1', 'V20', 'V19', 'V18', 'V11', 'V12', 'V9', 'V17']",0.581081081081081,0.7962962962962963,0.671875,0.6608783586864797,15
"['V14', 'V10', 'V8', 'V16', 'V4', 'V21', 'V3', 'V1', 'V20', 'V19', 'V18', 'V11', 'V12', 'V9']",0.581081081081081,0.7962962962962963,0.671875,0.6651126248977087,14
"['V14', 'V10', 'V16', 'V8']",0.581081081081081,0.7962962962962963,0.671875,0.6498782359218164,4
"['V14', 'V10', 'V8', 'V16', 'V4', 'V21', 'V3', 'V1', 'V20', 'V19', 'V18', 'V11', 'V12', 'V6']",0.581081081081081,0.7962962962962963,0.671875,0.6637380100395984,14
"['V14', 'V10', 'V8', 'V16', 'V4', 'V21', 'V3', 'V1', 'V20', 'V19', 'V18', 'V11', 'V12', 'V2']",0.581081081081081,0.7962962962962963,0.671875,0.6606497398388357,14
"['V14', 'V10', 'V8', 'V16', 'V4', 'V21', 'V3', 'V1', 'V20', 'V19', 'V18', 'V11', 'V17']",0.581081081081081,0.7962962962962963,0.671875,0.6638672568646176,13
"['V14', 'V10', 'V8', 'V16', 'V4', 'V21', 'V3', 'V1', 'V20', 'V19', 'V18', 'V11', 'V12']",0.581081081081081,0.7962962962962963,0.671875,0.6664367116739732,13
"['V14', 'V10', 'V8', 'V16', 'V4', 'V21', 'V3', 'V1', 'V20', 'V19', 'V18', 'V11', 'V9']",0.581081081081081,0.7962962962962963,0.671875,0.6633901633493392,13
"['V14', 'V10', 'V8', 'V16', 'V4', 'V21', 'V3', 'V1', 'V20', 'V19', 'V18', 'V11', 'V7']",0.581081081081081,0.7962962962962963,0.671875,0.6641202128049434,13
"['V14', 'V10', 'V8', 'V16', 'V4', 'V21', 'V3', 'V1', 'V20', 'V19', 'V18', 'V11', 'V6']",0.581081081081081,0.7962962962962963,0.671875,0.6655856356464495,13
"['V14', 'V10', 'V7']",0.581081081081081,0.7413793103448276,0.6515151515151515,0.6234702035849162,3
"['V14', 'V10', 'V20']",0.581081081081081,0.7413793103448276,0.6515151515151515,0.6184783329286101,3
"['V14', 'V10', 'V1']",0.581081081081081,0.7413793103448276,0.6515151515151515,0.621368371613909,3
"['V14', 'V16', 'V12']",0.581081081081081,0.7818181818181819,0.6666666666666666,0.6051053549518439,3
"['V14', 'V4', 'V12', 'V11']",0.581081081081081,0.7962962962962963,0.671875,0.6119970064232498,4
"['V14', 'V4', 'V10', 'V16', 'V9']",0.581081081081081,0.7962962962962963,0.671875,0.6436459985966252,5
"['V14', 'V4', 'V8', 'V12']",0.581081081081081,0.7962962962962963,0.671875,0.6147007086718699,4
"['V14', 'V4', 'V16', 'V1']",0.581081081081081,0.7962962962962963,0.671875,0.6255057044691035,4
"['V14', 'V4', 'V16', 'V20']",0.581081081081081,0.7962962962962963,0.671875,0.6263512625332363,4
"['V14', 'V4', 'V16', 'V21']",0.581081081081081,0.7962962962962963,0.671875,0.6351679487118411,4
"['V14', 'V4', 'V10', 'V16']",0.581081081081081,0.7962962962962963,0.671875,0.6428888860713979,4
"['V14', 'V12', 'V1']",0.581081081081081,0.7818181818181819,0.6666666666666666,0.5949896829235641,3
"['V14', 'V12', 'V11']",0.581081081081081,0.7678571428571429,0.6615384615384615,0.5935604200929063,3
"['V14', 'V12', 'V20']",0.581081081081081,0.7818181818181819,0.6666666666666666,0.5923479784237983,3
"['V14', 'V12', 'V7']",0.581081081081081,0.7818181818181819,0.6666666666666666,0.6113374805533319,3
"['V14', 'V21', 'V12']",0.581081081081081,0.7818181818181819,0.6666666666666666,0.6032798438674287,3
"['V14', 'V8', 'V12']",0.581081081081081,0.7818181818181819,0.6666666666666666,0.5972687107936623,3
"['V14', 'V9', 'V12']",0.581081081081081,0.7678571428571429,0.6615384615384615,0.6260010225823839,3
"['V14', 'V16', 'V20']",0.581081081081081,0.7678571428571429,0.6615384615384615,0.603022556305415,3
"['V14', 'V10', 'V8', 'V21']",0.581081081081081,0.7543859649122807,0.6564885496183206,0.6362493135897894,4
"['V14', 'V4', 'V16', 'V8']",0.581081081081081,0.7678571428571429,0.6615384615384615,0.6418879395989401,4
"['V14', 'V10', 'V1', 'V2', 'V5', 'V3', 'V19']",0.581081081081081,0.7678571428571429,0.6615384615384615,0.6230294640583423,7
"['V14', 'V10', 'V1', 'V2', 'V5', 'V3', 'V6', 'V8', 'V19']",0.581081081081081,0.7678571428571429,0.6615384615384615,0.6379676953475509,9
"['V14', 'V10', 'V1', 'V2', 'V5', 'V3', 'V6', 'V18']",0.581081081081081,0.7678571428571429,0.6615384615384615,0.6322124294281104,8
"['V14', 'V10', 'V1', 'V2', 'V5', 'V3', 'V6', 'V19']",0.581081081081081,0.7678571428571429,0.6615384615384615,0.6228561958234529,8
"['V14', 'V10', 'V1', 'V2', 'V5', 'V3', 'V6', 'V8', 'V4']",0.581081081081081,0.7166666666666667,0.6417910447761194,0.6477486781160758,9
"['V14', 'V4', 'V16', 'V11', 'V1']",0.581081081081081,0.7962962962962963,0.671875,0.629208644621394,5
"['V14', 'V4', 'V16', 'V20', 'V1']",0.581081081081081,0.7962962962962963,0.671875,0.6257152115987628,5
"['V14', 'V10', 'V1', 'V2', 'V5', 'V3', 'V6', 'V8', 'V7']",0.581081081081081,0.7678571428571429,0.6615384615384615,0.639953906323355,9
"['V14', 'V10', 'V1', 'V20']",0.581081081081081,0.7413793103448276,0.6515151515151515,0.6192401729365007,4
"['V14', 'V10', 'V1', 'V2', 'V5', 'V3', 'V6', 'V8', 'V11']",0.581081081081081,0.7413793103448276,0.6515151515151515,0.6289237081898313,9
"['V14', 'V10', 'V1', 'V2', 'V5', 'V3', 'V6', 'V8', 'V18']",0.581081081081081,0.7962962962962963,0.671875,0.6454486306325192,9
"['V14', 'V10', 'V1', 'V2', 'V9']",0.581081081081081,0.7413793103448276,0.6515151515151515,0.6294734478685134,5
"['V14', 'V10', 'V1']",0.581081081081081,0.7413793103448276,0.6515151515151515,0.621368371613909,3
"['V14', 'V10', 'V1', 'V2', 'V5', 'V3', 'V6', 'V12']",0.581081081081081,0.7678571428571429,0.6615384615384615,0.6220944433261515,8
"['V14', 'V10', 'V9']",0.581081081081081,0.7413793103448276,0.6515151515151515,0.6282174094436339,3
"['V14', 'V4', 'V8', 'V12', 'V11']",0.581081081081081,0.7962962962962963,0.671875,0.6143130972566674,5
"['V14', 'V4', 'V16', 'V21', 'V1']",0.581081081081081,0.7962962962962963,0.671875,0.630203696304964,5
"['V14', 'V10', 'V5']",0.581081081081081,0.7413793103448276,0.6515151515151515,0.6185194676115651,3
"['V14', 'V10', 'V6']",0.581081081081081,0.7413793103448276,0.6515151515151515,0.6194599599371938,3
"['V14', 'V10', 'V7']",0.581081081081081,0.7413793103448276,0.6515151515151515,0.6234702035849162,3
"['V14', 'V10', 'V8']",0.581081081081081,0.7413793103448276,0.6515151515151515,0.6347705104907447,3
"['V14', 'V10', 'V9']",0.581081081081081,0.7413793103448276,0.6515151515151515,0.6282174094436339,3
"['V14', 'V10', 'V1', 'V11']",0.581081081081081,0.7413793103448276,0.6515151515151515,0.6207770486938814,4
"['V14', 'V10', 'V1', 'V9']",0.581081081081081,0.7413793103448276,0.6515151515151515,0.6263069783713852,4
"['V14', 'V10', 'V1', 'V2', 'V5', 'V3', 'V6', 'V16']",0.581081081081081,0.7962962962962963,0.671875,0.6335889395597554,8
"['V14', 'V10', 'V1', 'V2', 'V5', 'V3', 'V6', 'V11']",0.581081081081081,0.7413793103448276,0.6515151515151515,0.6235476966223361,8
"['V14', 'V10', 'V20']",0.581081081081081,0.7413793103448276,0.6515151515151515,0.6184783329286101,3
"['V14', 'V10', 'V6']",0.581081081081081,0.7413793103448276,0.6515151515151515,0.6194599599371938,3
"['V14', 'V10', 'V1', 'V2', 'V20']",0.581081081081081,0.7413793103448276,0.6515151515151515,0.6233797489042429,5
"['V14', 'V10', 'V8']",0.581081081081081,0.7413793103448276,0.6515151515151515,0.6347705104907447,3
"['V14', 'V10', 'V7']",0.581081081081081,0.7413793103448276,0.6515151515151515,0.6234702035849162,3
"['V14', 'V4', 'V8', 'V21', 'V12']",0.581081081081081,0.7962962962962963,0.671875,0.6284355352348223,5
"['V14', 'V10', 'V1', 'V2', 'V5', 'V7']",0.581081081081081,0.7543859649122807,0.6564885496183206,0.6209474126045919,6
"['V14', 'V10', 'V1', 'V2', 'V5', 'V11']",0.581081081081081,0.7413793103448276,0.6515151515151515,0.6223746087080166,6
"['V14', 'V10', 'V1', 'V2', 'V7']",0.581081081081081,0.7413793103448276,0.6515151515151515,0.6213323600592511,5
"['V14', 'V10', 'V1', 'V2', 'V5', 'V16']",0.581081081081081,0.7962962962962963,0.671875,0.6320414512221111,6
"['V14', 'V10', 'V1', 'V2', 'V5', 'V18']",0.581081081081081,0.7678571428571429,0.6615384615384615,0.6307573531344169,6
"['V14', 'V10', 'V1', 'V2', 'V5', 'V19']",0.581081081081081,0.7678571428571429,0.6615384615384615,0.6234025226608897,6
"['V14', 'V10', 'V5']",0.581081081081081,0.7413793103448276,0.6515151515151515,0.6185194676115651,3
"['V14', 'V10', 'V1', 'V2', 'V5', 'V3', 'V6', 'V7']",0.581081081081081,0.7678571428571429,0.6615384615384615,0.6303718253706457,8
"['V14', 'V10', 'V1', 'V2', 'V5', 'V21']",0.581081081081081,0.7543859649122807,0.6564885496183206,0.6288967407792947,6
"['V14', 'V10', 'V1', 'V2', 'V5', 'V3', 'V4']",0.581081081081081,0.7166666666666667,0.6417910447761194,0.6367322624108097,7
"['V14', 'V10', 'V1', 'V2', 'V5', 'V3', 'V7']",0.581081081081081,0.7543859649122807,0.6564885496183206,0.6230489200561755,7
"['V14', 'V10', 'V1', 'V2', 'V5', 'V3', 'V11']",0.581081081081081,0.7413793103448276,0.6515151515151515,0.6229840794718133,7
"['V14', 'V10', 'V1', 'V2', 'V5', 'V3', 'V12']",0.581081081081081,0.7962962962962963,0.671875,0.6211069958556067,7
"['V14', 'V10', 'V1', 'V2', 'V5', 'V3', 'V16']",0.581081081081081,0.7962962962962963,0.671875,0.6309302430584115,7
"['V14', 'V10', 'V1', 'V2', 'V5', 'V3', 'V18']",0.581081081081081,0.7678571428571429,0.6615384615384615,0.6305153294583588,7
"['V14', 'V10', 'V1', 'V2', 'V8']",0.581081081081081,0.7413793103448276,0.6515151515151515,0.6385709108362297,5
"['V14', 'V10', 'V1', 'V2', 'V5', 'V3', 'V21']",0.581081081081081,0.7678571428571429,0.6615384615384615,0.6303669776672174,7
"['V14', 'V10', 'V1', 'V2', 'V5', 'V3', 'V6', 'V4']",0.581081081081081,0.7166666666666667,0.6417910447761194,0.6344302840070195,8
"['V14', 'V10', 'V1', 'V8']",0.581081081081081,0.7413793103448276,0.6515151515151515,0.6375765508644771,4
"['V14', 'V10', 'V2']",0.581081081081081,0.7413793103448276,0.6515151515151515,0.62223580255663,3
"['V14', 'V10', 'V8', 'V2']",0.581081081081081,0.7413793103448276,0.6515151515151515,0.6346281233278588,4
"['V14', 'V4', 'V16', 'V21', 'V7']",0.581081081081081,0.7962962962962963,0.671875,0.6403752439633403,5
"['V14', 'V10', 'V8', 'V5']",0.581081081081081,0.7413793103448276,0.6515151515151515,0.630900899776042,4
"['V14', 'V10', 'V8', 'V6']",0.581081081081081,0.7413793103448276,0.6515151515151515,0.6325164460666394,4
"['V14', 'V10', 'V8', 'V1']",0.581081081081081,0.7413793103448276,0.6515151515151515,0.6375765508644771,4
"['V14', 'V10', 'V1', 'V2']",0.581081081081081,0.7413793103448276,0.6515151515151515,0.6230824763564184,4
"['V14', 'V4', 'V16', 'V8', 'V21']",0.581081081081081,0.7818181818181819,0.6666666666666666,0.6469761842929499,5
"['V14', 'V4', 'V16', 'V8', 'V12']",0.581081081081081,0.7818181818181819,0.6666666666666666,0.6407851587830737,5
"['V14', 'V10', 'V8', 'V7']",0.581081081081081,0.7413793103448276,0.6515151515151515,0.6360401900935482,4
"['V14', 'V10', 'V8', 'V9']",0.581081081081081,0.7413793103448276,0.6515151515151515,0.6363907383230542,4
"['V14', 'V4', 'V16', 'V8', 'V20']",0.581081081081081,0.7818181818181819,0.6666666666666666,0.6399088685524961,5
"['V14', 'V10', 'V1', 'V6']",0.581081081081081,0.7413793103448276,0.6515151515151515,0.620499463750846,4
"['V14', 'V10', 'V1', 'V5']",0.581081081081081,0.7413793103448276,0.6515151515151515,0.6223970891890804,4
"['V14', 'V10', 'V8', 'V3']",0.581081081081081,0.7413793103448276,0.6515151515151515,0.6319754987418225,4
"['V14', 'V4', 'V16', 'V21', 'V20']",0.581081081081081,0.7962962962962963,0.671875,0.6351667684073311,5
"['V14', 'V4', 'V16', 'V21', 'V11']",0.581081081081081,0.7962962962962963,0.671875,0.6346818123671373,5
"['V14', 'V10', 'V20']",0.581081081081081,0.7413793103448276,0.6515151515151515,0.6184783329286101,3
"['V14', 'V10', 'V8', 'V17']",0.581081081081081,0.7962962962962963,0.671875,0.6451602733778771,4
"['V14', 'V10', 'V8', 'V16']",0.581081081081081,0.7962962962962963,0.671875,0.6498782359218164,4
"['V14', 'V4', 'V21', 'V12', 'V7', 'V11', 'V1']",0.5675675675675675,0.75,0.6461538461538462,0.629221860084653,7
"['V14', 'V4', 'V10', 'V9', 'V7', 'V20', 'V11']",0.5675675675675675,0.711864406779661,0.631578947368421,0.6354873600900883,7
"['V14', 'V4', 'V16', 'V9', 'V8', 'V21', 'V11']",0.5675675675675675,0.7777777777777778,0.65625,0.6587768967364572,7
"['V14', 'V4', 'V16', 'V9', 'V8', 'V21', 'V1']",0.5675675675675675,0.7924528301886793,0.6614173228346457,0.6596667981872839,7
"['V14', 'V4', 'V21', 'V12', 'V20', 'V11', 'V1']",0.5675675675675675,0.75,0.6461538461538462,0.6185436149214742,7
"['V14', 'V10', 'V16', 'V9', 'V21', 'V12', 'V7']",0.5675675675675675,0.7924528301886793,0.6614173228346457,0.638563500002037,7
"['V14', 'V4', 'V21', 'V12', 'V7', 'V20', 'V1']",0.5675675675675675,0.75,0.6461538461538462,0.6329488377482347,7
"['V14', 'V10', 'V16', 'V9', 'V21', 'V12', 'V20']",0.5675675675675675,0.7777777777777778,0.65625,0.6366617013666505,7
"['V14', 'V4', 'V16', 'V9', 'V8', 'V12', 'V7']",0.5675675675675675,0.7924528301886793,0.6614173228346457,0.6543458662287304,7
"['V14', 'V4', 'V16', 'V9', 'V8', 'V12', 'V11']",0.5675675675675675,0.7924528301886793,0.6614173228346457,0.6581624760646712,7
"['V14', 'V4', 'V16', 'V9', 'V8', 'V7', 'V20']",0.5675675675675675,0.7924528301886793,0.6614173228346457,0.6601988615504583,7
"['V14', 'V10', 'V16', 'V9', 'V21', 'V12', 'V11']",0.5675675675675675,0.7924528301886793,0.6614173228346457,0.6361573834329339,7
"['V14', 'V10', 'V16', 'V9', 'V8', 'V12', 'V1']",0.5675675675675675,0.7924528301886793,0.6614173228346457,0.6492335213019743,7
"['V14', 'V4', 'V10', 'V8', 'V21', 'V11', 'V1']",0.5675675675675675,0.711864406779661,0.631578947368421,0.6476298929536916,7
"['V14', 'V4', 'V16', 'V9', 'V8', 'V21', 'V20']",0.5675675675675675,0.7924528301886793,0.6614173228346457,0.6593029742220817,7
"['V14', 'V4', 'V10', 'V21', 'V12', 'V20', 'V11']",0.5675675675675675,0.7636363636363637,0.6511627906976745,0.6442659762152089,7
"['V14', 'V4', 'V10', 'V9', 'V7', 'V11', 'V1']",0.5675675675675675,0.711864406779661,0.631578947368421,0.6298353782541241,7
"['V14', 'V10', 'V16', 'V9', 'V8', 'V12', 'V20']",0.5675675675675675,0.7924528301886793,0.6614173228346457,0.6456273970156924,7
"['V14', 'V4', 'V10', 'V8', 'V7', 'V11', 'V1']",0.5675675675675675,0.711864406779661,0.631578947368421,0.6460660330740405,7
"['V14', 'V4', 'V10', 'V21', 'V12', 'V7', 'V20']",0.5675675675675675,0.75,0.6461538461538462,0.6453920761479274,7
"['V14', 'V4', 'V10', 'V21', 'V12', 'V7', 'V11']",0.5675675675675675,0.7924528301886793,0.6614173228346457,0.6461296810934252,7
"['V14', 'V10', 'V16', 'V9', 'V8', 'V12', 'V7']",0.5675675675675675,0.7924528301886793,0.6614173228346457,0.6466809018896763,7
"['V14', 'V4', 'V10', 'V21', 'V7', 'V20', 'V11']",0.5675675675675675,0.711864406779661,0.631578947368421,0.6474809606310725,7
"['V14', 'V4', 'V16', 'V9', 'V8', 'V21', 'V7']",0.5675675675675675,0.7777777777777778,0.65625,0.6607636407777865,7
"['V14', 'V4', 'V10', 'V21', 'V7', 'V11', 'V1']",0.5675675675675675,0.711864406779661,0.631578947368421,0.6397080219420874,7
"['V14', 'V4', 'V16', 'V9', 'V8', 'V7', 'V11']",0.5675675675675675,0.7777777777777778,0.65625,0.6582375042623009,7
"['V14', 'V4', 'V10', 'V12', 'V7', 'V20', 'V11']",0.5675675675675675,0.7924528301886793,0.6614173228346457,0.6364927265797249,7
"['V14', 'V12', 'V11', 'V1']",0.5675675675675675,0.7777777777777778,0.65625,0.5944999382276934,4
"['V14', 'V4', 'V12', 'V7', 'V20', 'V11', 'V1']",0.5675675675675675,0.7368421052631579,0.6412213740458015,0.6231062993495841,7
"['V14', 'V4', 'V10', 'V7', 'V20', 'V11', 'V1']",0.5675675675675675,0.711864406779661,0.631578947368421,0.6305898495665302,7
"['V14', 'V10', 'V3']",0.5675675675675675,0.7368421052631579,0.6412213740458015,0.6212762162688641,3
"['V14', 'V4', 'V16', 'V9', 'V7', 'V11', 'V1']",0.5675675675675675,0.7777777777777778,0.65625,0.632132646468315,7
"['V14', 'V4', 'V16', 'V9', 'V8', 'V7', 'V1']",0.5675675675675675,0.7777777777777778,0.65625,0.6578683776890049,7
"['V14', 'V4', 'V16', 'V9', 'V21', 'V20', 'V1']",0.5675675675675675,0.7777777777777778,0.65625,0.6414943103809077,7
"['V14', 'V4', 'V16', 'V21', 'V12', 'V7', 'V20']",0.5675675675675675,0.7924528301886793,0.6614173228346457,0.6370434371880148,7
"['V14', 'V4', 'V16', 'V9', 'V21', 'V7', 'V20']",0.5675675675675675,0.7777777777777778,0.65625,0.6493453036167611,7
"['V14', 'V4', 'V16', 'V8', 'V7', 'V20', 'V11']",0.5675675675675675,0.7777777777777778,0.65625,0.6473595268928953,7
"['V14', 'V4', 'V16', 'V9', 'V21', 'V7', 'V1']",0.5675675675675675,0.7777777777777778,0.65625,0.6440472808817437,7
"['V14', 'V4', 'V16', 'V8', 'V12', 'V20', 'V11']",0.5675675675675675,0.7777777777777778,0.65625,0.6361833829901987,7
"['V14', 'V4', 'V16', 'V8', 'V12', 'V7', 'V11']",0.5675675675675675,0.7636363636363637,0.6511627906976745,0.6442263575938825,7
"['V14', 'V4', 'V16', 'V9', 'V21', 'V20', 'V11']",0.5675675675675675,0.7777777777777778,0.65625,0.6436842265593209,7
"['V14', 'V4', 'V16', 'V9', 'V21', 'V11', 'V1']",0.5675675675675675,0.7777777777777778,0.65625,0.640977213153453,7
"['V14', 'V4', 'V16', 'V21', 'V12', 'V20', 'V1']",0.5675675675675675,0.7924528301886793,0.6614173228346457,0.6322536061859303,7
"['V14', 'V4', 'V16', 'V9', 'V12', 'V11', 'V1']",0.5675675675675675,0.7777777777777778,0.65625,0.6323632461487155,7
"['V14', 'V4', 'V16', 'V8', 'V21', 'V7', 'V11']",0.5675675675675675,0.7777777777777778,0.65625,0.6464678451871382,7
"['V14', 'V4', 'V16', 'V9', 'V7', 'V20', 'V11']",0.5675675675675675,0.7777777777777778,0.65625,0.6348628303189847,7
"['V14', 'V4', 'V16', 'V8', 'V21', 'V12', 'V11']",0.5675675675675675,0.7924528301886793,0.6614173228346457,0.6483147825862319,7
"['V14', 'V4', 'V16', 'V8', 'V21', 'V12', 'V20']",0.5675675675675675,0.7924528301886793,0.6614173228346457,0.649234871145708,7
"['V14', 'V4', 'V16', 'V9', 'V7', 'V20', 'V1']",0.5675675675675675,0.7777777777777778,0.65625,0.635727185730143,7
"['V14', 'V4', 'V16', 'V8', 'V21', 'V12', 'V7']",0.5675675675675675,0.7924528301886793,0.6614173228346457,0.6456982271677605,7
"['V14', 'V4', 'V16', 'V21', 'V12', 'V7', 'V11']",0.5675675675675675,0.7924528301886793,0.6614173228346457,0.6372834558629049,7
"['V14', 'V4', 'V16', 'V21', 'V7', 'V20', 'V11']",0.5675675675675675,0.7924528301886793,0.6614173228346457,0.639778533049737,7
"['V14', 'V4', 'V8', 'V12', 'V7', 'V11', 'V1']",0.5675675675675675,0.75,0.6461538461538462,0.6362527258938497,7
"['V14', 'V4', 'V9', 'V8', 'V12', 'V11', 'V1']",0.5675675675675675,0.711864406779661,0.631578947368421,0.6333602217346609,7
"['V14', 'V4', 'V8', 'V21', 'V12', 'V20', 'V1']",0.5675675675675675,0.7924528301886793,0.6614173228346457,0.6294412684292737,7
"['V14', 'V4', 'V8', 'V21', 'V12', 'V7', 'V1']",0.5675675675675675,0.75,0.6461538461538462,0.6419326437679667,7
"['V14', 'V4', 'V16', 'V9', 'V20', 'V11', 'V1']",0.5675675675675675,0.7777777777777778,0.65625,0.6336046030911855,7
"['V14', 'V4', 'V8', 'V21', 'V12', 'V7', 'V11']",0.5675675675675675,0.7924528301886793,0.6614173228346457,0.6341433319008267,7
"['V14', 'V4', 'V16', 'V9', 'V8', 'V20', 'V11']",0.5675675675675675,0.7924528301886793,0.6614173228346457,0.6569800214167456,7
"['V14', 'V4', 'V8', 'V21', 'V12', 'V7', 'V20']",0.5675675675675675,0.7924528301886793,0.6614173228346457,0.6358087733072985,7
"['V14', 'V4', 'V16', 'V9', 'V8', 'V20', 'V1']",0.5675675675675675,0.7924528301886793,0.6614173228346457,0.656977042964367,7
"['V14', 'V4', 'V9', 'V8', 'V12', 'V7', 'V1']",0.5675675675675675,0.75,0.6461538461538462,0.6469145828578915,7
"['V14', 'V4', 'V16', 'V12', 'V7', 'V20', 'V11']",0.5675675675675675,0.7924528301886793,0.6614173228346457,0.6242116585164471,7
"['V14', 'V4', 'V9', 'V8', 'V12', 'V7', 'V11']",0.5675675675675675,0.7241379310344828,0.6363636363636364,0.647118805225103,7
"['V14', 'V4', 'V16', 'V9', 'V8', 'V11', 'V1']",0.5675675675675675,0.7924528301886793,0.6614173228346457,0.6562425499940899,7
"['V14', 'V4', 'V9', 'V8', 'V12', 'V7', 'V20']",0.5675675675675675,0.7241379310344828,0.6363636363636364,0.64580158648055,7
"['V14', 'V4', 'V9', 'V8', 'V21', 'V12', 'V1']",0.5675675675675675,0.711864406779661,0.631578947368421,0.6397082878263977,7
"['V14', 'V4', 'V9', 'V8', 'V21', 'V12', 'V11']",0.5675675675675675,0.711864406779661,0.631578947368421,0.640580929476515,7
"['V14', 'V4', 'V9', 'V8', 'V21', 'V12', 'V20']",0.5675675675675675,0.7241379310344828,0.6363636363636364,0.6390970052058317,7
"['V14', 'V4', 'V9', 'V8', 'V21', 'V12', 'V7']",0.5675675675675675,0.7241379310344828,0.6363636363636364,0.6467387491289088,7
"['V14', 'V10', 'V16', 'V9', 'V21', 'V12', 'V1']",0.5675675675675675,0.7924528301886793,0.6614173228346457,0.6351251086876709,7
"['V14', 'V10', 'V8', 'V19']",0.5675675675675675,0.7636363636363637,0.6511627906976745,0.638762760781543,4
"['V14', 'V10', 'V16', 'V9', 'V21', 'V7', 'V1']",0.5675675675675675,0.7924528301886793,0.6614173228346457,0.6392261035149588,7
"['V14', 'V16', 'V21', 'V11']",0.5675675675675675,0.75,0.6461538461538462,0.5954133754567827,4
"['V14', 'V10', 'V9', 'V12', 'V7', 'V11', 'V1']",0.5675675675675675,0.7636363636363637,0.6511627906976745,0.6259843258717019,7
"['V14', 'V10', 'V21']",0.5675675675675675,0.7636363636363637,0.6511627906976745,0.6291386887827136,3
"['V14', 'V10', 'V9', 'V12', 'V7', 'V20', 'V11']",0.5675675675675675,0.7636363636363637,0.6511627906976745,0.626751182382699,7
"['V14', 'V16', 'V9', 'V8', 'V21', 'V12', 'V7', 'V20', 'V11', 'V1']",0.5675675675675675,0.7924528301886793,0.6614173228346457,0.652774658506543,10
"['V14', 'V10', 'V9', 'V21', 'V7', 'V11', 'V1']",0.5675675675675675,0.7368421052631579,0.6412213740458015,0.6343278623340133,7
"['V4', 'V10', 'V16', 'V9', 'V8', 'V21', 'V12', 'V7', 'V20', 'V1']",0.5675675675675675,0.7924528301886793,0.6614173228346457,0.6293921542074121,10
"['V14', 'V10', 'V9', 'V21', 'V7', 'V20', 'V11']",0.5675675675675675,0.7368421052631579,0.6412213740458015,0.6368772521254421,7
"['V14', 'V10', 'V9', 'V21', 'V12', 'V11', 'V1']",0.5675675675675675,0.7636363636363637,0.6511627906976745,0.629119872129154,7
"['V14', 'V16', 'V7', 'V20']",0.5675675675675675,0.7777777777777778,0.65625,0.6163270586988129,4
"['V14', 'V10', 'V9', 'V21', 'V12', 'V20', 'V11']",0.5675675675675675,0.7636363636363637,0.6511627906976745,0.6286134163181268,7
"['V14', 'V10', 'V9', 'V21', 'V12', 'V7', 'V1']",0.5675675675675675,0.7636363636363637,0.6511627906976745,0.6348461709923768,7
"['V14', 'V10', 'V9', 'V21', 'V12', 'V7', 'V11']",0.5675675675675675,0.7636363636363637,0.6511627906976745,0.6288590011529795,7
"['V14', 'V16', 'V7', 'V11']",0.5675675675675675,0.7636363636363637,0.6511627906976745,0.6045633119555149,4
"['V14', 'V16', 'V7', 'V1']",0.5675675675675675,0.7777777777777778,0.65625,0.6195707535916223,4
"['V14', 'V16', 'V20', 'V1']",0.5675675675675675,0.75,0.6461538461538462,0.5989830132772777,4
"['V4', 'V10', 'V16', 'V9', 'V8', 'V21', 'V7', 'V20', 'V11', 'V1']",0.5675675675675675,0.7924528301886793,0.6614173228346457,0.6248766712049175,10
"['V14', 'V9', 'V8', 'V7']",0.5675675675675675,0.711864406779661,0.631578947368421,0.6417776998056701,4
"['V14', 'V16', 'V21', 'V1']",0.5675675675675675,0.75,0.6461538461538462,0.5984011279572979,4
"['V14', 'V10', 'V16', 'V9', 'V21', 'V12', 'V7', 'V20', 'V11', 'V1']",0.5675675675675675,0.7924528301886793,0.6614173228346457,0.6344542395695247,10
"['V14', 'V10', 'V16', 'V9', 'V21', 'V20', 'V11']",0.5675675675675675,0.7924528301886793,0.6614173228346457,0.6432587883449739,7
"['V14', 'V16', 'V21', 'V7']",0.5675675675675675,0.7777777777777778,0.65625,0.6209268478520562,4
"['V14', 'V16', 'V9', 'V8', 'V21', 'V12', 'V7']",0.5675675675675675,0.7924528301886793,0.6614173228346457,0.6551227845609591,7
"['V14', 'V10', 'V12', 'V7', 'V20', 'V11', 'V1']",0.5675675675675675,0.7924528301886793,0.6614173228346457,0.6239326356741496,7
"['V14', 'V10', 'V21', 'V7', 'V20', 'V11', 'V1']",0.5675675675675675,0.75,0.6461538461538462,0.630379433581215,7
"['V14', 'V16', 'V9', 'V8']",0.5675675675675675,0.7777777777777778,0.65625,0.652779331278233,4
"['V14', 'V16', 'V9', 'V21']",0.5675675675675675,0.7777777777777778,0.65625,0.6410925235861672,4
"['V14', 'V16', 'V9', 'V12']",0.5675675675675675,0.7924528301886793,0.6614173228346457,0.6345682857446368,4
"['V14', 'V16', 'V9', 'V7']",0.5675675675675675,0.7636363636363637,0.6511627906976745,0.639462629517782,4
"['V14', 'V10', 'V8', 'V12', 'V20', 'V11', 'V1']",0.5675675675675675,0.7636363636363637,0.6511627906976745,0.6263827244627616,7
"['V14', 'V16', 'V9', 'V20']",0.5675675675675675,0.7777777777777778,0.65625,0.6392106842413924,4
"['V14', 'V16', 'V9', 'V11']",0.5675675675675675,0.7777777777777778,0.65625,0.63783778609652,4
"['V14', 'V16', 'V9', 'V1']",0.5675675675675675,0.7636363636363637,0.6511627906976745,0.6381768080642748,4
"['V14', 'V16', 'V8', 'V21']",0.5675675675675675,0.75,0.6461538461538462,0.6122487022767468,4
"['V14', 'V10', 'V1', 'V4']",0.5675675675675675,0.711864406779661,0.631578947368421,0.6259549349579744,4
"['V14', 'V10', 'V1', 'V3']",0.5675675675675675,0.75,0.6461538461538462,0.6250563941861917,4
"['V14', 'V16', 'V8', 'V20']",0.5675675675675675,0.75,0.6461538461538462,0.6135467007912216,4
"['V14', 'V16', 'V8', 'V11']",0.5675675675675675,0.7368421052631579,0.6412213740458015,0.5980261703661924,4
"['V14', 'V10', 'V16', 'V9', 'V8', 'V12', 'V7', 'V20', 'V11', 'V1']",0.5675675675675675,0.7924528301886793,0.6614173228346457,0.646273459987298,10
"['V14', 'V10', 'V9', 'V8', 'V12', 'V7', 'V1']",0.5675675675675675,0.7636363636363637,0.6511627906976745,0.6407612095884282,7
"['V14', 'V10', 'V9', 'V8', 'V12', 'V7', 'V11']",0.5675675675675675,0.7636363636363637,0.6511627906976745,0.6413752225411835,7
"['V4', 'V10', 'V16', 'V9', 'V21', 'V12', 'V7', 'V20', 'V11', 'V1']",0.5675675675675675,0.7924528301886793,0.6614173228346457,0.6232225649175174,10
"['V14', 'V9', 'V21', 'V7']",0.5675675675675675,0.711864406779661,0.631578947368421,0.6464366668003223,4
"['V14', 'V10', 'V16', 'V8', 'V12', 'V20', 'V1']",0.5675675675675675,0.7924528301886793,0.6614173228346457,0.6437816608855226,7
"['V14', 'V4', 'V10', 'V9', 'V12', 'V7', 'V11']",0.5675675675675675,0.7241379310344828,0.6363636363636364,0.6377871218589405,7
"['V14', 'V10', 'V16', 'V8', 'V12', 'V20', 'V11']",0.5675675675675675,0.7924528301886793,0.6614173228346457,0.6412474692001824,7
"['V14', 'V10', 'V12']",0.5675675675675675,0.7636363636363637,0.6511627906976745,0.6211657262770446,3
"['V14', 'V8', 'V12', 'V1']",0.5675675675675675,0.7777777777777778,0.65625,0.5964354733333352,4
"['V14', 'V10', 'V16', 'V9', 'V20', 'V11', 'V1']",0.5675675675675675,0.7924528301886793,0.6614173228346457,0.6358453796894977,7
"['V14', 'V10', 'V16', 'V9', 'V7', 'V11', 'V1']",0.5675675675675675,0.7777777777777778,0.65625,0.6348682576587208,7
"['V14', 'V10', 'V16', 'V9', 'V7', 'V20', 'V1']",0.5675675675675675,0.7924528301886793,0.6614173228346457,0.6354595530636127,7
"['V14', 'V10', 'V16', 'V9', 'V7', 'V20', 'V11']",0.5675675675675675,0.7777777777777778,0.65625,0.6381472175252024,7
"['V14', 'V10', 'V16', 'V9', 'V12', 'V11', 'V1']",0.5675675675675675,0.7924528301886793,0.6614173228346457,0.6316102853981584,7
"['V14', 'V10', 'V16', 'V9', 'V12', 'V20', 'V1']",0.5675675675675675,0.7924528301886793,0.6614173228346457,0.6323807799995816,7
"['V14', 'V10', 'V16', 'V9', 'V12', 'V20', 'V11']",0.5675675675675675,0.7777777777777778,0.65625,0.6340417572422513,7
"['V14', 'V10', 'V16', 'V9', 'V12', 'V7', 'V1']",0.5675675675675675,0.7924528301886793,0.6614173228346457,0.6325087933404329,7
"['V14', 'V10', 'V16', 'V9', 'V12', 'V7', 'V11']",0.5675675675675675,0.7924528301886793,0.6614173228346457,0.6287182253958874,7
"['V14', 'V10', 'V16', 'V9', 'V12', 'V7', 'V20']",0.5675675675675675,0.7924528301886793,0.6614173228346457,0.6305842619263391,7
"['V14', 'V10', 'V11']",0.5675675675675675,0.7368421052631579,0.6412213740458015,0.6193686496270787,3
"['V14', 'V10', 'V16', 'V9', 'V21', 'V20', 'V1']",0.5675675675675675,0.7777777777777778,0.65625,0.6408970648698983,7
"['V14', 'V10', 'V16', 'V8', 'V7', 'V11', 'V1']",0.5675675675675675,0.7924528301886793,0.6614173228346457,0.6491690344553208,7
"['V14', 'V9', 'V7', 'V11']",0.5675675675675675,0.711864406779661,0.631578947368421,0.6332073804674244,4
"['V14', 'V10', 'V16', 'V21', 'V12', 'V7', 'V20']",0.5675675675675675,0.7924528301886793,0.6614173228346457,0.632960114256209,7
"['V14', 'V10', 'V16', 'V12', 'V7', 'V20', 'V11']",0.5675675675675675,0.7924528301886793,0.6614173228346457,0.6280949757404395,7
"['V14', 'V10', 'V19']",0.5675675675675675,0.7636363636363637,0.6511627906976745,0.6223696442755533,3
"['V14', 'V10', 'V18']",0.5675675675675675,0.7636363636363637,0.6511627906976745,0.6277386499413802,3
"['V14', 'V10', 'V17']",0.5675675675675675,0.7924528301886793,0.6614173228346457,0.631042378682183,3
"['V14', 'V10', 'V16', 'V7', 'V20', 'V11', 'V1']",0.5675675675675675,0.7924528301886793,0.6614173228346457,0.6298035899948496,7
"['V14', 'V10', 'V16', 'V12', 'V20', 'V11', 'V1']",0.5675675675675675,0.7924528301886793,0.6614173228346457,0.6293423444797123,7
"['V14', 'V10', 'V16', 'V12', 'V7', 'V11', 'V1']",0.5675675675675675,0.7924528301886793,0.6614173228346457,0.6276705097937638,7
"['V14', 'V10', 'V16', 'V12', 'V7', 'V20', 'V1']",0.5675675675675675,0.7924528301886793,0.6614173228346457,0.6305396678148999,7
"['V14', 'V10', 'V16', 'V21', 'V20', 'V11', 'V1']",0.5675675675675675,0.7924528301886793,0.6614173228346457,0.6355642517246819,7
"['V14', 'V9', 'V7', 'V20']",0.5675675675675675,0.711864406779661,0.631578947368421,0.6359573375750086,4
"['V14', 'V10', 'V16', 'V21', 'V7', 'V11', 'V1']",0.5675675675675675,0.7924528301886793,0.6614173228346457,0.6361364795310641,7
"['V14', 'V10', 'V16', 'V21', 'V7', 'V20', 'V1']",0.5675675675675675,0.7924528301886793,0.6614173228346457,0.6355775087459282,7
"['V14', 'V10', 'V16']",0.5675675675675675,0.7924528301886793,0.6614173228346457,0.6326886227137796,3
"['V14', 'V10', 'V16', 'V21', 'V12', 'V11', 'V1']",0.5675675675675675,0.7924528301886793,0.6614173228346457,0.6335748632866319,7
"['V14', 'V10', 'V16', 'V21', 'V12', 'V20', 'V1']",0.5675675675675675,0.7924528301886793,0.6614173228346457,0.6325666831294778,7
"['V14', 'V10', 'V16', 'V21', 'V12', 'V20', 'V11']",0.5675675675675675,0.7924528301886793,0.6614173228346457,0.634093402697188,7
"['V14', 'V10', 'V16', 'V21', 'V12', 'V7', 'V1']",0.5675675675675675,0.7924528301886793,0.6614173228346457,0.6326556990243647,7
"['V14', 'V4', 'V10', 'V9', 'V12', 'V20', 'V11']",0.5675675675675675,0.7241379310344828,0.6363636363636364,0.6341227052001206,7
"['V14', 'V4', 'V10', 'V16', 'V9', 'V21', 'V12']",0.5675675675675675,0.7924528301886793,0.6614173228346457,0.6466270794198854,7
"['V14', 'V4', 'V10', 'V9', 'V12', 'V7', 'V20']",0.5675675675675675,0.7368421052631579,0.6412213740458015,0.6351911205776961,7
"['V14', 'V10', 'V21', 'V7', 'V11', 'V1']",0.5675675675675675,0.75,0.6461538461538462,0.6302981827951206,6
"['V14', 'V16', 'V9', 'V8', 'V21', 'V7']",0.5675675675675675,0.7924528301886793,0.6614173228346457,0.6571142454367064,6
"['V14', 'V16', 'V9', 'V8', 'V21', 'V12']",0.5675675675675675,0.7924528301886793,0.6614173228346457,0.6546635866044235,6
"['V14', 'V10', 'V7', 'V20', 'V11', 'V1']",0.5675675675675675,0.7368421052631579,0.6412213740458015,0.6251604783868018,6
"['V14', 'V10', 'V12', 'V20', 'V11', 'V1']",0.5675675675675675,0.7636363636363637,0.6511627906976745,0.6169208992808225,6
"['V14', 'V10', 'V12', 'V7', 'V11', 'V1']",0.5675675675675675,0.7924528301886793,0.6614173228346457,0.6229319825555051,6
"['V14', 'V10', 'V12', 'V7', 'V20', 'V1']",0.5675675675675675,0.7924528301886793,0.6614173228346457,0.6244828871039122,6
"['V14', 'V10', 'V12', 'V7', 'V20', 'V11']",0.5675675675675675,0.7924528301886793,0.6614173228346457,0.6243542257108451,6
"['V14', 'V10', 'V21', 'V20', 'V11', 'V1']",0.5675675675675675,0.75,0.6461538461538462,0.6287064906469678,6
"['V14', 'V10', 'V21', 'V7', 'V20', 'V1']",0.5675675675675675,0.7636363636363637,0.6511627906976745,0.630169411157524,6
"['V14', 'V10', 'V9', 'V21', 'V12', 'V20']",0.5675675675675675,0.7636363636363637,0.6511627906976745,0.6297960103393098,6
"['V14', 'V10', 'V8', 'V20', 'V11', 'V1']",0.5675675675675675,0.7368421052631579,0.6412213740458015,0.6286156440877506,6
"['V14', 'V10', 'V8', 'V7', 'V11', 'V1']",0.5675675675675675,0.7368421052631579,0.6412213740458015,0.637624949202086,6
"['V14', 'V10', 'V8', 'V7', 'V20', 'V1']",0.5675675675675675,0.7368421052631579,0.6412213740458015,0.6413337037748408,6
"['V14', 'V10', 'V8', 'V12', 'V20', 'V1']",0.5675675675675675,0.7924528301886793,0.6614173228346457,0.6314954406844924,6
"['V14', 'V10', 'V8', 'V12', 'V20', 'V11']",0.5675675675675675,0.7636363636363637,0.6511627906976745,0.626065014500478,6
"['V14', 'V10', 'V9', 'V12', 'V7', 'V11']",0.5675675675675675,0.7636363636363637,0.6511627906976745,0.6267641395618166,6
"['V14', 'V10', 'V9', 'V12', 'V7', 'V20']",0.5675675675675675,0.7636363636363637,0.6511627906976745,0.6274276363876129,6
"['V14', 'V10', 'V9', 'V21', 'V20', 'V11']",0.5675675675675675,0.7368421052631579,0.6412213740458015,0.6311954086394715,6
"['V14', 'V16', 'V9', 'V8', 'V21', 'V1']",0.5675675675675675,0.7636363636363637,0.6511627906976745,0.658242428632131,6
"['V14', 'V16', 'V9', 'V8', 'V12', 'V7']",0.5675675675675675,0.7924528301886793,0.6614173228346457,0.6508380662563757,6
"['V14', 'V16', 'V9', 'V8', 'V12', 'V20']",0.5675675675675675,0.7924528301886793,0.6614173228346457,0.6494969941523893,6
"['V14', 'V16', 'V9', 'V8', 'V12', 'V11']",0.5675675675675675,0.7924528301886793,0.6614173228346457,0.6448531851220101,6
"['V14', 'V16', 'V9', 'V12', 'V7', 'V11']",0.5675675675675675,0.7924528301886793,0.6614173228346457,0.6265127747487149,6
"['V14', 'V16', 'V9', 'V12', 'V7', 'V20']",0.5675675675675675,0.7924528301886793,0.6614173228346457,0.6393502701864724,6
"['V14', 'V16', 'V9', 'V21', 'V11', 'V1']",0.5675675675675675,0.7636363636363637,0.6511627906976745,0.6420778653411078,6
"['V14', 'V16', 'V9', 'V21', 'V20', 'V1']",0.5675675675675675,0.7636363636363637,0.6511627906976745,0.6435542006237446,6
"['V14', 'V16', 'V9', 'V21', 'V20', 'V11']",0.5675675675675675,0.7636363636363637,0.6511627906976745,0.6433590255029683,6
"['V14', 'V16', 'V9', 'V21', 'V7', 'V1']",0.5675675675675675,0.7924528301886793,0.6614173228346457,0.6478267628668875,6
"['V14', 'V16', 'V9', 'V21', 'V7', 'V11']",0.5675675675675675,0.7777777777777778,0.65625,0.6441960142814765,6
"['V14', 'V16', 'V9', 'V21', 'V7', 'V20']",0.5675675675675675,0.7777777777777778,0.65625,0.6491817506607477,6
"['V14', 'V16', 'V9', 'V21', 'V12', 'V1']",0.5675675675675675,0.7924528301886793,0.6614173228346457,0.636799649990728,6
"['V14', 'V16', 'V9', 'V21', 'V12', 'V11']",0.5675675675675675,0.7924528301886793,0.6614173228346457,0.6356452081598105,6
"['V14', 'V16', 'V9', 'V21', 'V12', 'V20']",0.5675675675675675,0.7777777777777778,0.65625,0.6413972866929313,6
"['V14', 'V16', 'V9', 'V21', 'V12', 'V7']",0.5675675675675675,0.7924528301886793,0.6614173228346457,0.641763229744292,6
"['V14', 'V16', 'V9', 'V8', 'V20', 'V1']",0.5675675675675675,0.7777777777777778,0.65625,0.659696227913407,6
"['V14', 'V16', 'V9', 'V8', 'V7', 'V1']",0.5675675675675675,0.7924528301886793,0.6614173228346457,0.6579133947046649,6
"['V14', 'V16', 'V9', 'V8', 'V7', 'V11']",0.5675675675675675,0.7924528301886793,0.6614173228346457,0.655718525838537,6
"['V14', 'V16', 'V9', 'V8', 'V7', 'V20']",0.5675675675675675,0.7924528301886793,0.6614173228346457,0.6602643092362993,6
"['V14', 'V16', 'V9', 'V8', 'V12', 'V1']",0.5675675675675675,0.7924528301886793,0.6614173228346457,0.645403887226407,6
"['V14', 'V10', 'V9', 'V21', 'V12', 'V11']",0.5675675675675675,0.7636363636363637,0.6511627906976745,0.6331221958546257,6
"['V14', 'V10', 'V9', 'V21', 'V12', 'V7']",0.5675675675675675,0.7636363636363637,0.6511627906976745,0.6312215091923582,6
"['V14', 'V4', 'V10', 'V9', 'V21', 'V11', 'V1']",0.5675675675675675,0.711864406779661,0.631578947368421,0.6370374377077858,7
"['V14', 'V10', 'V16', 'V9', 'V12', 'V20']",0.5675675675675675,0.7924528301886793,0.6614173228346457,0.6340012399991535,6
"['V14', 'V10', 'V16', 'V8', 'V12', 'V20']",0.5675675675675675,0.7924528301886793,0.6614173228346457,0.643541697009821,6
"['V14', 'V10', 'V16', 'V9', 'V11', 'V1']",0.5675675675675675,0.7924528301886793,0.6614173228346457,0.6353974237944732,6
"['V14', 'V10', 'V16', 'V9', 'V20', 'V11']",0.5675675675675675,0.7777777777777778,0.65625,0.6374609678629963,6
"['V14', 'V10', 'V16', 'V9', 'V7', 'V1']",0.5675675675675675,0.7924528301886793,0.6614173228346457,0.6354124101869422,6
"['V14', 'V10', 'V16', 'V9', 'V7', 'V11']",0.5675675675675675,0.7924528301886793,0.6614173228346457,0.6366689207722395,6
"['V14', 'V10', 'V16', 'V9', 'V7', 'V20']",0.5675675675675675,0.7924528301886793,0.6614173228346457,0.638821701713506,6
"['V14', 'V10', 'V16', 'V9', 'V12', 'V1']",0.5675675675675675,0.7924528301886793,0.6614173228346457,0.632201874251939,6
"['V14', 'V10', 'V16', 'V9', 'V12', 'V11']",0.5675675675675675,0.7924528301886793,0.6614173228346457,0.6332573596201851,6
"['V14', 'V10', 'V16', 'V9', 'V12', 'V7']",0.5675675675675675,0.7924528301886793,0.6614173228346457,0.6305822549361089,6
"['V14', 'V10', 'V9', 'V8', 'V12', 'V11']",0.5675675675675675,0.7636363636363637,0.6511627906976745,0.6356015468853475,6
"['V14', 'V10', 'V16', 'V9', 'V21', 'V1']",0.5675675675675675,0.7636363636363637,0.6511627906976745,0.6386951565140149,6
"['V14', 'V10', 'V16', 'V9', 'V21', 'V11']",0.5675675675675675,0.7777777777777778,0.65625,0.6398272348526414,6
"['V14', 'V10', 'V16', 'V9', 'V21', 'V7']",0.5675675675675675,0.7636363636363637,0.6511627906976745,0.6407341792282018,6
"['V14', 'V10', 'V16', 'V9', 'V21', 'V12']",0.5675675675675675,0.7777777777777778,0.65625,0.6365787452422933,6
"['V14', 'V10', 'V16', 'V9', 'V8', 'V12']",0.5675675675675675,0.7924528301886793,0.6614173228346457,0.650115933738753,6
"['V14', 'V4', 'V12', 'V7', 'V11', 'V1']",0.5675675675675675,0.7368421052631579,0.6412213740458015,0.6195317734860608,6
"['V14', 'V4', 'V12', 'V7', 'V20', 'V1']",0.5675675675675675,0.75,0.6461538461538462,0.6225030780384108,6
"['V14', 'V4', 'V12', 'V7', 'V20', 'V11']",0.5675675675675675,0.7924528301886793,0.6614173228346457,0.617512469893672,6
"['V14', 'V10', 'V16', 'V8', 'V12', 'V1']",0.5675675675675675,0.7924528301886793,0.6614173228346457,0.6477442326389072,6
"['V14', 'V10', 'V16', 'V8', 'V7', 'V11']",0.5675675675675675,0.7924528301886793,0.6614173228346457,0.649223964587097,6
"['V14', 'V10', 'V16', 'V8', 'V7', 'V1']",0.5675675675675675,0.7924528301886793,0.6614173228346457,0.6490993602109166,6
"['V14', 'V10', 'V16', 'V21', 'V12', 'V7']",0.5675675675675675,0.7924528301886793,0.6614173228346457,0.6333494190720689,6
"['V14', 'V10', 'V16', 'V20', 'V11', 'V1']",0.5675675675675675,0.7924528301886793,0.6614173228346457,0.6302721636032391,6
"['V14', 'V10', 'V16', 'V7', 'V11', 'V1']",0.5675675675675675,0.7924528301886793,0.6614173228346457,0.6295125648141467,6
"['V14', 'V10', 'V16', 'V7', 'V20', 'V1']",0.5675675675675675,0.7924528301886793,0.6614173228346457,0.6333631412729521,6
"['V14', 'V10', 'V16', 'V7', 'V20', 'V11']",0.5675675675675675,0.7924528301886793,0.6614173228346457,0.6329329424693138,6
"['V14', 'V10', 'V16', 'V12', 'V11', 'V1']",0.5675675675675675,0.7924528301886793,0.6614173228346457,0.6288329447397921,6
"['V14', 'V10', 'V16', 'V12', 'V20', 'V1']",0.5675675675675675,0.7924528301886793,0.6614173228346457,0.6306954989069629,6
"['V14', 'V10', 'V16', 'V12', 'V20', 'V11']",0.5675675675675675,0.7924528301886793,0.6614173228346457,0.6297416895557966,6
"['V14', 'V10', 'V16', 'V12', 'V7', 'V1']",0.5675675675675675,0.7924528301886793,0.6614173228346457,0.6308137725343743,6
"['V14', 'V10', 'V16', 'V12', 'V7', 'V11']",0.5675675675675675,0.7924528301886793,0.6614173228346457,0.6285763959203696,6
"['V14', 'V10', 'V16', 'V12', 'V7', 'V20']",0.5675675675675675,0.7924528301886793,0.6614173228346457,0.6305392285104922,6
"['V14', 'V10', 'V16', 'V21', 'V11', 'V1']",0.5675675675675675,0.7924528301886793,0.6614173228346457,0.6354824940495343,6
"['V14', 'V10', 'V16', 'V21', 'V20', 'V1']",0.5675675675675675,0.7924528301886793,0.6614173228346457,0.6350181833598769,6
"['V14', 'V10', 'V16', 'V21', 'V20', 'V11']",0.5675675675675675,0.7924528301886793,0.6614173228346457,0.6356629263431223,6
"['V14', 'V10', 'V16', 'V21', 'V7', 'V1']",0.5675675675675675,0.7924528301886793,0.6614173228346457,0.6357342159459963,6
"['V14', 'V10', 'V16', 'V21', 'V7', 'V20']",0.5675675675675675,0.7924528301886793,0.6614173228346457,0.6461948135103341,6
"['V14', 'V10', 'V16', 'V21', 'V12', 'V1']",0.5675675675675675,0.7924528301886793,0.6614173228346457,0.632763206223401,6
"['V14', 'V10', 'V16', 'V21', 'V12', 'V20']",0.5675675675675675,0.7924528301886793,0.6614173228346457,0.6337025119581364,6
"['V14', 'V16', 'V9', 'V12', 'V7', 'V1']",0.5675675675675675,0.7924528301886793,0.6614173228346457,0.6357626617725981,6
"['V14', 'V16', 'V9', 'V12', 'V20', 'V11']",0.5675675675675675,0.7924528301886793,0.6614173228346457,0.6265389652595794,6
"['V14', 'V16', 'V9', 'V12', 'V20', 'V1']",0.5675675675675675,0.7924528301886793,0.6614173228346457,0.6342429413874131,6
"['V10', 'V9', 'V12', 'V20', 'V11', 'V1']",0.5675675675675675,0.7924528301886793,0.6614173228346457,0.6029680520422525,6
"['V14', 'V4', 'V10', 'V16', 'V9', 'V7', 'V11']",0.5675675675675675,0.7924528301886793,0.6614173228346457,0.6431542902975247,7
"['V14', 'V4', 'V10', 'V16', 'V9', 'V12', 'V11']",0.5675675675675675,0.7924528301886793,0.6614173228346457,0.6431105068669916,7
"['V14', 'V4', 'V10', 'V16', 'V9', 'V12', 'V20']",0.5675675675675675,0.7924528301886793,0.6614173228346457,0.642800860834501,7
"['V14', 'V4', 'V10', 'V16', 'V9', 'V21', 'V11']",0.5675675675675675,0.7924528301886793,0.6614173228346457,0.6503625009434915,7
"['V14', 'V4', 'V21', 'V12', 'V20']",0.5675675675675675,0.7924528301886793,0.6614173228346457,0.6184220903979852,5
"['V10', 'V21', 'V12', 'V7', 'V20', 'V1']",0.5675675675675675,0.7777777777777778,0.65625,0.5906720371088122,6
"['V10', 'V21', 'V12', 'V7', 'V20', 'V11']",0.5675675675675675,0.7777777777777778,0.65625,0.5954901441980642,6
"['V10', 'V8', 'V12', 'V20', 'V11', 'V1']",0.5675675675675675,0.7924528301886793,0.6614173228346457,0.5897918724205531,6
"['V10', 'V9', 'V12', 'V7', 'V11', 'V1']",0.5675675675675675,0.7924528301886793,0.6614173228346457,0.6045630943795699,6
"['V14', 'V16', 'V9', 'V12', 'V11', 'V1']",0.5675675675675675,0.7924528301886793,0.6614173228346457,0.625352974050768,6
"['V10', 'V9', 'V21', 'V7', 'V11', 'V1']",0.5675675675675675,0.7924528301886793,0.6614173228346457,0.5996858962175103,6
"['V10', 'V9', 'V21', 'V12', 'V7', 'V1']",0.5675675675675675,0.7924528301886793,0.6614173228346457,0.6036455383403481,6
"['V10', 'V9', 'V21', 'V12', 'V7', 'V11']",0.5675675675675675,0.7924528301886793,0.6614173228346457,0.6099875901410057,6
"['V10', 'V16', 'V12', 'V7', 'V11', 'V1']",0.5675675675675675,0.7924528301886793,0.6614173228346457,0.5912225819661407,6
"['V10', 'V16', 'V12', 'V7', 'V20', 'V11']",0.5675675675675675,0.7777777777777778,0.65625,0.5919550697080421,6
"['V10', 'V16', 'V21', 'V7', 'V20', 'V11']",0.5675675675675675,0.7777777777777778,0.65625,0.5862763634909235,6
"['V10', 'V16', 'V21', 'V12', 'V20', 'V11']",0.5675675675675675,0.7777777777777778,0.65625,0.589332314380144,6
"['V10', 'V16', 'V21', 'V12', 'V7', 'V1']",0.5675675675675675,0.7777777777777778,0.65625,0.5906861749764823,6
"['V14', 'V4', 'V10', 'V16', 'V21', 'V12', 'V7']",0.5675675675675675,0.7924528301886793,0.6614173228346457,0.6520030301277462,7
"['V14', 'V4', 'V10', 'V16', 'V21', 'V12', 'V20']",0.5675675675675675,0.7924528301886793,0.6614173228346457,0.6529485525205232,7
"['V14', 'V4', 'V10', 'V16', 'V21', 'V12', 'V11']",0.5675675675675675,0.7924528301886793,0.6614173228346457,0.6479997844849814,7
"['V14', 'V4', 'V10', 'V16', 'V21', 'V7', 'V11']",0.5675675675675675,0.7924528301886793,0.6614173228346457,0.6490107371773497,7
"['V14', 'V4', 'V10', 'V9', 'V21', 'V20', 'V1']",0.5675675675675675,0.711864406779661,0.631578947368421,0.6431348456151206,7
"['V14', 'V4', 'V10', 'V9', 'V21', 'V20', 'V11']",0.5675675675675675,0.711864406779661,0.631578947368421,0.6472736200719937,7
"['V14', 'V4', 'V10', 'V9', 'V21', 'V7', 'V20']",0.5675675675675675,0.7241379310344828,0.6363636363636364,0.6531801873054325,7
"['V14', 'V4', 'V10', 'V9', 'V21', 'V12', 'V20']",0.5675675675675675,0.7241379310344828,0.6363636363636364,0.6446416790823868,7
"['V14', 'V4', 'V10', 'V9', 'V21', 'V12', 'V7']",0.5675675675675675,0.7241379310344828,0.6363636363636364,0.6452015596085652,7
"['V14', 'V4', 'V10', 'V9', 'V8', 'V11', 'V1']",0.5675675675675675,0.711864406779661,0.631578947368421,0.638510686333978,7
"['V14', 'V4', 'V10', 'V9', 'V8', 'V20', 'V1']",0.5675675675675675,0.711864406779661,0.631578947368421,0.6396767609010265,7
"['V14', 'V4', 'V10', 'V9', 'V8', 'V7', 'V1']",0.5675675675675675,0.711864406779661,0.631578947368421,0.6452967720888092,7
"['V14', 'V4', 'V10', 'V9', 'V8', 'V7', 'V20']",0.5675675675675675,0.711864406779661,0.631578947368421,0.6478225138859074,7
"['V14', 'V4', 'V10', 'V9', 'V8', 'V21', 'V1']",0.5675675675675675,0.711864406779661,0.631578947368421,0.6467288239910347,7
"['V14', 'V4', 'V10', 'V9', 'V8', 'V21', 'V11']",0.5675675675675675,0.711864406779661,0.631578947368421,0.6489860976160192,7
"['V14', 'V4', 'V10', 'V9', 'V8', 'V21', 'V20']",0.5675675675675675,0.711864406779661,0.631578947368421,0.6508568721701969,7
"['V14', 'V4', 'V10', 'V9', 'V8', 'V21', 'V7']",0.5675675675675675,0.711864406779661,0.631578947368421,0.654466060940642,7
"['V14', 'V4', 'V10', 'V16', 'V7', 'V20', 'V11']",0.5675675675675675,0.7924528301886793,0.6614173228346457,0.6420310555635949,7
"['V14', 'V4', 'V10', 'V16', 'V12', 'V20', 'V11']",0.5675675675675675,0.7924528301886793,0.6614173228346457,0.6422514655669367,7
"['V14', 'V4', 'V10', 'V16', 'V12', 'V7', 'V11']",0.5675675675675675,0.7924528301886793,0.6614173228346457,0.6417203555694336,7
"['V14', 'V4', 'V10', 'V16', 'V12', 'V7', 'V20']",0.5675675675675675,0.7924528301886793,0.6614173228346457,0.6420756471605967,7
"['V10', 'V16', 'V21', 'V12', 'V7', 'V20']",0.5675675675675675,0.7777777777777778,0.65625,0.5900435838821101,6
"['V10', 'V16', 'V8', 'V7', 'V11', 'V1']",0.5675675675675675,0.7924528301886793,0.6614173228346457,0.5773413982628666,6
"['V10', 'V16', 'V8', 'V7', 'V20', 'V11']",0.5675675675675675,0.7924528301886793,0.6614173228346457,0.5850232928417081,6
"['V14', 'V9', 'V8', 'V7', 'V20', 'V1']",0.5675675675675675,0.711864406779661,0.631578947368421,0.6452678129475422,6
"['V14', 'V9', 'V8', 'V12', 'V11', 'V1']",0.5675675675675675,0.7636363636363637,0.6511627906976745,0.6353846709569241,6
"['V14', 'V9', 'V8', 'V12', 'V20', 'V1']",0.5675675675675675,0.7636363636363637,0.6511627906976745,0.6328615711283966,6
"['V14', 'V9', 'V8', 'V12', 'V7', 'V11']",0.5675675675675675,0.7636363636363637,0.6511627906976745,0.6441248656711103,6
"['V14', 'V9', 'V8', 'V21', 'V7', 'V1']",0.5675675675675675,0.711864406779661,0.631578947368421,0.6426931009054021,6
"['V14', 'V9', 'V8', 'V21', 'V7', 'V11']",0.5675675675675675,0.711864406779661,0.631578947368421,0.6472913947169755,6
"['V14', 'V9', 'V8', 'V21', 'V7', 'V20']",0.5675675675675675,0.711864406779661,0.631578947368421,0.643385179872146,6
"['V14', 'V16', 'V7', 'V20', 'V11', 'V1']",0.5675675675675675,0.7777777777777778,0.65625,0.6301107394333241,6
"['V14', 'V16', 'V21', 'V20', 'V11', 'V1']",0.5675675675675675,0.75,0.6461538461538462,0.6053598161552936,6
"['V14', 'V16', 'V21', 'V7', 'V11', 'V1']",0.5675675675675675,0.7777777777777778,0.65625,0.6225554281161564,6
"['V14', 'V16', 'V21', 'V7', 'V20', 'V1']",0.5675675675675675,0.7924528301886793,0.6614173228346457,0.6327410392284523,6
"['V10', 'V9', 'V12', 'V11']",0.5675675675675675,0.7924528301886793,0.6614173228346457,0.6055928324516935,4
"['V14', 'V16', 'V8', 'V20', 'V11', 'V1']",0.5675675675675675,0.75,0.6461538461538462,0.6071864122906047,6
"['V14', 'V16', 'V8', 'V21', 'V11', 'V1']",0.5675675675675675,0.75,0.6461538461538462,0.6096903290768011,6
"['V14', 'V16', 'V9', 'V20', 'V11', 'V1']",0.5675675675675675,0.7636363636363637,0.6511627906976745,0.6371673258920039,6
"['V14', 'V16', 'V9', 'V7', 'V11', 'V1']",0.5675675675675675,0.7777777777777778,0.65625,0.6375326072377657,6
"['V14', 'V16', 'V9', 'V7', 'V20', 'V1']",0.5675675675675675,0.7924528301886793,0.6614173228346457,0.6425871883115292,6
"['V14', 'V16', 'V9', 'V7', 'V20', 'V11']",0.5675675675675675,0.7636363636363637,0.6511627906976745,0.6408834915546174,6
"['V14', 'V9', 'V8', 'V7', 'V20', 'V11']",0.5675675675675675,0.711864406779661,0.631578947368421,0.6533168547096683,6
"['V14', 'V9', 'V21', 'V12', 'V7', 'V11']",0.5675675675675675,0.7636363636363637,0.6511627906976745,0.6330135275930611,6
"['V10', 'V16', 'V8', 'V21', 'V11', 'V1']",0.5675675675675675,0.7924528301886793,0.6614173228346457,0.5879736080377115,6
"['V14', 'V9', 'V21', 'V12', 'V11', 'V1']",0.5675675675675675,0.7636363636363637,0.6511627906976745,0.6287832016036013,6
"['V10', 'V16', 'V9', 'V12', 'V20', 'V11']",0.5675675675675675,0.7924528301886793,0.6614173228346457,0.6089915889070553,6
"['V10', 'V16', 'V9', 'V21', 'V11', 'V1']",0.5675675675675675,0.7777777777777778,0.65625,0.5965679865899455,6
"['V10', 'V16', 'V9', 'V8', 'V12', 'V11']",0.5675675675675675,0.7924528301886793,0.6614173228346457,0.6113015541360787,6
"['V10', 'V16', 'V9', 'V8', 'V21', 'V11']",0.5675675675675675,0.7636363636363637,0.6511627906976745,0.597651279129341,6
"['V4', 'V10', 'V16', 'V12', 'V20', 'V1']",0.5675675675675675,0.7924528301886793,0.6614173228346457,0.6225938322833463,6
"['V4', 'V10', 'V16', 'V12', 'V20', 'V11']",0.5675675675675675,0.7777777777777778,0.65625,0.6142834035188439,6
"['V4', 'V10', 'V16', 'V21', 'V20', 'V1']",0.5675675675675675,0.7924528301886793,0.6614173228346457,0.6283081335981255,6
"['V4', 'V10', 'V16', 'V8', 'V11', 'V1']",0.5675675675675675,0.7777777777777778,0.65625,0.6206319198063919,6
"['V4', 'V10', 'V16', 'V8', 'V20', 'V1']",0.5675675675675675,0.7924528301886793,0.6614173228346457,0.615053113666012,6
"['V14', 'V21', 'V12', 'V20', 'V11', 'V1']",0.5675675675675675,0.7777777777777778,0.65625,0.599264015848037,6
"['V14', 'V8', 'V12', 'V20', 'V11', 'V1']",0.5675675675675675,0.75,0.6461538461538462,0.5894338156569466,6
"['V14', 'V9', 'V7', 'V20', 'V11', 'V1']",0.5675675675675675,0.711864406779661,0.631578947368421,0.6376389256686541,6
"['V14', 'V9', 'V12', 'V20', 'V11', 'V1']",0.5675675675675675,0.7636363636363637,0.6511627906976745,0.6232151610129214,6
"['V10', 'V16', 'V12', 'V20']",0.5675675675675675,0.7777777777777778,0.65625,0.5852811968179298,4
"['V10', 'V16', 'V12', 'V11']",0.5675675675675675,0.7924528301886793,0.6614173228346457,0.5911084739900386,4
"['V14', 'V9', 'V21', 'V7', 'V11', 'V1']",0.5675675675675675,0.711864406779661,0.631578947368421,0.6410343441705941,6
"['V14', 'V9', 'V21', 'V7', 'V20', 'V11']",0.5675675675675675,0.711864406779661,0.631578947368421,0.6455203809711944,6
"['V14', 'V16', 'V9', 'V8', 'V21', 'V12', 'V20']",0.5675675675675675,0.7924528301886793,0.6614173228346457,0.6543773706364402,7
"['V14', 'V16', 'V9', 'V7', 'V20', 'V11', 'V1']",0.5675675675675675,0.7924528301886793,0.6614173228346457,0.6404288746009607,7
"['V14', 'V10', 'V20', 'V11']",0.5675675675675675,0.7368421052631579,0.6412213740458015,0.6185018845123021,4
"['V14', 'V16', 'V9', 'V21', 'V7', 'V20', 'V11', 'V1']",0.5675675675675675,0.7777777777777778,0.65625,0.6432513016746815,8
"['V14', 'V16', 'V9', 'V21', 'V12', 'V7', 'V11', 'V1']",0.5675675675675675,0.7924528301886793,0.6614173228346457,0.6347549055260338,8
"['V14', 'V16', 'V9', 'V21', 'V12', 'V7', 'V20', 'V1']",0.5675675675675675,0.7924528301886793,0.6614173228346457,0.6401083654010513,8
"['V14', 'V16', 'V9', 'V21', 'V12', 'V7', 'V20', 'V11']",0.5675675675675675,0.7924528301886793,0.6614173228346457,0.6354057144011398,8
"['V14', 'V16', 'V9', 'V8', 'V7', 'V20', 'V11', 'V1']",0.5675675675675675,0.7777777777777778,0.65625,0.6585451272356851,8
"['V14', 'V16', 'V9', 'V8', 'V12', 'V20', 'V11', 'V1']",0.5675675675675675,0.7777777777777778,0.65625,0.6468665879309548,8
"['V14', 'V16', 'V9', 'V8', 'V12', 'V7', 'V11', 'V1']",0.5675675675675675,0.7777777777777778,0.65625,0.647849382020685,8
"['V14', 'V16', 'V9', 'V8', 'V12', 'V7', 'V20', 'V1']",0.5675675675675675,0.7924528301886793,0.6614173228346457,0.6572079827661529,8
"['V14', 'V16', 'V9', 'V8', 'V12', 'V7', 'V20', 'V11']",0.5675675675675675,0.7924528301886793,0.6614173228346457,0.652652755979068,8
"['V14', 'V10', 'V1', 'V2', 'V17']",0.5675675675675675,0.7924528301886793,0.6614173228346457,0.6276352760652577,5
"['V14', 'V16', 'V9', 'V8', 'V21', 'V7', 'V11', 'V1']",0.5675675675675675,0.7777777777777778,0.65625,0.6558362694276205,8
"['V14', 'V16', 'V9', 'V8', 'V21', 'V7', 'V20', 'V1']",0.5675675675675675,0.7924528301886793,0.6614173228346457,0.6566970380605364,8
"['V14', 'V10', 'V1', 'V2', 'V16']",0.5675675675675675,0.7924528301886793,0.6614173228346457,0.6332657419659269,5
"['V14', 'V10', 'V1', 'V2', 'V12']",0.5675675675675675,0.7636363636363637,0.6511627906976745,0.6222035750747456,5
"['V14', 'V16', 'V9', 'V8', 'V21', 'V12', 'V20', 'V1']",0.5675675675675675,0.7924528301886793,0.6614173228346457,0.6534816635128659,8
"['V14', 'V10', 'V1', 'V2', 'V11']",0.5675675675675675,0.7368421052631579,0.6412213740458015,0.62069128279873,5
"['V14', 'V16', 'V9', 'V8', 'V21', 'V12', 'V7', 'V1']",0.5675675675675675,0.7924528301886793,0.6614173228346457,0.6538900846870681,8
"['V14', 'V16', 'V9', 'V8', 'V21', 'V12', 'V7', 'V20']",0.5675675675675675,0.7924528301886793,0.6614173228346457,0.6566100208859578,8
"['V14', 'V16', 'V9', 'V21', 'V12', 'V20', 'V11', 'V1']",0.5675675675675675,0.7924528301886793,0.6614173228346457,0.6271347368749233,8
"['V14', 'V16', 'V9', 'V12', 'V7', 'V20', 'V11', 'V1']",0.5675675675675675,0.7924528301886793,0.6614173228346457,0.6326464873287717,8
"['V14', 'V10', 'V9', 'V21', 'V7', 'V20', 'V11', 'V1']",0.5675675675675675,0.7368421052631579,0.6412213740458015,0.6349067448471791,8
"['V14', 'V10', 'V1', 'V2', 'V18']",0.5675675675675675,0.7924528301886793,0.6614173228346457,0.6307204100822392,5
"['V14', 'V16', 'V21']",0.5675675675675675,0.75,0.6461538461538462,0.5960225724111744,3
"['V14', 'V10', 'V1', 'V2', 'V21']",0.5675675675675675,0.75,0.6461538461538462,0.6284327384548075,5
"['V10', 'V16', 'V9', 'V8', 'V21', 'V12', 'V7', 'V11']",0.5675675675675675,0.7924528301886793,0.6614173228346457,0.6175870902874471,8
"['V4', 'V10', 'V9', 'V8', 'V21', 'V12', 'V7', 'V1']",0.5675675675675675,0.7924528301886793,0.6614173228346457,0.6212713325873117,8
"['V4', 'V10', 'V16', 'V21', 'V12', 'V20', 'V11', 'V1']",0.5675675675675675,0.7777777777777778,0.65625,0.6310305293828391,8
"['V4', 'V10', 'V16', 'V21', 'V12', 'V7', 'V20', 'V11']",0.5675675675675675,0.7777777777777778,0.65625,0.6212618061650932,8
"['V4', 'V10', 'V16', 'V8', 'V7', 'V20', 'V11', 'V1']",0.5675675675675675,0.7777777777777778,0.65625,0.6261199889225112,8
"['V4', 'V10', 'V16', 'V8', 'V12', 'V20', 'V11', 'V1']",0.5675675675675675,0.7777777777777778,0.65625,0.6308635250888478,8
"['V14', 'V16', 'V7']",0.5675675675675675,0.7636363636363637,0.6511627906976745,0.6086976954654061,3
"['V4', 'V10', 'V16', 'V8', 'V12', 'V7', 'V20', 'V11']",0.5675675675675675,0.7777777777777778,0.65625,0.6213553708579052,8
"['V4', 'V10', 'V16', 'V8', 'V21', 'V7', 'V20', 'V1']",0.5675675675675675,0.7924528301886793,0.6614173228346457,0.63191021436524,8
"['V4', 'V10', 'V16', 'V8', 'V21', 'V7', 'V20', 'V11']",0.5675675675675675,0.7924528301886793,0.6614173228346457,0.6243780261660782,8
"['V4', 'V10', 'V16', 'V9', 'V8', 'V20', 'V11', 'V1']",0.5675675675675675,0.7924528301886793,0.6614173228346457,0.6154098499248482,8
"['V4', 'V10', 'V16', 'V9', 'V8', 'V21', 'V20', 'V1']",0.5675675675675675,0.7777777777777778,0.65625,0.6258465227489884,8
"['V4', 'V10', 'V16', 'V9', 'V8', 'V21', 'V7', 'V1']",0.5675675675675675,0.7924528301886793,0.6614173228346457,0.6212654773284005,8
"['V14', 'V9', 'V8', 'V21', 'V7', 'V20', 'V11', 'V1']",0.5675675675675675,0.711864406779661,0.631578947368421,0.6478099383229922,8
"['V14', 'V10', 'V1', 'V2', 'V19']",0.5675675675675675,0.7636363636363637,0.6511627906976745,0.6229587558323253,5
"['V14', 'V10', 'V9', 'V12', 'V7', 'V20', 'V11', 'V1']",0.5675675675675675,0.7636363636363637,0.6511627906976745,0.6255927317437334,8
"['V14', 'V10', 'V9', 'V21', 'V12', 'V20', 'V11', 'V1']",0.5675675675675675,0.7636363636363637,0.6511627906976745,0.6259952844993095,8
"['V10', 'V16', 'V9', 'V8', 'V21', 'V7', 'V20', 'V11']",0.5675675675675675,0.7924528301886793,0.6614173228346457,0.6035703013811788,8
"['V14', 'V10', 'V16', 'V9', 'V21', 'V12', 'V7', 'V1']",0.5675675675675675,0.7924528301886793,0.6614173228346457,0.6367315157583342,8
"['V14', 'V10', 'V16', 'V9', 'V21', 'V12', 'V7', 'V20']",0.5675675675675675,0.7924528301886793,0.6614173228346457,0.6357590765892129,8
"['V14', 'V10', 'V16', 'V9', 'V8', 'V12', 'V11', 'V1']",0.5675675675675675,0.7924528301886793,0.6614173228346457,0.6413550670826758,8
"['V14', 'V10', 'V16', 'V9', 'V8', 'V12', 'V20', 'V1']",0.5675675675675675,0.7924528301886793,0.6614173228346457,0.6440401465667236,8
"['V14', 'V10', 'V16', 'V9', 'V8', 'V12', 'V20', 'V11']",0.5675675675675675,0.7924528301886793,0.6614173228346457,0.6429315561938062,8
"['V14', 'V10', 'V16', 'V9', 'V8', 'V12', 'V7', 'V1']",0.5675675675675675,0.7924528301886793,0.6614173228346457,0.6483212049072183,8
"['V14', 'V10', 'V16', 'V9', 'V8', 'V12', 'V7', 'V11']",0.5675675675675675,0.7924528301886793,0.6614173228346457,0.6450075460749746,8
"['V14', 'V10', 'V16', 'V9', 'V8', 'V12', 'V7', 'V20']",0.5675675675675675,0.7924528301886793,0.6614173228346457,0.6484770385440864,8
"['V14', 'V4', 'V21', 'V12', 'V7', 'V20', 'V11', 'V1']",0.5675675675675675,0.7368421052631579,0.6412213740458015,0.628919684777651,8
"['V14', 'V4', 'V8', 'V12', 'V7', 'V20', 'V11', 'V1']",0.5675675675675675,0.7368421052631579,0.6412213740458015,0.6365213116768546,8
"['V14', 'V4', 'V8', 'V21', 'V12', 'V7', 'V11', 'V1']",0.5675675675675675,0.7368421052631579,0.6412213740458015,0.6396168154877396,8
"['V14', 'V4', 'V8', 'V21', 'V12', 'V7', 'V20', 'V1']",0.5675675675675675,0.75,0.6461538461538462,0.6404023219866295,8
"['V14', 'V4', 'V8', 'V21', 'V12', 'V7', 'V20', 'V11']",0.5675675675675675,0.7924528301886793,0.6614173228346457,0.6351620927910686,8
"['V14', 'V4', 'V9', 'V8', 'V12', 'V7', 'V11', 'V1']",0.5675675675675675,0.7368421052631579,0.6412213740458015,0.64423597214878,8
"['V10', 'V16', 'V12']",0.5675675675675675,0.7924528301886793,0.6614173228346457,0.5853269640138076,3
"['V14', 'V4', 'V9', 'V8', 'V12', 'V7', 'V20', 'V11']",0.5675675675675675,0.711864406779661,0.631578947368421,0.6464487701898017,8
"['V14', 'V4', 'V9', 'V8', 'V21', 'V12', 'V11', 'V1']",0.5675675675675675,0.711864406779661,0.631578947368421,0.6424235564055352,8
"['V14', 'V4', 'V9', 'V8', 'V21', 'V12', 'V20', 'V1']",0.5675675675675675,0.7241379310344828,0.6363636363636364,0.6417355683329374,8
"['V14', 'V10', 'V16', 'V9', 'V21', 'V12', 'V7', 'V11']",0.5675675675675675,0.7924528301886793,0.6614173228346457,0.6359859130178166,8
"['V14', 'V10', 'V16', 'V9', 'V21', 'V12', 'V20', 'V11']",0.5675675675675675,0.7777777777777778,0.65625,0.6364432118457839,8
"['V14', 'V10', 'V9', 'V21', 'V12', 'V7', 'V11', 'V1']",0.5675675675675675,0.7636363636363637,0.6511627906976745,0.6302610861900836,8
"['V14', 'V10', 'V16', 'V9', 'V21', 'V12', 'V20', 'V1']",0.5675675675675675,0.7924528301886793,0.6614173228346457,0.6355326123282841,8
"['V14', 'V10', 'V9', 'V21', 'V12', 'V7', 'V20', 'V11']",0.5675675675675675,0.7636363636363637,0.6511627906976745,0.6285350818409285,8
"['V14', 'V10', 'V9', 'V8', 'V12', 'V20', 'V11', 'V1']",0.5675675675675675,0.7636363636363637,0.6511627906976745,0.6324165931948088,8
"['V14', 'V10', 'V9', 'V8', 'V12', 'V7', 'V11', 'V1']",0.5675675675675675,0.7636363636363637,0.6511627906976745,0.6404293865135128,8
"['V14', 'V10', 'V9', 'V8', 'V12', 'V7', 'V20', 'V1']",0.5675675675675675,0.7636363636363637,0.6511627906976745,0.6419205969577328,8
"['V14', 'V10', 'V16', 'V12', 'V7', 'V20', 'V11', 'V1']",0.5675675675675675,0.7924528301886793,0.6614173228346457,0.6280832942068687,8
"['V14', 'V10', 'V16', 'V21', 'V7', 'V20', 'V11', 'V1']",0.5675675675675675,0.7924528301886793,0.6614173228346457,0.6353369937624322,8
"['V14', 'V10', 'V16', 'V21', 'V12', 'V20', 'V11', 'V1']",0.5675675675675675,0.7924528301886793,0.6614173228346457,0.6322326609836358,8
"['V14', 'V10', 'V16', 'V21', 'V12', 'V7', 'V11', 'V1']",0.5675675675675675,0.7924528301886793,0.6614173228346457,0.6313824336518323,8
"['V14', 'V10', 'V16', 'V21', 'V12', 'V7', 'V20', 'V1']",0.5675675675675675,0.7924528301886793,0.6614173228346457,0.6344673996762256,8
"['V14', 'V10', 'V16', 'V8', 'V12', 'V20', 'V11', 'V1']",0.5675675675675675,0.7924528301886793,0.6614173228346457,0.6398202687689346,8
"['V14', 'V10', 'V16', 'V9', 'V7', 'V20', 'V11', 'V1']",0.5675675675675675,0.7924528301886793,0.6614173228346457,0.6350129427509081,8
"['V14', 'V10', 'V16', 'V9', 'V12', 'V20', 'V11', 'V1']",0.5675675675675675,0.7924528301886793,0.6614173228346457,0.6307804975109148,8
"['V14', 'V10', 'V16', 'V9', 'V12', 'V7', 'V11', 'V1']",0.5675675675675675,0.7924528301886793,0.6614173228346457,0.630289030818738,8
"['V14', 'V10', 'V16', 'V9', 'V12', 'V7', 'V20', 'V1']",0.5675675675675675,0.7924528301886793,0.6614173228346457,0.6327694718677342,8
"['V14', 'V10', 'V16', 'V9', 'V12', 'V7', 'V20', 'V11']",0.5675675675675675,0.7924528301886793,0.6614173228346457,0.6293036735637376,8
"['V14', 'V10', 'V16', 'V9', 'V21', 'V7', 'V20', 'V1']",0.5675675675675675,0.7924528301886793,0.6614173228346457,0.6413777917309765,8
"['V14', 'V10', 'V16', 'V9', 'V21', 'V12', 'V11', 'V1']",0.5675675675675675,0.7924528301886793,0.6614173228346457,0.6343937671500545,8
"['V14', 'V16', 'V8']",0.5675675675675675,0.75,0.6461538461538462,0.6027257227576115,3
"['V14', 'V16', 'V9']",0.5675675675675675,0.7777777777777778,0.65625,0.6380297146604,3
"['V14', 'V16', 'V9', 'V8', 'V21', 'V7', 'V20']",0.5675675675675675,0.7924528301886793,0.6614173228346457,0.658281129532931,7
"['V14', 'V10', 'V8', 'V4']",0.5675675675675675,0.711864406779661,0.631578947368421,0.6392722417349856,4
"['V14', 'V10', 'V16', 'V9', 'V8', 'V12', 'V7', 'V20', 'V11']",0.5675675675675675,0.7924528301886793,0.6614173228346457,0.6462023810846619,9
"['V14', 'V10', 'V16', 'V9', 'V8', 'V12', 'V7', 'V20', 'V1']",0.5675675675675675,0.7924528301886793,0.6614173228346457,0.6486655898969014,9
"['V14', 'V10', 'V16', 'V9', 'V8', 'V12', 'V7', 'V11', 'V1']",0.5675675675675675,0.7924528301886793,0.6614173228346457,0.6450412088548946,9
"['V14', 'V10', 'V16', 'V9', 'V8', 'V12', 'V20', 'V11', 'V1']",0.5675675675675675,0.7924528301886793,0.6614173228346457,0.6425995929901867,9
"['V14', 'V10', 'V21']",0.5675675675675675,0.7636363636363637,0.6511627906976745,0.6291386887827136,3
"['V14', 'V4', 'V10', 'V9', 'V21', 'V7', 'V20', 'V11', 'V1']",0.5675675675675675,0.711864406779661,0.631578947368421,0.645162831455344,9
"['V14', 'V10', 'V16', 'V9', 'V21', 'V12', 'V7', 'V20', 'V11']",0.5675675675675675,0.7777777777777778,0.65625,0.6333603046893509,9
"['V14', 'V10', 'V16', 'V9', 'V21', 'V12', 'V7', 'V20', 'V1']",0.5675675675675675,0.7924528301886793,0.6614173228346457,0.6367595005978977,9
"['V14', 'V4', 'V10', 'V9', 'V21', 'V12', 'V7', 'V20', 'V11']",0.5675675675675675,0.7241379310344828,0.6363636363636364,0.6445946448003581,9
"['V14', 'V4', 'V10', 'V9', 'V8', 'V7', 'V20', 'V11', 'V1']",0.5675675675675675,0.711864406779661,0.631578947368421,0.6429154437496359,9
"['V14', 'V10', 'V16', 'V9', 'V21', 'V12', 'V7', 'V11', 'V1']",0.5675675675675675,0.7924528301886793,0.6614173228346457,0.6320326120611881,9
"['V14', 'V10', 'V16', 'V9', 'V21', 'V12', 'V20', 'V11', 'V1']",0.5675675675675675,0.7924528301886793,0.6614173228346457,0.6361678763618119,9
"['V14', 'V4', 'V10', 'V9', 'V8', 'V21', 'V20', 'V11', 'V1']",0.5675675675675675,0.711864406779661,0.631578947368421,0.6470149992121552,9
"['V14', 'V4', 'V10', 'V9', 'V8', 'V21', 'V7', 'V11', 'V1']",0.5675675675675675,0.711864406779661,0.631578947368421,0.650422936863657,9
"['V14', 'V10', 'V16', 'V9', 'V12', 'V7', 'V20', 'V11', 'V1']",0.5675675675675675,0.7924528301886793,0.6614173228346457,0.6313040046064576,9
"['V14', 'V4', 'V10', 'V9', 'V8', 'V21', 'V7', 'V20', 'V11']",0.5675675675675675,0.711864406779661,0.631578947368421,0.6519152946886653,9
"['V14', 'V10', 'V19']",0.5675675675675675,0.7636363636363637,0.6511627906976745,0.6223696442755533,3
"['V14', 'V10', 'V8', 'V16', 'V17']",0.5675675675675675,0.7924528301886793,0.6614173228346457,0.6509278842561919,5
"['V14', 'V4', 'V16', 'V9', 'V8', 'V21', 'V12', 'V20', 'V11']",0.5675675675675675,0.7924528301886793,0.6614173228346457,0.6534484384258307,9
"['V14', 'V10', 'V17']",0.5675675675675675,0.7924528301886793,0.6614173228346457,0.631042378682183,3
"['V14', 'V4', 'V16', 'V9', 'V8', 'V21', 'V12', 'V11', 'V1']",0.5675675675675675,0.7924528301886793,0.6614173228346457,0.6539188456443865,9
"['V14', 'V4', 'V9', 'V8', 'V21', 'V12', 'V7', 'V20', 'V11']",0.5675675675675675,0.711864406779661,0.631578947368421,0.6486243040878494,9
"['V14', 'V4', 'V16', 'V8', 'V21', 'V12', 'V7', 'V20', 'V11']",0.5675675675675675,0.7924528301886793,0.6614173228346457,0.644315613384667,9
"['V14', 'V4', 'V16', 'V9', 'V21', 'V7', 'V20', 'V11', 'V1']",0.5675675675675675,0.7777777777777778,0.65625,0.641214951205822,9
"['V14', 'V4', 'V16', 'V9', 'V21', 'V12', 'V20', 'V11', 'V1']",0.5675675675675675,0.7777777777777778,0.65625,0.636801905014915,9
"['V14', 'V4', 'V9', 'V8', 'V21', 'V12', 'V7', 'V11', 'V1']",0.5675675675675675,0.711864406779661,0.631578947368421,0.6482757145777516,9
"['V14', 'V4', 'V9', 'V8', 'V21', 'V12', 'V20', 'V11', 'V1']",0.5675675675675675,0.711864406779661,0.631578947368421,0.6419820227030129,9
"['V14', 'V4', 'V9', 'V8', 'V12', 'V7', 'V20', 'V11', 'V1']",0.5675675675675675,0.7368421052631579,0.6412213740458015,0.644292132200292,9
"['V14', 'V4', 'V8', 'V21', 'V12', 'V7', 'V20', 'V11', 'V1']",0.5675675675675675,0.75,0.6461538461538462,0.640038164068754,9
"['V14', 'V4', 'V16', 'V9', 'V8', 'V7', 'V20', 'V11', 'V1']",0.5675675675675675,0.7777777777777778,0.65625,0.6590755608190961,9
"['V14', 'V10', 'V8', 'V12']",0.5675675675675675,0.7636363636363637,0.6511627906976745,0.6334503752406349,4
"['V14', 'V10', 'V8', 'V11']",0.5675675675675675,0.7368421052631579,0.6412213740458015,0.6290503498391973,4
"['V14', 'V10', 'V8', 'V16', 'V7']",0.5675675675675675,0.7924528301886793,0.6614173228346457,0.6510036155068046,5
"['V14', 'V4', 'V16', 'V9', 'V8', 'V12', 'V7', 'V20', 'V11']",0.5675675675675675,0.7924528301886793,0.6614173228346457,0.6544622678779305,9
"['V14', 'V4', 'V16', 'V9', 'V8', 'V21', 'V20', 'V11', 'V1']",0.5675675675675675,0.7777777777777778,0.65625,0.65617063411555,9
"['V14', 'V4', 'V16', 'V9', 'V8', 'V21', 'V7', 'V11', 'V1']",0.5675675675675675,0.7777777777777778,0.65625,0.6569259406406535,9
"['V14', 'V4', 'V16', 'V9', 'V8', 'V21', 'V7', 'V20', 'V1']",0.5675675675675675,0.7777777777777778,0.65625,0.6588011074241135,9
"['V14', 'V4', 'V16', 'V9', 'V8', 'V21', 'V7', 'V20', 'V11']",0.5675675675675675,0.7777777777777778,0.65625,0.658299139688572,9
"['V14', 'V10', 'V18']",0.5675675675675675,0.7636363636363637,0.6511627906976745,0.6277386499413802,3
"['V14', 'V10', 'V16']",0.5675675675675675,0.7924528301886793,0.6614173228346457,0.6326886227137796,3
"['V14', 'V10', 'V1', 'V2', 'V5', 'V4']",0.5675675675675675,0.711864406779661,0.631578947368421,0.6269073578881719,6
"['V14', 'V4', 'V10', 'V16', 'V9', 'V12', 'V7', 'V20', 'V11']",0.5675675675675675,0.7924528301886793,0.6614173228346457,0.6405216313674514,9
"['V4', 'V10', 'V16', 'V8', 'V21', 'V12', 'V7', 'V11', 'V1']",0.5675675675675675,0.7777777777777778,0.65625,0.6368527028536757,9
"['V14', 'V4', 'V10', 'V16', 'V9', 'V21', 'V12', 'V20', 'V11']",0.5675675675675675,0.7924528301886793,0.6614173228346457,0.6506773850803478,9
"['V14', 'V4', 'V10', 'V16', 'V9', 'V21', 'V12', 'V7', 'V11']",0.5675675675675675,0.7924528301886793,0.6614173228346457,0.6497835548168654,9
"['V14', 'V4', 'V10', 'V16', 'V9', 'V21', 'V12', 'V7', 'V20']",0.5675675675675675,0.7924528301886793,0.6614173228346457,0.6491720150315812,9
"['V4', 'V10', 'V16', 'V8', 'V12', 'V7', 'V20', 'V11', 'V1']",0.5675675675675675,0.7777777777777778,0.65625,0.6282208468364509,9
"['V14', 'V4', 'V10', 'V16', 'V9', 'V8', 'V12', 'V7', 'V20']",0.5675675675675675,0.7924528301886793,0.6614173228346457,0.6572857075866252,9
"['V14', 'V4', 'V10', 'V16', 'V9', 'V8', 'V21', 'V12', 'V7', 'V20']",0.5675675675675675,0.7924528301886793,0.6614173228346457,0.6603947853561702,10
"['V14', 'V4', 'V10', 'V16', 'V9', 'V8', 'V21', 'V12', 'V7', 'V11']",0.5675675675675675,0.7924528301886793,0.6614173228346457,0.6597166593341196,10
"['V14', 'V4', 'V10', 'V16', 'V9', 'V8', 'V21', 'V12', 'V7']",0.5675675675675675,0.7924528301886793,0.6614173228346457,0.6607339922057536,9
"['V10', 'V8', 'V21', 'V12', 'V7', 'V20', 'V11', 'V1']",0.5675675675675675,0.7777777777777778,0.65625,0.5994739974853691,8
"['V10', 'V9', 'V8', 'V12', 'V7', 'V20', 'V11', 'V1']",0.5675675675675675,0.7924528301886793,0.6614173228346457,0.6088462761801253,8
"['V10', 'V9', 'V8', 'V21', 'V7', 'V20', 'V11', 'V1']",0.5675675675675675,0.7924528301886793,0.6614173228346457,0.6036843225831868,8
"['V14', 'V4', 'V10', 'V16', 'V9', 'V8', 'V12', 'V7', 'V20', 'V11']",0.5675675675675675,0.7924528301886793,0.6614173228346457,0.6571783325196234,10
"['V14', 'V10', 'V16']",0.5675675675675675,0.7924528301886793,0.6614173228346457,0.6326886227137796,3
"['V14', 'V10', 'V21']",0.5675675675675675,0.7636363636363637,0.6511627906976745,0.6291386887827136,3
"['V14', 'V10', 'V12']",0.5675675675675675,0.7636363636363637,0.6511627906976745,0.6211657262770446,3
"['V14', 'V10', 'V11']",0.5675675675675675,0.7368421052631579,0.6412213740458015,0.6193686496270787,3
"['V4', 'V10', 'V16', 'V8', 'V21', 'V12', 'V7', 'V20', 'V1']",0.5675675675675675,0.7636363636363637,0.6511627906976745,0.6329617649941768,9
"['V4', 'V10', 'V16', 'V9', 'V21', 'V7', 'V20', 'V11', 'V1']",0.5675675675675675,0.7924528301886793,0.6614173228346457,0.62278654677897,9
"['V14', 'V10', 'V12']",0.5675675675675675,0.7636363636363637,0.6511627906976745,0.6211657262770446,3
"['V4', 'V10', 'V16', 'V9', 'V8', 'V12', 'V20', 'V11', 'V1']",0.5675675675675675,0.7777777777777778,0.65625,0.62282437244836,9
"['V14', 'V10', 'V11']",0.5675675675675675,0.7368421052631579,0.6412213740458015,0.6193686496270787,3
"['V14', 'V10', 'V16', 'V21', 'V12', 'V7', 'V20', 'V11', 'V1']",0.5675675675675675,0.7924528301886793,0.6614173228346457,0.6311345941603161,9
"['V14', 'V10', 'V9', 'V21', 'V12', 'V7', 'V20', 'V11', 'V1']",0.5675675675675675,0.7636363636363637,0.6511627906976745,0.6303567148897314,9
"['V14', 'V4', 'V10', 'V16', 'V21', 'V12', 'V7', 'V20', 'V11']",0.5675675675675675,0.7924528301886793,0.6614173228346457,0.6519804883577236,9
"['V14', 'V10', 'V3']",0.5675675675675675,0.7368421052631579,0.6412213740458015,0.6212762162688641,3
"['V14', 'V16', 'V9', 'V8', 'V21', 'V12', 'V7', 'V20', 'V1']",0.5675675675675675,0.7924528301886793,0.6614173228346457,0.6545346362087436,9
"['V14', 'V10', 'V1', 'V2', 'V5', 'V3', 'V6', 'V8', 'V21', 'V9', 'V11', 'V4']",0.5675675675675675,0.711864406779661,0.631578947368421,0.6522974709337712,12
"['V14', 'V4', 'V10', 'V16', 'V8', 'V12', 'V7', 'V20', 'V11']",0.5675675675675675,0.7924528301886793,0.6614173228346457,0.6567200600791051,9
"['V14', 'V16', 'V9', 'V8', 'V21', 'V7', 'V20', 'V11', 'V1']",0.5675675675675675,0.7777777777777778,0.65625,0.6557751409745587,9
"['V14', 'V16', 'V9', 'V8', 'V12', 'V7', 'V20', 'V11', 'V1']",0.5675675675675675,0.7924528301886793,0.6614173228346457,0.6564924007664886,9
"['V14', 'V16', 'V9', 'V21', 'V12', 'V7', 'V20', 'V11', 'V1']",0.5675675675675675,0.7924528301886793,0.6614173228346457,0.6356176749570089,9
"['V14', 'V10', 'V1', 'V2', 'V5', 'V3', 'V6', 'V8', 'V21', 'V9', 'V4']",0.5675675675675675,0.711864406779661,0.631578947368421,0.6527946213741981,11
"['V14', 'V10', 'V1', 'V2', 'V5', 'V3', 'V6', 'V8', 'V21', 'V4']",0.5675675675675675,0.711864406779661,0.631578947368421,0.6543248942303612,10
"['V4', 'V10', 'V16', 'V9', 'V8', 'V21', 'V12', 'V20', 'V11']",0.5675675675675675,0.7777777777777778,0.65625,0.6247375099057488,9
"['V4', 'V10', 'V16', 'V9', 'V8', 'V21', 'V12', 'V11', 'V1']",0.5675675675675675,0.7636363636363637,0.6511627906976745,0.6229170669107673,9
"['V4', 'V10', 'V16', 'V9', 'V8', 'V21', 'V7', 'V20', 'V1']",0.5675675675675675,0.7924528301886793,0.6614173228346457,0.6265277241066853,9
"['V4', 'V10', 'V16', 'V9', 'V8', 'V12', 'V7', 'V11', 'V1']",0.5675675675675675,0.7777777777777778,0.65625,0.6189015458226147,9
"['V14', 'V4', 'V9', 'V8', 'V21', 'V12', 'V20', 'V11']",0.5675675675675675,0.711864406779661,0.631578947368421,0.640186812794578,8
"['V14', 'V4', 'V9', 'V8', 'V21', 'V12', 'V7', 'V11']",0.5675675675675675,0.7241379310344828,0.6363636363636364,0.6485657713675659,8
"['V14', 'V4', 'V9', 'V8', 'V21', 'V12', 'V7', 'V20']",0.5675675675675675,0.7241379310344828,0.6363636363636364,0.6467922185032188,8
"['V14', 'V10', 'V16', 'V9']",0.5675675675675675,0.7636363636363637,0.6511627906976745,0.6384228006648034,4
"['V14', 'V9', 'V8', 'V12', 'V20', 'V11', 'V1']",0.5675675675675675,0.7636363636363637,0.6511627906976745,0.6327588751111084,7
"['V14', 'V10', 'V16', 'V21']",0.5675675675675675,0.7924528301886793,0.6614173228346457,0.635184657952385,4
"['V14', 'V10', 'V16', 'V12']",0.5675675675675675,0.7924528301886793,0.6614173228346457,0.6297641698964314,4
"['V14', 'V9', 'V8', 'V21', 'V7', 'V11', 'V1']",0.5675675675675675,0.711864406779661,0.631578947368421,0.647814272809359,7
"['V14', 'V9', 'V8', 'V21', 'V7', 'V20', 'V1']",0.5675675675675675,0.711864406779661,0.631578947368421,0.6415074964244071,7
"['V14', 'V9', 'V8', 'V21', 'V7', 'V20', 'V11']",0.5675675675675675,0.711864406779661,0.631578947368421,0.64892338215853,7
"['V14', 'V10', 'V16', 'V7']",0.5675675675675675,0.7924528301886793,0.6614173228346457,0.6330705817827755,4
"['V14', 'V10', 'V16', 'V20']",0.5675675675675675,0.7924528301886793,0.6614173228346457,0.6323981939095941,4
"['V14', 'V10', 'V16', 'V11']",0.5675675675675675,0.7924528301886793,0.6614173228346457,0.6305728876662734,4
"['V14', 'V10', 'V16', 'V1']",0.5675675675675675,0.7924528301886793,0.6614173228346457,0.6306205696434288,4
"['V14', 'V10', 'V1', 'V19']",0.5675675675675675,0.7636363636363637,0.6511627906976745,0.6223989238277228,4
"['V14', 'V10', 'V1', 'V18']",0.5675675675675675,0.7924528301886793,0.6614173228346457,0.628879731760283,4
"['V14', 'V4', 'V16', 'V9', 'V8', 'V21', 'V12', 'V7', 'V20', 'V11']",0.5675675675675675,0.7924528301886793,0.6614173228346457,0.6561523421862228,10
"['V14', 'V16', 'V21', 'V7', 'V20', 'V11', 'V1']",0.5675675675675675,0.7777777777777778,0.65625,0.6280707784061828,7
"['V14', 'V10', 'V1', 'V17']",0.5675675675675675,0.7924528301886793,0.6614173228346457,0.6270432475718681,4
"['V14', 'V10', 'V1', 'V16']",0.5675675675675675,0.7924528301886793,0.6614173228346457,0.6306205696434288,4
"['V14', 'V10', 'V1', 'V12']",0.5675675675675675,0.7777777777777778,0.65625,0.6204532302971503,4
"['V14', 'V9', 'V21', 'V12', 'V7', 'V20', 'V11']",0.5675675675675675,0.7636363636363637,0.6511627906976745,0.6331981137044667,7
"['V14', 'V9', 'V21', 'V12', 'V7', 'V11', 'V1']",0.5675675675675675,0.7636363636363637,0.6511627906976745,0.6334756017578972,7
"['V14', 'V10', 'V8', 'V12']",0.5675675675675675,0.7636363636363637,0.6511627906976745,0.6334503752406349,4
"['V14', 'V9', 'V21', 'V12', 'V20', 'V11', 'V1']",0.5675675675675675,0.7636363636363637,0.6511627906976745,0.6260179150323311,7
"['V10', 'V16', 'V9', 'V8', 'V12', 'V7', 'V11']",0.5675675675675675,0.7924528301886793,0.6614173228346457,0.6098065345372382,7
"['V10', 'V16', 'V9', 'V8', 'V21', 'V11', 'V1']",0.5675675675675675,0.7777777777777778,0.65625,0.600480022706597,7
"['V10', 'V16', 'V9', 'V8', 'V21', 'V20', 'V11']",0.5675675675675675,0.7924528301886793,0.6614173228346457,0.6029409981543605,7
"['V14', 'V4', 'V21', 'V12']",0.5675675675675675,0.7924528301886793,0.6614173228346457,0.6204084554337876,4
"['V4', 'V10', 'V21', 'V12', 'V7', 'V20', 'V11']",0.5675675675675675,0.7777777777777778,0.65625,0.6233924868198134,7
"['V4', 'V10', 'V16', 'V12', 'V7', 'V20', 'V11']",0.5675675675675675,0.7777777777777778,0.65625,0.6187500666281947,7
"['V4', 'V10', 'V16', 'V8', 'V12', 'V11', 'V1']",0.5675675675675675,0.7777777777777778,0.65625,0.6246238261307084,7
"['V4', 'V10', 'V16', 'V8', 'V12', 'V20', 'V11']",0.5675675675675675,0.7777777777777778,0.65625,0.6186717929581519,7
"['V4', 'V10', 'V16', 'V8', 'V12', 'V7', 'V1']",0.5675675675675675,0.7777777777777778,0.65625,0.6183247992282317,7
"['V14', 'V4', 'V12', 'V7']",0.5675675675675675,0.7924528301886793,0.6614173228346457,0.6175558812237688,4
"['V14', 'V4', 'V12', 'V20']",0.5675675675675675,0.7924528301886793,0.6614173228346457,0.6107057609247074,4
"['V14', 'V4', 'V10', 'V9', 'V8', 'V21', 'V7', 'V20', 'V11', 'V1']",0.5675675675675675,0.711864406779661,0.631578947368421,0.6498370352785732,10
"['V4', 'V10', 'V16', 'V8', 'V21', 'V12', 'V1']",0.5675675675675675,0.7636363636363637,0.6511627906976745,0.6246305313016055,7
"['V4', 'V10', 'V16', 'V8', 'V21', 'V12', 'V11']",0.5675675675675675,0.7368421052631579,0.6412213740458015,0.6184847807615372,7
"['V4', 'V10', 'V16', 'V8', 'V21', 'V12', 'V20']",0.5675675675675675,0.7636363636363637,0.6511627906976745,0.6195420976611171,7
"['V4', 'V10', 'V16', 'V9', 'V21', 'V20', 'V1']",0.5675675675675675,0.7777777777777778,0.65625,0.6213841905926208,7
"['V14', 'V9', 'V21', 'V7', 'V20', 'V11', 'V1']",0.5675675675675675,0.711864406779661,0.631578947368421,0.642892436128505,7
"['V14', 'V4', 'V16', 'V9', 'V8', 'V21', 'V7', 'V20', 'V11', 'V1']",0.5675675675675675,0.7777777777777778,0.65625,0.6564509744490006,10
"['V14', 'V10', 'V8', 'V11']",0.5675675675675675,0.7368421052631579,0.6412213740458015,0.6290503498391973,4
"['V14', 'V4', 'V16', 'V21', 'V12', 'V7', 'V20', 'V11']",0.5675675675675675,0.7924528301886793,0.6614173228346457,0.6368834455674902,8
"['V14', 'V16', 'V9', 'V21', 'V12', 'V20', 'V11']",0.5675675675675675,0.7924528301886793,0.6614173228346457,0.6330585171053407,7
"['V14', 'V16', 'V9', 'V21', 'V12', 'V7', 'V11']",0.5675675675675675,0.7924528301886793,0.6614173228346457,0.6334475916109917,7
"['V14', 'V16', 'V9', 'V21', 'V12', 'V7', 'V20']",0.5675675675675675,0.7924528301886793,0.6614173228346457,0.6417952511339541,7
"['V14', 'V10', 'V12', 'V1']",0.5675675675675675,0.7777777777777778,0.65625,0.6204532302971503,4
"['V14', 'V16', 'V9', 'V8', 'V7', 'V11', 'V1']",0.5675675675675675,0.7777777777777778,0.65625,0.6550911917745113,7
"['V14', 'V16', 'V9', 'V8', 'V7', 'V20', 'V1']",0.5675675675675675,0.7924528301886793,0.6614173228346457,0.6604049355945042,7
"['V14', 'V10', 'V7', 'V20']",0.5675675675675675,0.7368421052631579,0.6412213740458015,0.6271046246518566,4
"['V14', 'V16', 'V9', 'V8', 'V12', 'V11', 'V1']",0.5675675675675675,0.7924528301886793,0.6614173228346457,0.6455209144217873,7
"['V14', 'V16', 'V9', 'V8', 'V12', 'V20', 'V1']",0.5675675675675675,0.7924528301886793,0.6614173228346457,0.6479255055042884,7
"['V14', 'V16', 'V9', 'V8', 'V12', 'V20', 'V11']",0.5675675675675675,0.7924528301886793,0.6614173228346457,0.6414628631953195,7
"['V14', 'V16', 'V9', 'V8', 'V12', 'V7', 'V1']",0.5675675675675675,0.7924528301886793,0.6614173228346457,0.648061542878714,7
"['V14', 'V16', 'V9', 'V8', 'V12', 'V7', 'V11']",0.5675675675675675,0.7924528301886793,0.6614173228346457,0.6468821920663185,7
"['V14', 'V16', 'V9', 'V8', 'V12', 'V7', 'V20']",0.5675675675675675,0.7924528301886793,0.6614173228346457,0.6578305317247468,7
"['V14', 'V10', 'V7', 'V11']",0.5675675675675675,0.7368421052631579,0.6412213740458015,0.6232915004388805,4
"['V14', 'V16', 'V9', 'V8', 'V21', 'V20', 'V1']",0.5675675675675675,0.7777777777777778,0.65625,0.6572873105934434,7
"['V14', 'V10', 'V7', 'V1']",0.5675675675675675,0.7368421052631579,0.6412213740458015,0.621196013286932,4
"['V14', 'V16', 'V9', 'V8', 'V21', 'V7', 'V1']",0.5675675675675675,0.7924528301886793,0.6614173228346457,0.6570043020380258,7
"['V14', 'V16', 'V9', 'V8', 'V21', 'V7', 'V11']",0.5675675675675675,0.7924528301886793,0.6614173228346457,0.6551122811453689,7
"['V14', 'V16', 'V9', 'V21', 'V12', 'V7', 'V1']",0.5675675675675675,0.7924528301886793,0.6614173228346457,0.6408790356564518,7
"['V14', 'V16', 'V9', 'V21', 'V12', 'V20', 'V1']",0.5675675675675675,0.7924528301886793,0.6614173228346457,0.6365081494049071,7
"['V14', 'V16', 'V8', 'V21', 'V20', 'V11', 'V1']",0.5675675675675675,0.75,0.6461538461538462,0.6144545061060591,7
"['V14', 'V16', 'V9', 'V21', 'V12', 'V11', 'V1']",0.5675675675675675,0.7924528301886793,0.6614173228346457,0.6289341236280135,7
"['V14', 'V4', 'V9', 'V8', 'V21', 'V12', 'V7', 'V20', 'V11', 'V1']",0.5675675675675675,0.711864406779661,0.631578947368421,0.6478084496242219,10
"['V14', 'V10', 'V21', 'V7']",0.5675675675675675,0.75,0.6461538461538462,0.6290829038911833,4
"['V14', 'V10', 'V21', 'V20']",0.5675675675675675,0.75,0.6461538461538462,0.6287498746191927,4
"['V14', 'V10', 'V1', 'V7']",0.5675675675675675,0.7368421052631579,0.6412213740458015,0.621196013286932,4
"['V14', 'V10', 'V21', 'V1']",0.5675675675675675,0.75,0.6461538461538462,0.6290560873124919,4
"['V14', 'V10', 'V12', 'V7']",0.5675675675675675,0.7924528301886793,0.6614173228346457,0.6243509416752786,4
"['V14', 'V10', 'V12', 'V20']",0.5675675675675675,0.7924528301886793,0.6614173228346457,0.6213926852537037,4
"['V14', 'V10', 'V12', 'V11']",0.5675675675675675,0.7636363636363637,0.6511627906976745,0.6207066248776943,4
"['V14', 'V10', 'V8', 'V18']",0.5675675675675675,0.7924528301886793,0.6614173228346457,0.6464419749899075,4
"['V14', 'V16', 'V9', 'V12', 'V20', 'V11', 'V1']",0.5675675675675675,0.7924528301886793,0.6614173228346457,0.6259917636356058,7
"['V14', 'V16', 'V9', 'V12', 'V7', 'V11', 'V1']",0.5675675675675675,0.7924528301886793,0.6614173228346457,0.6284754851462477,7
"['V14', 'V16', 'V9', 'V12', 'V7', 'V20', 'V1']",0.5675675675675675,0.7924528301886793,0.6614173228346457,0.638005156247743,7
"['V14', 'V16', 'V9', 'V12', 'V7', 'V20', 'V11']",0.5675675675675675,0.7924528301886793,0.6614173228346457,0.6349333682388248,7
"['V14', 'V16', 'V9', 'V21', 'V20', 'V11', 'V1']",0.5675675675675675,0.7636363636363637,0.6511627906976745,0.6428002040426902,7
"['V14', 'V16', 'V9', 'V21', 'V7', 'V11', 'V1']",0.5675675675675675,0.7924528301886793,0.6614173228346457,0.6426435108425105,7
"['V14', 'V16', 'V9', 'V21', 'V7', 'V20', 'V1']",0.5675675675675675,0.7924528301886793,0.6614173228346457,0.6480429103008291,7
"['V14', 'V16', 'V9', 'V21', 'V7', 'V20', 'V11']",0.5675675675675675,0.7777777777777778,0.65625,0.6473191849950607,7
"['V10', 'V16', 'V9', 'V8', 'V12', 'V20', 'V11']",0.5675675675675675,0.7924528301886793,0.6614173228346457,0.610998713555757,7
"['V10', 'V16', 'V9', 'V21', 'V7', 'V11', 'V1']",0.5675675675675675,0.7924528301886793,0.6614173228346457,0.6026393207715991,7
"['V10', 'V16', 'V9', 'V12', 'V7', 'V11', 'V1']",0.5675675675675675,0.7924528301886793,0.6614173228346457,0.6051719667806749,7
"['V14', 'V4', 'V16', 'V9', 'V8', 'V21', 'V20', 'V1']",0.5675675675675675,0.7777777777777778,0.65625,0.6593373614414595,8
"['V14', 'V4', 'V16', 'V9', 'V8', 'V21', 'V7', 'V1']",0.5675675675675675,0.7777777777777778,0.65625,0.6583471997107107,8
"['V14', 'V4', 'V16', 'V9', 'V8', 'V21', 'V7', 'V11']",0.5675675675675675,0.7777777777777778,0.65625,0.6594430016587447,8
"['V14', 'V4', 'V16', 'V9', 'V8', 'V21', 'V12', 'V1']",0.5675675675675675,0.7924528301886793,0.6614173228346457,0.6542182874544656,8
"['V14', 'V4', 'V16', 'V9', 'V8', 'V21', 'V12', 'V11']",0.5675675675675675,0.7924528301886793,0.6614173228346457,0.6534679906687404,8
"['V14', 'V4', 'V10', 'V21', 'V12', 'V7', 'V20', 'V11']",0.5675675675675675,0.75,0.6461538461538462,0.6448339895509807,8
"['V14', 'V4', 'V10', 'V8', 'V21', 'V20', 'V11', 'V1']",0.5675675675675675,0.711864406779661,0.631578947368421,0.648112519240434,8
"['V14', 'V4', 'V10', 'V9', 'V12', 'V7', 'V20', 'V11']",0.5675675675675675,0.7241379310344828,0.6363636363636364,0.6358385730539274,8
"['V14', 'V4', 'V10', 'V9', 'V21', 'V20', 'V11', 'V1']",0.5675675675675675,0.711864406779661,0.631578947368421,0.6384473507793272,8
"['V14', 'V4', 'V10', 'V9', 'V21', 'V7', 'V11', 'V1']",0.5675675675675675,0.711864406779661,0.631578947368421,0.6393073879960517,8
"['V14', 'V4', 'V10', 'V9', 'V21', 'V7', 'V20', 'V1']",0.5675675675675675,0.711864406779661,0.631578947368421,0.6456962394985556,8
"['V14', 'V4', 'V10', 'V9', 'V21', 'V7', 'V20', 'V11']",0.5675675675675675,0.711864406779661,0.631578947368421,0.6503103564852576,8
"['V14', 'V4', 'V10', 'V9', 'V21', 'V12', 'V20', 'V11']",0.5675675675675675,0.7241379310344828,0.6363636363636364,0.6434202442226686,8
"['V14', 'V4', 'V10', 'V9', 'V21', 'V12', 'V7', 'V11']",0.5675675675675675,0.7241379310344828,0.6363636363636364,0.6453537986146264,8
"['V14', 'V4', 'V10', 'V9', 'V21', 'V12', 'V7', 'V20']",0.5675675675675675,0.7241379310344828,0.6363636363636364,0.6448961707279988,8
"['V14', 'V4', 'V10', 'V9', 'V8', 'V7', 'V11', 'V1']",0.5675675675675675,0.711864406779661,0.631578947368421,0.6424656065202112,8
"['V14', 'V4', 'V10', 'V9', 'V8', 'V21', 'V11', 'V1']",0.5675675675675675,0.711864406779661,0.631578947368421,0.6459820763628865,8
"['V14', 'V4', 'V10', 'V9', 'V8', 'V21', 'V20', 'V1']",0.5675675675675675,0.711864406779661,0.631578947368421,0.6481475405261077,8
"['V14', 'V4', 'V16', 'V9', 'V8', 'V21', 'V20', 'V11']",0.5675675675675675,0.7924528301886793,0.6614173228346457,0.6580098402803747,8
"['V14', 'V4', 'V16', 'V9', 'V8', 'V21', 'V11', 'V1']",0.5675675675675675,0.7777777777777778,0.65625,0.6566377893643491,8
"['V10', 'V16', 'V9', 'V7', 'V20', 'V11', 'V1']",0.5675675675675675,0.7924528301886793,0.6614173228346457,0.5968254820119645,7
"['V14', 'V4', 'V16', 'V9', 'V8', 'V12', 'V7', 'V11']",0.5675675675675675,0.7924528301886793,0.6614173228346457,0.6542230136146472,8
"['V14', 'V4', 'V16', 'V8', 'V12', 'V7', 'V20', 'V11']",0.5675675675675675,0.7777777777777778,0.65625,0.6439334549036565,8
"['V14', 'V4', 'V16', 'V8', 'V21', 'V7', 'V20', 'V11']",0.5675675675675675,0.7777777777777778,0.65625,0.6463819586054262,8
"['V14', 'V4', 'V16', 'V8', 'V21', 'V12', 'V20', 'V11']",0.5675675675675675,0.7924528301886793,0.6614173228346457,0.6469525381345665,8
"['V14', 'V4', 'V16', 'V8', 'V21', 'V12', 'V7', 'V11']",0.5675675675675675,0.7924528301886793,0.6614173228346457,0.6442413707997001,8
"['V14', 'V4', 'V16', 'V8', 'V21', 'V12', 'V7', 'V20']",0.5675675675675675,0.7924528301886793,0.6614173228346457,0.6469430763653208,8
"['V14', 'V4', 'V16', 'V9', 'V7', 'V20', 'V11', 'V1']",0.5675675675675675,0.7777777777777778,0.65625,0.6361221228504451,8
"['V14', 'V4', 'V16', 'V9', 'V12', 'V20', 'V11', 'V1']",0.5675675675675675,0.7777777777777778,0.65625,0.6327470286192316,8
"['V14', 'V4', 'V16', 'V9', 'V21', 'V20', 'V11', 'V1']",0.5675675675675675,0.7777777777777778,0.65625,0.6414519871258035,8
"['V14', 'V4', 'V16', 'V9', 'V21', 'V7', 'V11', 'V1']",0.5675675675675675,0.7777777777777778,0.65625,0.6413716464866824,8
"['V14', 'V4', 'V16', 'V9', 'V21', 'V7', 'V20', 'V1']",0.5675675675675675,0.7777777777777778,0.65625,0.6423923234760823,8
"['V14', 'V4', 'V16', 'V9', 'V21', 'V12', 'V11', 'V1']",0.5675675675675675,0.7777777777777778,0.65625,0.6366912467014945,8
"['V14', 'V4', 'V16', 'V9', 'V21', 'V12', 'V20', 'V1']",0.5675675675675675,0.7777777777777778,0.65625,0.6407323398254196,8
"['V14', 'V4', 'V16', 'V9', 'V21', 'V12', 'V7', 'V1']",0.5675675675675675,0.7924528301886793,0.6614173228346457,0.6422244220036615,8
"['V14', 'V4', 'V16', 'V9', 'V8', 'V20', 'V11', 'V1']",0.5675675675675675,0.7924528301886793,0.6614173228346457,0.6540969472701968,8
"['V14', 'V4', 'V16', 'V9', 'V8', 'V7', 'V11', 'V1']",0.5675675675675675,0.7777777777777778,0.65625,0.653068001616094,8
"['V14', 'V4', 'V16', 'V9', 'V8', 'V7', 'V20', 'V11']",0.5675675675675675,0.7777777777777778,0.65625,0.6583675912773173,8
"['V14', 'V4', 'V16', 'V9', 'V8', 'V12', 'V20', 'V11']",0.5675675675675675,0.7924528301886793,0.6614173228346457,0.6532892830564422,8
"['V14', 'V4', 'V10', 'V9', 'V8', 'V21', 'V20', 'V11']",0.5675675675675675,0.711864406779661,0.631578947368421,0.6489211397377286,8
"['V14', 'V4', 'V10', 'V9', 'V8', 'V21', 'V7', 'V11']",0.5675675675675675,0.711864406779661,0.631578947368421,0.6521868140769373,8
"['V14', 'V4', 'V10', 'V9', 'V8', 'V21', 'V7', 'V20']",0.5675675675675675,0.711864406779661,0.631578947368421,0.6524608307744455,8
"['V14', 'V4', 'V10', 'V16', 'V12', 'V7', 'V20', 'V11']",0.5675675675675675,0.7924528301886793,0.6614173228346457,0.6418381092547623,8
"['V14', 'V4', 'V21', 'V12', 'V7', 'V1']",0.5675675675675675,0.75,0.6461538461538462,0.6336591431509634,6
"['V10', 'V9', 'V21', 'V12', 'V7', 'V20', 'V1']",0.5675675675675675,0.7924528301886793,0.6614173228346457,0.6015947464380726,7
"['V10', 'V9', 'V21', 'V12', 'V7', 'V20', 'V11']",0.5675675675675675,0.7924528301886793,0.6614173228346457,0.6096852353148629,7
"['V10', 'V9', 'V8', 'V12', 'V7', 'V11', 'V1']",0.5675675675675675,0.7924528301886793,0.6614173228346457,0.6031279724700184,7
"['V10', 'V9', 'V8', 'V21', 'V20', 'V11', 'V1']",0.5675675675675675,0.7777777777777778,0.65625,0.5999421617844992,7
"['V14', 'V4', 'V16', 'V12']",0.5675675675675675,0.7924528301886793,0.6614173228346457,0.6281043690590362,4
"['V14', 'V4', 'V16', 'V7']",0.5675675675675675,0.7924528301886793,0.6614173228346457,0.6302702506089051,4
"['V10', 'V16', 'V12', 'V7', 'V20', 'V11', 'V1']",0.5675675675675675,0.7924528301886793,0.6614173228346457,0.5915975351861494,7
"['V10', 'V16', 'V21', 'V7', 'V20', 'V11', 'V1']",0.5675675675675675,0.7777777777777778,0.65625,0.5824322507708345,7
"['V14', 'V4', 'V16', 'V11']",0.5675675675675675,0.7777777777777778,0.65625,0.6258568671416213,4
"['V14', 'V10', 'V1', 'V2', 'V4']",0.5675675675675675,0.711864406779661,0.631578947368421,0.6289466120776934,5
"['V10', 'V16', 'V21', 'V12', 'V7', 'V20', 'V11']",0.5675675675675675,0.7777777777777778,0.65625,0.591560694961604,7
"['V10', 'V16', 'V8', 'V7', 'V20', 'V11', 'V1']",0.5675675675675675,0.7924528301886793,0.6614173228346457,0.5830458361029387,7
"['V10', 'V16', 'V8', 'V21', 'V7', 'V20', 'V11']",0.5675675675675675,0.7924528301886793,0.6614173228346457,0.5903134957950024,7
"['V14', 'V10', 'V1', 'V2', 'V3']",0.5675675675675675,0.75,0.6461538461538462,0.6251431996916943,5
"['V14', 'V10', 'V1', 'V21']",0.5675675675675675,0.75,0.6461538461538462,0.6290560873124919,4
"['V10', 'V16', 'V8', 'V21', 'V12', 'V7', 'V20']",0.5675675675675675,0.7777777777777778,0.65625,0.5917859727784469,7
"['V14', 'V4', 'V16', 'V9']",0.5675675675675675,0.7777777777777778,0.65625,0.6330664456709252,4
"['V14', 'V4', 'V10', 'V1']",0.5675675675675675,0.711864406779661,0.631578947368421,0.6259549349579744,4
"['V14', 'V4', 'V10', 'V20']",0.5675675675675675,0.711864406779661,0.631578947368421,0.6311463242975254,4
"['V14', 'V4', 'V10', 'V16', 'V9', 'V12', 'V7', 'V20']",0.5675675675675675,0.7924528301886793,0.6614173228346457,0.640646393365842,8
"['V14', 'V4', 'V10', 'V16', 'V21', 'V7', 'V20', 'V11']",0.5675675675675675,0.7924528301886793,0.6614173228346457,0.6518580697824296,8
"['V14', 'V4', 'V10', 'V16', 'V21', 'V12', 'V20', 'V11']",0.5675675675675675,0.7924528301886793,0.6614173228346457,0.653412813799692,8
"['V14', 'V4', 'V10', 'V16', 'V21', 'V12', 'V7', 'V11']",0.5675675675675675,0.7924528301886793,0.6614173228346457,0.6512616204590853,8
"['V14', 'V4', 'V10', 'V16', 'V21', 'V12', 'V7', 'V20']",0.5675675675675675,0.7924528301886793,0.6614173228346457,0.653211781813466,8
"['V14', 'V4', 'V10', 'V16', 'V8', 'V12', 'V7', 'V11']",0.5675675675675675,0.7924528301886793,0.6614173228346457,0.6559339747549567,8
"['V14', 'V4', 'V10', 'V16', 'V9', 'V7', 'V20', 'V11']",0.5675675675675675,0.7924528301886793,0.6614173228346457,0.6437211956733317,8
"['V14', 'V4', 'V10', 'V16', 'V9', 'V12', 'V7', 'V11']",0.5675675675675675,0.7924528301886793,0.6614173228346457,0.640116445846565,8
"['V14', 'V4', 'V10', 'V16', 'V9', 'V21', 'V12', 'V11']",0.5675675675675675,0.7924528301886793,0.6614173228346457,0.6478166554815762,8
"['V14', 'V4', 'V10', 'V7']",0.5675675675675675,0.711864406779661,0.631578947368421,0.6363163323182949,4
"['V14', 'V4', 'V10', 'V16', 'V9', 'V21', 'V12', 'V20']",0.5675675675675675,0.7924528301886793,0.6614173228346457,0.6499761559086862,8
"['V14', 'V4', 'V10', 'V16', 'V9', 'V21', 'V12', 'V7']",0.5675675675675675,0.7924528301886793,0.6614173228346457,0.6487411397069517,8
"['V14', 'V4', 'V10', 'V16', 'V9', 'V8', 'V12', 'V7']",0.5675675675675675,0.7924528301886793,0.6614173228346457,0.6578597587047882,8
"['V14', 'V4', 'V10', 'V9']",0.5675675675675675,0.711864406779661,0.631578947368421,0.6292073315435067,4
"['V14', 'V4', 'V10', 'V8']",0.5675675675675675,0.711864406779661,0.631578947368421,0.6392722417349856,4
"['V14', 'V4', 'V10', 'V21']",0.5675675675675675,0.711864406779661,0.631578947368421,0.6420732753239892,4
"['V14', 'V4', 'V10', 'V12']",0.5675675675675675,0.7368421052631579,0.6412213740458015,0.6345028784955881,4
"['V14', 'V4', 'V21', 'V12', 'V20', 'V1']",0.5675675675675675,0.7777777777777778,0.65625,0.6199497828508864,6
"['V14', 'V4', 'V21', 'V12', 'V7']",0.5675675675675675,0.7777777777777778,0.65625,0.6293484557793727,5
"['V14', 'V16', 'V9', 'V8', 'V7']",0.5675675675675675,0.7924528301886793,0.6614173228346457,0.6572913129356931,5
"['V14', 'V10', 'V12', 'V7', 'V11']",0.5675675675675675,0.7924528301886793,0.6614173228346457,0.6248749045046958,5
"['V14', 'V4', 'V16', 'V8', 'V21', 'V7']",0.5675675675675675,0.7777777777777778,0.65625,0.6466991300446767,6
"['V14', 'V4', 'V16', 'V8', 'V21', 'V12']",0.5675675675675675,0.7924528301886793,0.6614173228346457,0.6483376972634657,6
"['V14', 'V4', 'V10', 'V9', 'V20', 'V11']",0.5675675675675675,0.711864406779661,0.631578947368421,0.632432645257362,6
"['V14', 'V4', 'V10', 'V9', 'V20', 'V1']",0.5675675675675675,0.711864406779661,0.631578947368421,0.626839320477531,6
"['V14', 'V4', 'V10', 'V21', 'V7', 'V20']",0.5675675675675675,0.7241379310344828,0.6363636363636364,0.6503221379098426,6
"['V14', 'V10', 'V21', 'V20', 'V1']",0.5675675675675675,0.75,0.6461538461538462,0.6279406386930168,5
"['V14', 'V4', 'V16', 'V12', 'V11']",0.5675675675675675,0.7924528301886793,0.6614173228346457,0.6282052316589665,5
"['V10', 'V16', 'V21', 'V7', 'V11']",0.5675675675675675,0.7777777777777778,0.65625,0.5802745574352223,5
"['V10', 'V16', 'V21', 'V12', 'V1']",0.5675675675675675,0.7924528301886793,0.6614173228346457,0.5854504235746708,5
"['V14', 'V4', 'V10', 'V9', 'V11', 'V1']",0.5675675675675675,0.711864406779661,0.631578947368421,0.626917451814599,6
"['V14', 'V4', 'V16', 'V9', 'V11', 'V1']",0.5675675675675675,0.7777777777777778,0.65625,0.6329353656711479,6
"['V14', 'V4', 'V10', 'V21', 'V12', 'V11']",0.5675675675675675,0.7241379310344828,0.6363636363636364,0.6440543332454582,6
"['V10', 'V16', 'V21', 'V12', 'V11']",0.5675675675675675,0.7777777777777778,0.65625,0.5901152463426137,5
"['V14', 'V10', 'V12', 'V7', 'V20']",0.5675675675675675,0.7924528301886793,0.6614173228346457,0.6250624352767971,5
"['V10', 'V16', 'V21', 'V12', 'V20']",0.5675675675675675,0.7777777777777778,0.65625,0.5885580762561923,5
"['V14', 'V4', 'V10', 'V9', 'V21', 'V20']",0.5675675675675675,0.711864406779661,0.631578947368421,0.6474267214353034,6
"['V14', 'V10', 'V12', 'V7', 'V1']",0.5675675675675675,0.7924528301886793,0.6614173228346457,0.6251789341839802,5
"['V14', 'V10', 'V12', 'V20', 'V11']",0.5675675675675675,0.7636363636363637,0.6511627906976745,0.6207824034927584,5
"['V14', 'V9', 'V21', 'V7', 'V11']",0.5675675675675675,0.711864406779661,0.631578947368421,0.6443047723083352,5
"['V10', 'V16', 'V8', 'V11', 'V1']",0.5675675675675675,0.7924528301886793,0.6614173228346457,0.5784927835991992,5
"['V14', 'V10', 'V12', 'V20', 'V1']",0.5675675675675675,0.7777777777777778,0.65625,0.620640526181162,5
"['V14', 'V4', 'V16', 'V9', 'V20', 'V11']",0.5675675675675675,0.7777777777777778,0.65625,0.6346679758747867,6
"['V14', 'V10', 'V12', 'V11', 'V1']",0.5675675675675675,0.7636363636363637,0.6511627906976745,0.6197827290093175,5
"['V14', 'V10', 'V7', 'V20', 'V11']",0.5675675675675675,0.7368421052631579,0.6412213740458015,0.6246271265970021,5
"['V14', 'V10', 'V7', 'V20', 'V1']",0.5675675675675675,0.7368421052631579,0.6412213740458015,0.6258269603331994,5
"['V14', 'V10', 'V7', 'V11', 'V1']",0.5675675675675675,0.7368421052631579,0.6412213740458015,0.6233377672249636,5
"['V14', 'V10', 'V20', 'V11', 'V1']",0.5675675675675675,0.75,0.6461538461538462,0.6173919825773387,5
"['V14', 'V4', 'V16', 'V9', 'V7', 'V1']",0.5675675675675675,0.7777777777777778,0.65625,0.6319519976455901,6
"['V14', 'V9', 'V21', 'V7', 'V20']",0.5675675675675675,0.711864406779661,0.631578947368421,0.6466785699388594,5
"['V14', 'V4', 'V16', 'V9', 'V7', 'V20']",0.5675675675675675,0.7777777777777778,0.65625,0.6346293476056839,6
"['V14', 'V10', 'V21', 'V20', 'V11']",0.5675675675675675,0.75,0.6461538461538462,0.6245961732423791,5
"['V14', 'V10', 'V21', 'V7', 'V1']",0.5675675675675675,0.7636363636363637,0.6511627906976745,0.6279340628161788,5
"['V14', 'V4', 'V10', 'V9', 'V7', 'V11']",0.5675675675675675,0.711864406779661,0.631578947368421,0.6359215963900626,6
"['V14', 'V4', 'V16', 'V7', 'V20']",0.5675675675675675,0.7924528301886793,0.6614173228346457,0.6295954381393611,5
"['V14', 'V10', 'V8', 'V12', 'V20']",0.5675675675675675,0.7924528301886793,0.6614173228346457,0.6252101933464116,5
"['V14', 'V10', 'V8', 'V12', 'V11']",0.5675675675675675,0.7636363636363637,0.6511627906976745,0.6275778375518116,5
"['V14', 'V4', 'V16', 'V7', 'V20', 'V11']",0.5675675675675675,0.7777777777777778,0.65625,0.6258714951934763,6
"['V14', 'V4', 'V10', 'V9', 'V21', 'V1']",0.5675675675675675,0.711864406779661,0.631578947368421,0.6424597018761652,6
"['V14', 'V10', 'V8', 'V7', 'V11']",0.5675675675675675,0.7368421052631579,0.6412213740458015,0.6364090053275481,5
"['V14', 'V10', 'V8', 'V7', 'V1']",0.5675675675675675,0.7368421052631579,0.6412213740458015,0.636166652569948,5
"['V14', 'V10', 'V8', 'V20', 'V11']",0.5675675675675675,0.7368421052631579,0.6412213740458015,0.6250451276888994,5
"['V14', 'V4', 'V16', 'V12', 'V20', 'V11']",0.5675675675675675,0.7924528301886793,0.6614173228346457,0.6270429781328288,6
"['V14', 'V4', 'V10', 'V9', 'V12', 'V7']",0.5675675675675675,0.7241379310344828,0.6363636363636364,0.6378885713748478,6
"['V14', 'V4', 'V16', 'V12', 'V7', 'V11']",0.5675675675675675,0.7924528301886793,0.6614173228346457,0.626676499595331,6
"['V14', 'V9', 'V7', 'V20', 'V11']",0.5675675675675675,0.711864406779661,0.631578947368421,0.6375696993439578,5
"['V14', 'V9', 'V12', 'V11', 'V1']",0.5675675675675675,0.7636363636363637,0.6511627906976745,0.6266565767742374,5
"['V14', 'V4', 'V10', 'V9', 'V12', 'V20']",0.5675675675675675,0.7241379310344828,0.6363636363636364,0.6368497139118907,6
"['V14', 'V4', 'V10', 'V8', 'V20']",0.5675675675675675,0.711864406779661,0.631578947368421,0.6403614720102719,5
"['V14', 'V4', 'V16', 'V21', 'V7', 'V11']",0.5675675675675675,0.7924528301886793,0.6614173228346457,0.6393621945295679,6
"['V14', 'V4', 'V10', 'V9', 'V7', 'V20']",0.5675675675675675,0.711864406779661,0.631578947368421,0.6376473479280379,6
"['V14', 'V4', 'V16', 'V21', 'V12', 'V1']",0.5675675675675675,0.7924528301886793,0.6614173228346457,0.633399513727336,6
"['V14', 'V4', 'V16', 'V21', 'V12', 'V11']",0.5675675675675675,0.7924528301886793,0.6614173228346457,0.6349683950321213,6
"['V14', 'V4', 'V16', 'V21', 'V12', 'V20']",0.5675675675675675,0.7924528301886793,0.6614173228346457,0.6349431677210451,6
"['V14', 'V4', 'V16', 'V21', 'V12', 'V7']",0.5675675675675675,0.7924528301886793,0.6614173228346457,0.6369582988452923,6
"['V14', 'V4', 'V10', 'V21', 'V7']",0.5675675675675675,0.711864406779661,0.631578947368421,0.6468550912216056,5
"['V14', 'V10', 'V8', 'V11', 'V1']",0.5675675675675675,0.7368421052631579,0.6412213740458015,0.6342458494618477,5
"['V14', 'V4', 'V16', 'V8', 'V20', 'V11']",0.5675675675675675,0.7777777777777778,0.65625,0.6400504034204157,6
"['V14', 'V4', 'V16', 'V20', 'V11']",0.5675675675675675,0.7924528301886793,0.6614173228346457,0.6255022272980082,5
"['V14', 'V4', 'V16', 'V8', 'V7', 'V11']",0.5675675675675675,0.7636363636363637,0.6511627906976745,0.6445190202287313,6
"['V14', 'V4', 'V16', 'V8', 'V7', 'V20']",0.5675675675675675,0.7777777777777778,0.65625,0.6468990527757422,6
"['V14', 'V4', 'V16', 'V7', 'V1']",0.5675675675675675,0.7924528301886793,0.6614173228346457,0.6318131891207253,5
"['V14', 'V4', 'V16', 'V8', 'V12', 'V11']",0.5675675675675675,0.7777777777777778,0.65625,0.6380321250969553,6
"['V14', 'V4', 'V16', 'V7', 'V11']",0.5675675675675675,0.7924528301886793,0.6614173228346457,0.6284044071248788,5
"['V14', 'V4', 'V16', 'V12', 'V20']",0.5675675675675675,0.7924528301886793,0.6614173228346457,0.6259665563142762,5
"['V14', 'V16', 'V9', 'V8', 'V12']",0.5675675675675675,0.7924528301886793,0.6614173228346457,0.6531707387083368,5
"['V14', 'V4', 'V10', 'V21', 'V20']",0.5675675675675675,0.711864406779661,0.631578947368421,0.6468456004249985,5
"['V14', 'V9', 'V8', 'V21', 'V7']",0.5675675675675675,0.711864406779661,0.631578947368421,0.6404703251586851,5
"['V14', 'V16', 'V9', 'V20', 'V1']",0.5675675675675675,0.7636363636363637,0.6511627906976745,0.6395071482883444,5
"['V14', 'V16', 'V20', 'V11', 'V1']",0.5675675675675675,0.75,0.6461538461538462,0.5988753587391581,5
"['V14', 'V16', 'V9', 'V11', 'V1']",0.5675675675675675,0.7636363636363637,0.6511627906976745,0.637905031514214,5
"['V10', 'V16', 'V8', 'V12', 'V20']",0.5675675675675675,0.7924528301886793,0.6614173228346457,0.5858200184980029,5
"['V14', 'V16', 'V7', 'V11', 'V1']",0.5675675675675675,0.7636363636363637,0.6511627906976745,0.6160244878554489,5
"['V14', 'V4', 'V16', 'V21', 'V12']",0.5675675675675675,0.7924528301886793,0.6614173228346457,0.6364931125598472,5
"['V14', 'V4', 'V16', 'V8', 'V11']",0.5675675675675675,0.7636363636363637,0.6511627906976745,0.6387331639416474,5
"['V14', 'V16', 'V7', 'V20', 'V1']",0.5675675675675675,0.7777777777777778,0.65625,0.6372094193808822,5
"['V14', 'V4', 'V16', 'V8', 'V7']",0.5675675675675675,0.7636363636363637,0.6511627906976745,0.6475955907830787,5
"['V14', 'V16', 'V8', 'V7', 'V1']",0.5675675675675675,0.7636363636363637,0.6511627906976745,0.6300587939702043,5
"['V14', 'V16', 'V8', 'V20', 'V11']",0.5675675675675675,0.75,0.6461538461538462,0.6061395792703382,5
"['V14', 'V16', 'V8', 'V20', 'V1']",0.5675675675675675,0.75,0.6461538461538462,0.6093024204290112,5
"['V14', 'V16', 'V8', 'V11', 'V1']",0.5675675675675675,0.7368421052631579,0.6412213740458015,0.5993796945254267,5
"['V14', 'V4', 'V16', 'V9', 'V1']",0.5675675675675675,0.7777777777777778,0.65625,0.6327076630615633,5
"['V14', 'V4', 'V16', 'V9', 'V11']",0.5675675675675675,0.7777777777777778,0.65625,0.634644253256486,5
"['V14', 'V4', 'V16', 'V9', 'V20']",0.5675675675675675,0.7777777777777778,0.65625,0.6341851058076035,5
"['V14', 'V4', 'V16', 'V9', 'V7']",0.5675675675675675,0.7777777777777778,0.65625,0.6346180439856223,5
"['V14', 'V16', 'V7', 'V20', 'V11']",0.5675675675675675,0.7636363636363637,0.6511627906976745,0.6132871644166047,5
"['V14', 'V16', 'V21', 'V7', 'V20']",0.5675675675675675,0.7777777777777778,0.65625,0.6287597518535957,5
"['V10', 'V16', 'V8', 'V21', 'V11']",0.5675675675675675,0.7924528301886793,0.6614173228346457,0.5876334811655077,5
"['V14', 'V4', 'V10', 'V7', 'V11']",0.5675675675675675,0.7241379310344828,0.6363636363636364,0.6327268971615111,5
"['V14', 'V16', 'V21', 'V7', 'V11']",0.5675675675675675,0.7636363636363637,0.6511627906976745,0.6185346192082434,5
"['V14', 'V16', 'V21', 'V7', 'V1']",0.5675675675675675,0.7777777777777778,0.65625,0.6247746745068754,5
"['V14', 'V4', 'V10', 'V7', 'V1']",0.5675675675675675,0.711864406779661,0.631578947368421,0.6306779474236723,5
"['V14', 'V4', 'V16', 'V9', 'V21']",0.5675675675675675,0.7777777777777778,0.65625,0.6386177653433931,5
"['V14', 'V16', 'V21', 'V11', 'V1']",0.5675675675675675,0.75,0.6461538461538462,0.5976679285206068,5
"['V14', 'V4', 'V16', 'V9', 'V8']",0.5675675675675675,0.7924528301886793,0.6614173228346457,0.6587390281116542,5
"['V14', 'V4', 'V10', 'V20', 'V1']",0.5675675675675675,0.711864406779661,0.631578947368421,0.6257622756915837,5
"['V14', 'V4', 'V10', 'V8', 'V7', 'V20']",0.5675675675675675,0.711864406779661,0.631578947368421,0.6461726218737108,6
"['V14', 'V4', 'V10', 'V7', 'V20']",0.5675675675675675,0.711864406779661,0.631578947368421,0.6356266452996491,5
"['V14', 'V16', 'V9', 'V20', 'V11']",0.5675675675675675,0.7777777777777778,0.65625,0.6371334518711028,5
"['V14', 'V16', 'V9', 'V8', 'V20']",0.5675675675675675,0.7777777777777778,0.65625,0.6527942434236699,5
"['V14', 'V16', 'V9', 'V7', 'V1']",0.5675675675675675,0.7924528301886793,0.6614173228346457,0.639148953952406,5
"['V14', 'V4', 'V10', 'V21', 'V11']",0.5675675675675675,0.711864406779661,0.631578947368421,0.6423181531323567,5
"['V14', 'V4', 'V16', 'V12', 'V7']",0.5675675675675675,0.7924528301886793,0.6614173228346457,0.6291264899153823,5
"['V14', 'V16', 'V9', 'V21', 'V12']",0.5675675675675675,0.7777777777777778,0.65625,0.641276251021507,5
"['V14', 'V16', 'V9', 'V21', 'V7']",0.5675675675675675,0.7777777777777778,0.65625,0.6484944612249706,5
"['V14', 'V9', 'V8', 'V7', 'V1']",0.5675675675675675,0.711864406779661,0.631578947368421,0.6423850560879496,5
"['V14', 'V9', 'V8', 'V7', 'V20']",0.5675675675675675,0.711864406779661,0.631578947368421,0.6466480379047267,5
"['V14', 'V16', 'V9', 'V21', 'V20']",0.5675675675675675,0.7777777777777778,0.65625,0.6421981241239407,5
"['V14', 'V16', 'V9', 'V21', 'V11']",0.5675675675675675,0.7777777777777778,0.65625,0.6424005328101129,5
"['V14', 'V16', 'V9', 'V21', 'V1']",0.5675675675675675,0.7636363636363637,0.6511627906976745,0.6446312007572743,5
"['V14', 'V4', 'V16', 'V9', 'V21', 'V11']",0.5675675675675675,0.7777777777777778,0.65625,0.6401988163495953,6
"['V14', 'V4', 'V16', 'V9', 'V21', 'V20']",0.5675675675675675,0.7777777777777778,0.65625,0.6448478965585075,6
"['V14', 'V4', 'V16', 'V9', 'V21', 'V7']",0.5675675675675675,0.7777777777777778,0.65625,0.6477376758428898,6
"['V14', 'V4', 'V10', 'V8', 'V21', 'V1']",0.5675675675675675,0.711864406779661,0.631578947368421,0.6498234079514146,6
"['V14', 'V9', 'V8', 'V12', 'V1']",0.5675675675675675,0.7636363636363637,0.6511627906976745,0.6371676991354631,5
"['V14', 'V16', 'V9', 'V12', 'V7']",0.5675675675675675,0.7924528301886793,0.6614173228346457,0.6325984853078569,5
"['V14', 'V4', 'V16', 'V9', 'V8', 'V1']",0.5675675675675675,0.7924528301886793,0.6614173228346457,0.6588141702455204,6
"['V14', 'V16', 'V9', 'V12', 'V20']",0.5675675675675675,0.7777777777777778,0.65625,0.6368815225071991,5
"['V14', 'V16', 'V9', 'V12', 'V11']",0.5675675675675675,0.7924528301886793,0.6614173228346457,0.6281849896942314,5
"['V14', 'V4', 'V16', 'V9', 'V8', 'V11']",0.5675675675675675,0.7924528301886793,0.6614173228346457,0.6579071160344322,6
"['V14', 'V4', 'V16', 'V9', 'V8', 'V20']",0.5675675675675675,0.7924528301886793,0.6614173228346457,0.6573444132372074,6
"['V14', 'V4', 'V16', 'V9', 'V8', 'V7']",0.5675675675675675,0.7777777777777778,0.65625,0.6599782570789577,6
"['V14', 'V4', 'V10', 'V12', 'V7', 'V11']",0.5675675675675675,0.7924528301886793,0.6614173228346457,0.637340200088955,6
"['V14', 'V4', 'V16', 'V9', 'V8', 'V12']",0.5675675675675675,0.7924528301886793,0.6614173228346457,0.6572406288459299,6
"['V14', 'V4', 'V16', 'V9', 'V8', 'V21']",0.5675675675675675,0.7777777777777778,0.65625,0.6606392105624155,6
"['V14', 'V4', 'V10', 'V20', 'V11', 'V1']",0.5675675675675675,0.711864406779661,0.631578947368421,0.6270082006781598,6
"['V14', 'V4', 'V10', 'V7', 'V11', 'V1']",0.5675675675675675,0.711864406779661,0.631578947368421,0.6313993741410856,6
"['V14', 'V16', 'V9', 'V12', 'V1']",0.5675675675675675,0.7924528301886793,0.6614173228346457,0.6338875826789611,5
"['V14', 'V16', 'V9', 'V7', 'V20']",0.5675675675675675,0.7777777777777778,0.65625,0.6438306986248669,5
"['V14', 'V16', 'V9', 'V7', 'V11']",0.5675675675675675,0.7636363636363637,0.6511627906976745,0.6372670238937143,5
"['V14', 'V4', 'V9', 'V8', 'V21', 'V12']",0.5675675675675675,0.711864406779661,0.631578947368421,0.6382952765763188,6
"['V14', 'V4', 'V16', 'V12', 'V7', 'V20']",0.5675675675675675,0.7924528301886793,0.6614173228346457,0.6283040488924988,6
"['V14', 'V9', 'V7', 'V11', 'V1']",0.5675675675675675,0.711864406779661,0.631578947368421,0.6313684793229628,5
"['V14', 'V10', 'V16', 'V21', 'V11']",0.5675675675675675,0.7924528301886793,0.6614173228346457,0.6357390626262788,5
"['V14', 'V4', 'V10', 'V16', 'V7']",0.5675675675675675,0.7924528301886793,0.6614173228346457,0.6425876669678404,5
"['V14', 'V4', 'V10', 'V9', 'V8']",0.5675675675675675,0.711864406779661,0.631578947368421,0.640779368416084,5
"['V14', 'V10', 'V16', 'V8', 'V7']",0.5675675675675675,0.7924528301886793,0.6614173228346457,0.6510036155068046,5
"['V10', 'V21', 'V12', 'V7', 'V11']",0.5675675675675675,0.7777777777777778,0.65625,0.5931305312967171,5
"['V14', 'V4', 'V8', 'V12', 'V1']",0.5675675675675675,0.7924528301886793,0.6614173228346457,0.6152641445202733,5
"['V14', 'V10', 'V16', 'V21', 'V12']",0.5675675675675675,0.7924528301886793,0.6614173228346457,0.6335217060870559,5
"['V14', 'V10', 'V16', 'V21', 'V7']",0.5675675675675675,0.7924528301886793,0.6614173228346457,0.6384533206415918,5
"['V14', 'V4', 'V10', 'V16', 'V21', 'V12']",0.5675675675675675,0.7924528301886793,0.6614173228346457,0.6477740854481296,6
"['V14', 'V10', 'V16', 'V21', 'V20']",0.5675675675675675,0.7924528301886793,0.6614173228346457,0.6360293964079712,5
"['V14', 'V10', 'V16', 'V21', 'V1']",0.5675675675675675,0.7924528301886793,0.6614173228346457,0.6328384166360883,5
"['V14', 'V4', 'V10', 'V16', 'V21', 'V7']",0.5675675675675675,0.7924528301886793,0.6614173228346457,0.6482764321931691,6
"['V14', 'V10', 'V16', 'V12', 'V7']",0.5675675675675675,0.7924528301886793,0.6614173228346457,0.6303483116371426,5
"['V14', 'V10', 'V16', 'V12', 'V11']",0.5675675675675675,0.7924528301886793,0.6614173228346457,0.6318143496002406,5
"['V14', 'V10', 'V16', 'V12', 'V1']",0.5675675675675675,0.7924528301886793,0.6614173228346457,0.630986201674946,5
"['V14', 'V10', 'V16', 'V7', 'V20']",0.5675675675675675,0.7924528301886793,0.6614173228346457,0.6386240595475398,5
"['V14', 'V4', 'V10', 'V9', 'V21']",0.5675675675675675,0.711864406779661,0.631578947368421,0.6406739230282489,5
"['V14', 'V10', 'V16', 'V7', 'V11']",0.5675675675675675,0.7924528301886793,0.6614173228346457,0.6326651602073128,5
"['V14', 'V10', 'V16', 'V7', 'V1']",0.5675675675675675,0.7924528301886793,0.6614173228346457,0.6310857624325921,5
"['V14', 'V10', 'V16', 'V20', 'V11']",0.5675675675675675,0.7924528301886793,0.6614173228346457,0.6285432241973304,5
"['V14', 'V10', 'V16', 'V20', 'V1']",0.5675675675675675,0.7924528301886793,0.6614173228346457,0.6322565240366498,5
"['V14', 'V4', 'V10', 'V16', 'V9', 'V21']",0.5675675675675675,0.7924528301886793,0.6614173228346457,0.6514771122723404,6
"['V14', 'V4', 'V8', 'V12', 'V11', 'V1']",0.5675675675675675,0.7636363636363637,0.6511627906976745,0.6143699469134254,6
"['V14', 'V4', 'V10', 'V16', 'V12']",0.5675675675675675,0.7924528301886793,0.6614173228346457,0.6421221961583629,5
"['V14', 'V4', 'V10', 'V9', 'V21', 'V7']",0.5675675675675675,0.711864406779661,0.631578947368421,0.6460658529672719,6
"['V14', 'V4', 'V12', 'V11', 'V1']",0.5675675675675675,0.75,0.6461538461538462,0.6121326207850708,5
"['V14', 'V4', 'V8', 'V21', 'V12', 'V1']",0.5675675675675675,0.7924528301886793,0.6614173228346457,0.6335332729657777,6
"['V14', 'V4', 'V8', 'V21', 'V12', 'V20']",0.5675675675675675,0.7924528301886793,0.6614173228346457,0.6284951555128475,6
"['V14', 'V4', 'V12', 'V20', 'V11']",0.5675675675675675,0.7924528301886793,0.6614173228346457,0.6105799005499893,5
"['V14', 'V4', 'V8', 'V21', 'V12', 'V7']",0.5675675675675675,0.7924528301886793,0.6614173228346457,0.6339148245404962,6
"['V14', 'V4', 'V8', 'V21', 'V7', 'V11']",0.5675675675675675,0.7,0.6268656716417911,0.6306213862029267,6
"['V14', 'V4', 'V8', 'V21', 'V20', 'V11']",0.5675675675675675,0.7,0.6268656716417911,0.6140780176047828,6
"['V14', 'V4', 'V12', 'V7', 'V1']",0.5675675675675675,0.75,0.6461538461538462,0.6189270080936418,5
"['V14', 'V10', 'V16', 'V9', 'V12']",0.5675675675675675,0.7924528301886793,0.6614173228346457,0.6334170697745632,5
"['V14', 'V10', 'V16', 'V9', 'V7']",0.5675675675675675,0.7924528301886793,0.6614173228346457,0.6375100394361787,5
"['V14', 'V10', 'V16', 'V9', 'V20']",0.5675675675675675,0.7777777777777778,0.65625,0.6380738686992878,5
"['V14', 'V10', 'V16', 'V9', 'V11']",0.5675675675675675,0.7777777777777778,0.65625,0.637191661156334,5
"['V14', 'V10', 'V16', 'V9', 'V1']",0.5675675675675675,0.7924528301886793,0.6614173228346457,0.6359938485359198,5
"['V14', 'V4', 'V8', 'V12', 'V7', 'V20']",0.5675675675675675,0.7924528301886793,0.6614173228346457,0.6331556328282318,6
"['V14', 'V4', 'V8', 'V12', 'V7', 'V1']",0.5675675675675675,0.7777777777777778,0.65625,0.6372187397660093,6
"['V14', 'V12', 'V20', 'V11', 'V1']",0.5675675675675675,0.7636363636363637,0.6511627906976745,0.590597891391413,5
"['V4', 'V10', 'V16', 'V20', 'V11']",0.5675675675675675,0.7924528301886793,0.6614173228346457,0.6122632838874994,5
"['V14', 'V4', 'V10', 'V16', 'V21']",0.5675675675675675,0.7924528301886793,0.6614173228346457,0.6500534120113635,5
"['V14', 'V4', 'V12', 'V7', 'V20']",0.5675675675675675,0.7777777777777778,0.65625,0.6161060149010333,5
"['V14', 'V10', 'V16', 'V11', 'V1']",0.5675675675675675,0.7924528301886793,0.6614173228346457,0.6296650892206463,5
"['V14', 'V10', 'V16', 'V12', 'V20']",0.5675675675675675,0.7924528301886793,0.6614173228346457,0.6303042105275415,5
"['V14', 'V4', 'V8', 'V12', 'V20']",0.5675675675675675,0.7924528301886793,0.6614173228346457,0.6135563523152939,5
"['V14', 'V4', 'V9', 'V8', 'V12', 'V7']",0.5675675675675675,0.7241379310344828,0.6363636363636364,0.6459953019155782,6
"['V10', 'V16', 'V12', 'V7', 'V11']",0.5675675675675675,0.7777777777777778,0.65625,0.5919570671754347,5
"['V10', 'V16', 'V7', 'V20', 'V11']",0.5675675675675675,0.7777777777777778,0.65625,0.5841776156919068,5
"['V14', 'V4', 'V10', 'V9', 'V8', 'V7']",0.5675675675675675,0.711864406779661,0.631578947368421,0.6474449963273726,6
"['V10', 'V16', 'V12', 'V20', 'V11']",0.5675675675675675,0.7924528301886793,0.6614173228346457,0.5920236727424492,5
"['V14', 'V4', 'V10', 'V16', 'V7', 'V11']",0.5675675675675675,0.7924528301886793,0.6614173228346457,0.6425078985917257,6
"['V14', 'V4', 'V10', 'V9', 'V8', 'V20']",0.5675675675675675,0.711864406779661,0.631578947368421,0.6395201482832048,6
"['V14', 'V4', 'V10', 'V8', 'V21']",0.5675675675675675,0.711864406779661,0.631578947368421,0.6490506537417499,5
"['V14', 'V4', 'V10', 'V9', 'V8', 'V21']",0.5675675675675675,0.711864406779661,0.631578947368421,0.649181601027113,6
"['V14', 'V4', 'V10', 'V9', 'V8', 'V1']",0.5675675675675675,0.711864406779661,0.631578947368421,0.638579161018395,6
"['V14', 'V4', 'V10', 'V9', 'V20']",0.5675675675675675,0.711864406779661,0.631578947368421,0.6309394394429357,5
"['V14', 'V4', 'V10', 'V16', 'V7', 'V20']",0.5675675675675675,0.7924528301886793,0.6614173228346457,0.6427971486059365,6
"['V14', 'V4', 'V10', 'V9', 'V7']",0.5675675675675675,0.711864406779661,0.631578947368421,0.6402071080449798,5
"['V14', 'V8', 'V12', 'V20', 'V1']",0.5675675675675675,0.7777777777777778,0.65625,0.5932530746209085,5
"['V10', 'V9', 'V21', 'V12', 'V11']",0.5675675675675675,0.7777777777777778,0.65625,0.6054227986620246,5
"['V14', 'V8', 'V12', 'V11', 'V1']",0.5675675675675675,0.7636363636363637,0.6511627906976745,0.5977693649483455,5
"['V14', 'V4', 'V10', 'V21', 'V20', 'V11']",0.5675675675675675,0.711864406779661,0.631578947368421,0.6470929886941289,6
"['V14', 'V4', 'V21', 'V12', 'V1']",0.5675675675675675,0.7777777777777778,0.65625,0.620702100565731,5
"['V14', 'V4', 'V10', 'V16', 'V21', 'V11']",0.5675675675675675,0.7924528301886793,0.6614173228346457,0.6482981028966609,6
"['V14', 'V4', 'V10', 'V16', 'V12', 'V7']",0.5675675675675675,0.7924528301886793,0.6614173228346457,0.6416125558543078,6
"['V14', 'V4', 'V8', 'V21', 'V11']",0.5675675675675675,0.6885245901639344,0.6222222222222222,0.6139796611722972,5
"['V14', 'V4', 'V10', 'V16', 'V12', 'V20']",0.5675675675675675,0.7924528301886793,0.6614173228346457,0.6426233179847974,6
"['V14', 'V4', 'V21', 'V12', 'V7', 'V20']",0.5675675675675675,0.7924528301886793,0.6614173228346457,0.6306977735459179,6
"['V14', 'V4', 'V9', 'V8', 'V12', 'V11']",0.5675675675675675,0.711864406779661,0.631578947368421,0.6338865728394032,6
"['V14', 'V4', 'V10', 'V9', 'V1']",0.5675675675675675,0.711864406779661,0.631578947368421,0.6249330072822218,5
"['V14', 'V4', 'V9', 'V8', 'V12', 'V20']",0.5675675675675675,0.711864406779661,0.631578947368421,0.629665472264556,6
"['V14', 'V10', 'V9', 'V21', 'V11']",0.5675675675675675,0.7368421052631579,0.6412213740458015,0.6313370487310129,5
"['V10', 'V9', 'V12', 'V11', 'V1']",0.5675675675675675,0.7924528301886793,0.6614173228346457,0.601819047144823,5
"['V14', 'V4', 'V10', 'V16', 'V12', 'V11']",0.5675675675675675,0.7924528301886793,0.6614173228346457,0.6430136744808501,6
"['V14', 'V10', 'V9', 'V12', 'V7']",0.5675675675675675,0.7636363636363637,0.6511627906976745,0.6274062782782333,5
"['V10', 'V9', 'V8', 'V21', 'V12', 'V7', 'V1']",0.5540540540540541,0.7884615384615384,0.6507936507936508,0.6030213272747813,7
"['V10', 'V9', 'V21', 'V12', 'V20', 'V1']",0.5540540540540541,0.7735849056603774,0.6456692913385826,0.6001841998869842,6
"['V4', 'V10', 'V8', 'V21', 'V12', 'V20', 'V11', 'V1']",0.5540540540540541,0.7592592592592593,0.640625,0.6313167718388483,8
"['V10', 'V16', 'V9', 'V8', 'V21', 'V12', 'V20', 'V1']",0.5540540540540541,0.7884615384615384,0.6507936507936508,0.5996607667691034,8
"['V14', 'V9', 'V7']",0.5540540540540541,0.7068965517241379,0.6212121212121212,0.6327534145731303,3
"['V4', 'V10', 'V16', 'V9', 'V8', 'V12', 'V20', 'V1']",0.5540540540540541,0.7735849056603774,0.6456692913385826,0.6086370405234713,8
"['V4', 'V10', 'V16', 'V9', 'V21', 'V12', 'V7', 'V1']",0.5540540540540541,0.7884615384615384,0.6507936507936508,0.620138002070829,8
"['V10', 'V9', 'V8', 'V21', 'V12', 'V20', 'V1']",0.5540540540540541,0.7735849056603774,0.6456692913385826,0.6007222979872306,7
"['V10', 'V9', 'V21', 'V7', 'V20', 'V11']",0.5540540540540541,0.7884615384615384,0.6507936507936508,0.6039791001898864,6
"['V10', 'V9', 'V8', 'V21', 'V7', 'V20', 'V11']",0.5540540540540541,0.7884615384615384,0.6507936507936508,0.6043787150564643,7
"['V4', 'V10', 'V16', 'V9', 'V8', 'V12', 'V20', 'V11']",0.5540540540540541,0.7735849056603774,0.6456692913385826,0.6198629429954065,8
"['V10', 'V9', 'V8', 'V21', 'V11', 'V1']",0.5540540540540541,0.7735849056603774,0.6456692913385826,0.5942500558813286,6
"['V4', 'V10', 'V8', 'V21', 'V12', 'V7', 'V20', 'V11']",0.5540540540540541,0.7735849056603774,0.6456692913385826,0.6279136366740369,8
"['V10', 'V9', 'V21', 'V12', 'V20', 'V11']",0.5540540540540541,0.7884615384615384,0.6507936507936508,0.6066409312652652,6
"['V4', 'V10', 'V16', 'V8', 'V21', 'V12', 'V7', 'V11']",0.5540540540540541,0.7454545454545455,0.6356589147286822,0.6193867103128903,8
"['V4', 'V10', 'V16', 'V21', 'V7', 'V20', 'V11', 'V1']",0.5540540540540541,0.7735849056603774,0.6456692913385826,0.6320044697280625,8
"['V4', 'V10', 'V9', 'V8', 'V12', 'V7', 'V11', 'V1']",0.5540540540540541,0.7735849056603774,0.6456692913385826,0.6100385164497313,8
"['V4', 'V10', 'V9', 'V8', 'V12', 'V20', 'V11', 'V1']",0.5540540540540541,0.7592592592592593,0.640625,0.606980286165315,8
"['V4', 'V10', 'V16', 'V9', 'V8', 'V21', 'V12', 'V1']",0.5540540540540541,0.7735849056603774,0.6456692913385826,0.6145588554728844,8
"['V14', 'V16', 'V11']",0.5540540540540541,0.7454545454545455,0.6356589147286822,0.5923942870699855,3
"['V14', 'V9', 'V8']",0.5540540540540541,0.7068965517241379,0.6212121212121212,0.6184660842196351,3
"['V14', 'V9', 'V21']",0.5540540540540541,0.7068965517241379,0.6212121212121212,0.6253662942556171,3
"['V4', 'V10', 'V16', 'V8', 'V21', 'V12', 'V7', 'V1']",0.5540540540540541,0.7735849056603774,0.6456692913385826,0.6339777960403827,8
"['V14', 'V4', 'V10', 'V8', 'V20', 'V11']",0.5540540540540541,0.7068965517241379,0.6212121212121212,0.6381921684472638,6
"['V4', 'V10', 'V16', 'V9', 'V21', 'V12', 'V20', 'V1']",0.5540540540540541,0.7735849056603774,0.6456692913385826,0.6191072976584815,8
"['V4', 'V10', 'V16', 'V8', 'V21', 'V12', 'V7', 'V20']",0.5540540540540541,0.7735849056603774,0.6456692913385826,0.6228309747689253,8
"['V4', 'V10', 'V9', 'V21', 'V12', 'V7', 'V20', 'V1']",0.5540540540540541,0.7884615384615384,0.6507936507936508,0.6232707459697256,8
"['V4', 'V10', 'V16', 'V21', 'V12', 'V7', 'V20', 'V1']",0.5540540540540541,0.7884615384615384,0.6507936507936508,0.6292239990445353,8
"['V4', 'V10', 'V16', 'V9', 'V21', 'V12', 'V11', 'V1']",0.5540540540540541,0.7735849056603774,0.6456692913385826,0.6137070508073927,8
"['V14', 'V4', 'V9', 'V12']",0.5540540540540541,0.7068965517241379,0.6212121212121212,0.6263448632818779,4
"['V4', 'V10', 'V8', 'V21', 'V12', 'V7', 'V11', 'V1']",0.5540540540540541,0.7735849056603774,0.6456692913385826,0.6297925477909943,8
"['V10', 'V16', 'V8', 'V12', 'V7', 'V20', 'V1']",0.5540540540540541,0.7884615384615384,0.6507936507936508,0.5826804502457192,7
"['V10', 'V9', 'V8', 'V21', 'V12', 'V7', 'V11']",0.5540540540540541,0.7884615384615384,0.6507936507936508,0.6163283270072742,7
"['V14', 'V4', 'V9', 'V12', 'V7', 'V11', 'V1']",0.5540540540540541,0.7068965517241379,0.6212121212121212,0.6252469152337722,7
"['V14', 'V4', 'V16', 'V9', 'V21', 'V12', 'V20', 'V11']",0.5540540540540541,0.7884615384615384,0.6507936507936508,0.6403715967424934,8
"['V14', 'V9', 'V20']",0.5540540540540541,0.7068965517241379,0.6212121212121212,0.610936744940662,3
"['V16', 'V21', 'V12', 'V7', 'V20', 'V11', 'V1']",0.5540540540540541,0.7592592592592593,0.640625,0.5735230705153623,7
"['V14', 'V4', 'V10', 'V9', 'V8', 'V20', 'V11', 'V1']",0.5540540540540541,0.7068965517241379,0.6212121212121212,0.6365257325173554,8
"['V14', 'V4', 'V10', 'V9', 'V8', 'V7', 'V20', 'V11']",0.5540540540540541,0.7068965517241379,0.6212121212121212,0.6489986554797638,8
"['V10', 'V16', 'V9', 'V8', 'V12', 'V1']",0.5540540540540541,0.7884615384615384,0.6507936507936508,0.592759994209854,6
"['V10', 'V16', 'V9', 'V8', 'V7', 'V11']",0.5540540540540541,0.7884615384615384,0.6507936507936508,0.5874183868658678,6
"['V10', 'V8', 'V21', 'V12', 'V7', 'V20', 'V1']",0.5540540540540541,0.7735849056603774,0.6456692913385826,0.594442526121976,7
"['V14', 'V4', 'V10', 'V11']",0.5540540540540541,0.7068965517241379,0.6212121212121212,0.6321001224577181,4
"['V10', 'V16', 'V9', 'V8', 'V11', 'V1']",0.5540540540540541,0.7884615384615384,0.6507936507936508,0.5907218678049955,6
"['V10', 'V16', 'V9', 'V21', 'V12', 'V11']",0.5540540540540541,0.7735849056603774,0.6456692913385826,0.6070632132093463,6
"['V10', 'V16', 'V9', 'V21', 'V20', 'V11']",0.5540540540540541,0.7884615384615384,0.6507936507936508,0.5989275671974036,6
"['V10', 'V16', 'V9', 'V12', 'V11', 'V1']",0.5540540540540541,0.7884615384615384,0.6507936507936508,0.60483847574195,6
"['V14', 'V4', 'V8', 'V21', 'V7', 'V20', 'V11', 'V1']",0.5540540540540541,0.7192982456140351,0.6259541984732825,0.6301751106423854,8
"['V10', 'V8', 'V12', 'V7', 'V20', 'V11', 'V1']",0.5540540540540541,0.7884615384615384,0.6507936507936508,0.5942870080677229,7
"['V10', 'V16', 'V9', 'V7', 'V11', 'V1']",0.5540540540540541,0.7884615384615384,0.6507936507936508,0.5913940161457083,6
"['V14', 'V4', 'V10', 'V21', 'V7', 'V11']",0.5540540540540541,0.7068965517241379,0.6212121212121212,0.6442091323439775,6
"['V10', 'V16', 'V9', 'V20', 'V11', 'V1']",0.5540540540540541,0.7884615384615384,0.6507936507936508,0.5944993658270544,6
"['V10', 'V16', 'V8', 'V21', 'V12', 'V7']",0.5540540540540541,0.7735849056603774,0.6456692913385826,0.5925337371939005,6
"['V14', 'V4', 'V10', 'V8', 'V7', 'V11']",0.5540540540540541,0.7068965517241379,0.6212121212121212,0.6481381877470714,6
"['V10', 'V16', 'V8', 'V12', 'V20', 'V1']",0.5540540540540541,0.7884615384615384,0.6507936507936508,0.5823072571147945,6
"['V10', 'V16', 'V8', 'V21', 'V7', 'V11']",0.5540540540540541,0.7884615384615384,0.6507936507936508,0.5876441811643278,6
"['V10', 'V16', 'V8', 'V12', 'V7', 'V1']",0.5540540540540541,0.7884615384615384,0.6507936507936508,0.5832148444012234,6
"['V14', 'V4', 'V16', 'V9', 'V21', 'V12', 'V7', 'V20']",0.5540540540540541,0.7884615384615384,0.6507936507936508,0.6425975244312413,8
"['V14', 'V4', 'V16', 'V9', 'V21', 'V12', 'V7', 'V11']",0.5540540540540541,0.7735849056603774,0.6456692913385826,0.639259099653485,8
"['V10', 'V8', 'V21', 'V12', 'V7', 'V20', 'V11']",0.5540540540540541,0.7735849056603774,0.6456692913385826,0.5981888254288054,7
"['V10', 'V9', 'V21', 'V7', 'V20', 'V11', 'V1']",0.5540540540540541,0.7884615384615384,0.6507936507936508,0.6047159888416256,7
"['V10', 'V9', 'V8', 'V21', 'V7', 'V11', 'V1']",0.5540540540540541,0.7884615384615384,0.6507936507936508,0.6002362125010741,7
"['V14', 'V4', 'V9', 'V12', 'V7', 'V20', 'V11', 'V1']",0.5540540540540541,0.7068965517241379,0.6212121212121212,0.6292074711544863,8
"['V14', 'V4', 'V9', 'V21', 'V12', 'V20', 'V11', 'V1']",0.5540540540540541,0.7068965517241379,0.6212121212121212,0.6315311994832822,8
"['V14', 'V4', 'V9', 'V21', 'V12', 'V7', 'V11', 'V1']",0.5540540540540541,0.7068965517241379,0.6212121212121212,0.6358107587469473,8
"['V10', 'V16', 'V7', 'V20', 'V11', 'V1']",0.5540540540540541,0.7884615384615384,0.6507936507936508,0.5794715909148299,6
"['V14', 'V4', 'V9', 'V21', 'V12', 'V7', 'V20', 'V1']",0.5540540540540541,0.7192982456140351,0.6259541984732825,0.6378801980001385,8
"['V10', 'V9', 'V8', 'V12', 'V7', 'V20', 'V11']",0.5540540540540541,0.7884615384615384,0.6507936507936508,0.6119882191934389,7
"['V14', 'V4', 'V9', 'V21', 'V12', 'V7', 'V20', 'V11']",0.5540540540540541,0.7192982456140351,0.6259541984732825,0.6351528444290304,8
"['V14', 'V4', 'V9', 'V8', 'V7', 'V20', 'V11', 'V1']",0.5540540540540541,0.7068965517241379,0.6212121212121212,0.6409236555102898,8
"['V10', 'V16', 'V12', 'V7', 'V20', 'V1']",0.5540540540540541,0.7735849056603774,0.6456692913385826,0.5847626125321695,6
"['V14', 'V4', 'V9', 'V8', 'V12', 'V20', 'V11', 'V1']",0.5540540540540541,0.7068965517241379,0.6212121212121212,0.6326686118121768,8
"['V14', 'V4', 'V9', 'V8', 'V21', 'V7', 'V11', 'V1']",0.5540540540540541,0.7068965517241379,0.6212121212121212,0.6432801376435263,8
"['V14', 'V4', 'V9', 'V8', 'V21', 'V7', 'V20', 'V11']",0.5540540540540541,0.7068965517241379,0.6212121212121212,0.6442965415895273,8
"['V14', 'V4', 'V16', 'V9', 'V12', 'V7', 'V20', 'V11']",0.5540540540540541,0.7735849056603774,0.6456692913385826,0.6337051365636562,8
"['V14', 'V4', 'V16', 'V9', 'V21', 'V7', 'V20', 'V11']",0.5540540540540541,0.7735849056603774,0.6456692913385826,0.6478524649693942,8
"['V14', 'V4', 'V10', 'V8', 'V11', 'V1']",0.5540540540540541,0.7068965517241379,0.6212121212121212,0.6407193076117748,6
"['V10', 'V16', 'V21', 'V20', 'V11', 'V1']",0.5540540540540541,0.7884615384615384,0.6507936507936508,0.5818694041248124,6
"['V10', 'V16', 'V21', 'V7', 'V11', 'V1']",0.5540540540540541,0.7884615384615384,0.6507936507936508,0.5836894444306983,6
"['V10', 'V16', 'V9', 'V8', 'V11']",0.5540540540540541,0.7884615384615384,0.6507936507936508,0.5865686096308874,5
"['V10', 'V16', 'V8', 'V21', 'V7', 'V11', 'V1']",0.5540540540540541,0.7884615384615384,0.6507936507936508,0.5878052929316683,7
"['V14', 'V4', 'V21', 'V12', 'V7', 'V11']",0.5540540540540541,0.7884615384615384,0.6507936507936508,0.6304690901225904,6
"['V10', 'V9', 'V21', 'V20', 'V11', 'V1']",0.5540540540540541,0.7735849056603774,0.6456692913385826,0.5976927926958255,6
"['V14', 'V9', 'V8', 'V21']",0.5540540540540541,0.7068965517241379,0.6212121212121212,0.6370281451311014,4
"['V21', 'V12', 'V7', 'V20', 'V11']",0.5540540540540541,0.7592592592592593,0.640625,0.5586788169933821,5
"['V14', 'V9', 'V21', 'V20']",0.5540540540540541,0.7068965517241379,0.6212121212121212,0.6184614933517639,4
"['V14', 'V4', 'V16', 'V9', 'V12', 'V20', 'V11']",0.5540540540540541,0.7884615384615384,0.6507936507936508,0.6340307336239288,7
"['V14', 'V4', 'V16', 'V9', 'V12', 'V7', 'V11']",0.5540540540540541,0.7884615384615384,0.6507936507936508,0.6357517280010619,7
"['V14', 'V4', 'V16', 'V9', 'V12', 'V7', 'V20']",0.5540540540540541,0.7884615384615384,0.6507936507936508,0.6345677833737488,7
"['V21', 'V12', 'V7', 'V11', 'V1']",0.5540540540540541,0.7592592592592593,0.640625,0.5583825216142181,5
"['V14', 'V9', 'V8', 'V20']",0.5540540540540541,0.7068965517241379,0.6212121212121212,0.6146999718942804,4
"['V14', 'V4', 'V16', 'V9', 'V21', 'V7', 'V11']",0.5540540540540541,0.7735849056603774,0.6456692913385826,0.6471389703949366,7
"['V14', 'V4', 'V16', 'V9', 'V21', 'V12', 'V1']",0.5540540540540541,0.7884615384615384,0.6507936507936508,0.639211993713877,7
"['V14', 'V4', 'V16', 'V9', 'V21', 'V12', 'V11']",0.5540540540540541,0.7735849056603774,0.6456692913385826,0.639291857900879,7
"['V14', 'V4', 'V16', 'V9', 'V21', 'V12', 'V20']",0.5540540540540541,0.7884615384615384,0.6507936507936508,0.6428603716078298,7
"['V14', 'V4', 'V16', 'V9', 'V21', 'V12', 'V7']",0.5540540540540541,0.7884615384615384,0.6507936507936508,0.639038442521821,7
"['V14', 'V16', 'V11', 'V1']",0.5540540540540541,0.7454545454545455,0.6356589147286822,0.5915578057416423,4
"['V14', 'V9', 'V7', 'V1']",0.5540540540540541,0.7068965517241379,0.6212121212121212,0.6305587007283232,4
"['V14', 'V16', 'V8', 'V1']",0.5540540540540541,0.7321428571428571,0.6307692307692307,0.6035380235040724,4
"['V10', 'V12', 'V7', 'V11', 'V1']",0.5540540540540541,0.7884615384615384,0.6507936507936508,0.5920159622441241,5
"['V21', 'V12', 'V7', 'V11']",0.5540540540540541,0.7592592592592593,0.640625,0.5584271610441448,4
"['V10', 'V21', 'V12', 'V20', 'V11']",0.5540540540540541,0.7735849056603774,0.6456692913385826,0.5860759936284163,5
"['V10', 'V21', 'V12', 'V7', 'V1']",0.5540540540540541,0.7735849056603774,0.6456692913385826,0.5895871045749438,5
"['V10', 'V21', 'V12', 'V7', 'V20']",0.5540540540540541,0.7735849056603774,0.6456692913385826,0.5899784302726634,5
"['V14', 'V4', 'V10', 'V8', 'V20', 'V11', 'V1']",0.5540540540540541,0.7068965517241379,0.6212121212121212,0.6406804944131088,7
"['V14', 'V4', 'V10', 'V8', 'V7', 'V20', 'V11']",0.5540540540540541,0.7068965517241379,0.6212121212121212,0.6477552350673216,7
"['V10', 'V8', 'V21', 'V12', 'V11']",0.5540540540540541,0.7884615384615384,0.6507936507936508,0.5928816521949177,5
"['V10', 'V9', 'V12', 'V7', 'V11']",0.5540540540540541,0.7884615384615384,0.6507936507936508,0.6098953264368625,5
"['V10', 'V9', 'V21', 'V20', 'V11']",0.5540540540540541,0.7884615384615384,0.6507936507936508,0.600181447540292,5
"['V10', 'V9', 'V21', 'V7', 'V11']",0.5540540540540541,0.7735849056603774,0.6456692913385826,0.5924183505928703,5
"['V14', 'V9', 'V21', 'V1']",0.5540540540540541,0.7068965517241379,0.6212121212121212,0.6352916476196214,4
"['V16', 'V21', 'V12', 'V7', 'V11']",0.5540540540540541,0.7592592592592593,0.640625,0.5741949761208843,5
"['V10', 'V9', 'V8', 'V12', 'V11']",0.5540540540540541,0.7884615384615384,0.6507936507936508,0.6062868727891488,5
"['V14', 'V4', 'V9', 'V8', 'V12', 'V20', 'V11']",0.5540540540540541,0.7068965517241379,0.6212121212121212,0.6319549805829278,7
"['V14', 'V4', 'V9', 'V12', 'V7', 'V20', 'V11']",0.5540540540540541,0.7192982456140351,0.6259541984732825,0.6294141006884386,7
"['V14', 'V4', 'V9', 'V21', 'V7', 'V20', 'V11']",0.5540540540540541,0.7068965517241379,0.6212121212121212,0.6425114289600009,7
"['V14', 'V4', 'V9', 'V21', 'V12', 'V11', 'V1']",0.5540540540540541,0.7068965517241379,0.6212121212121212,0.6314388551729474,7
"['V14', 'V4', 'V9', 'V21', 'V12', 'V20', 'V1']",0.5540540540540541,0.7068965517241379,0.6212121212121212,0.6293694706830227,7
"['V14', 'V4', 'V9', 'V21', 'V12', 'V20', 'V11']",0.5540540540540541,0.7068965517241379,0.6212121212121212,0.6310788346347656,7
"['V14', 'V4', 'V9', 'V21', 'V12', 'V7', 'V1']",0.5540540540540541,0.7454545454545455,0.6356589147286822,0.637637970900805,7
"['V14', 'V4', 'V9', 'V21', 'V12', 'V7', 'V11']",0.5540540540540541,0.7192982456140351,0.6259541984732825,0.6351892467515566,7
"['V14', 'V4', 'V9', 'V21', 'V12', 'V7', 'V20']",0.5540540540540541,0.7192982456140351,0.6259541984732825,0.6386075756310089,7
"['V14', 'V4', 'V9', 'V12', 'V20', 'V11', 'V1']",0.5540540540540541,0.7068965517241379,0.6212121212121212,0.6224168310418179,7
"['V14', 'V4', 'V9', 'V8', 'V7', 'V11', 'V1']",0.5540540540540541,0.7068965517241379,0.6212121212121212,0.6374837020975479,7
"['V14', 'V4', 'V9', 'V8', 'V7', 'V20', 'V11']",0.5540540540540541,0.7068965517241379,0.6212121212121212,0.6401718997847076,7
"['V14', 'V4', 'V9', 'V8', 'V12', 'V20', 'V1']",0.5540540540540541,0.7192982456140351,0.6259541984732825,0.6292211398289383,7
"['V14', 'V7', 'V11', 'V1']",0.5540540540540541,0.7454545454545455,0.6356589147286822,0.6102646620310372,4
"['V14', 'V9', 'V11', 'V1']",0.5540540540540541,0.7068965517241379,0.6212121212121212,0.6240271653274991,4
"['V14', 'V4', 'V9', 'V8', 'V21', 'V7', 'V11']",0.5540540540540541,0.7068965517241379,0.6212121212121212,0.6446844658909299,7
"['V14', 'V4', 'V8', 'V21', 'V7', 'V20', 'V11']",0.5540540540540541,0.7068965517241379,0.6212121212121212,0.6295538465103794,7
"['V14', 'V4', 'V8', 'V21', 'V7', 'V11', 'V1']",0.5540540540540541,0.7192982456140351,0.6259541984732825,0.6309815266974778,7
"['V14', 'V4', 'V8', 'V21', 'V20', 'V11', 'V1']",0.5540540540540541,0.6949152542372882,0.6165413533834586,0.6129080922694815,7
"['V14', 'V4', 'V8', 'V12', 'V7', 'V20', 'V11']",0.5540540540540541,0.7884615384615384,0.6507936507936508,0.6332954712941731,7
"['V4', 'V10', 'V16', 'V12']",0.5540540540540541,0.7454545454545455,0.6356589147286822,0.5999940867283441,4
"['V14', 'V4', 'V8', 'V12', 'V20', 'V11', 'V1']",0.5540540540540541,0.7454545454545455,0.6356589147286822,0.6118784361879412,7
"['V14', 'V4', 'V8', 'V7', 'V20', 'V11', 'V1']",0.5540540540540541,0.7192982456140351,0.6259541984732825,0.6258124455462105,7
"['V14', 'V4', 'V21', 'V12', 'V7', 'V20', 'V11']",0.5540540540540541,0.7735849056603774,0.6456692913385826,0.6280636275929578,7
"['V14', 'V4', 'V21', 'V7', 'V20', 'V11', 'V1']",0.5540540540540541,0.7321428571428571,0.6307692307692307,0.6329325366407895,7
"['V16', 'V21', 'V12', 'V11', 'V1']",0.5540540540540541,0.7592592592592593,0.640625,0.5739194533092652,5
"['V16', 'V21', 'V12', 'V20', 'V11']",0.5540540540540541,0.7592592592592593,0.640625,0.5729183587718425,5
"['V14', 'V4', 'V10', 'V9', 'V20', 'V11', 'V1']",0.5540540540540541,0.7068965517241379,0.6212121212121212,0.625579762402967,7
"['V10', 'V16', 'V20', 'V11', 'V1']",0.5540540540540541,0.7884615384615384,0.6507936507936508,0.5762121602135677,5
"['V10', 'V8', 'V21', 'V12', 'V7', 'V20']",0.5540540540540541,0.7735849056603774,0.6456692913385826,0.5929336278694174,6
"['V10', 'V16', 'V9', 'V8', 'V12', 'V20', 'V1']",0.5540540540540541,0.7884615384615384,0.6507936507936508,0.5914081529678725,7
"['V4', 'V10', 'V16', 'V12', 'V20', 'V11', 'V1']",0.5540540540540541,0.7735849056603774,0.6456692913385826,0.6257036545258344,7
"['V4', 'V10', 'V9', 'V21', 'V12', 'V7', 'V1']",0.5540540540540541,0.7884615384615384,0.6507936507936508,0.617325458305793,7
"['V16', 'V21', 'V12', 'V20', 'V11', 'V1']",0.5540540540540541,0.7592592592592593,0.640625,0.571969922866899,6
"['V16', 'V21', 'V12', 'V7', 'V11', 'V1']",0.5540540540540541,0.7592592592592593,0.640625,0.5732879883337206,6
"['V16', 'V21', 'V12', 'V7', 'V20', 'V11']",0.5540540540540541,0.7592592592592593,0.640625,0.573458142426958,6
"['V4', 'V10', 'V8', 'V21', 'V12', 'V20', 'V11']",0.5540540540540541,0.7321428571428571,0.6307692307692307,0.6165323588061332,7
"['V4', 'V10', 'V8', 'V21', 'V12', 'V20', 'V1']",0.5540540540540541,0.7735849056603774,0.6456692913385826,0.6271394727971772,7
"['V10', 'V16', 'V8', 'V7', 'V11']",0.5540540540540541,0.7884615384615384,0.6507936507936508,0.5837872370965105,5
"['V10', 'V16', 'V9', 'V8', 'V21', 'V12', 'V1']",0.5540540540540541,0.7735849056603774,0.6456692913385826,0.6000178540721186,7
"['V10', 'V16', 'V9', 'V8', 'V21', 'V7', 'V11']",0.5540540540540541,0.7884615384615384,0.6507936507936508,0.5998954560209071,7
"['V10', 'V16', 'V8', 'V12', 'V1']",0.5540540540540541,0.7884615384615384,0.6507936507936508,0.581798160938167,5
"['V10', 'V16', 'V9', 'V8', 'V21', 'V20', 'V1']",0.5540540540540541,0.7884615384615384,0.6507936507936508,0.594274692051745,7
"['V10', 'V16', 'V9', 'V8', 'V7', 'V11', 'V1']",0.5540540540540541,0.7884615384615384,0.6507936507936508,0.5889613092929755,7
"['V4', 'V10', 'V16', 'V12', 'V7', 'V20', 'V1']",0.5540540540540541,0.7884615384615384,0.6507936507936508,0.6169091836078164,7
"['V10', 'V16', 'V9', 'V8', 'V20', 'V11', 'V1']",0.5540540540540541,0.7884615384615384,0.6507936507936508,0.5932401072289407,7
"['V10', 'V16', 'V9', 'V21', 'V12', 'V7', 'V11']",0.5540540540540541,0.7884615384615384,0.6507936507936508,0.609495320391193,7
"['V10', 'V12', 'V7', 'V20', 'V11', 'V1']",0.5540540540540541,0.7884615384615384,0.6507936507936508,0.5927184084117456,6
"['V10', 'V16', 'V9', 'V21', 'V12', 'V20', 'V1']",0.5540540540540541,0.7884615384615384,0.6507936507936508,0.6006290414077479,7
"['V10', 'V16', 'V9', 'V21', 'V7', 'V20', 'V11']",0.5540540540540541,0.7884615384615384,0.6507936507936508,0.6026312537419048,7
"['V10', 'V8', 'V12', 'V7', 'V11', 'V1']",0.5540540540540541,0.7884615384615384,0.6507936507936508,0.5917719647862827,6
"['V10', 'V16', 'V9', 'V12', 'V20', 'V11', 'V1']",0.5540540540540541,0.7884615384615384,0.6507936507936508,0.6042076466053271,7
"['V10', 'V16', 'V9', 'V11', 'V1']",0.5540540540540541,0.7884615384615384,0.6507936507936508,0.5907645007336723,5
"['V10', 'V8', 'V21', 'V12', 'V20', 'V1']",0.5540540540540541,0.7884615384615384,0.6507936507936508,0.5919069415433159,6
"['V10', 'V8', 'V21', 'V12', 'V20', 'V11']",0.5540540540540541,0.7884615384615384,0.6507936507936508,0.5977794964761018,6
"['V10', 'V8', 'V21', 'V12', 'V7', 'V1']",0.5540540540540541,0.7884615384615384,0.6507936507936508,0.5931167269182104,6
"['V10', 'V8', 'V21', 'V12', 'V7', 'V11']",0.5540540540540541,0.7592592592592593,0.640625,0.5981934422896248,6
"['V4', 'V10', 'V16', 'V12', 'V7', 'V11', 'V1']",0.5540540540540541,0.7735849056603774,0.6456692913385826,0.6219353392959571,7
"['V4', 'V10', 'V16', 'V21', 'V7', 'V20', 'V1']",0.5540540540540541,0.7884615384615384,0.6507936507936508,0.6296368468078032,7
"['V10', 'V16', 'V7', 'V11', 'V1']",0.5540540540540541,0.7884615384615384,0.6507936507936508,0.5769513446858723,5
"['V4', 'V10', 'V16', 'V9', 'V8', 'V21', 'V1']",0.5540540540540541,0.7592592592592593,0.640625,0.6077512640115037,7
"['V14', 'V9', 'V8', 'V21', 'V20', 'V11', 'V1']",0.5540540540540541,0.7068965517241379,0.6212121212121212,0.6398694534992589,7
"['V10', 'V16', 'V12', 'V7', 'V1']",0.5540540540540541,0.7884615384615384,0.6507936507936508,0.5839648354479128,5
"['V14', 'V4', 'V10', 'V9', 'V21', 'V7', 'V11']",0.5540540540540541,0.7068965517241379,0.6212121212121212,0.6455471893617625,7
"['V14', 'V9', 'V8', 'V7', 'V20', 'V11', 'V1']",0.5540540540540541,0.7068965517241379,0.6212121212121212,0.6518513582213757,7
"['V14', 'V4', 'V10', 'V9', 'V8', 'V11']",0.5540540540540541,0.7068965517241379,0.6212121212121212,0.6412848630000387,6
"['V14', 'V4', 'V10', 'V9', 'V8', 'V20', 'V11']",0.5540540540540541,0.7068965517241379,0.6212121212121212,0.639183132057292,7
"['V14', 'V4', 'V10', 'V9', 'V8', 'V7', 'V11']",0.5540540540540541,0.7068965517241379,0.6212121212121212,0.6498368962832602,7
"['V10', 'V16', 'V21', 'V11', 'V1']",0.5540540540540541,0.7884615384615384,0.6507936507936508,0.5784037411961234,5
"['V14', 'V4', 'V10', 'V9', 'V21', 'V11']",0.5540540540540541,0.7068965517241379,0.6212121212121212,0.6407597441410364,6
"['V14', 'V4', 'V7', 'V11']",0.5540540540540541,0.6949152542372882,0.6165413533834586,0.6148846877678799,4
"['V14', 'V8', 'V21', 'V7', 'V20', 'V11', 'V1']",0.5540540540540541,0.7454545454545455,0.6356589147286822,0.6235187242011493,7
"['V14', 'V4', 'V12', 'V1']",0.5540540540540541,0.7592592592592593,0.640625,0.612291946705395,4
"['V4', 'V10', 'V16', 'V9', 'V8', 'V12', 'V11']",0.5540540540540541,0.7592592592592593,0.640625,0.6125953178368786,7
"['V4', 'V10', 'V16', 'V21', 'V7', 'V20', 'V11']",0.5540540540540541,0.7884615384615384,0.6507936507936508,0.6198439042373596,7
"['V4', 'V10', 'V16', 'V9', 'V8', 'V12', 'V1']",0.5540540540540541,0.7592592592592593,0.640625,0.6061002102580167,7
"['V4', 'V10', 'V16', 'V9', 'V12', 'V11', 'V1']",0.5540540540540541,0.7735849056603774,0.6456692913385826,0.6148336390462418,7
"['V4', 'V10', 'V16', 'V9', 'V20', 'V11', 'V1']",0.5540540540540541,0.7884615384615384,0.6507936507936508,0.613264560643984,7
"['V4', 'V10', 'V16', 'V8', 'V21', 'V7', 'V1']",0.5540540540540541,0.7884615384615384,0.6507936507936508,0.6256286965142579,7
"['V14', 'V4', 'V10', 'V16', 'V9', 'V12', 'V7']",0.5540540540540541,0.7884615384615384,0.6507936507936508,0.6407313532023886,7
"['V4', 'V10', 'V16', 'V8', 'V12', 'V7', 'V20']",0.5540540540540541,0.7735849056603774,0.6456692913385826,0.6129536291018838,7
"['V10', 'V16', 'V8', 'V20', 'V11']",0.5540540540540541,0.7884615384615384,0.6507936507936508,0.5842066920172039,5
"['V10', 'V16', 'V9', 'V8', 'V12', 'V7', 'V20', 'V1']",0.5540540540540541,0.7884615384615384,0.6507936507936508,0.5917767209206407,8
"['V14', 'V4', 'V21', 'V11']",0.5540540540540541,0.6833333333333333,0.6119402985074627,0.6149453678264583,4
"['V4', 'V10', 'V16', 'V21', 'V12', 'V7', 'V1']",0.5540540540540541,0.7884615384615384,0.6507936507936508,0.6246829434449428,7
"['V21', 'V12', 'V7', 'V20', 'V11', 'V1']",0.5540540540540541,0.7592592592592593,0.640625,0.5587153202111251,6
"['V14', 'V4', 'V21', 'V7']",0.5540540540540541,0.7068965517241379,0.6212121212121212,0.6298001169838631,4
"['V10', 'V16', 'V9', 'V8', 'V21', 'V7', 'V20', 'V1']",0.5540540540540541,0.7884615384615384,0.6507936507936508,0.5952732548580911,8
"['V14', 'V4', 'V9', 'V12', 'V7', 'V20', 'V1']",0.5540540540540541,0.7068965517241379,0.6212121212121212,0.6276570621532279,7
"['V10', 'V16', 'V9', 'V8', 'V7', 'V20', 'V11', 'V1']",0.5540540540540541,0.7884615384615384,0.6507936507936508,0.5965690037035334,8
"['V14', 'V16', 'V8', 'V21', 'V20', 'V1']",0.5540540540540541,0.7454545454545455,0.6356589147286822,0.6163602124708693,6
"['V4', 'V10', 'V16', 'V8', 'V21', 'V1']",0.5540540540540541,0.7592592592592593,0.640625,0.6146636680877747,6
"['V14', 'V4', 'V8', 'V7', 'V11']",0.5540540540540541,0.6721311475409836,0.6074074074074074,0.6238340999466166,5
"['V4', 'V10', 'V16', 'V9', 'V8', 'V21', 'V12', 'V20', 'V1']",0.5540540540540541,0.7735849056603774,0.6456692913385826,0.6234256964430689,9
"['V14', 'V4', 'V9', 'V21', 'V12', 'V7']",0.5540540540540541,0.7192982456140351,0.6259541984732825,0.6386688677247219,6
"['V14', 'V4', 'V10', 'V11', 'V1']",0.5540540540540541,0.7068965517241379,0.6212121212121212,0.6275969764320156,5
"['V4', 'V10', 'V16', 'V8', 'V12', 'V20']",0.5540540540540541,0.7735849056603774,0.6456692913385826,0.6098958845716375,6
"['V4', 'V10', 'V16', 'V8', 'V12', 'V11']",0.5540540540540541,0.7592592592592593,0.640625,0.6144231773930167,6
"['V4', 'V10', 'V16', 'V8', 'V12', 'V1']",0.5540540540540541,0.7592592592592593,0.640625,0.6164917797925159,6
"['V14', 'V21', 'V7', 'V11', 'V1']",0.5540540540540541,0.7454545454545455,0.6356589147286822,0.6204382786907149,5
"['V14', 'V4', 'V8', 'V12', 'V7']",0.5540540540540541,0.7735849056603774,0.6456692913385826,0.6330852950537671,5
"['V14', 'V4', 'V9', 'V8', 'V7', 'V11']",0.5540540540540541,0.7068965517241379,0.6212121212121212,0.6429985399703306,6
"['V14', 'V4', 'V10', 'V20', 'V11']",0.5540540540540541,0.7068965517241379,0.6212121212121212,0.6315851130738309,5
"['V4', 'V10', 'V16', 'V9', 'V8', 'V21', 'V20', 'V11', 'V1']",0.5540540540540541,0.7884615384615384,0.6507936507936508,0.6240875153170597,9
"['V4', 'V10', 'V16', 'V21', 'V12', 'V20']",0.5540540540540541,0.7592592592592593,0.640625,0.6106072405162116,6
"['V14', 'V4', 'V10', 'V16', 'V9', 'V21', 'V12', 'V7', 'V20', 'V11']",0.5540540540540541,0.7884615384615384,0.6507936507936508,0.6499383213111015,10
"['V14', 'V7', 'V20', 'V11', 'V1']",0.5540540540540541,0.7454545454545455,0.6356589147286822,0.6205280105940421,5
"['V14', 'V4', 'V16', 'V9', 'V7', 'V11']",0.5540540540540541,0.7735849056603774,0.6456692913385826,0.6346399364819493,6
"['V14', 'V4', 'V9', 'V21', 'V12', 'V20']",0.5540540540540541,0.7192982456140351,0.6259541984732825,0.6319767455145971,6
"['V14', 'V4', 'V16', 'V9', 'V12', 'V1']",0.5540540540540541,0.7884615384615384,0.6507936507936508,0.635283077237075,6
"['V14', 'V4', 'V9', 'V12', 'V7', 'V1']",0.5540540540540541,0.7068965517241379,0.6212121212121212,0.6260257391158636,6
"['V14', 'V4', 'V9', 'V12', 'V7', 'V11']",0.5540540540540541,0.7192982456140351,0.6259541984732825,0.628491272387038,6
"['V14', 'V4', 'V16', 'V9', 'V12', 'V11']",0.5540540540540541,0.7884615384615384,0.6507936507936508,0.636423389593483,6
"['V14', 'V4', 'V9', 'V12', 'V7', 'V20']",0.5540540540540541,0.7192982456140351,0.6259541984732825,0.6310025810219014,6
"['V14', 'V10', 'V4']",0.5540540540540541,0.7068965517241379,0.6212121212121212,0.6286878400083987,3
"['V14', 'V4', 'V16', 'V9', 'V12']",0.5540540540540541,0.7884615384615384,0.6507936507936508,0.6372187781737314,5
"['V4', 'V10', 'V16', 'V7', 'V20', 'V1']",0.5540540540540541,0.7884615384615384,0.6507936507936508,0.6149237627386949,6
"['V14', 'V4', 'V9', 'V8', 'V21', 'V7', 'V20', 'V11', 'V1']",0.5540540540540541,0.7068965517241379,0.6212121212121212,0.6423787467937737,9
"['V14', 'V4', 'V9', 'V21', 'V12', 'V1']",0.5540540540540541,0.7068965517241379,0.6212121212121212,0.6298893662490247,6
"['V4', 'V10', 'V16', 'V8', 'V1']",0.5540540540540541,0.7735849056603774,0.6456692913385826,0.5990637517713897,5
"['V4', 'V10', 'V21', 'V12', 'V20', 'V1']",0.5540540540540541,0.7735849056603774,0.6456692913385826,0.6242706822395945,6
"['V4', 'V10', 'V21', 'V12', 'V20', 'V11']",0.5540540540540541,0.7454545454545455,0.6356589147286822,0.6127572008515461,6
"['V14', 'V4', 'V9', 'V21', 'V12', 'V7', 'V20', 'V11', 'V1']",0.5540540540540541,0.7192982456140351,0.6259541984732825,0.6363148143985736,9
"['V14', 'V4', 'V9', 'V21', 'V12', 'V11']",0.5540540540540541,0.7068965517241379,0.6212121212121212,0.6306781073851074,6
"['V14', 'V8', 'V7', 'V11', 'V1']",0.5540540540540541,0.7321428571428571,0.6307692307692307,0.6172403777012675,5
"['V4', 'V10', 'V16', 'V9', 'V8', 'V12', 'V7', 'V20', 'V1']",0.5540540540540541,0.7735849056603774,0.6456692913385826,0.612728521928362,9
"['V4', 'V10', 'V16', 'V9', 'V21', 'V1']",0.5540540540540541,0.7735849056603774,0.6456692913385826,0.6050923100827262,6
"['V14', 'V4', 'V9', 'V12', 'V1']",0.5540540540540541,0.7068965517241379,0.6212121212121212,0.6233638389735092,5
"['V14', 'V9', 'V20', 'V11', 'V1']",0.5540540540540541,0.7068965517241379,0.6212121212121212,0.620996528863017,5
"['V14', 'V9', 'V8', 'V21', 'V11']",0.5540540540540541,0.7068965517241379,0.6212121212121212,0.6384294929845943,5
"['V14', 'V9', 'V7', 'V20', 'V1']",0.5540540540540541,0.7068965517241379,0.6212121212121212,0.6355317708160741,5
"['V14', 'V4', 'V9', 'V8', 'V12']",0.5540540540540541,0.7068965517241379,0.6212121212121212,0.6322235777905255,5
"['V10', 'V16', 'V9', 'V8', 'V21', 'V12', 'V7', 'V20', 'V11']",0.5540540540540541,0.7884615384615384,0.6507936507936508,0.6200726563489936,9
"['V14', 'V4', 'V10', 'V8', 'V11']",0.5540540540540541,0.7068965517241379,0.6212121212121212,0.6362881511410122,5
"['V14', 'V9', 'V21', 'V11', 'V1']",0.5540540540540541,0.7068965517241379,0.6212121212121212,0.6377264684394212,5
"['V4', 'V10', 'V8', 'V21', 'V12', 'V7', 'V20', 'V11', 'V1']",0.5540540540540541,0.7884615384615384,0.6507936507936508,0.6311963222484672,9
"['V14', 'V9', 'V21', 'V20', 'V1']",0.5540540540540541,0.7068965517241379,0.6212121212121212,0.6314552681121043,5
"['V14', 'V9', 'V21', 'V7', 'V1']",0.5540540540540541,0.7068965517241379,0.6212121212121212,0.6458065255755457,5
"['V14', 'V9', 'V8', 'V11', 'V1']",0.5540540540540541,0.7068965517241379,0.6212121212121212,0.6342500506787465,5
"['V14', 'V4', 'V10', 'V12', 'V11']",0.5540540540540541,0.7592592592592593,0.640625,0.6341297237954532,5
"['V4', 'V10', 'V9', 'V8', 'V21', 'V12', 'V7', 'V11', 'V1']",0.5540540540540541,0.7735849056603774,0.6456692913385826,0.6247559349300706,9
"['V14', 'V9', 'V8', 'V7', 'V11']",0.5540540540540541,0.7068965517241379,0.6212121212121212,0.6460970172988706,5
"['V14', 'V4', 'V16', 'V9', 'V21', 'V12', 'V7', 'V20', 'V11']",0.5540540540540541,0.7735849056603774,0.6456692913385826,0.639708709516059,9
"['V14', 'V9', 'V8', 'V21', 'V20']",0.5540540540540541,0.7068965517241379,0.6212121212121212,0.6311005536833109,5
"['V4', 'V10', 'V16', 'V9', 'V12', 'V7', 'V20', 'V11', 'V1']",0.5540540540540541,0.7884615384615384,0.6507936507936508,0.6156170325147989,9
"['V10', 'V21', 'V12', 'V7']",0.5540540540540541,0.7735849056603774,0.6456692913385826,0.5921793144043292,4
"['V14', 'V4', 'V9', 'V8', 'V12', 'V1']",0.5540540540540541,0.7068965517241379,0.6212121212121212,0.6310892672895049,6
"['V14', 'V4', 'V9', 'V12', 'V11']",0.5540540540540541,0.7068965517241379,0.6212121212121212,0.6277167629384751,5
"['V4', 'V10', 'V8', 'V21', 'V12', 'V11']",0.5540540540540541,0.7321428571428571,0.6307692307692307,0.6101837409356078,6
"['V14', 'V4', 'V9', 'V12', 'V20']",0.5540540540540541,0.7068965517241379,0.6212121212121212,0.6239465425312163,5
"['V14', 'V4', 'V9', 'V12', 'V7']",0.5540540540540541,0.7192982456140351,0.6259541984732825,0.6315447558742247,5
"['V10', 'V16', 'V21', 'V12']",0.5540540540540541,0.7735849056603774,0.6456692913385826,0.5872469836567438,4
"['V14', 'V4', 'V10', 'V9', 'V11']",0.5540540540540541,0.7068965517241379,0.6212121212121212,0.6314091148171493,5
"['V14', 'V4', 'V9', 'V21', 'V12']",0.5540540540540541,0.7192982456140351,0.6259541984732825,0.6308571577361195,5
"['V4', 'V10', 'V16', 'V9', 'V21', 'V12', 'V7', 'V11', 'V1']",0.5540540540540541,0.7884615384615384,0.6507936507936508,0.6177886686180555,9
"['V4', 'V10', 'V16', 'V21', 'V7', 'V1']",0.5540540540540541,0.7884615384615384,0.6507936507936508,0.6284023520139816,6
"['V4', 'V10', 'V16', 'V21', 'V20', 'V11']",0.5540540540540541,0.7735849056603774,0.6456692913385826,0.6162454845383079,6
"['V4', 'V10', 'V16', 'V9', 'V21', 'V12', 'V7', 'V20', 'V1']",0.5540540540540541,0.7884615384615384,0.6507936507936508,0.620717956379608,9
"['V10', 'V21', 'V12', 'V1']",0.5540540540540541,0.7884615384615384,0.6507936507936508,0.5841507963254172,4
"['V10', 'V21', 'V12', 'V11']",0.5540540540540541,0.7884615384615384,0.6507936507936508,0.5848277903152561,4
"['V14', 'V4', 'V10', 'V8', 'V7']",0.5540540540540541,0.7068965517241379,0.6212121212121212,0.6469751063201195,5
"['V14', 'V4', 'V9', 'V12', 'V20', 'V11']",0.5540540540540541,0.7068965517241379,0.6212121212121212,0.6258303288133102,6
"['V14', 'V4', 'V9', 'V21', 'V7', 'V11']",0.5540540540540541,0.7068965517241379,0.6212121212121212,0.6425364044948687,6
"['V14', 'V4', 'V9', 'V12', 'V20', 'V1']",0.5540540540540541,0.7068965517241379,0.6212121212121212,0.6207240338268999,6
"['V10', 'V9', 'V8', 'V21', 'V12', 'V7', 'V20', 'V11']",0.5540540540540541,0.7884615384615384,0.6507936507936508,0.6172996273674543,8
"['V4', 'V10', 'V16', 'V9', 'V8', 'V12', 'V7', 'V20', 'V11', 'V1']",0.5540540540540541,0.7735849056603774,0.6456692913385826,0.6192492711623081,10
"['V14', 'V16', 'V8', 'V21', 'V20']",0.5540540540540541,0.7454545454545455,0.6356589147286822,0.6200259166791589,5
"['V14', 'V4', 'V16', 'V9', 'V21', 'V12']",0.5540540540540541,0.7884615384615384,0.6507936507936508,0.6429278215604687,6
"['V10', 'V16', 'V8', 'V11']",0.5540540540540541,0.7884615384615384,0.6507936507936508,0.5838871500309439,4
"['V14', 'V8', 'V21', 'V7', 'V11', 'V1']",0.5540540540540541,0.7321428571428571,0.6307692307692307,0.6188658713252028,6
"['V14', 'V4', 'V12', 'V20', 'V1']",0.5540540540540541,0.7735849056603774,0.6456692913385826,0.6110492642724544,5
"['V14', 'V8', 'V21', 'V7', 'V20', 'V11']",0.5540540540540541,0.7592592592592593,0.640625,0.6113991570698234,6
"['V14', 'V4', 'V8', 'V21', 'V7', 'V1']",0.5540540540540541,0.7192982456140351,0.6259541984732825,0.6240834280184763,6
"['V14', 'V4', 'V10']",0.5540540540540541,0.7068965517241379,0.6212121212121212,0.6286878400083987,3
"['V14', 'V9', 'V8', 'V7', 'V11', 'V1']",0.5540540540540541,0.7068965517241379,0.6212121212121212,0.6458878912899226,6
"['V14', 'V4', 'V8', 'V12', 'V7', 'V11']",0.5540540540540541,0.7735849056603774,0.6456692913385826,0.632553925612934,6
"['V14', 'V4', 'V12', 'V7', 'V11']",0.5540540540540541,0.7884615384615384,0.6507936507936508,0.6184778109213728,5
"['V14', 'V4', 'V8', 'V12', 'V20', 'V1']",0.5540540540540541,0.7884615384615384,0.6507936507936508,0.6130346059567398,6
"['V14', 'V9', 'V8', 'V20', 'V11', 'V1']",0.5540540540540541,0.7068965517241379,0.6212121212121212,0.6342612132736207,6
"['V10', 'V16', 'V11', 'V1']",0.5540540540540541,0.7884615384615384,0.6507936507936508,0.5767442454721484,4
"['V14', 'V9', 'V21', 'V7', 'V20', 'V1']",0.5540540540540541,0.7068965517241379,0.6212121212121212,0.6460080431070193,6
"['V14', 'V9', 'V21', 'V20', 'V11', 'V1']",0.5540540540540541,0.7068965517241379,0.6212121212121212,0.6339851174511331,6
"['V14', 'V4', 'V21', 'V20', 'V11']",0.5540540540540541,0.6949152542372882,0.6165413533834586,0.6057127139891977,5
"['V14', 'V4', 'V8', 'V7', 'V20', 'V11']",0.5540540540540541,0.6949152542372882,0.6165413533834586,0.62534094422349,6
"['V14', 'V4', 'V21', 'V7', 'V11']",0.5540540540540541,0.7321428571428571,0.6307692307692307,0.6286088280497303,5
"['V14', 'V4', 'V7', 'V20', 'V11', 'V1']",0.5540540540540541,0.7192982456140351,0.6259541984732825,0.6160314059788786,6
"['V14', 'V4', 'V12', 'V20', 'V11', 'V1']",0.5540540540540541,0.7454545454545455,0.6356589147286822,0.6115578695311925,6
"['V14', 'V4', 'V8', 'V7', 'V11', 'V1']",0.5540540540540541,0.7321428571428571,0.6307692307692307,0.6292757488464938,6
"['V14', 'V4', 'V21', 'V20', 'V11', 'V1']",0.5540540540540541,0.6949152542372882,0.6165413533834586,0.608242039751352,6
"['V14', 'V4', 'V21', 'V7', 'V11', 'V1']",0.5540540540540541,0.7321428571428571,0.6307692307692307,0.6327982742177777,6
"['V10', 'V16', 'V9', 'V21', 'V12', 'V7', 'V20', 'V11']",0.5540540540540541,0.7884615384615384,0.6507936507936508,0.6113350819616734,8
"['V14', 'V4', 'V21', 'V7', 'V20', 'V11']",0.5540540540540541,0.7321428571428571,0.6307692307692307,0.6286277348256063,6
"['V14', 'V10', 'V4']",0.5540540540540541,0.7068965517241379,0.6212121212121212,0.6286878400083987,3
"['V14', 'V16', 'V8', 'V21', 'V1']",0.5540540540540541,0.7454545454545455,0.6356589147286822,0.6095228000888343,5
"['V4', 'V10', 'V16', 'V20', 'V11', 'V1']",0.5540540540540541,0.7884615384615384,0.6507936507936508,0.6233135433770542,6
"['V14', 'V8', 'V7', 'V20', 'V11', 'V1']",0.5540540540540541,0.7454545454545455,0.6356589147286822,0.6215304621029364,6
"['V4', 'V10', 'V16', 'V7', 'V1']",0.5540540540540541,0.7884615384615384,0.6507936507936508,0.6065204578486194,5
"['V4', 'V10', 'V16', 'V21', 'V1']",0.5540540540540541,0.7735849056603774,0.6456692913385826,0.6085020203024494,5
"['V14', 'V4', 'V16', 'V9', 'V12', 'V20']",0.5540540540540541,0.7884615384615384,0.6507936507936508,0.6364772336425271,6
"['V14', 'V4', 'V9', 'V12', 'V11', 'V1']",0.5540540540540541,0.7068965517241379,0.6212121212121212,0.6246944898358209,6
"['V14', 'V4', 'V7', 'V11', 'V1']",0.5540540540540541,0.7192982456140351,0.6259541984732825,0.6159405758153546,5
"['V14', 'V4', 'V16', 'V9', 'V12', 'V7']",0.5540540540540541,0.7884615384615384,0.6507936507936508,0.6352328746346064,6
"['V4', 'V10', 'V16', 'V9', 'V8', 'V1']",0.5540540540540541,0.7735849056603774,0.6456692913385826,0.5928384632597364,6
"['V14', 'V9', 'V8', 'V21', 'V20', 'V11']",0.5540540540540541,0.7068965517241379,0.6212121212121212,0.6358743251077074,6
"['V14', 'V21', 'V7', 'V20', 'V11', 'V1']",0.5540540540540541,0.7454545454545455,0.6356589147286822,0.6261775125315151,6
"['V4', 'V10', 'V16', 'V12', 'V11']",0.5540540540540541,0.7592592592592593,0.640625,0.6109477505944091,5
"['V16', 'V21', 'V12', 'V11']",0.5540540540540541,0.7592592592592593,0.640625,0.573594066613948,4
"['V14', 'V4', 'V10', 'V7', 'V20', 'V11']",0.5540540540540541,0.7068965517241379,0.6212121212121212,0.6328944263594811,6
"['V14', 'V4', 'V10', 'V16', 'V9', 'V21', 'V7', 'V20', 'V11']",0.5540540540540541,0.7884615384615384,0.6507936507936508,0.6516568813853267,9
"['V4', 'V10', 'V16', 'V20', 'V1']",0.5540540540540541,0.7884615384615384,0.6507936507936508,0.6159633854951944,5
"['V14', 'V4', 'V7', 'V20', 'V11']",0.5540540540540541,0.7068965517241379,0.6212121212121212,0.6129115999468031,5
"['V14', 'V9', 'V8', 'V21', 'V11', 'V1']",0.5540540540540541,0.7068965517241379,0.6212121212121212,0.6427835270257584,6
"['V4', 'V10', 'V16', 'V9', 'V8', 'V21', 'V12', 'V7', 'V11', 'V1']",0.5540540540540541,0.7735849056603774,0.6456692913385826,0.6269091784771451,10
"['V4', 'V10', 'V16', 'V21', 'V12', 'V7', 'V11']",0.5405405405405406,0.7407407407407407,0.625,0.614275983790079,7
"['V4', 'V10', 'V16', 'V9', 'V21', 'V12', 'V11']",0.5405405405405406,0.7272727272727273,0.6201550387596899,0.6093129082054811,7
"['V4', 'V10', 'V16', 'V9', 'V8', 'V11', 'V1']",0.5405405405405406,0.7843137254901961,0.64,0.6073299459316478,7
"['V16', 'V8', 'V12', 'V20', 'V11', 'V1']",0.5405405405405406,0.7407407407407407,0.625,0.5710167900002491,6
"['V16', 'V8', 'V12', 'V7', 'V11', 'V1']",0.5405405405405406,0.7547169811320755,0.6299212598425197,0.5781619719946867,6
"['V8', 'V21', 'V12', 'V7', 'V20', 'V11']",0.5405405405405406,0.7547169811320755,0.6299212598425197,0.5662426965922012,6
"['V10', 'V16', 'V12', 'V7']",0.5405405405405406,0.7843137254901961,0.64,0.5857349075306946,4
"['V4', 'V10', 'V16', 'V21', 'V12', 'V7', 'V20']",0.5405405405405406,0.7692307692307693,0.6349206349206349,0.615988854208039,7
"['V16', 'V8', 'V12', 'V7', 'V20', 'V11']",0.5405405405405406,0.7547169811320755,0.6299212598425197,0.5801816963189569,6
"['V10', 'V16', 'V21', 'V12', 'V7']",0.5405405405405406,0.7692307692307693,0.6349206349206349,0.5905673796782522,5
"['V4', 'V10', 'V9', 'V8', 'V12', 'V20', 'V1']",0.5405405405405406,0.7692307692307693,0.6349206349206349,0.6039378451739718,7
"['V4', 'V10', 'V16', 'V9', 'V8', 'V20', 'V1']",0.5405405405405406,0.7843137254901961,0.64,0.6068429016141569,7
"['V4', 'V10', 'V16', 'V9', 'V8', 'V21', 'V12', 'V7', 'V1']",0.5405405405405406,0.7692307692307693,0.6349206349206349,0.622270972246661,9
"['V14', 'V4', 'V9', 'V8', 'V21']",0.5405405405405406,0.7017543859649122,0.6106870229007634,0.6279157733585097,5
"['V8', 'V21', 'V12', 'V20', 'V11', 'V1']",0.5405405405405406,0.7407407407407407,0.625,0.5490743705088187,6
"['V4', 'V10', 'V16', 'V7', 'V20', 'V11', 'V1']",0.5405405405405406,0.7843137254901961,0.64,0.6189900265215552,7
"['V16', 'V8', 'V21', 'V12', 'V11', 'V1']",0.5405405405405406,0.7547169811320755,0.6299212598425197,0.5715076038907339,6
"['V4', 'V10', 'V8', 'V12', 'V7', 'V20', 'V1']",0.5405405405405406,0.7843137254901961,0.64,0.6149908940149782,7
"['V4', 'V10', 'V9', 'V8', 'V21', 'V12', 'V7', 'V20', 'V1']",0.5405405405405406,0.7843137254901961,0.64,0.6268797936186818,9
"['V16', 'V8', 'V21', 'V12', 'V20', 'V11']",0.5405405405405406,0.7547169811320755,0.6299212598425197,0.5715969006890064,6
"['V4', 'V10', 'V16', 'V8', 'V7', 'V11', 'V1']",0.5405405405405406,0.7692307692307693,0.6349206349206349,0.6175655683257515,7
"['V10', 'V8', 'V21', 'V11']",0.5405405405405406,0.7692307692307693,0.6349206349206349,0.573373622594479,4
"['V4', 'V10', 'V16', 'V21', 'V7', 'V11', 'V1']",0.5405405405405406,0.7843137254901961,0.64,0.624118564212859,7
"['V4', 'V10', 'V8', 'V21', 'V12', 'V7', 'V1']",0.5405405405405406,0.7843137254901961,0.64,0.6288160354842032,7
"['V8', 'V12', 'V7', 'V20', 'V11', 'V1']",0.5405405405405406,0.7547169811320755,0.6299212598425197,0.566947986961557,6
"['V4', 'V10', 'V16', 'V8', 'V21', 'V12', 'V7']",0.5405405405405406,0.7272727272727273,0.6201550387596899,0.6077809951902136,7
"['V14', 'V9', 'V8', 'V21', 'V20', 'V1']",0.5405405405405406,0.7017543859649122,0.6106870229007634,0.6372864475853428,6
"['V10', 'V8', 'V12', 'V11']",0.5405405405405406,0.7843137254901961,0.64,0.5921911506421839,4
"['V4', 'V10', 'V16', 'V8', 'V7', 'V20', 'V11']",0.5405405405405406,0.7843137254901961,0.64,0.6151048422537504,7
"['V4', 'V10', 'V16', 'V8', 'V12', 'V7', 'V11']",0.5405405405405406,0.7692307692307693,0.6349206349206349,0.615564536591473,7
"['V4', 'V10', 'V16', 'V9', 'V7', 'V20', 'V1']",0.5405405405405406,0.7843137254901961,0.64,0.6104707273184171,7
"['V4', 'V10', 'V9', 'V21', 'V12', 'V11', 'V1']",0.5405405405405406,0.7692307692307693,0.6349206349206349,0.6048837948040693,7
"['V4', 'V10', 'V16', 'V9', 'V8', 'V7', 'V20', 'V11', 'V1']",0.5405405405405406,0.7692307692307693,0.6349206349206349,0.6139507946549259,9
"['V4', 'V10', 'V16', 'V9', 'V12', 'V20', 'V11']",0.5405405405405406,0.7692307692307693,0.6349206349206349,0.6140137552640456,7
"['V4', 'V10', 'V16', 'V8', 'V7', 'V20', 'V1']",0.5405405405405406,0.7843137254901961,0.64,0.6123726413576001,7
"['V4', 'V10', 'V16', 'V9', 'V12', 'V7', 'V1']",0.5405405405405406,0.7843137254901961,0.64,0.6093613995036354,7
"['V4', 'V10', 'V16', 'V21', 'V20', 'V11', 'V1']",0.5405405405405406,0.7692307692307693,0.6349206349206349,0.6328404092576339,7
"['V4', 'V10', 'V16', 'V9', 'V12', 'V7', 'V11']",0.5405405405405406,0.7692307692307693,0.6349206349206349,0.61094408971564,7
"['V4', 'V10', 'V8', 'V21', 'V12', 'V7', 'V20']",0.5405405405405406,0.7692307692307693,0.6349206349206349,0.6239179980349348,7
"['V4', 'V10', 'V16', 'V9', 'V21', 'V12', 'V1']",0.5405405405405406,0.7692307692307693,0.6349206349206349,0.6045551433843455,7
"['V9', 'V8', 'V12', 'V7', 'V20', 'V11']",0.5405405405405406,0.7547169811320755,0.6299212598425197,0.5978769864294344,6
"['V4', 'V10', 'V8', 'V21', 'V12', 'V7', 'V11']",0.5405405405405406,0.7272727272727273,0.6201550387596899,0.619179863450158,7
"['V4', 'V10', 'V9', 'V8', 'V21', 'V12', 'V1']",0.5405405405405406,0.7692307692307693,0.6349206349206349,0.6066346811135228,7
"['V4', 'V10', 'V16', 'V9', 'V8', 'V12', 'V7', 'V20', 'V11']",0.5405405405405406,0.7692307692307693,0.6349206349206349,0.6202447775670682,9
"['V10', 'V16', 'V12', 'V1']",0.5405405405405406,0.7843137254901961,0.64,0.5815822749202688,4
"['V4', 'V10', 'V9', 'V8', 'V12', 'V11', 'V1']",0.5405405405405406,0.7547169811320755,0.6299212598425197,0.6060657857374784,7
"['V10', 'V12', 'V7', 'V11']",0.5405405405405406,0.7692307692307693,0.6349206349206349,0.5928310413983547,4
"['V4', 'V10', 'V16', 'V9', 'V8', 'V12', 'V20']",0.5405405405405406,0.7692307692307693,0.6349206349206349,0.6109445452522403,7
"['V16', 'V8', 'V12', 'V20', 'V11']",0.5405405405405406,0.7407407407407407,0.625,0.5726563151782395,5
"['V8', 'V21', 'V12', 'V20', 'V11']",0.5405405405405406,0.7407407407407407,0.625,0.5471913674071378,5
"['V16', 'V12', 'V20', 'V11', 'V1']",0.5405405405405406,0.7547169811320755,0.6299212598425197,0.5696297498233951,5
"['V16', 'V12', 'V7', 'V20', 'V11']",0.5405405405405406,0.7547169811320755,0.6299212598425197,0.5701707957051283,5
"['V14', 'V8', 'V7', 'V1']",0.5405405405405406,0.7407407407407407,0.625,0.6208123578171081,4
"['V8', 'V21', 'V12', 'V11', 'V1']",0.5405405405405406,0.7547169811320755,0.6299212598425197,0.551614870660619,5
"['V14', 'V8', 'V7', 'V11']",0.5405405405405406,0.7547169811320755,0.6299212598425197,0.608024535178208,4
"['V14', 'V9', 'V20', 'V1']",0.5405405405405406,0.7017543859649122,0.6106870229007634,0.6168810289771814,4
"['V14', 'V9', 'V20', 'V11']",0.5405405405405406,0.7017543859649122,0.6106870229007634,0.6127705623762002,4
"['V16', 'V8', 'V12', 'V11', 'V1']",0.5405405405405406,0.7547169811320755,0.6299212598425197,0.5732625634571152,5
"['V16', 'V8', 'V12', 'V7', 'V11']",0.5405405405405406,0.7547169811320755,0.6299212598425197,0.5804060100783239,5
"['V14', 'V21', 'V7', 'V1']",0.5405405405405406,0.7407407407407407,0.625,0.6241213517116173,4
"['V8', 'V12', 'V7', 'V20', 'V11']",0.5405405405405406,0.7547169811320755,0.6299212598425197,0.565774016659247,5
"['V16', 'V8', 'V21', 'V12', 'V11']",0.5405405405405406,0.7547169811320755,0.6299212598425197,0.5723154806666305,5
"['V8', 'V12', 'V7', 'V11', 'V1']",0.5405405405405406,0.7547169811320755,0.6299212598425197,0.5634462953789617,5
"['V4', 'V10', 'V16', 'V9', 'V8', 'V21', 'V12', 'V7', 'V20', 'V11']",0.5405405405405406,0.7692307692307693,0.6349206349206349,0.6277798478309125,10
"['V14', 'V9', 'V21', 'V11']",0.5405405405405406,0.7017543859649122,0.6106870229007634,0.6311137609138701,4
"['V14', 'V9', 'V8', 'V1']",0.5405405405405406,0.7017543859649122,0.6106870229007634,0.6369540724271544,4
"['V14', 'V4', 'V8', 'V7', 'V1']",0.5405405405405406,0.7142857142857143,0.6153846153846154,0.6221496733167741,5
"['V14', 'V9', 'V8', 'V11']",0.5405405405405406,0.7017543859649122,0.6106870229007634,0.6222210373011937,4
"['V21', 'V12', 'V20', 'V11', 'V1']",0.5405405405405406,0.7547169811320755,0.6299212598425197,0.5507692044166728,5
"['V14', 'V21', 'V7', 'V11']",0.5405405405405406,0.7547169811320755,0.6299212598425197,0.6080815084083372,4
"['V8', 'V21', 'V12', 'V7', 'V11']",0.5405405405405406,0.7547169811320755,0.6299212598425197,0.5679999631349488,5
"['V4', 'V10', 'V16', 'V9', 'V8', 'V21', 'V12']",0.5405405405405406,0.7272727272727273,0.6201550387596899,0.6081307611629726,7
"['V14', 'V4', 'V9', 'V8', 'V21', 'V20', 'V1']",0.5405405405405406,0.7017543859649122,0.6106870229007634,0.6334847073469828,7
"['V14', 'V4', 'V9', 'V21', 'V20', 'V11', 'V1']",0.5405405405405406,0.7017543859649122,0.6106870229007634,0.6255273558563411,7
"['V14', 'V4', 'V9', 'V21', 'V7', 'V11', 'V1']",0.5405405405405406,0.7017543859649122,0.6106870229007634,0.6395378209642011,7
"['V14', 'V4', 'V9', 'V21', 'V7', 'V20', 'V1']",0.5405405405405406,0.7017543859649122,0.6106870229007634,0.638300419960243,7
"['V14', 'V4', 'V21', 'V7', 'V20', 'V1']",0.5405405405405406,0.7272727272727273,0.6201550387596899,0.6218139583240218,6
"['V14', 'V4', 'V21', 'V7', 'V20']",0.5405405405405406,0.7017543859649122,0.6106870229007634,0.6286747939523741,5
"['V14', 'V4', 'V9', 'V8', 'V7', 'V20', 'V1']",0.5405405405405406,0.7017543859649122,0.6106870229007634,0.6363287255420498,7
"['V14', 'V4', 'V21', 'V7', 'V1']",0.5405405405405406,0.7272727272727273,0.6201550387596899,0.6237669851648439,5
"['V16', 'V12', 'V7', 'V11']",0.5405405405405406,0.7547169811320755,0.6299212598425197,0.5699274655368634,4
"['V14', 'V4', 'V9', 'V8', 'V21', 'V11', 'V1']",0.5405405405405406,0.7017543859649122,0.6106870229007634,0.6357650091643635,7
"['V14', 'V4', 'V9', 'V8', 'V21', 'V20', 'V11']",0.5405405405405406,0.7017543859649122,0.6106870229007634,0.6328180234590364,7
"['V14', 'V7', 'V20', 'V11']",0.5405405405405406,0.7407407407407407,0.625,0.6005542280408234,4
"['V14', 'V4', 'V9', 'V8', 'V21', 'V7', 'V1']",0.5405405405405406,0.7017543859649122,0.6106870229007634,0.6391344798223396,7
"['V14', 'V4', 'V21', 'V11', 'V1']",0.5405405405405406,0.7017543859649122,0.6106870229007634,0.6143354954834976,5
"['V14', 'V4', 'V9', 'V8', 'V21', 'V7', 'V20']",0.5405405405405406,0.7017543859649122,0.6106870229007634,0.6392275306599952,7
"['V14', 'V4', 'V8', 'V21', 'V7', 'V20', 'V1']",0.5405405405405406,0.7142857142857143,0.6153846153846154,0.6243452941165331,7
"['V14', 'V4', 'V8', 'V21', 'V11', 'V1']",0.5405405405405406,0.6779661016949152,0.6015037593984962,0.6159327534427642,6
"['V14', 'V7', 'V20', 'V1']",0.5405405405405406,0.7547169811320755,0.6299212598425197,0.6224029648309746,4
"['V14', 'V4', 'V8', 'V21', 'V7', 'V20']",0.5405405405405406,0.7017543859649122,0.6106870229007634,0.6261675283424719,6
"['V4', 'V10', 'V9', 'V8', 'V21', 'V12', 'V7', 'V20', 'V11', 'V1']",0.5405405405405406,0.7843137254901961,0.64,0.6270150586438673,10
"['V4', 'V10', 'V16', 'V8', 'V21', 'V12', 'V7', 'V20', 'V11', 'V1']",0.5405405405405406,0.7692307692307693,0.6349206349206349,0.6361488222744013,10
"['V12', 'V7', 'V20', 'V11', 'V1']",0.5405405405405406,0.7547169811320755,0.6299212598425197,0.5550946643232925,5
"['V14', 'V4', 'V9', 'V21', 'V11', 'V1']",0.5405405405405406,0.7017543859649122,0.6106870229007634,0.6287272604884945,6
"['V14', 'V4', 'V9', 'V21', 'V20', 'V1']",0.5405405405405406,0.7017543859649122,0.6106870229007634,0.6299926751666121,6
"['V8', 'V12', 'V7', 'V11']",0.5405405405405406,0.7547169811320755,0.6299212598425197,0.5653578152101295,4
"['V10', 'V9', 'V21', 'V12', 'V1']",0.5405405405405406,0.7692307692307693,0.6349206349206349,0.5928629540222592,5
"['V10', 'V9', 'V21', 'V12', 'V7']",0.5405405405405406,0.7843137254901961,0.64,0.5958243191235393,5
"['V16', 'V12', 'V11', 'V1']",0.5405405405405406,0.7547169811320755,0.6299212598425197,0.5692931463320513,4
"['V10', 'V12', 'V11', 'V1']",0.5405405405405406,0.7843137254901961,0.64,0.5908126423107655,4
"['V14', 'V4', 'V9', 'V21', 'V1']",0.5405405405405406,0.7017543859649122,0.6106870229007634,0.6317411869858002,5
"['V14', 'V4', 'V9', 'V21', 'V11']",0.5405405405405406,0.7017543859649122,0.6106870229007634,0.6271706974772918,5
"['V10', 'V12', 'V7', 'V20']",0.5405405405405406,0.7692307692307693,0.6349206349206349,0.5894990431917924,4
"['V10', 'V16', 'V12', 'V20', 'V1']",0.5405405405405406,0.7843137254901961,0.64,0.5819331754251019,5
"['V14', 'V4', 'V9', 'V21', 'V7']",0.5405405405405406,0.7017543859649122,0.6106870229007634,0.642303141378119,5
"['V14', 'V4', 'V9', 'V8', 'V21', 'V1']",0.5405405405405406,0.7017543859649122,0.6106870229007634,0.6359147479427584,6
"['V14', 'V4', 'V9', 'V21', 'V20', 'V11']",0.5405405405405406,0.7017543859649122,0.6106870229007634,0.6256414199376249,6
"['V14', 'V4', 'V9', 'V8', 'V1']",0.5405405405405406,0.7017543859649122,0.6106870229007634,0.6229852121043894,5
"['V10', 'V16', 'V12', 'V7', 'V20']",0.5405405405405406,0.7692307692307693,0.6349206349206349,0.5841619416925403,5
"['V14', 'V4', 'V9', 'V8', 'V21', 'V11']",0.5405405405405406,0.7017543859649122,0.6106870229007634,0.6343235122757361,6
"['V14', 'V4', 'V9', 'V8', 'V21', 'V20']",0.5405405405405406,0.7017543859649122,0.6106870229007634,0.6270219793383462,6
"['V10', 'V16', 'V21', 'V20', 'V11']",0.5405405405405406,0.7692307692307693,0.6349206349206349,0.5838965236631866,5
"['V14', 'V4', 'V9', 'V8', 'V21', 'V7']",0.5405405405405406,0.7017543859649122,0.6106870229007634,0.638249224164976,6
"['V14', 'V4', 'V9', 'V8', 'V7']",0.5405405405405406,0.7017543859649122,0.6106870229007634,0.640106401914215,5
"['V4', 'V10', 'V9', 'V8', 'V12', 'V7', 'V20', 'V11', 'V1']",0.5405405405405406,0.7692307692307693,0.6349206349206349,0.6120730678480341,9
"['V4', 'V10', 'V9', 'V8', 'V21', 'V12', 'V20', 'V11', 'V1']",0.5405405405405406,0.7692307692307693,0.6349206349206349,0.6215938786124336,9
"['V14', 'V4', 'V9', 'V7', 'V20']",0.5405405405405406,0.7017543859649122,0.6106870229007634,0.6272988769497707,5
"['V10', 'V9', 'V21', 'V11', 'V1']",0.5405405405405406,0.7692307692307693,0.6349206349206349,0.5915483669058212,5
"['V12', 'V7', 'V11', 'V1']",0.5405405405405406,0.7547169811320755,0.6299212598425197,0.5489882651096173,4
"['V10', 'V8', 'V21', 'V12', 'V1']",0.5405405405405406,0.7843137254901961,0.64,0.588221236858816,5
"['V12', 'V7', 'V20', 'V11']",0.5405405405405406,0.7547169811320755,0.6299212598425197,0.5582842134207777,4
"['V14', 'V4', 'V9', 'V21', 'V7', 'V1']",0.5405405405405406,0.7017543859649122,0.6106870229007634,0.6396576704479605,6
"['V14', 'V4', 'V9', 'V21', 'V7', 'V20']",0.5405405405405406,0.7017543859649122,0.6106870229007634,0.642241489298378,6
"['V21', 'V12', 'V11', 'V1']",0.5405405405405406,0.7547169811320755,0.6299212598425197,0.5533212710580205,4
"['V10', 'V12', 'V7', 'V20', 'V1']",0.5405405405405406,0.7843137254901961,0.64,0.5826125253581792,5
"['V21', 'V12', 'V20', 'V11']",0.5405405405405406,0.7547169811320755,0.6299212598425197,0.550134214951394,4
"['V10', 'V12', 'V7', 'V20', 'V11']",0.5405405405405406,0.7692307692307693,0.6349206349206349,0.5947963713818608,5
"['V10', 'V21', 'V20', 'V11', 'V1']",0.5405405405405406,0.7843137254901961,0.64,0.5806829533038305,5
"['V10', 'V21', 'V7', 'V11', 'V1']",0.5405405405405406,0.7843137254901961,0.64,0.5879130740441957,5
"['V10', 'V21', 'V12', 'V20', 'V1']",0.5405405405405406,0.7692307692307693,0.6349206349206349,0.5874351154296342,5
"['V16', 'V8', 'V12', 'V11']",0.5405405405405406,0.7407407407407407,0.625,0.5739127333399509,4
"['V14', 'V4', 'V8', 'V7', 'V20']",0.5405405405405406,0.6896551724137931,0.6060606060606061,0.6167748922946735,5
"['V14', 'V4', 'V9', 'V8', 'V20', 'V1']",0.5405405405405406,0.7017543859649122,0.6106870229007634,0.619637867146822,6
"['V14', 'V4', 'V9', 'V8', 'V7', 'V1']",0.5405405405405406,0.7017543859649122,0.6106870229007634,0.635125142270654,6
"['V10', 'V8', 'V12', 'V11', 'V1']",0.5405405405405406,0.7843137254901961,0.64,0.5905608191477123,5
"['V10', 'V8', 'V12', 'V20', 'V11']",0.5405405405405406,0.7843137254901961,0.64,0.5919445802597966,5
"['V10', 'V8', 'V12', 'V7', 'V11']",0.5405405405405406,0.7843137254901961,0.64,0.590583814422218,5
"['V14', 'V4', 'V9', 'V8', 'V7', 'V20']",0.5405405405405406,0.7017543859649122,0.6106870229007634,0.6397995963770781,6
"['V14', 'V4', 'V8', 'V21', 'V7']",0.5405405405405406,0.6896551724137931,0.6060606060606061,0.6280109193320279,5
"['V16', 'V8', 'V21', 'V12', 'V7', 'V11']",0.5405405405405406,0.7547169811320755,0.6299212598425197,0.581437225299147,6
"['V4', 'V10', 'V16', 'V9', 'V8', 'V12', 'V7', 'V20']",0.5405405405405406,0.7692307692307693,0.6349206349206349,0.6117904364621521,8
"['V4', 'V10', 'V21', 'V12', 'V7', 'V20', 'V1']",0.5405405405405406,0.7843137254901961,0.64,0.6277972762699565,7
"['V8', 'V21', 'V12', 'V7', 'V20', 'V11', 'V1']",0.5405405405405406,0.7547169811320755,0.6299212598425197,0.5590733286876497,7
"['V14', 'V8', 'V7', 'V20', 'V11']",0.5405405405405406,0.7547169811320755,0.6299212598425197,0.6095577001699651,5
"['V16', 'V8', 'V12', 'V7', 'V20', 'V11', 'V1']",0.5405405405405406,0.7547169811320755,0.6299212598425197,0.5789849232343759,7
"['V10', 'V16', 'V9', 'V12', 'V7', 'V11']",0.5405405405405406,0.7843137254901961,0.64,0.6114675812937259,6
"['V14', 'V8', 'V7', 'V20', 'V1']",0.5405405405405406,0.7407407407407407,0.625,0.624814319443841,5
"['V9', 'V8', 'V21', 'V12', 'V20', 'V11', 'V1']",0.5405405405405406,0.7547169811320755,0.6299212598425197,0.5903918052401211,7
"['V4', 'V10', 'V8', 'V21', 'V12', 'V1']",0.5405405405405406,0.7547169811320755,0.6299212598425197,0.6124148734467378,6
"['V10', 'V16', 'V9', 'V21', 'V12', 'V20']",0.5405405405405406,0.7843137254901961,0.64,0.5951231528039825,6
"['V12', 'V7', 'V11']",0.5405405405405406,0.7547169811320755,0.6299212598425197,0.5587663183419476,3
"['V4', 'V10', 'V16', 'V21', 'V12', 'V1']",0.5405405405405406,0.7692307692307693,0.6349206349206349,0.6160246286708243,6
"['V10', 'V16', 'V9', 'V8', 'V20', 'V11']",0.5405405405405406,0.7843137254901961,0.64,0.5942228859663621,6
"['V4', 'V10', 'V8', 'V21', 'V7', 'V1']",0.5405405405405406,0.7843137254901961,0.64,0.6249363046605403,6
"['V14', 'V21', 'V7', 'V20', 'V11']",0.5405405405405406,0.7692307692307693,0.6349206349206349,0.6107124834301463,5
"['V14', 'V21', 'V7', 'V20', 'V1']",0.5405405405405406,0.7547169811320755,0.6299212598425197,0.6277403663579091,5
"['V10', 'V16', 'V9', 'V8', 'V21', 'V12']",0.5405405405405406,0.7692307692307693,0.6349206349206349,0.6031004879696997,6
"['V4', 'V10', 'V8', 'V12', 'V7', 'V1']",0.5405405405405406,0.7843137254901961,0.64,0.613789975519713,6
"['V4', 'V10', 'V8', 'V12', 'V11', 'V1']",0.5405405405405406,0.7547169811320755,0.6299212598425197,0.6131000054028624,6
"['V16', 'V8', 'V21', 'V12', 'V20', 'V11', 'V1']",0.5405405405405406,0.7547169811320755,0.6299212598425197,0.5730391376976254,7
"['V10', 'V16', 'V9', 'V7', 'V20', 'V11']",0.5405405405405406,0.7843137254901961,0.64,0.5938177612315723,6
"['V16', 'V8', 'V21', 'V12', 'V7', 'V11', 'V1']",0.5405405405405406,0.7547169811320755,0.6299212598425197,0.5811676814009088,7
"['V14', 'V8', 'V21', 'V7', 'V1']",0.5405405405405406,0.7407407407407407,0.625,0.6204892160900735,5
"['V10', 'V9', 'V8', 'V21', 'V7', 'V11']",0.5405405405405406,0.7547169811320755,0.6299212598425197,0.5943317544973861,6
"['V4', 'V10', 'V16', 'V12', 'V7', 'V11']",0.5405405405405406,0.7692307692307693,0.6349206349206349,0.6144586039927457,6
"['V10', 'V9', 'V8', 'V21', 'V12', 'V1']",0.5405405405405406,0.7692307692307693,0.6349206349206349,0.5989818588885765,6
"['V14', 'V9', 'V8', 'V21', 'V1']",0.5405405405405406,0.7017543859649122,0.6106870229007634,0.6413574852139181,5
"['V10', 'V9', 'V8', 'V7', 'V20', 'V11', 'V1']",0.5405405405405406,0.7843137254901961,0.64,0.5915683400690279,7
"['V14', 'V9', 'V8', 'V20', 'V11']",0.5405405405405406,0.7017543859649122,0.6106870229007634,0.6203334241217935,5
"['V14', 'V9', 'V8', 'V20', 'V1']",0.5405405405405406,0.7017543859649122,0.6106870229007634,0.6319738113657459,5
"['V14', 'V9', 'V21', 'V20', 'V11']",0.5405405405405406,0.7017543859649122,0.6106870229007634,0.6269357106791704,5
"['V10', 'V8', 'V21', 'V7', 'V20', 'V11', 'V1']",0.5405405405405406,0.7843137254901961,0.64,0.5919015948727837,7
"['V4', 'V10', 'V9', 'V21', 'V12', 'V1']",0.5405405405405406,0.7692307692307693,0.6349206349206349,0.6042340896857044,6
"['V16', 'V9', 'V21', 'V12', 'V7', 'V11', 'V1']",0.5405405405405406,0.7692307692307693,0.6349206349206349,0.590601124802904,7
"['V16', 'V9', 'V21', 'V12', 'V20', 'V11', 'V1']",0.5405405405405406,0.7547169811320755,0.6299212598425197,0.5903787749797802,7
"['V10', 'V16', 'V9', 'V12']",0.5405405405405406,0.7843137254901961,0.64,0.5943639375416707,4
"['V16', 'V8', 'V21', 'V12', 'V7', 'V20', 'V11']",0.5405405405405406,0.7547169811320755,0.6299212598425197,0.580680089075974,7
"['V14', 'V8', 'V21', 'V7', 'V11']",0.5405405405405406,0.7547169811320755,0.6299212598425197,0.6116767534945452,5
"['V4', 'V10', 'V16', 'V8', 'V12']",0.5405405405405406,0.7407407407407407,0.625,0.602618437968617,5
"['V14', 'V4', 'V9', 'V8', 'V21', 'V7', 'V20', 'V1']",0.5405405405405406,0.7017543859649122,0.6106870229007634,0.6382046498665953,8
"['V14', 'V4', 'V9', 'V8', 'V21', 'V20', 'V11', 'V1']",0.5405405405405406,0.7017543859649122,0.6106870229007634,0.6347786157282885,8
"['V4', 'V10', 'V16', 'V9', 'V12', 'V20', 'V11', 'V1']",0.5405405405405406,0.7692307692307693,0.6349206349206349,0.617165780481059,8
"['V14', 'V16', 'V1']",0.5405405405405406,0.7407407407407407,0.625,0.5924446044200932,3
"['V4', 'V10', 'V16', 'V8', 'V21', 'V7', 'V11', 'V1']",0.5405405405405406,0.7692307692307693,0.6349206349206349,0.6304676128693476,8
"['V4', 'V10', 'V21', 'V7', 'V1']",0.5405405405405406,0.7843137254901961,0.64,0.6205692050657158,5
"['V4', 'V10', 'V16', 'V21', 'V12', 'V7', 'V11', 'V1']",0.5405405405405406,0.7843137254901961,0.64,0.6254512437208367,8
"['V4', 'V10', 'V9', 'V8', 'V21', 'V12', 'V11', 'V1']",0.5405405405405406,0.7692307692307693,0.6349206349206349,0.6105914575325035,8
"['V4', 'V16', 'V8', 'V12', 'V7', 'V11']",0.5405405405405406,0.7547169811320755,0.6299212598425197,0.5967715116272365,6
"['V4', 'V10', 'V9', 'V21', 'V12', 'V7', 'V11', 'V1']",0.5405405405405406,0.7843137254901961,0.64,0.6148898487473735,8
"['V4', 'V10', 'V9', 'V21', 'V12', 'V20', 'V11', 'V1']",0.5405405405405406,0.7692307692307693,0.6349206349206349,0.6198243348144911,8
"['V14', 'V4', 'V11']",0.5405405405405406,0.6779661016949152,0.6015037593984962,0.5860108789201361,3
"['V4', 'V10', 'V8', 'V21', 'V12', 'V7', 'V20', 'V1']",0.5405405405405406,0.7843137254901961,0.64,0.6306533663553151,8
"['V4', 'V16', 'V8', 'V21', 'V12', 'V11']",0.5405405405405406,0.7547169811320755,0.6299212598425197,0.5948218234120243,6
"['V4', 'V10', 'V8', 'V21', 'V7', 'V20', 'V11', 'V1']",0.5405405405405406,0.7843137254901961,0.64,0.6286491157067848,8
"['V4', 'V16', 'V8', 'V21', 'V12', 'V7', 'V20', 'V11']",0.5405405405405406,0.7547169811320755,0.6299212598425197,0.5984839512241634,8
"['V4', 'V16', 'V8', 'V21', 'V12', 'V20', 'V11', 'V1']",0.5405405405405406,0.7547169811320755,0.6299212598425197,0.5937211169446621,8
"['V4', 'V10', 'V21', 'V12', 'V1']",0.5405405405405406,0.7547169811320755,0.6299212598425197,0.610152676803562,5
"['V4', 'V10', 'V16', 'V9', 'V7', 'V20', 'V11', 'V1']",0.5405405405405406,0.7843137254901961,0.64,0.6124534683977156,8
"['V4', 'V10', 'V16', 'V9', 'V12', 'V7', 'V20', 'V1']",0.5405405405405406,0.7843137254901961,0.64,0.6142591727728609,8
"['V4', 'V10', 'V21', 'V12', 'V7', 'V1']",0.5405405405405406,0.7843137254901961,0.64,0.6264721219875372,6
"['V4', 'V10', 'V16', 'V9', 'V21', 'V7', 'V20', 'V1']",0.5405405405405406,0.7843137254901961,0.64,0.6244427001619495,8
"['V4', 'V10', 'V21', 'V7', 'V20', 'V1']",0.5405405405405406,0.7843137254901961,0.64,0.6263507823068893,6
"['V14', 'V4', 'V9', 'V21', 'V7', 'V20', 'V11', 'V1']",0.5405405405405406,0.7017543859649122,0.6106870229007634,0.6395456716024241,8
"['V4', 'V10', 'V21', 'V20', 'V11', 'V1']",0.5405405405405406,0.7843137254901961,0.64,0.6218181820217907,6
"['V14', 'V7', 'V1']",0.5405405405405406,0.7407407407407407,0.625,0.6151023869195867,3
"['V14', 'V7', 'V11']",0.5405405405405406,0.7547169811320755,0.6299212598425197,0.5987461119190054,3
"['V14', 'V9', 'V1']",0.5405405405405406,0.7017543859649122,0.6106870229007634,0.6239601971852443,3
"['V14', 'V9', 'V11']",0.5405405405405406,0.7017543859649122,0.6106870229007634,0.6171296647031613,3
"['V4', 'V10', 'V16', 'V9', 'V8', 'V21', 'V12', 'V20']",0.5405405405405406,0.7547169811320755,0.6299212598425197,0.6182008719141635,8
"['V4', 'V10', 'V16', 'V9', 'V8', 'V21', 'V12', 'V11']",0.5405405405405406,0.7272727272727273,0.6201550387596899,0.6185756661804733,8
"['V4', 'V10', 'V12', 'V7', 'V20', 'V1']",0.5405405405405406,0.7843137254901961,0.64,0.6154810771803522,6
"['V4', 'V10', 'V16', 'V9', 'V8', 'V21', 'V11', 'V1']",0.5405405405405406,0.7547169811320755,0.6299212598425197,0.6157850272361489,8
"['V4', 'V10', 'V16', 'V9', 'V8', 'V12', 'V7', 'V1']",0.5405405405405406,0.7692307692307693,0.6349206349206349,0.6090172826106842,8
"['V4', 'V10', 'V16', 'V12', 'V20']",0.5405405405405406,0.7692307692307693,0.6349206349206349,0.6074742570659912,5
"['V4', 'V10', 'V16', 'V9', 'V8', 'V7', 'V20', 'V1']",0.5405405405405406,0.7843137254901961,0.64,0.6085861985063719,8
"['V4', 'V10', 'V16', 'V12', 'V1']",0.5405405405405406,0.7692307692307693,0.6349206349206349,0.614726622984199,5
"['V10', 'V9', 'V8', 'V21', 'V20', 'V11']",0.5405405405405406,0.7692307692307693,0.6349206349206349,0.5988851861567538,6
"['V10', 'V16', 'V9', 'V21', 'V7', 'V11']",0.5405405405405406,0.7843137254901961,0.64,0.5945496211643369,6
"['V4', 'V10', 'V16', 'V9', 'V20', 'V11']",0.5405405405405406,0.7843137254901961,0.64,0.6054426968675163,6
"['V4', 'V10', 'V16', 'V8', 'V7', 'V1']",0.5405405405405406,0.7843137254901961,0.64,0.6030560380574693,6
"['V4', 'V10', 'V16', 'V21', 'V12', 'V11']",0.5405405405405406,0.7272727272727273,0.6201550387596899,0.608252557316712,6
"['V10', 'V16', 'V9', 'V11']",0.5405405405405406,0.7843137254901961,0.64,0.5913623407966742,4
"['V10', 'V16', 'V9', 'V8', 'V21', 'V12', 'V7']",0.5405405405405406,0.7843137254901961,0.64,0.6022799889988552,7
"['V4', 'V16', 'V8', 'V21', 'V12', 'V7', 'V11']",0.5405405405405406,0.7547169811320755,0.6299212598425197,0.5986302984286642,7
"['V4', 'V16', 'V8', 'V21', 'V12', 'V20', 'V11']",0.5405405405405406,0.7547169811320755,0.6299212598425197,0.5965057917035075,7
"['V4', 'V10', 'V16', 'V9', 'V12', 'V11']",0.5405405405405406,0.7547169811320755,0.6299212598425197,0.6109769754675649,6
"['V4', 'V16', 'V8', 'V12', 'V7', 'V20', 'V11']",0.5405405405405406,0.7547169811320755,0.6299212598425197,0.5967414103688423,7
"['V10', 'V9', 'V21', 'V12', 'V7', 'V20']",0.5405405405405406,0.7843137254901961,0.64,0.5954769420798722,6
"['V4', 'V10', 'V16', 'V8', 'V20', 'V11']",0.5405405405405406,0.7843137254901961,0.64,0.6141214487140848,6
"['V14', 'V4', 'V8', 'V7']",0.5405405405405406,0.6666666666666666,0.5970149253731343,0.622703603878595,4
"['V10', 'V16', 'V9', 'V21', 'V12', 'V20', 'V11']",0.5405405405405406,0.7843137254901961,0.64,0.6079272548485548,7
"['V14', 'V4', 'V9', 'V7']",0.5405405405405406,0.7017543859649122,0.6106870229007634,0.6279556374444745,4
"['V4', 'V16', 'V8', 'V12', 'V20', 'V11', 'V1']",0.5405405405405406,0.7547169811320755,0.6299212598425197,0.5917684910305954,7
"['V10', 'V16', 'V9', 'V12', 'V7', 'V20', 'V11']",0.5405405405405406,0.7843137254901961,0.64,0.6098977835658497,7
"['V4', 'V10', 'V16', 'V8', 'V21', 'V11']",0.5405405405405406,0.7272727272727273,0.6201550387596899,0.6061926299091479,6
"['V4', 'V10', 'V16', 'V8', 'V21', 'V12']",0.5405405405405406,0.7272727272727273,0.6201550387596899,0.6063026730010784,6
"['V10', 'V16', 'V9', 'V12', 'V7', 'V20', 'V1']",0.5405405405405406,0.7843137254901961,0.64,0.5974463690753394,7
"['V10', 'V8', 'V12', 'V7', 'V20', 'V11']",0.5405405405405406,0.7843137254901961,0.64,0.5974164343298239,6
"['V4', 'V10', 'V16', 'V9', 'V12', 'V20']",0.5405405405405406,0.7692307692307693,0.6349206349206349,0.6058624716449376,6
"['V4', 'V16', 'V21', 'V12', 'V20', 'V11', 'V1']",0.5405405405405406,0.7547169811320755,0.6299212598425197,0.592190173689226,7
"['V10', 'V16', 'V9', 'V8', 'V21', 'V12', 'V20']",0.5405405405405406,0.7843137254901961,0.64,0.602768405797057,7
"['V4', 'V16', 'V8', 'V21', 'V12', 'V11', 'V1']",0.5405405405405406,0.7547169811320755,0.6299212598425197,0.5934323143920446,7
"['V10', 'V8', 'V21', 'V7', 'V11', 'V1']",0.5405405405405406,0.7843137254901961,0.64,0.589862423761985,6
"['V4', 'V10', 'V21', 'V12', 'V7', 'V11', 'V1']",0.5405405405405406,0.7843137254901961,0.64,0.6220590535511932,7
"['V10', 'V16', 'V9', 'V12', 'V20']",0.5405405405405406,0.7843137254901961,0.64,0.5945823518421878,5
"['V4', 'V10', 'V21', 'V12', 'V20', 'V11', 'V1']",0.5405405405405406,0.7843137254901961,0.64,0.6258249482766701,7
"['V10', 'V16', 'V9', 'V12', 'V11']",0.5405405405405406,0.7843137254901961,0.64,0.6075675308373568,5
"['V10', 'V16', 'V9', 'V8', 'V12', 'V7', 'V1']",0.5405405405405406,0.7843137254901961,0.64,0.5921401051015349,7
"['V10', 'V9', 'V8', 'V12', 'V7', 'V11']",0.5405405405405406,0.7843137254901961,0.64,0.6097069931921746,6
"['V10', 'V16', 'V8', 'V12']",0.5405405405405406,0.7843137254901961,0.64,0.5854568668980759,4
"['V10', 'V16', 'V9', 'V8', 'V7', 'V20', 'V11']",0.5405405405405406,0.7843137254901961,0.64,0.5949100929618909,7
"['V10', 'V16', 'V9', 'V21', 'V12', 'V7', 'V20']",0.5405405405405406,0.7843137254901961,0.64,0.5982676463709244,7
"['V14', 'V8', 'V21', 'V7', 'V20', 'V1']",0.5405405405405406,0.7407407407407407,0.625,0.6243794491736123,6
"['V14', 'V4', 'V8', 'V11']",0.5405405405405406,0.6779661016949152,0.6015037593984962,0.5870167409914031,4
"['V10', 'V16', 'V9', 'V7', 'V11']",0.5405405405405406,0.7843137254901961,0.64,0.5904622423104776,5
"['V10', 'V21', 'V7', 'V20', 'V11', 'V1']",0.5405405405405406,0.7843137254901961,0.64,0.5890684766163323,6
"['V10', 'V16', 'V9', 'V20', 'V11']",0.5405405405405406,0.7843137254901961,0.64,0.5935893929956759,5
"['V14', 'V7', 'V20']",0.527027027027027,0.75,0.6190476190476191,0.6129173176274857,3
"['V4', 'V10', 'V16', 'V9', 'V12', 'V7', 'V11', 'V1']",0.527027027027027,0.7647058823529411,0.624,0.6165726961012188,8
"['V4', 'V16', 'V12', 'V7', 'V20', 'V11', 'V1']",0.527027027027027,0.75,0.6190476190476191,0.5819361978033692,7
"['V14', 'V8', 'V7', 'V20']",0.527027027027027,0.75,0.6190476190476191,0.6155965667447254,4
"['V4', 'V8', 'V21', 'V12', 'V7', 'V20', 'V11']",0.527027027027027,0.75,0.6190476190476191,0.5770164694401696,7
"['V14', 'V8', 'V21', 'V7']",0.527027027027027,0.7647058823529411,0.624,0.6136199075489488,4
"['V4', 'V10', 'V9', 'V8', 'V21', 'V7', 'V1']",0.527027027027027,0.78,0.6290322580645161,0.6174944773408486,7
"['V4', 'V10', 'V16', 'V9', 'V12', 'V7', 'V20', 'V11']",0.527027027027027,0.7647058823529411,0.624,0.6147122051519263,8
"['V4', 'V10', 'V9', 'V12', 'V7', 'V20', 'V1']",0.527027027027027,0.78,0.6290322580645161,0.6083323915940013,7
"['V10', 'V16', 'V9', 'V8', 'V21', 'V7', 'V1']",0.527027027027027,0.78,0.6290322580645161,0.5910846984187161,7
"['V4', 'V10', 'V16', 'V9', 'V21', 'V7', 'V20', 'V11']",0.527027027027027,0.78,0.6290322580645161,0.612694373829613,8
"['V10', 'V16', 'V9', 'V8', 'V21', 'V7', 'V20']",0.527027027027027,0.78,0.6290322580645161,0.5804906035839179,7
"['V4', 'V10', 'V16', 'V9', 'V21', 'V12', 'V20', 'V11']",0.527027027027027,0.7647058823529411,0.624,0.6154957817671408,8
"['V14', 'V21', 'V7']",0.527027027027027,0.7647058823529411,0.624,0.6160509347078355,3
"['V4', 'V10', 'V16', 'V9', 'V8', 'V21', 'V12', 'V7']",0.527027027027027,0.7222222222222222,0.609375,0.6052172604613001,8
"['V4', 'V10', 'V9', 'V21', 'V7', 'V20', 'V1']",0.527027027027027,0.78,0.6290322580645161,0.6217546477793596,7
"['V4', 'V10', 'V9', 'V21', 'V7', 'V20', 'V11']",0.527027027027027,0.78,0.6290322580645161,0.6130050224349837,7
"['V14', 'V8', 'V7']",0.527027027027027,0.75,0.6190476190476191,0.6126361739826316,3
"['V4', 'V8', 'V21', 'V12', 'V7', 'V11', 'V1']",0.527027027027027,0.75,0.6190476190476191,0.5753686356071623,7
"['V4', 'V10', 'V9', 'V21', 'V12', 'V20', 'V1']",0.527027027027027,0.7647058823529411,0.624,0.6171874024944375,7
"['V4', 'V10', 'V16', 'V9', 'V8', 'V12', 'V7', 'V11']",0.527027027027027,0.7647058823529411,0.624,0.6150622115473336,8
"['V4', 'V10', 'V16', 'V12', 'V7']",0.527027027027027,0.7647058823529411,0.624,0.6016914955213144,5
"['V4', 'V10', 'V9', 'V21', 'V12', 'V20', 'V11']",0.527027027027027,0.75,0.6190476190476191,0.6127339795072195,7
"['V4', 'V10', 'V16', 'V9', 'V8', 'V21', 'V20', 'V11']",0.527027027027027,0.78,0.6290322580645161,0.6179224115861109,8
"['V14', 'V4', 'V8', 'V20', 'V11']",0.527027027027027,0.6724137931034483,0.5909090909090909,0.589663811921127,5
"['V4', 'V10', 'V9', 'V8', 'V12', 'V7', 'V1']",0.527027027027027,0.7647058823529411,0.624,0.6024875274239228,7
"['V14', 'V4', 'V7', 'V20', 'V1']",0.527027027027027,0.7090909090909091,0.6046511627906976,0.6096322896843557,5
"['V4', 'V10', 'V16', 'V9', 'V12', 'V7', 'V20']",0.527027027027027,0.7647058823529411,0.624,0.6089562195711743,7
"['V4', 'V10', 'V16', 'V11', 'V1']",0.527027027027027,0.78,0.6290322580645161,0.6170149090931556,5
"['V4', 'V16', 'V9', 'V8', 'V12', 'V20', 'V11']",0.527027027027027,0.75,0.6190476190476191,0.6067376751652388,7
"['V4', 'V10', 'V9', 'V12', 'V7', 'V20', 'V11', 'V1']",0.527027027027027,0.78,0.6290322580645161,0.6112713034048867,8
"['V4', 'V10', 'V8', 'V21', 'V12', 'V11', 'V1']",0.527027027027027,0.75,0.6190476190476191,0.6153095803985555,7
"['V14', 'V20', 'V11', 'V1']",0.527027027027027,0.6724137931034483,0.5909090909090909,0.551916681598319,4
"['V9', 'V21', 'V12', 'V11', 'V1']",0.527027027027027,0.7647058823529411,0.624,0.5844253609899686,5
"['V4', 'V10', 'V8', 'V21', 'V7', 'V20', 'V1']",0.527027027027027,0.7647058823529411,0.624,0.6277455580170311,7
"['V4', 'V10', 'V8', 'V12', 'V11']",0.527027027027027,0.7358490566037735,0.6141732283464567,0.6082401442152789,5
"['V14', 'V4', 'V9', 'V7', 'V20', 'V11', 'V1']",0.527027027027027,0.6964285714285714,0.6,0.6249783484284516,7
"['V4', 'V10', 'V8', 'V12', 'V1']",0.527027027027027,0.75,0.6190476190476191,0.606289286111216,5
"['V4', 'V10', 'V8', 'V21', 'V20', 'V11', 'V1']",0.527027027027027,0.7647058823529411,0.624,0.6203738144410765,7
"['V4', 'V10', 'V8', 'V12', 'V7', 'V20', 'V11', 'V1']",0.527027027027027,0.7647058823529411,0.624,0.6190744310496988,8
"['V9', 'V8', 'V21', 'V12', 'V7', 'V20', 'V11', 'V1']",0.527027027027027,0.75,0.6190476190476191,0.5979232317249445,8
"['V4', 'V10', 'V21', 'V12', 'V7', 'V20', 'V11', 'V1']",0.527027027027027,0.78,0.6290322580645161,0.6272308224624441,8
"['V4', 'V10', 'V21', 'V7', 'V20', 'V11', 'V1']",0.527027027027027,0.78,0.6290322580645161,0.6291297340604749,7
"['V4', 'V16', 'V8', 'V21', 'V12', 'V7', 'V11', 'V1']",0.527027027027027,0.75,0.6190476190476191,0.6010981633290358,8
"['V4', 'V16', 'V8', 'V12', 'V7', 'V20', 'V11', 'V1']",0.527027027027027,0.75,0.6190476190476191,0.5960054987562445,8
"['V4', 'V16', 'V21', 'V12', 'V7', 'V20', 'V11', 'V1']",0.527027027027027,0.75,0.6190476190476191,0.59175816430895,8
"['V4', 'V8', 'V21', 'V12', 'V7', 'V20', 'V11', 'V1']",0.527027027027027,0.75,0.6190476190476191,0.5755801422047431,8
"['V10', 'V16', 'V9', 'V8', 'V21', 'V12', 'V7', 'V20']",0.527027027027027,0.78,0.6290322580645161,0.6048276971034081,8
"['V4', 'V10', 'V21', 'V12', 'V11']",0.527027027027027,0.7222222222222222,0.609375,0.6070115473124922,5
"['V4', 'V10', 'V21', 'V12', 'V20']",0.527027027027027,0.7358490566037735,0.6141732283464567,0.6041111893604099,5
"['V14', 'V4', 'V7']",0.527027027027027,0.6842105263157895,0.5954198473282443,0.6146787961199965,3
"['V14', 'V4', 'V9']",0.527027027027027,0.6964285714285714,0.6,0.6104133887499297,3
"['V4', 'V10', 'V9', 'V8', 'V12', 'V7', 'V20', 'V1']",0.527027027027027,0.7647058823529411,0.624,0.6066483336578183,8
"['V4', 'V10', 'V9', 'V8', 'V21', 'V7', 'V20', 'V1']",0.527027027027027,0.78,0.6290322580645161,0.6225531284928095,8
"['V16', 'V12', 'V7', 'V11', 'V1']",0.527027027027027,0.7647058823529411,0.624,0.5706019340806713,5
"['V16', 'V8', 'V21', 'V12', 'V7', 'V20', 'V11', 'V1']",0.527027027027027,0.75,0.6190476190476191,0.5777166492767379,8
"['V14', 'V21', 'V7', 'V20']",0.527027027027027,0.7647058823529411,0.624,0.6191750735709741,4
"['V16', 'V9', 'V21', 'V12', 'V7', 'V20', 'V11', 'V1']",0.527027027027027,0.7647058823529411,0.624,0.5908736371743385,8
"['V16', 'V9', 'V8', 'V21', 'V7', 'V20', 'V11', 'V1']",0.527027027027027,0.78,0.6290322580645161,0.5972513181990545,8
"['V4', 'V16', 'V21', 'V12', 'V7', 'V11', 'V1']",0.527027027027027,0.75,0.6190476190476191,0.589592279399426,7
"['V14', 'V21', 'V11', 'V1']",0.527027027027027,0.7090909090909091,0.6046511627906976,0.5848089805793507,4
"['V4', 'V16', 'V8', 'V12', 'V11']",0.527027027027027,0.75,0.6190476190476191,0.5950737873592252,5
"['V4', 'V10', 'V12', 'V20', 'V11']",0.527027027027027,0.7358490566037735,0.6141732283464567,0.6078928882384249,5
"['V9', 'V8', 'V12', 'V7', 'V11']",0.527027027027027,0.75,0.6190476190476191,0.597763906405674,5
"['V4', 'V16', 'V21', 'V12', 'V7', 'V20', 'V11']",0.527027027027027,0.75,0.6190476190476191,0.5943386594993889,7
"['V16', 'V9', 'V8', 'V21', 'V12', 'V20', 'V11', 'V1']",0.527027027027027,0.7647058823529411,0.624,0.6002696488947707,8
"['V4', 'V10', 'V12', 'V7', 'V11']",0.527027027027027,0.7647058823529411,0.624,0.6116691098469789,5
"['V16', 'V9', 'V8', 'V21', 'V12', 'V7', 'V20', 'V11']",0.527027027027027,0.7647058823529411,0.624,0.6052504438319752,8
"['V4', 'V16', 'V8', 'V12', 'V7', 'V11', 'V1']",0.527027027027027,0.75,0.6190476190476191,0.5973724947143184,7
"['V9', 'V21', 'V12', 'V7', 'V11']",0.527027027027027,0.75,0.6190476190476191,0.5871846570290777,5
"['V4', 'V10', 'V16', 'V12', 'V7', 'V20', 'V11', 'V1']",0.527027027027027,0.7647058823529411,0.624,0.6209870988112913,8
"['V4', 'V10', 'V9', 'V8', 'V21', 'V12', 'V7', 'V20']",0.527027027027027,0.7647058823529411,0.624,0.6193100810483954,8
"['V4', 'V10', 'V9', 'V8', 'V21', 'V12', 'V20', 'V1']",0.527027027027027,0.7647058823529411,0.624,0.618173333018821,8
"['V14', 'V11', 'V1']",0.527027027027027,0.6724137931034483,0.5909090909090909,0.5565442645152612,3
"['V10', 'V16', 'V11']",0.527027027027027,0.78,0.6290322580645161,0.5759103258801579,3
"['V4', 'V16', 'V21', 'V12', 'V11']",0.527027027027027,0.75,0.6190476190476191,0.5887830868650397,5
"['V16', 'V9', 'V8', 'V7', 'V20', 'V11', 'V1']",0.527027027027027,0.7647058823529411,0.624,0.5919404827955443,7
"['V16', 'V9', 'V8', 'V21', 'V12', 'V7', 'V11']",0.527027027027027,0.75,0.6190476190476191,0.60503410785912,7
"['V16', 'V9', 'V8', 'V21', 'V12', 'V20', 'V11']",0.527027027027027,0.7647058823529411,0.624,0.5971316675378814,7
"['V16', 'V9', 'V8', 'V21', 'V12', 'V11', 'V1']",0.527027027027027,0.7647058823529411,0.624,0.5993791596058452,7
"['V14', 'V4', 'V20', 'V11']",0.527027027027027,0.6724137931034483,0.5909090909090909,0.5870556797434084,4
"['V16', 'V9', 'V8', 'V21', 'V7', 'V20', 'V11']",0.527027027027027,0.78,0.6290322580645161,0.5968985274370671,7
"['V10', 'V16', 'V21', 'V20', 'V1']",0.527027027027027,0.78,0.6290322580645161,0.5691173820593262,5
"['V16', 'V9', 'V8', 'V21', 'V7', 'V11', 'V1']",0.527027027027027,0.78,0.6290322580645161,0.5981541113161608,7
"['V16', 'V9', 'V8', 'V21', 'V20', 'V11', 'V1']",0.527027027027027,0.78,0.6290322580645161,0.5966366017225251,7
"['V16', 'V9', 'V21', 'V12', 'V7', 'V20', 'V11']",0.527027027027027,0.7647058823529411,0.624,0.5934880527148523,7
"['V4', 'V10', 'V16', 'V9', 'V8', 'V21', 'V12', 'V7', 'V11']",0.527027027027027,0.7222222222222222,0.609375,0.6162821067099555,9
"['V14', 'V4', 'V9', 'V8', 'V20']",0.527027027027027,0.6964285714285714,0.6,0.6065841733433963,5
"['V16', 'V9', 'V8', 'V21', 'V12', 'V7', 'V20', 'V11', 'V1']",0.527027027027027,0.7647058823529411,0.624,0.6052494514156195,9
"['V14', 'V4', 'V9', 'V8', 'V11']",0.527027027027027,0.6964285714285714,0.6,0.6179618076912152,5
"['V4', 'V10', 'V16', 'V9', 'V8', 'V21', 'V7', 'V20', 'V11']",0.527027027027027,0.78,0.6290322580645161,0.6209770139376136,9
"['V14', 'V8', 'V21', 'V7', 'V20']",0.527027027027027,0.75,0.6190476190476191,0.6150724612419014,5
"['V10', 'V16', 'V8', 'V21', 'V7', 'V20', 'V1']",0.527027027027027,0.7647058823529411,0.624,0.572574545991478,7
"['V10', 'V16', 'V9', 'V20', 'V1']",0.527027027027027,0.78,0.6290322580645161,0.5752844160907065,5
"['V14', 'V4', 'V9', 'V21', 'V20']",0.527027027027027,0.6964285714285714,0.6,0.622603706918131,5
"['V4', 'V10', 'V16', 'V8', 'V21', 'V7', 'V20']",0.527027027027027,0.7647058823529411,0.624,0.6103504918360407,7
"['V14', 'V4', 'V7', 'V1']",0.527027027027027,0.6964285714285714,0.6,0.6090153167944568,4
"['V4', 'V10', 'V9', 'V21', 'V12', 'V7', 'V20', 'V11', 'V1']",0.527027027027027,0.78,0.6290322580645161,0.6224251663910508,9
"['V14', 'V4', 'V7', 'V20']",0.527027027027027,0.6964285714285714,0.6,0.6117442442647221,4
"['V10', 'V16', 'V21', 'V7', 'V1']",0.527027027027027,0.78,0.6290322580645161,0.5731320811067402,5
"['V4', 'V10', 'V16', 'V9', 'V21', 'V20', 'V11']",0.527027027027027,0.78,0.6290322580645161,0.6139336303198791,7
"['V4', 'V10', 'V16', 'V9', 'V21', 'V7', 'V1']",0.527027027027027,0.78,0.6290322580645161,0.6184535081202267,7
"['V4', 'V10', 'V16', 'V9', 'V21', 'V7', 'V20']",0.527027027027027,0.78,0.6290322580645161,0.6103177177094455,7
"['V10', 'V9', 'V8', 'V21', 'V12', 'V7', 'V20']",0.527027027027027,0.78,0.6290322580645161,0.6040429145982121,7
"['V10', 'V16', 'V9', 'V12', 'V7']",0.527027027027027,0.78,0.6290322580645161,0.596253403388428,5
"['V4', 'V10', 'V16', 'V9', 'V21', 'V12', 'V20']",0.527027027027027,0.75,0.6190476190476191,0.6093604903117972,7
"['V4', 'V10', 'V16', 'V9', 'V12', 'V20', 'V1']",0.527027027027027,0.78,0.6290322580645161,0.612431407670303,7
"['V10', 'V16', 'V9', 'V21', 'V11']",0.527027027027027,0.7647058823529411,0.624,0.5918054538848516,5
"['V4', 'V10', 'V16', 'V9', 'V8', 'V20', 'V11']",0.527027027027027,0.78,0.6290322580645161,0.6108089437063984,7
"['V4', 'V10', 'V16', 'V9', 'V7', 'V20', 'V11']",0.527027027027027,0.78,0.6290322580645161,0.6058931604561247,7
"['V4', 'V10', 'V16', 'V21', 'V12', 'V7', 'V20', 'V11', 'V1']",0.527027027027027,0.7647058823529411,0.624,0.6293113643031872,9
"['V10', 'V9', 'V8', 'V12', 'V7', 'V20', 'V1']",0.527027027027027,0.78,0.6290322580645161,0.5939583869246958,7
"['V4', 'V10', 'V16', 'V9', 'V8', 'V12', 'V7']",0.527027027027027,0.7647058823529411,0.624,0.6012645340694122,7
"['V14', 'V4', 'V9', 'V8']",0.527027027027027,0.6964285714285714,0.6,0.6121065786594965,4
"['V14', 'V4', 'V9', 'V21']",0.527027027027027,0.6964285714285714,0.6,0.6268762874161193,4
"['V10', 'V16', 'V9', 'V8', 'V12']",0.527027027027027,0.7647058823529411,0.624,0.5938682659520854,5
"['V14', 'V4', 'V9', 'V20']",0.527027027027027,0.6964285714285714,0.6,0.605639345288909,4
"['V14', 'V4', 'V9', 'V11']",0.527027027027027,0.6964285714285714,0.6,0.612781291801715,4
"['V4', 'V16', 'V12', 'V7', 'V11']",0.527027027027027,0.75,0.6190476190476191,0.5879809875909285,5
"['V14', 'V21', 'V20', 'V11', 'V1']",0.527027027027027,0.7090909090909091,0.6046511627906976,0.5758764624918479,5
"['V10', 'V8', 'V12', 'V7', 'V1']",0.527027027027027,0.78,0.6290322580645161,0.5810841799457183,5
"['V4', 'V8', 'V21', 'V12', 'V11']",0.527027027027027,0.75,0.6190476190476191,0.5676939984860125,5
"['V10', 'V8', 'V12', 'V20', 'V1']",0.527027027027027,0.78,0.6290322580645161,0.5813877432456975,5
"['V10', 'V20', 'V11']",0.527027027027027,0.78,0.6290322580645161,0.5748094820275187,3
"['V10', 'V12', 'V11']",0.527027027027027,0.78,0.6290322580645161,0.588589139566629,3
"['V10', 'V12', 'V7']",0.527027027027027,0.78,0.6290322580645161,0.5869780819041119,3
"['V10', 'V16', 'V8', 'V21', 'V1']",0.527027027027027,0.78,0.6290322580645161,0.561468478313933,5
"['V10', 'V21', 'V11']",0.527027027027027,0.7647058823529411,0.624,0.5640397362408671,3
"['V4', 'V10', 'V16', 'V9', 'V12']",0.527027027027027,0.75,0.6190476190476191,0.597819759822511,5
"['V10', 'V9', 'V8', 'V21', 'V11']",0.527027027027027,0.75,0.6190476190476191,0.5849969900045724,5
"['V10', 'V9', 'V11']",0.527027027027027,0.78,0.6290322580645161,0.581802105940769,3
"['V4', 'V10', 'V16', 'V9', 'V21', 'V11', 'V1']",0.527027027027027,0.7647058823529411,0.624,0.6050209271457998,7
"['V4', 'V10', 'V16', 'V8', 'V11']",0.527027027027027,0.7358490566037735,0.6141732283464567,0.6052642891170159,5
"['V16', 'V9', 'V8', 'V21', 'V11']",0.527027027027027,0.78,0.6290322580645161,0.5918612546610722,5
"['V4', 'V10', 'V16', 'V21', 'V12']",0.527027027027027,0.7222222222222222,0.609375,0.5971080240651543,5
"['V16', 'V9', 'V12', 'V11', 'V1']",0.527027027027027,0.7647058823529411,0.624,0.5934961943112055,5
"['V4', 'V10', 'V16', 'V21', 'V11']",0.527027027027027,0.7222222222222222,0.609375,0.6035654750898559,5
"['V10', 'V16', 'V9', 'V8', 'V12', 'V7', 'V20']",0.527027027027027,0.7647058823529411,0.624,0.5993193696365027,7
"['V16', 'V12', 'V11']",0.527027027027027,0.7647058823529411,0.624,0.5689612318980042,3
"['V4', 'V10', 'V16', 'V21', 'V12', 'V11', 'V1']",0.527027027027027,0.75,0.6190476190476191,0.6215047883759184,7
"['V10', 'V8', 'V21', 'V11', 'V1']",0.527027027027027,0.78,0.6290322580645161,0.5845553092310771,5
"['V4', 'V21', 'V12', 'V20', 'V11']",0.527027027027027,0.75,0.6190476190476191,0.5676943410552138,5
"['V9', 'V8', 'V21', 'V12', 'V7', 'V20', 'V11']",0.527027027027027,0.75,0.6190476190476191,0.5982320474545371,7
"['V9', 'V8', 'V21', 'V12', 'V7', 'V11', 'V1']",0.527027027027027,0.75,0.6190476190476191,0.5998956420746568,7
"['V14', 'V4', 'V9', 'V1']",0.527027027027027,0.6964285714285714,0.6,0.61158588586221,4
"['V4', 'V10', 'V8', 'V12', 'V20', 'V11', 'V1']",0.527027027027027,0.7647058823529411,0.624,0.6186218191058526,7
"['V10', 'V9', 'V8', 'V7', 'V11']",0.527027027027027,0.78,0.6290322580645161,0.5881664936554054,5
"['V9', 'V8', 'V12', 'V7', 'V20', 'V11', 'V1']",0.527027027027027,0.75,0.6190476190476191,0.5969230672220657,7
"['V10', 'V9', 'V21', 'V12', 'V20']",0.527027027027027,0.78,0.6290322580645161,0.5949282179787635,5
"['V9', 'V21', 'V12', 'V7', 'V20', 'V11', 'V1']",0.527027027027027,0.75,0.6190476190476191,0.5847297742341473,7
"['V14', 'V4', 'V9', 'V7', 'V11']",0.527027027027027,0.6964285714285714,0.6,0.626053695933665,5
"['V14', 'V4', 'V9', 'V7', 'V1']",0.527027027027027,0.6964285714285714,0.6,0.622073807749151,5
"['V14', 'V4', 'V9', 'V20', 'V11']",0.527027027027027,0.6964285714285714,0.6,0.6086328595297749,5
"['V10', 'V8', 'V21', 'V12', 'V7']",0.527027027027027,0.78,0.6290322580645161,0.5932405384758738,5
"['V14', 'V4', 'V9', 'V20', 'V1']",0.527027027027027,0.6964285714285714,0.6,0.6089249522568204,5
"['V21', 'V12', 'V11']",0.527027027027027,0.75,0.6190476190476191,0.5517009450031275,3
"['V10', 'V8', 'V21', 'V7', 'V11']",0.527027027027027,0.7647058823529411,0.624,0.5835487644489602,5
"['V14', 'V4', 'V9', 'V11', 'V1']",0.527027027027027,0.6964285714285714,0.6,0.612069160282129,5
"['V10', 'V8', 'V21', 'V20', 'V11']",0.527027027027027,0.78,0.6290322580645161,0.5827540363213817,5
"['V4', 'V10', 'V8', 'V12', 'V7', 'V20', 'V11']",0.527027027027027,0.7647058823529411,0.624,0.6199647040342934,7
"['V9', 'V8', 'V12', 'V20', 'V11', 'V1']",0.527027027027027,0.75,0.6190476190476191,0.5908220825423482,6
"['V14', 'V4', 'V9', 'V8', 'V20', 'V11', 'V1']",0.527027027027027,0.6964285714285714,0.6,0.622092550232165,7
"['V10', 'V9', 'V8', 'V12', 'V20', 'V11']",0.527027027027027,0.78,0.6290322580645161,0.607460459977464,6
"['V10', 'V16', 'V9', 'V8', 'V12', 'V20']",0.527027027027027,0.7647058823529411,0.624,0.5982698138486832,6
"['V10', 'V16', 'V9', 'V8', 'V12', 'V7']",0.527027027027027,0.7647058823529411,0.624,0.5954483837198445,6
"['V4', 'V16', 'V21', 'V12', 'V20', 'V11']",0.527027027027027,0.75,0.6190476190476191,0.5940290452211199,6
"['V4', 'V21', 'V12', 'V11']",0.527027027027027,0.75,0.6190476190476191,0.5676048470045956,4
"['V4', 'V10', 'V16', 'V7', 'V20', 'V11']",0.527027027027027,0.78,0.6290322580645161,0.616040224818823,6
"['V4', 'V10', 'V16', 'V7', 'V11', 'V1']",0.527027027027027,0.78,0.6290322580645161,0.614129035320844,6
"['V10', 'V9', 'V12', 'V7', 'V20', 'V11']",0.527027027027027,0.78,0.6290322580645161,0.6097863553045769,6
"['V8', 'V21', 'V12', 'V7', 'V11', 'V1']",0.527027027027027,0.75,0.6190476190476191,0.566066608582825,6
"['V14', 'V4', 'V9', 'V7', 'V20', 'V11']",0.527027027027027,0.6964285714285714,0.6,0.6249064308816844,6
"['V4', 'V10', 'V12', 'V7', 'V20', 'V11']",0.527027027027027,0.7647058823529411,0.624,0.6171483314656051,6
"['V9', 'V12', 'V7', 'V20', 'V11', 'V1']",0.527027027027027,0.7647058823529411,0.624,0.5877983186755633,6
"['V10', 'V16', 'V7', 'V11']",0.527027027027027,0.78,0.6290322580645161,0.5781681673153279,4
"['V9', 'V21', 'V12', 'V20', 'V11', 'V1']",0.527027027027027,0.7647058823529411,0.624,0.5845938398401608,6
"['V10', 'V9', 'V7', 'V20', 'V11', 'V1']",0.527027027027027,0.78,0.6290322580645161,0.5899333560534477,6
"['V14', 'V4', 'V9', 'V7', 'V20', 'V1']",0.527027027027027,0.6964285714285714,0.6,0.6229560330227587,6
"['V9', 'V21', 'V12', 'V7', 'V11', 'V1']",0.527027027027027,0.7647058823529411,0.624,0.5846459552131857,6
"['V10', 'V16', 'V9', 'V8', 'V21', 'V1']",0.527027027027027,0.7647058823529411,0.624,0.5812626832761221,6
"['V9', 'V21', 'V12', 'V7', 'V20', 'V11']",0.527027027027027,0.75,0.6190476190476191,0.5852738917415271,6
"['V10', 'V9', 'V7', 'V11']",0.527027027027027,0.78,0.6290322580645161,0.5840191098183344,4
"['V14', 'V4', 'V9', 'V7', 'V11', 'V1']",0.527027027027027,0.6964285714285714,0.6,0.6230068120280031,6
"['V9', 'V8', 'V12', 'V7', 'V11', 'V1']",0.527027027027027,0.75,0.6190476190476191,0.5967523752351693,6
"['V10', 'V8', 'V21', 'V20', 'V11', 'V1']",0.527027027027027,0.78,0.6290322580645161,0.5881620617944323,6
"['V10', 'V8', 'V12', 'V7', 'V20', 'V1']",0.527027027027027,0.78,0.6290322580645161,0.5812015481477486,6
"['V14', 'V4', 'V9', 'V20', 'V11', 'V1']",0.527027027027027,0.6964285714285714,0.6,0.6085817762622162,6
"['V8', 'V21', 'V12', 'V11']",0.527027027027027,0.75,0.6190476190476191,0.5496164504222563,4
"['V16', 'V9', 'V8', 'V21', 'V12', 'V11']",0.527027027027027,0.7647058823529411,0.624,0.5971476038109224,6
"['V4', 'V12', 'V7', 'V20', 'V11', 'V1']",0.527027027027027,0.75,0.6190476190476191,0.5602255547220989,6
"['V4', 'V10', 'V21', 'V12', 'V7', 'V20']",0.527027027027027,0.7647058823529411,0.624,0.6174453063548943,6
"['V16', 'V9', 'V8', 'V21', 'V7', 'V11']",0.527027027027027,0.78,0.6290322580645161,0.5972918048118537,6
"['V10', 'V9', 'V8', 'V12', 'V20', 'V1']",0.527027027027027,0.78,0.6290322580645161,0.5909947112183676,6
"['V4', 'V10', 'V16', 'V12', 'V7', 'V20']",0.527027027027027,0.7647058823529411,0.624,0.6111627186013096,6
"['V9', 'V8', 'V21', 'V12', 'V11', 'V1']",0.527027027027027,0.75,0.6190476190476191,0.5915938521197996,6
"['V14', 'V4', 'V9', 'V8', 'V11', 'V1']",0.527027027027027,0.6964285714285714,0.6,0.6223034481989961,6
"['V10', 'V16', 'V21', 'V11']",0.527027027027027,0.78,0.6290322580645161,0.5764136293353722,4
"['V10', 'V9', 'V8', 'V11']",0.527027027027027,0.78,0.6290322580645161,0.5819943565358963,4
"['V10', 'V16', 'V9', 'V21', 'V12', 'V1']",0.527027027027027,0.7647058823529411,0.624,0.5932305220332594,6
"['V8', 'V12', 'V20', 'V11']",0.527027027027027,0.7358490566037735,0.6141732283464567,0.5413567778229469,4
"['V4', 'V16', 'V8', 'V12', 'V20', 'V11']",0.527027027027027,0.75,0.6190476190476191,0.5949853853008013,6
"['V10', 'V16', 'V9', 'V21', 'V20', 'V1']",0.527027027027027,0.78,0.6290322580645161,0.5924734386914132,6
"['V4', 'V10', 'V16', 'V9', 'V8', 'V12']",0.527027027027027,0.75,0.6190476190476191,0.6007301656669141,6
"['V4', 'V10', 'V16', 'V9', 'V8', 'V11']",0.527027027027027,0.7358490566037735,0.6141732283464567,0.6031760255139977,6
"['V10', 'V7', 'V20', 'V11']",0.527027027027027,0.78,0.6290322580645161,0.578653417548708,4
"['V4', 'V10', 'V16', 'V9', 'V21', 'V12']",0.527027027027027,0.7222222222222222,0.609375,0.5985277185062985,6
"['V10', 'V12', 'V20', 'V11']",0.527027027027027,0.78,0.6290322580645161,0.5888132766617131,4
"['V10', 'V16', 'V8', 'V21', 'V7', 'V1']",0.527027027027027,0.78,0.6290322580645161,0.5684741489488101,6
"['V10', 'V21', 'V11', 'V1']",0.527027027027027,0.78,0.6290322580645161,0.5783058951902664,4
"['V4', 'V10', 'V16', 'V9', 'V12', 'V7']",0.527027027027027,0.7647058823529411,0.624,0.599331599439746,6
"['V4', 'V10', 'V16', 'V9', 'V12', 'V1']",0.527027027027027,0.7647058823529411,0.624,0.6053975744417203,6
"['V10', 'V21', 'V20', 'V11']",0.527027027027027,0.78,0.6290322580645161,0.5763880078310932,4
"['V10', 'V16', 'V8', 'V21', 'V20', 'V1']",0.527027027027027,0.78,0.6290322580645161,0.5705639456099387,6
"['V4', 'V10', 'V16', 'V9', 'V20', 'V1']",0.527027027027027,0.78,0.6290322580645161,0.6100664650482192,6
"['V4', 'V16', 'V8', 'V12', 'V11', 'V1']",0.527027027027027,0.75,0.6190476190476191,0.5950141818072427,6
"['V4', 'V10', 'V16', 'V8', 'V21', 'V20']",0.527027027027027,0.7647058823529411,0.624,0.6075274688908958,6
"['V4', 'V10', 'V12', 'V11']",0.527027027027027,0.7358490566037735,0.6141732283464567,0.6058017875899305,4
"['V10', 'V16', 'V8', 'V12', 'V7', 'V20']",0.527027027027027,0.78,0.6290322580645161,0.5897296699671734,6
"['V4', 'V10', 'V12', 'V20']",0.527027027027027,0.75,0.6190476190476191,0.600915118551195,4
"['V4', 'V10', 'V16', 'V8', 'V12', 'V7']",0.527027027027027,0.7647058823529411,0.624,0.6051100849691735,6
"['V10', 'V16', 'V21', 'V7', 'V20', 'V1']",0.527027027027027,0.7647058823529411,0.624,0.574022545245002,6
"['V10', 'V9', 'V8', 'V21', 'V12', 'V7']",0.527027027027027,0.7647058823529411,0.624,0.6002695875312046,6
"['V10', 'V9', 'V8', 'V21', 'V12', 'V20']",0.527027027027027,0.78,0.6290322580645161,0.6004880070977549,6
"['V14', 'V4', 'V9', 'V8', 'V20', 'V11']",0.527027027027027,0.6964285714285714,0.6,0.613693335431839,6
"['V4', 'V10', 'V16', 'V21', 'V11', 'V1']",0.527027027027027,0.75,0.6190476190476191,0.6166485493376535,6
"['V4', 'V21', 'V12', 'V7', 'V11', 'V1']",0.527027027027027,0.75,0.6190476190476191,0.5680566475049363,6
"['V10', 'V9', 'V12', 'V7', 'V20', 'V1']",0.527027027027027,0.78,0.6290322580645161,0.5976679135940987,6
"['V16', 'V9', 'V12', 'V7', 'V11', 'V1']",0.527027027027027,0.7647058823529411,0.624,0.5934372567241755,6
"['V4', 'V8', 'V21', 'V12', 'V7', 'V11']",0.527027027027027,0.7358490566037735,0.6141732283464567,0.576128996589774,6
"['V4', 'V10', 'V8', 'V12', 'V7', 'V11']",0.527027027027027,0.7647058823529411,0.624,0.616164395254883,6
"['V14', 'V4', 'V8', 'V7', 'V20', 'V1']",0.527027027027027,0.7090909090909091,0.6046511627906976,0.6180270531378039,6
"['V16', 'V12', 'V20', 'V11']",0.527027027027027,0.7647058823529411,0.624,0.5684235340731797,4
"['V16', 'V9', 'V21', 'V12', 'V7', 'V11']",0.527027027027027,0.7647058823529411,0.624,0.5932998583006043,6
"['V4', 'V16', 'V12', 'V20', 'V11', 'V1']",0.527027027027027,0.75,0.6190476190476191,0.5820713249909901,6
"['V16', 'V9', 'V12', 'V20', 'V11', 'V1']",0.527027027027027,0.7647058823529411,0.624,0.5939461381011331,6
"['V10', 'V8', 'V12', 'V1']",0.527027027027027,0.78,0.6290322580645161,0.581206853993105,4
"['V16', 'V12', 'V7', 'V20', 'V11', 'V1']",0.527027027027027,0.7647058823529411,0.624,0.5705797416392779,6
"['V16', 'V9', 'V8', 'V21', 'V11', 'V1']",0.527027027027027,0.78,0.6290322580645161,0.5962165492904624,6
"['V4', 'V10', 'V8', 'V21', 'V12', 'V20']",0.527027027027027,0.7358490566037735,0.6141732283464567,0.612644649299059,6
"['V4', 'V16', 'V12', 'V7', 'V11', 'V1']",0.527027027027027,0.75,0.6190476190476191,0.5823577671821438,6
"['V16', 'V9', 'V21', 'V12', 'V20', 'V11']",0.527027027027027,0.7647058823529411,0.624,0.5938205225275031,6
"['V14', 'V4', 'V8', 'V20', 'V11', 'V1']",0.527027027027027,0.6724137931034483,0.5909090909090909,0.5876471867980714,6
"['V16', 'V9', 'V8', 'V20', 'V11', 'V1']",0.527027027027027,0.7647058823529411,0.624,0.5910814297671685,6
"['V4', 'V10', 'V16', 'V1']",0.527027027027027,0.7647058823529411,0.624,0.602526386759497,4
"['V16', 'V9', 'V8', 'V21', 'V20', 'V11']",0.527027027027027,0.78,0.6290322580645161,0.5926535738243384,6
"['V4', 'V10', 'V8', 'V21', 'V20', 'V1']",0.527027027027027,0.7647058823529411,0.624,0.6200993174288157,6
"['V9', 'V8', 'V21', 'V12', 'V7', 'V11']",0.527027027027027,0.75,0.6190476190476191,0.6005237192760388,6
"['V4', 'V10', 'V8', 'V12', 'V20', 'V1']",0.527027027027027,0.7647058823529411,0.624,0.6149359036357053,6
"['V4', 'V10', 'V8', 'V12', 'V20', 'V11']",0.527027027027027,0.7358490566037735,0.6141732283464567,0.6106949739390147,6
"['V16', 'V9', 'V8', 'V12', 'V7', 'V11', 'V1']",0.5135135135135135,0.76,0.6129032258064516,0.6004693476407998,7
"['V16', 'V9', 'V8', 'V12', 'V20', 'V11', 'V1']",0.5135135135135135,0.76,0.6129032258064516,0.5980380301973407,7
"['V4', 'V16', 'V8', 'V7', 'V20', 'V11', 'V1']",0.5135135135135135,0.76,0.6129032258064516,0.5962986905215922,7
"['V10', 'V12', 'V7', 'V1']",0.5135135135135135,0.7755102040816326,0.6178861788617886,0.5827981251326237,4
"['V16', 'V9', 'V8', 'V12', 'V7', 'V20', 'V11']",0.5135135135135135,0.76,0.6129032258064516,0.6001502326930808,7
"['V4', 'V16', 'V12', 'V7', 'V20', 'V11']",0.5135135135135135,0.7450980392156863,0.608,0.5870779389338026,6
"['V4', 'V10', 'V16', 'V9', 'V8', 'V7', 'V1']",0.5135135135135135,0.7755102040816326,0.6178861788617886,0.595575948448549,7
"['V14', 'V8', 'V11']",0.5135135135135135,0.6440677966101694,0.5714285714285714,0.5532582557796895,3
"['V4', 'V10', 'V16', 'V9', 'V21', 'V12', 'V7']",0.5135135135135135,0.7169811320754716,0.5984251968503937,0.6026262639753226,7
"['V4', 'V16', 'V21', 'V7', 'V20', 'V11', 'V1']",0.5135135135135135,0.76,0.6129032258064516,0.5906719521184085,7
"['V9', 'V21', 'V12', 'V11']",0.5135135135135135,0.76,0.6129032258064516,0.5854452771291924,4
"['V4', 'V10', 'V9', 'V8', 'V21', 'V12', 'V20', 'V11']",0.5135135135135135,0.7450980392156863,0.608,0.6192691681414826,8
"['V10', 'V9', 'V21', 'V11']",0.5135135135135135,0.7450980392156863,0.608,0.5809895881535421,4
"['V10', 'V16', 'V8', 'V7', 'V20', 'V1']",0.5135135135135135,0.76,0.6129032258064516,0.5586612436775633,6
"['V4', 'V16', 'V9', 'V8', 'V12', 'V20', 'V1']",0.5135135135135135,0.7450980392156863,0.608,0.5838323551004667,7
"['V10', 'V9', 'V12', 'V7']",0.5135135135135135,0.7755102040816326,0.6178861788617886,0.592037034104382,4
"['V4', 'V16', 'V8', 'V7', 'V11', 'V1']",0.5135135135135135,0.76,0.6129032258064516,0.5957795510603172,6
"['V10', 'V16', 'V9', 'V21', 'V12']",0.5135135135135135,0.76,0.6129032258064516,0.5944950968935884,5
"['V10', 'V21', 'V7', 'V11']",0.5135135135135135,0.76,0.6129032258064516,0.5797777715343542,4
"['V16', 'V9', 'V21', 'V12', 'V11', 'V1']",0.5135135135135135,0.76,0.6129032258064516,0.5904953035834055,6
"['V14', 'V8', 'V1']",0.5135135135135135,0.6551724137931034,0.5757575757575758,0.5629110383498983,3
"['V4', 'V16', 'V8', 'V21', 'V12', 'V20', 'V1']",0.5135135135135135,0.7450980392156863,0.608,0.5770442996258242,7
"['V10', 'V16', 'V20', 'V11']",0.5135135135135135,0.7755102040816326,0.6178861788617886,0.5761550473120839,4
"['V4', 'V16', 'V8', 'V12', 'V7', 'V20']",0.5135135135135135,0.7450980392156863,0.608,0.5800848751167875,6
"['V4', 'V10', 'V9', 'V21', 'V12', 'V7', 'V20', 'V11']",0.5135135135135135,0.76,0.6129032258064516,0.6178280012088602,8
"['V4', 'V10', 'V16', 'V7', 'V11']",0.5135135135135135,0.7307692307692307,0.6031746031746031,0.6042600837691416,5
"['V4', 'V16', 'V9', 'V12', 'V20', 'V11', 'V1']",0.5135135135135135,0.7450980392156863,0.608,0.5915730716090339,7
"['V4', 'V12', 'V7', 'V20', 'V11']",0.5135135135135135,0.7307692307692307,0.6031746031746031,0.5698800661834321,5
"['V4', 'V12', 'V7', 'V11', 'V1']",0.5135135135135135,0.7450980392156863,0.608,0.5601410593110023,5
"['V4', 'V16', 'V9', 'V12', 'V7', 'V11', 'V1']",0.5135135135135135,0.7450980392156863,0.608,0.5934727940171223,7
"['V10', 'V16', 'V9', 'V21', 'V12', 'V7']",0.5135135135135135,0.7755102040816326,0.6178861788617886,0.5956302479316704,6
"['V8', 'V12', 'V11', 'V1']",0.5135135135135135,0.7307692307692307,0.6031746031746031,0.5483951355422615,4
"['V4', 'V16', 'V21', 'V11', 'V1']",0.5135135135135135,0.76,0.6129032258064516,0.5857067059801312,5
"['V10', 'V16', 'V9', 'V21', 'V7', 'V20']",0.5135135135135135,0.7755102040816326,0.6178861788617886,0.5844369953964847,6
"['V4', 'V16', 'V9', 'V12', 'V7', 'V20', 'V11']",0.5135135135135135,0.7450980392156863,0.608,0.5973576464444055,7
"['V4', 'V16', 'V12', 'V11']",0.5135135135135135,0.7450980392156863,0.608,0.5876525667341875,4
"['V4', 'V16', 'V9', 'V21', 'V12', 'V7', 'V11']",0.5135135135135135,0.7450980392156863,0.608,0.5997818409467548,7
"['V4', 'V16', 'V8', 'V21', 'V7', 'V11', 'V1']",0.5135135135135135,0.76,0.6129032258064516,0.5991907528478511,7
"['V4', 'V16', 'V8', 'V12', 'V20', 'V1']",0.5135135135135135,0.7450980392156863,0.608,0.57603996413278,6
"['V4', 'V16', 'V9', 'V21', 'V12', 'V11', 'V1']",0.5135135135135135,0.7450980392156863,0.608,0.5999874266846202,7
"['V10', 'V16', 'V9', 'V12', 'V7', 'V20']",0.5135135135135135,0.7755102040816326,0.6178861788617886,0.5963660708673251,6
"['V10', 'V16', 'V9', 'V12', 'V7', 'V1']",0.5135135135135135,0.7755102040816326,0.6178861788617886,0.5925963696763665,6
"['V14', 'V4', 'V11', 'V1']",0.5135135135135135,0.6666666666666666,0.5801526717557252,0.5879095785316325,4
"['V10', 'V16', 'V9', 'V12', 'V20', 'V1']",0.5135135135135135,0.7755102040816326,0.6178861788617886,0.5912200163325051,6
"['V10', 'V16', 'V9', 'V7', 'V20', 'V1']",0.5135135135135135,0.76,0.6129032258064516,0.575111421870897,6
"['V14', 'V21', 'V1']",0.5135135135135135,0.6909090909090909,0.5891472868217055,0.5886562649311232,3
"['V16', 'V9', 'V12', 'V7', 'V20', 'V11', 'V1']",0.5135135135135135,0.76,0.6129032258064516,0.59328965979854,7
"['V4', 'V16', 'V9', 'V21', 'V12', 'V20', 'V11']",0.5135135135135135,0.7450980392156863,0.608,0.6015941465692528,7
"['V14', 'V21', 'V11']",0.5135135135135135,0.6666666666666666,0.5801526717557252,0.5728744078237923,3
"['V4', 'V16', 'V8', 'V21', 'V12', 'V7', 'V20', 'V11', 'V1']",0.5135135135135135,0.7450980392156863,0.608,0.5949940722277305,9
"['V16', 'V9', 'V12', 'V7', 'V20', 'V11']",0.5135135135135135,0.76,0.6129032258064516,0.5929528713547815,6
"['V4', 'V12', 'V7', 'V11']",0.5135135135135135,0.7307692307692307,0.6031746031746031,0.5680120561812739,4
"['V4', 'V16', 'V9', 'V21', 'V12', 'V7', 'V20', 'V11', 'V1']",0.5135135135135135,0.7450980392156863,0.608,0.6011493562682513,9
"['V4', 'V10', 'V21', 'V20', 'V1']",0.5135135135135135,0.76,0.6129032258064516,0.6193412109657285,5
"['V4', 'V8', 'V12', 'V7', 'V20', 'V11', 'V1']",0.5135135135135135,0.7450980392156863,0.608,0.5722187408892397,7
"['V4', 'V10', 'V16', 'V9', 'V21', 'V7', 'V11', 'V1']",0.5135135135135135,0.7755102040816326,0.6178861788617886,0.6154612021685404,8
"['V4', 'V10', 'V12', 'V20', 'V1']",0.5135135135135135,0.7755102040816326,0.6178861788617886,0.6142736789670591,5
"['V4', 'V10', 'V8', 'V21', 'V7', 'V11', 'V1']",0.5135135135135135,0.7755102040816326,0.6178861788617886,0.6202908040761045,7
"['V4', 'V21', 'V12', 'V7', 'V20', 'V11', 'V1']",0.5135135135135135,0.7450980392156863,0.608,0.5665117012969485,7
"['V16', 'V9', 'V8', 'V7', 'V20', 'V11']",0.5135135135135135,0.76,0.6129032258064516,0.5926674885394771,6
"['V4', 'V10', 'V12', 'V7', 'V20']",0.5135135135135135,0.76,0.6129032258064516,0.6099129616741842,5
"['V16', 'V9', 'V8', 'V12', 'V11', 'V1']",0.5135135135135135,0.76,0.6129032258064516,0.598855477383409,6
"['V16', 'V9', 'V8', 'V12', 'V20', 'V11']",0.5135135135135135,0.76,0.6129032258064516,0.5979699023075222,6
"['V16', 'V9', 'V8', 'V12', 'V7', 'V11']",0.5135135135135135,0.76,0.6129032258064516,0.6009072967177489,6
"['V14', 'V4', 'V8', 'V21']",0.5135135135135135,0.6666666666666666,0.5801526717557252,0.6083108918926959,4
"['V10', 'V8', 'V21', 'V7', 'V20', 'V11']",0.5135135135135135,0.76,0.6129032258064516,0.5904847453969276,6
"['V4', 'V10', 'V9', 'V8', 'V21', 'V12', 'V11']",0.5135135135135135,0.7169811320754716,0.5984251968503937,0.6105069442538247,7
"['V10', 'V8', 'V21', 'V7', 'V20', 'V1']",0.5135135135135135,0.7755102040816326,0.6178861788617886,0.5754328864385316,6
"['V4', 'V16', 'V21', 'V12', 'V11', 'V1']",0.5135135135135135,0.7450980392156863,0.608,0.5877999885648866,6
"['V4', 'V10', 'V9', 'V12', 'V20', 'V11', 'V1']",0.5135135135135135,0.7755102040816326,0.6178861788617886,0.6094074491399103,7
"['V10', 'V16', 'V9', 'V21', 'V7', 'V20', 'V1']",0.5135135135135135,0.7755102040816326,0.6178861788617886,0.592381005663139,7
"['V10', 'V9', 'V20', 'V11']",0.5135135135135135,0.7755102040816326,0.6178861788617886,0.5863446136356251,4
"['V4', 'V10', 'V12', 'V7', 'V1']",0.5135135135135135,0.76,0.6129032258064516,0.6114943819433782,5
"['V4', 'V16', 'V21', 'V7', 'V11', 'V1']",0.5135135135135135,0.76,0.6129032258064516,0.5904708502093864,6
"['V4', 'V10', 'V9', 'V12', 'V7', 'V20', 'V11']",0.5135135135135135,0.76,0.6129032258064516,0.6143010473391592,7
"['V10', 'V16', 'V9', 'V8', 'V7', 'V20', 'V1']",0.5135135135135135,0.7755102040816326,0.6178861788617886,0.5816030087671827,7
"['V4', 'V10', 'V9', 'V8', 'V20', 'V11', 'V1']",0.5135135135135135,0.7755102040816326,0.6178861788617886,0.597769918903671,7
"['V10', 'V16', 'V8', 'V12', 'V7']",0.5135135135135135,0.7755102040816326,0.6178861788617886,0.5857623682635136,5
"['V4', 'V10', 'V9', 'V21', 'V12', 'V7', 'V20']",0.5135135135135135,0.7755102040816326,0.6178861788617886,0.6109051621981415,7
"['V4', 'V10', 'V16', 'V9', 'V8', 'V21', 'V7', 'V20']",0.5135135135135135,0.7755102040816326,0.6178861788617886,0.6093445367617242,8
"['V14', 'V4', 'V8', 'V1']",0.5135135135135135,0.6666666666666666,0.5801526717557252,0.5813021670956194,4
"['V4', 'V10', 'V8', 'V12', 'V7', 'V11', 'V1']",0.5135135135135135,0.76,0.6129032258064516,0.616782707121932,7
"['V4', 'V8', 'V21', 'V12', 'V20', 'V11', 'V1']",0.5135135135135135,0.7450980392156863,0.608,0.5625676449940952,7
"['V4', 'V16', 'V9', 'V8', 'V12', 'V7', 'V20', 'V11', 'V1']",0.5135135135135135,0.7450980392156863,0.608,0.6054573850571909,9
"['V16', 'V9', 'V8', 'V7', 'V11', 'V1']",0.5135135135135135,0.76,0.6129032258064516,0.5883647714102281,6
"['V4', 'V10', 'V16', 'V9', 'V7', 'V11', 'V1']",0.5135135135135135,0.7755102040816326,0.6178861788617886,0.606085577466671,7
"['V10', 'V8', 'V7', 'V11']",0.5135135135135135,0.7755102040816326,0.6178861788617886,0.5727857503894965,4
"['V4', 'V16', 'V9', 'V8', 'V12', 'V7', 'V11']",0.5135135135135135,0.7450980392156863,0.608,0.6060296684456042,7
"['V4', 'V8', 'V12', 'V11']",0.5135135135135135,0.7307692307692307,0.6031746031746031,0.5644624331031527,4
"['V9', 'V8', 'V21', 'V12', 'V20', 'V11']",0.5135135135135135,0.76,0.6129032258064516,0.5899438853490622,6
"['V10', 'V16', 'V9', 'V21', 'V1']",0.5135135135135135,0.76,0.6129032258064516,0.5784962351277447,5
"['V4', 'V10', 'V16', 'V9', 'V8', 'V7', 'V20', 'V11']",0.5135135135135135,0.7755102040816326,0.6178861788617886,0.6098696326509844,8
"['V4', 'V10', 'V16', 'V9', 'V21', 'V12', 'V7', 'V20', 'V11']",0.5135135135135135,0.76,0.6129032258064516,0.618804024106663,9
"['V4', 'V10', 'V16', 'V8', 'V21', 'V7', 'V11']",0.5135135135135135,0.7307692307692307,0.6031746031746031,0.6096000205802957,7
"['V10', 'V9', 'V8', 'V12', 'V7', 'V20']",0.5135135135135135,0.7755102040816326,0.6178861788617886,0.5964856802234277,6
"['V10', 'V9', 'V8', 'V12', 'V7', 'V1']",0.5135135135135135,0.76,0.6129032258064516,0.5891604871000112,6
"['V4', 'V10', 'V16', 'V9', 'V8', 'V7', 'V11', 'V1']",0.5135135135135135,0.7755102040816326,0.6178861788617886,0.6065953343806055,8
"['V4', 'V16', 'V9', 'V8', 'V21', 'V12', 'V7', 'V20', 'V11']",0.5135135135135135,0.7450980392156863,0.608,0.6110181314192379,9
"['V4', 'V16', 'V21', 'V12', 'V7', 'V11']",0.5135135135135135,0.7450980392156863,0.608,0.5893121089809459,6
"['V4', 'V16', 'V9', 'V8', 'V21', 'V12', 'V1']",0.5135135135135135,0.7450980392156863,0.608,0.5873993817346322,7
"['V4', 'V10', 'V9', 'V8', 'V21', 'V7', 'V20', 'V11', 'V1']",0.5135135135135135,0.7755102040816326,0.6178861788617886,0.6241540407116388,9
"['V4', 'V16', 'V9', 'V8', 'V21', 'V12', 'V11']",0.5135135135135135,0.7450980392156863,0.608,0.6115197301633604,7
"['V10', 'V16', 'V9', 'V12', 'V1']",0.5135135135135135,0.7755102040816326,0.6178861788617886,0.5905188659956123,5
"['V4', 'V16', 'V9', 'V8', 'V21', 'V12', 'V20']",0.5135135135135135,0.7450980392156863,0.608,0.5944911657127244,7
"['V14', 'V4', 'V21', 'V1']",0.5135135135135135,0.6785714285714286,0.5846153846153846,0.6136638531761294,4
"['V9', 'V8', 'V12', 'V11']",0.5135135135135135,0.76,0.6129032258064516,0.5917811205629562,4
"['V4', 'V10', 'V12', 'V7', 'V20', 'V11', 'V1']",0.5135135135135135,0.76,0.6129032258064516,0.6148174414390652,7
"['V10', 'V9', 'V8', 'V7', 'V20', 'V11']",0.5135135135135135,0.7755102040816326,0.6178861788617886,0.5914795391046823,6
"['V4', 'V10', 'V16', 'V9', 'V8', 'V21', 'V12', 'V7', 'V20']",0.5135135135135135,0.76,0.6129032258064516,0.6210375123616052,9
"['V4', 'V10', 'V9', 'V8', 'V21', 'V12', 'V7', 'V20', 'V11']",0.5135135135135135,0.76,0.6129032258064516,0.6243754392389799,9
"['V14', 'V4', 'V21', 'V20']",0.5135135135135135,0.6785714285714286,0.5846153846153846,0.6035130107500882,4
"['V4', 'V10', 'V16', 'V9', 'V21', 'V12', 'V7', 'V20']",0.5135135135135135,0.76,0.6129032258064516,0.612036352026832,8
"['V10', 'V16', 'V9', 'V8', 'V20', 'V1']",0.5135135135135135,0.7755102040816326,0.6178861788617886,0.5745340117508758,6
"['V10', 'V9', 'V8', 'V20', 'V11']",0.5135135135135135,0.7755102040816326,0.6178861788617886,0.5889659041415669,5
"['V10', 'V16', 'V21', 'V1']",0.5135135135135135,0.7755102040816326,0.6178861788617886,0.5615403495602223,4
"['V14', 'V21', 'V20', 'V1']",0.5135135135135135,0.6909090909090909,0.5891472868217055,0.5839887511851404,4
"['V4', 'V10', 'V21', 'V7', 'V11', 'V1']",0.5135135135135135,0.7755102040816326,0.6178861788617886,0.6189509459026781,6
"['V8', 'V12', 'V20', 'V11', 'V1']",0.5135135135135135,0.7307692307692307,0.6031746031746031,0.5461401117141284,5
"['V4', 'V8', 'V12', 'V7', 'V11', 'V1']",0.5135135135135135,0.7307692307692307,0.6031746031746031,0.5704034441813638,6
"['V4', 'V8', 'V12', 'V7', 'V20', 'V11']",0.5135135135135135,0.7307692307692307,0.6031746031746031,0.5750273820903153,6
"['V4', 'V16', 'V9', 'V12', 'V11', 'V1']",0.5135135135135135,0.7450980392156863,0.608,0.5927628825187327,6
"['V4', 'V16', 'V8', 'V12', 'V1']",0.5135135135135135,0.7450980392156863,0.608,0.5760001521355836,5
"['V4', 'V10', 'V12', 'V7', 'V11', 'V1']",0.5135135135135135,0.76,0.6129032258064516,0.6166520774846489,6
"['V4', 'V16', 'V9', 'V12', 'V7', 'V20', 'V11', 'V1']",0.5135135135135135,0.7450980392156863,0.608,0.5946051583280149,8
"['V16', 'V9', 'V12', 'V20', 'V11']",0.5135135135135135,0.76,0.6129032258064516,0.593103911834596,5
"['V16', 'V9', 'V8', 'V21', 'V12', 'V7', 'V11', 'V1']",0.5135135135135135,0.76,0.6129032258064516,0.6040802061390353,8
"['V14', 'V21', 'V20', 'V11']",0.5135135135135135,0.6666666666666666,0.5801526717557252,0.5685034280735327,4
"['V16', 'V9', 'V12', 'V7', 'V11']",0.5135135135135135,0.76,0.6129032258064516,0.5930989102059664,5
"['V4', 'V16', 'V9', 'V21', 'V12', 'V20', 'V11', 'V1']",0.5135135135135135,0.7450980392156863,0.608,0.5998958957203733,8
"['V4', 'V16', 'V8', 'V12', 'V20']",0.5135135135135135,0.7450980392156863,0.608,0.579275666850024,5
"['V4', 'V10', 'V16', 'V21', 'V20']",0.5135135135135135,0.76,0.6129032258064516,0.6071176447066371,5
"['V4', 'V10', 'V16', 'V12', 'V7', 'V1']",0.5135135135135135,0.76,0.6129032258064516,0.6152105176572867,6
"['V4', 'V8', 'V12', 'V7', 'V11']",0.5135135135135135,0.7307692307692307,0.6031746031746031,0.5734421018355875,5
"['V4', 'V16', 'V9', 'V21', 'V12', 'V7', 'V11', 'V1']",0.5135135135135135,0.7450980392156863,0.608,0.600245112823135,8
"['V16', 'V9', 'V21', 'V12', 'V11']",0.5135135135135135,0.76,0.6129032258064516,0.593534910884076,5
"['V9', 'V12', 'V7', 'V11']",0.5135135135135135,0.76,0.6129032258064516,0.589995643562961,4
"['V4', 'V16', 'V8', 'V12', 'V7']",0.5135135135135135,0.7450980392156863,0.608,0.5797124320109774,5
"['V16', 'V9', 'V8', 'V11', 'V1']",0.5135135135135135,0.76,0.6129032258064516,0.5835413037477326,5
"['V16', 'V9', 'V8', 'V20', 'V11']",0.5135135135135135,0.76,0.6129032258064516,0.5826176335363633,5
"['V14', 'V4', 'V21', 'V20', 'V1']",0.5135135135135135,0.6785714285714286,0.5846153846153846,0.6034076781066671,5
"['V16', 'V9', 'V8', 'V7', 'V11']",0.5135135135135135,0.76,0.6129032258064516,0.5867486508059803,5
"['V16', 'V9', 'V8', 'V12', 'V11']",0.5135135135135135,0.76,0.6129032258064516,0.5981128187000258,5
"['V4', 'V8', 'V12', 'V20', 'V11']",0.5135135135135135,0.7450980392156863,0.608,0.5690031240836756,5
"['V4', 'V16', 'V9', 'V21', 'V12', 'V7', 'V20', 'V11']",0.5135135135135135,0.7450980392156863,0.608,0.6023152480021043,8
"['V4', 'V16', 'V21', 'V12', 'V20']",0.5135135135135135,0.7450980392156863,0.608,0.5776783666730044,5
"['V10', 'V7', 'V11']",0.5135135135135135,0.7755102040816326,0.6178861788617886,0.5738618402956659,3
"['V16', 'V9', 'V12', 'V11']",0.5135135135135135,0.76,0.6129032258064516,0.5930252653344286,4
"['V4', 'V8', 'V12', 'V20', 'V11', 'V1']",0.5135135135135135,0.7450980392156863,0.608,0.5610073849792399,6
"['V4', 'V16', 'V9', 'V8', 'V21', 'V12', 'V7', 'V20', 'V11', 'V1']",0.5135135135135135,0.7450980392156863,0.608,0.6112254999281944,10
"['V14', 'V8', 'V11', 'V1']",0.5135135135135135,0.6666666666666666,0.5801526717557252,0.5581047487455486,4
"['V14', 'V8', 'V21', 'V11', 'V1']",0.5135135135135135,0.6909090909090909,0.5891472868217055,0.5779776003914419,5
"['V4', 'V10', 'V9', 'V12', 'V7', 'V1']",0.5135135135135135,0.76,0.6129032258064516,0.6033766533237576,6
"['V14', 'V8', 'V20', 'V11']",0.5135135135135135,0.6333333333333333,0.5671641791044776,0.5490646976379502,4
"['V4', 'V16', 'V9', 'V21', 'V12', 'V11']",0.5135135135135135,0.7450980392156863,0.608,0.5979931050304363,6
"['V4', 'V10', 'V9', 'V12', 'V11', 'V1']",0.5135135135135135,0.76,0.6129032258064516,0.6048866428247108,6
"['V4', 'V10', 'V16', 'V9', 'V1']",0.5135135135135135,0.76,0.6129032258064516,0.594803874462667,5
"['V4', 'V21', 'V12', 'V7', 'V20', 'V11']",0.5135135135135135,0.7450980392156863,0.608,0.571358337892845,6
"['V14', 'V8', 'V21', 'V1']",0.5135135135135135,0.6909090909090909,0.5891472868217055,0.585400417302502,4
"['V4', 'V10', 'V8', 'V21', 'V12', 'V7']",0.5135135135135135,0.7169811320754716,0.5984251968503937,0.6041747484820723,6
"['V4', 'V10', 'V9', 'V21', 'V7', 'V1']",0.5135135135135135,0.7755102040816326,0.6178861788617886,0.6116307405297078,6
"['V4', 'V21', 'V12', 'V20', 'V11', 'V1']",0.5135135135135135,0.7450980392156863,0.608,0.5617391779672457,6
"['V4', 'V10', 'V16', 'V8', 'V20']",0.5135135135135135,0.76,0.6129032258064516,0.5987117779206468,5
"['V10', 'V16', 'V9', 'V8', 'V21', 'V20']",0.5135135135135135,0.7755102040816326,0.6178861788617886,0.5818681347474388,6
"['V14', 'V4', 'V21']",0.5135135135135135,0.6785714285714286,0.5846153846153846,0.6140349984139231,3
"['V4', 'V10', 'V21', 'V12', 'V7']",0.5135135135135135,0.7169811320754716,0.5984251968503937,0.6040572377765995,5
"['V4', 'V10', 'V21', 'V12', 'V7', 'V11']",0.5135135135135135,0.7307692307692307,0.6031746031746031,0.6120591790947054,6
"['V14', 'V4', 'V8']",0.5135135135135135,0.6666666666666666,0.5801526717557252,0.5813105186169156,3
"['V4', 'V16', 'V9', 'V12', 'V7', 'V11']",0.5135135135135135,0.7450980392156863,0.608,0.5972547840265686,6
"['V9', 'V8', 'V21', 'V12', 'V11']",0.5135135135135135,0.7450980392156863,0.608,0.5895628870699343,5
"['V4', 'V10', 'V21', 'V12', 'V11', 'V1']",0.5135135135135135,0.7450980392156863,0.608,0.6138333604693492,6
"['V4', 'V16', 'V9', 'V12', 'V20', 'V11']",0.5135135135135135,0.7450980392156863,0.608,0.5972883795383319,6
"['V14', 'V4', 'V20', 'V11', 'V1']",0.5135135135135135,0.6785714285714286,0.5846153846153846,0.5857768243153036,5
"['V4', 'V9', 'V8', 'V12', 'V7', 'V20', 'V11', 'V1']",0.5135135135135135,0.7450980392156863,0.608,0.5933948564048119,8
"['V14', 'V4', 'V8', 'V21', 'V20', 'V1']",0.5135135135135135,0.6785714285714286,0.5846153846153846,0.6057154314305714,6
"['V14', 'V4', 'V8', 'V20', 'V1']",0.5135135135135135,0.6785714285714286,0.5846153846153846,0.5845011331737389,5
"['V4', 'V10', 'V9', 'V21', 'V12', 'V7']",0.5135135135135135,0.7169811320754716,0.5984251968503937,0.6015991065018548,6
"['V4', 'V8', 'V12', 'V11', 'V1']",0.5135135135135135,0.7307692307692307,0.6031746031746031,0.5597119074930728,5
"['V16', 'V9', 'V8', 'V12', 'V7', 'V20', 'V11', 'V1']",0.5135135135135135,0.76,0.6129032258064516,0.5989286276726602,8
"['V4', 'V10', 'V16', 'V21', 'V7', 'V20']",0.5135135135135135,0.76,0.6129032258064516,0.6088343482116725,6
"['V14', 'V20', 'V11']",0.5135135135135135,0.6333333333333333,0.5671641791044776,0.5487137825877811,3
"['V14', 'V4', 'V8', 'V21', 'V1']",0.5135135135135135,0.6666666666666666,0.5801526717557252,0.6084283662838664,5
"['V4', 'V21', 'V12', 'V11', 'V1']",0.5135135135135135,0.7450980392156863,0.608,0.5598118733248407,5
"['V4', 'V8', 'V21', 'V12', 'V20', 'V11']",0.5135135135135135,0.7450980392156863,0.608,0.5679219311525917,6
"['V4', 'V21', 'V12', 'V7', 'V11']",0.5135135135135135,0.7450980392156863,0.608,0.5706841231217983,5
"['V10', 'V16', 'V9', 'V8', 'V7', 'V1']",0.5135135135135135,0.76,0.6129032258064516,0.5549539420369807,6
"['V4', 'V16', 'V9', 'V8', 'V21', 'V12', 'V11', 'V1']",0.5135135135135135,0.7450980392156863,0.608,0.6087901706333901,8
"['V4', 'V16', 'V21', 'V20', 'V11']",0.5135135135135135,0.76,0.6129032258064516,0.5880476290012335,5
"['V4', 'V16', 'V9', 'V8', 'V21', 'V12', 'V20', 'V1']",0.5135135135135135,0.7450980392156863,0.608,0.5886922823700086,8
"['V4', 'V10', 'V16', 'V21', 'V12', 'V7']",0.5135135135135135,0.7307692307692307,0.6031746031746031,0.6029023495477516,6
"['V4', 'V16', 'V9', 'V8', 'V21', 'V12', 'V20', 'V11']",0.5135135135135135,0.7450980392156863,0.608,0.6119539019024091,8
"['V4', 'V16', 'V8', 'V21', 'V12', 'V1']",0.5135135135135135,0.7450980392156863,0.608,0.5769054448838697,6
"['V4', 'V16', 'V9', 'V8', 'V21', 'V12', 'V7', 'V11']",0.5135135135135135,0.7450980392156863,0.608,0.6114453767222171,8
"['V10', 'V8', 'V21', 'V12', 'V20']",0.5135135135135135,0.7755102040816326,0.6178861788617886,0.59109657257228,5
"['V10', 'V9', 'V20', 'V11', 'V1']",0.5135135135135135,0.7755102040816326,0.6178861788617886,0.5861489948457669,5
"['V4', 'V16', 'V12', 'V11', 'V1']",0.5135135135135135,0.7450980392156863,0.608,0.5819430125966123,5
"['V10', 'V9', 'V7', 'V20', 'V11']",0.5135135135135135,0.7755102040816326,0.6178861788617886,0.591975093399381,5
"['V4', 'V16', 'V8', 'V21', 'V12', 'V20']",0.5135135135135135,0.7450980392156863,0.608,0.5816544697145967,6
"['V4', 'V16', 'V12', 'V20', 'V11']",0.5135135135135135,0.7450980392156863,0.608,0.5876587063462583,5
"['V8', 'V12', 'V11']",0.5135135135135135,0.7307692307692307,0.6031746031746031,0.5404519647035841,3
"['V4', 'V16', 'V8', 'V12']",0.5135135135135135,0.7450980392156863,0.608,0.5793454329519705,4
"['V14', 'V4', 'V8', 'V21', 'V20']",0.5135135135135135,0.6785714285714286,0.5846153846153846,0.6046315137836956,5
"['V10', 'V9', 'V12', 'V7', 'V20']",0.5135135135135135,0.7755102040816326,0.6178861788617886,0.5926254180434797,5
"['V9', 'V21', 'V12', 'V20', 'V11']",0.5135135135135135,0.76,0.6129032258064516,0.5853676323562238,5
"['V14', 'V20', 'V1']",0.5135135135135135,0.6785714285714286,0.5846153846153846,0.5579189194244654,3
"['V16', 'V9', 'V8', 'V11']",0.5135135135135135,0.76,0.6129032258064516,0.5824805600289537,4
"['V4', 'V16', 'V9', 'V8', 'V12', 'V1']",0.5135135135135135,0.7450980392156863,0.608,0.5837485252365368,6
"['V4', 'V10', 'V9', 'V21', 'V7', 'V20', 'V11', 'V1']",0.5135135135135135,0.7755102040816326,0.6178861788617886,0.6230223745143211,8
"['V14', 'V4', 'V8', 'V11', 'V1']",0.5135135135135135,0.6666666666666666,0.5801526717557252,0.5870136271688305,5
"['V4', 'V16', 'V9', 'V12', 'V11']",0.5135135135135135,0.76,0.6129032258064516,0.5976231409978905,5
"['V10', 'V12', 'V20', 'V11', 'V1']",0.5135135135135135,0.7755102040816326,0.6178861788617886,0.589122854816464,5
"['V4', 'V10', 'V12', 'V7']",0.5135135135135135,0.76,0.6129032258064516,0.6020289675398506,4
"['V4', 'V16', 'V8', 'V21', 'V12', 'V7', 'V20']",0.5135135135135135,0.7450980392156863,0.608,0.5815264301196281,7
"['V4', 'V16', 'V9', 'V8', 'V12', 'V11']",0.5135135135135135,0.7450980392156863,0.608,0.6060087461111234,6
"['V9', 'V8', 'V12', 'V20', 'V11']",0.5135135135135135,0.76,0.6129032258064516,0.5890841590193732,5
"['V4', 'V10', 'V16', 'V9', 'V7', 'V1']",0.5135135135135135,0.7755102040816326,0.6178861788617886,0.5973661679697065,6
"['V4', 'V16', 'V8', 'V21', 'V12']",0.5135135135135135,0.7450980392156863,0.608,0.5801031473783202,5
"['V10', 'V21', 'V7', 'V20', 'V1']",0.5135135135135135,0.7755102040816326,0.6178861788617886,0.5766929976033612,5
"['V9', 'V8', 'V12', 'V11', 'V1']",0.5135135135135135,0.7450980392156863,0.608,0.5919020893969309,5
"['V10', 'V21', 'V7', 'V20', 'V11']",0.5135135135135135,0.76,0.6129032258064516,0.5876120895796664,5
"['V4', 'V16', 'V9', 'V8', 'V12', 'V7', 'V11', 'V1']",0.5135135135135135,0.7450980392156863,0.608,0.605925273803701,8
"['V4', 'V10', 'V8', 'V12', 'V7', 'V20']",0.5135135135135135,0.76,0.6129032258064516,0.6095844552884695,6
"['V4', 'V10', 'V8', 'V20', 'V11', 'V1']",0.5135135135135135,0.7755102040816326,0.6178861788617886,0.6049646566205719,6
"['V4', 'V8', 'V21', 'V12', 'V11', 'V1']",0.5135135135135135,0.7450980392156863,0.608,0.562117571861227,6
"['V4', 'V10', 'V12', 'V1']",0.5135135135135135,0.76,0.6129032258064516,0.6053011186726223,4
"['V4', 'V16', 'V9', 'V8', 'V12', 'V7', 'V20', 'V11']",0.5135135135135135,0.7450980392156863,0.608,0.605640621922323,8
"['V4', 'V10', 'V16', 'V9', 'V11', 'V1']",0.5135135135135135,0.76,0.6129032258064516,0.6056927453120036,6
"['V4', 'V16', 'V8', 'V21', 'V12', 'V7']",0.5135135135135135,0.7450980392156863,0.608,0.5804403854934171,6
"['V10', 'V16', 'V1']",0.5,0.7551020408163265,0.6016260162601627,0.5435394260998366,3
"['V4', 'V16', 'V12', 'V7', 'V1']",0.5,0.74,0.5967741935483871,0.5622129533238911,5
"['V4', 'V16', 'V8', 'V11', 'V1']",0.5,0.7551020408163265,0.6016260162601627,0.590008795939983,5
"['V4', 'V16', 'V8', 'V21', 'V20', 'V11', 'V1']",0.5,0.7551020408163265,0.6016260162601627,0.5963848739393462,7
"['V4', 'V10', 'V8', 'V7', 'V11', 'V1']",0.5,0.7708333333333334,0.6065573770491803,0.5970007465739827,6
"['V16', 'V9', 'V21', 'V7', 'V20', 'V11']",0.5,0.7708333333333334,0.6065573770491803,0.5807793441953347,6
"['V14', 'V8', 'V20', 'V11', 'V1']",0.5,0.6607142857142857,0.5692307692307692,0.5539372952135173,5
"['V4', 'V9', 'V8', 'V12', 'V7', 'V11', 'V1']",0.5,0.74,0.5967741935483871,0.5921038004043855,7
"['V14', 'V8', 'V21', 'V20', 'V1']",0.5,0.6851851851851852,0.578125,0.5786784547048056,5
"['V4', 'V9', 'V21', 'V12', 'V7', 'V11', 'V1']",0.5,0.74,0.5967741935483871,0.5861358657071307,7
"['V4', 'V9', 'V8', 'V12', 'V7', 'V20', 'V11']",0.5,0.74,0.5967741935483871,0.5966749528534718,7
"['V4', 'V16', 'V21', 'V12', 'V1']",0.5,0.74,0.5967741935483871,0.570601526506765,5
"['V4', 'V10', 'V8', 'V21', 'V7', 'V11']",0.5,0.7115384615384616,0.5873015873015873,0.6042180522514247,6
"['V4', 'V9', 'V12', 'V7', 'V20', 'V11', 'V1']",0.5,0.74,0.5967741935483871,0.5797576687772155,7
"['V4', 'V16', 'V21', 'V12', 'V7', 'V20', 'V1']",0.5,0.74,0.5967741935483871,0.5691273280602345,7
"['V4', 'V16', 'V12', 'V20', 'V1']",0.5,0.74,0.5967741935483871,0.562358825912677,5
"['V4', 'V16', 'V7', 'V11', 'V1']",0.5,0.7551020408163265,0.6016260162601627,0.5808760163423323,5
"['V4', 'V10', 'V16', 'V9', 'V11']",0.5,0.7254901960784313,0.592,0.5961120522992273,5
"['V4', 'V12', 'V11']",0.5,0.7254901960784313,0.592,0.5605203082105137,3
"['V4', 'V10', 'V8', 'V21', 'V7', 'V20']",0.5,0.7551020408163265,0.6016260162601627,0.6044039184764285,6
"['V4', 'V16', 'V8', 'V12', 'V7', 'V20', 'V1']",0.5,0.74,0.5967741935483871,0.5764213091818006,7
"['V4', 'V16', 'V21', 'V12', 'V7']",0.5,0.74,0.5967741935483871,0.5770906474248788,5
"['V10', 'V8', 'V12', 'V20']",0.5,0.7708333333333334,0.6065573770491803,0.5806554032047934,4
"['V16', 'V9', 'V8', 'V12', 'V7', 'V20']",0.5,0.74,0.5967741935483871,0.5779595111546756,6
"['V16', 'V9', 'V11']",0.5,0.7708333333333334,0.6065573770491803,0.5782207382213068,3
"['V14', 'V8', 'V21', 'V20', 'V11']",0.5,0.6491228070175439,0.5648854961832062,0.5693287894443361,5
"['V14', 'V21', 'V20']",0.5,0.6491228070175439,0.5648854961832062,0.5715457435520181,3
"['V10', 'V16', 'V9', 'V8', 'V20']",0.5,0.7551020408163265,0.6016260162601627,0.5609260687664617,5
"['V4', 'V12', 'V20', 'V11']",0.5,0.74,0.5967741935483871,0.5624498956305761,4
"['V4', 'V10', 'V7', 'V11', 'V1']",0.5,0.7708333333333334,0.6065573770491803,0.5972750049435064,5
"['V4', 'V10', 'V16', 'V8', 'V7', 'V20']",0.5,0.7708333333333334,0.6065573770491803,0.5965086700970037,6
"['V4', 'V16', 'V9', 'V8', 'V21', 'V11']",0.5,0.7551020408163265,0.6016260162601627,0.5998798411621835,6
"['V14', 'V8', 'V20']",0.5,0.6379310344827587,0.5606060606060606,0.5556108727813354,3
"['V4', 'V10', 'V16']",0.5,0.7115384615384616,0.5873015873015873,0.5739396565651016,3
"['V4', 'V10', 'V16', 'V9', 'V7', 'V11']",0.5,0.74,0.5967741935483871,0.595520633584242,6
"['V4', 'V10', 'V16', 'V9', 'V21', 'V11']",0.5,0.7254901960784313,0.592,0.5987780637529571,6
"['V4', 'V10', 'V16', 'V9', 'V21', 'V20']",0.5,0.7551020408163265,0.6016260162601627,0.6028100588737798,6
"['V4', 'V10', 'V16', 'V9', 'V21', 'V7']",0.5,0.7115384615384616,0.5873015873015873,0.5747096559307737,6
"['V10', 'V16', 'V8', 'V21', 'V7', 'V20']",0.5,0.7551020408163265,0.6016260162601627,0.5686666183028902,6
"['V4', 'V10', 'V9', 'V12', 'V20', 'V11']",0.5,0.74,0.5967741935483871,0.6080752710264989,6
"['V4', 'V10', 'V16', 'V9', 'V8', 'V20']",0.5,0.7708333333333334,0.6065573770491803,0.5885854827064554,6
"['V4', 'V10', 'V16', 'V7', 'V20']",0.5,0.7708333333333334,0.6065573770491803,0.5982734917865066,5
"['V4', 'V16', 'V9', 'V20', 'V11']",0.5,0.7551020408163265,0.6016260162601627,0.5904483126434488,5
"['V4', 'V16', 'V9', 'V8', 'V11']",0.5,0.74,0.5967741935483871,0.5978057513462548,5
"['V10', 'V16', 'V9', 'V21', 'V7', 'V1']",0.5,0.7708333333333334,0.6065573770491803,0.5898663850781695,6
"['V4', 'V10', 'V16', 'V9', 'V8', 'V21']",0.5,0.7115384615384616,0.5873015873015873,0.5794914905875754,6
"['V10', 'V16', 'V9', 'V1']",0.5,0.74,0.5967741935483871,0.5499484037520221,4
"['V10', 'V16', 'V9', 'V8', 'V7', 'V20']",0.5,0.7551020408163265,0.6016260162601627,0.561473507130282,6
"['V14', 'V8', 'V21', 'V20', 'V11', 'V1']",0.5,0.6727272727272727,0.5736434108527132,0.572869200907418,6
"['V10', 'V16', 'V8', 'V1']",0.5,0.7708333333333334,0.6065573770491803,0.5445775468252272,4
"['V10', 'V16', 'V20', 'V1']",0.5,0.7708333333333334,0.6065573770491803,0.5523081840707293,4
"['V10', 'V16', 'V9', 'V21', 'V20']",0.5,0.7708333333333334,0.6065573770491803,0.5803972443032662,5
"['V4', 'V16', 'V8', 'V21', 'V11']",0.5,0.74,0.5967741935483871,0.5947392733635771,5
"['V10', 'V9', 'V8', 'V21', 'V7', 'V20', 'V1']",0.5,0.7708333333333334,0.6065573770491803,0.592242989720792,7
"['V4', 'V10', 'V16', 'V21', 'V7', 'V11']",0.5,0.7254901960784313,0.592,0.6056856394736505,6
"['V4', 'V10', 'V16', 'V9', 'V8', 'V21', 'V7', 'V11']",0.5,0.7115384615384616,0.5873015873015873,0.6042233211240832,8
"['V10', 'V8', 'V11']",0.5,0.7708333333333334,0.6065573770491803,0.5688761330031528,3
"['V10', 'V21', 'V12']",0.5,0.7708333333333334,0.6065573770491803,0.5854289380835123,3
"['V4', 'V10', 'V9', 'V21', 'V11', 'V1']",0.5,0.74,0.5967741935483871,0.5927764864335048,6
"['V4', 'V10', 'V16', 'V8', 'V21']",0.5,0.7115384615384616,0.5873015873015873,0.5825770499491166,5
"['V4', 'V10', 'V16', 'V8', 'V7']",0.5,0.7115384615384616,0.5873015873015873,0.572618404561358,5
"['V10', 'V8', 'V21', 'V12']",0.5,0.7551020408163265,0.6016260162601627,0.588878436813519,4
"['V10', 'V16', 'V9', 'V8', 'V21', 'V7']",0.5,0.7708333333333334,0.6065573770491803,0.5683862490869077,6
"['V14', 'V4', 'V8', 'V20']",0.5,0.6727272727272727,0.5736434108527132,0.5847253144010564,4
"['V4', 'V10', 'V21', 'V7', 'V20', 'V11']",0.5,0.7708333333333334,0.6065573770491803,0.6173668582266914,6
"['V10', 'V8', 'V7', 'V20', 'V11', 'V1']",0.5,0.7708333333333334,0.6065573770491803,0.5870854443454474,6
"['V4', 'V10', 'V9', 'V21', 'V12', 'V11']",0.5,0.7115384615384616,0.5873015873015873,0.6082749241065177,6
"['V10', 'V16', 'V8', 'V21', 'V20']",0.5,0.7708333333333334,0.6065573770491803,0.5676159178211693,5
"['V10', 'V11', 'V1']",0.5,0.7708333333333334,0.6065573770491803,0.5776398417255552,3
"['V10', 'V16', 'V7', 'V1']",0.5,0.7551020408163265,0.6016260162601627,0.5439690036561169,4
"['V4', 'V10', 'V9', 'V8', 'V12', 'V11']",0.5,0.7254901960784313,0.592,0.6069309336851904,6
"['V4', 'V16', 'V12']",0.5,0.74,0.5967741935483871,0.5700569743541006,3
"['V16', 'V21', 'V11']",0.5,0.7551020408163265,0.6016260162601627,0.5516141029486695,3
"['V4', 'V10', 'V12', 'V20', 'V11', 'V1']",0.5,0.7708333333333334,0.6065573770491803,0.6159425145174214,6
"['V10', 'V9', 'V8', 'V20', 'V11', 'V1']",0.5,0.7708333333333334,0.6065573770491803,0.5862275686241186,6
"['V10', 'V16', 'V9', 'V7', 'V20']",0.5,0.7551020408163265,0.6016260162601627,0.5586331948840325,5
"['V4', 'V9', 'V12', 'V7', 'V11', 'V1']",0.5,0.74,0.5967741935483871,0.5805368768099554,6
"['V4', 'V10', 'V7', 'V20', 'V11', 'V1']",0.5,0.7708333333333334,0.6065573770491803,0.6097010722343693,6
"['V4', 'V16', 'V8', 'V21', 'V12', 'V7', 'V1']",0.5,0.74,0.5967741935483871,0.5778105083622633,7
"['V4', 'V16', 'V12', 'V7', 'V20']",0.5,0.74,0.5967741935483871,0.5709182166750306,5
"['V10', 'V8', 'V20', 'V11']",0.5,0.7708333333333334,0.6065573770491803,0.5756110461947371,4
"['V4', 'V10', 'V16', 'V9', 'V8', 'V21', 'V20']",0.5,0.74,0.5967741935483871,0.605189051470707,7
"['V4', 'V16', 'V21', 'V12', 'V20', 'V1']",0.5,0.74,0.5967741935483871,0.5712576233674215,6
"['V10', 'V21', 'V7', 'V1']",0.5,0.7708333333333334,0.6065573770491803,0.576321842653164,4
"['V4', 'V10', 'V9', 'V8', 'V21', 'V12', 'V20']",0.5,0.74,0.5967741935483871,0.6110612115286375,7
"['V4', 'V10', 'V16', 'V9', 'V8', 'V7', 'V11']",0.5,0.7254901960784313,0.592,0.5975226881914316,7
"['V4', 'V9', 'V21', 'V12', 'V7', 'V20', 'V11', 'V1']",0.5,0.74,0.5967741935483871,0.5851490168779756,8
"['V10', 'V21', 'V20', 'V1']",0.5,0.7708333333333334,0.6065573770491803,0.5610114156471209,4
"['V10', 'V8', 'V12', 'V7', 'V20']",0.5,0.7708333333333334,0.6065573770491803,0.5887518790157771,5
"['V4', 'V16', 'V9', 'V21', 'V20', 'V11']",0.5,0.7551020408163265,0.6016260162601627,0.5990782691625074,6
"['V4', 'V10', 'V9', 'V8', 'V12', 'V7', 'V11']",0.5,0.7551020408163265,0.6016260162601627,0.6134960951243518,7
"['V4', 'V16', 'V21', 'V7', 'V20', 'V11']",0.5,0.7551020408163265,0.6016260162601627,0.5873531846569491,6
"['V4', 'V10', 'V9', 'V8', 'V12', 'V20', 'V11']",0.5,0.74,0.5967741935483871,0.6108040995010221,7
"['V4', 'V10', 'V16', 'V9', 'V8', 'V21', 'V7']",0.5,0.7115384615384616,0.5873015873015873,0.5825472318627338,7
"['V4', 'V10', 'V9', 'V8', 'V21', 'V20', 'V11', 'V1']",0.5,0.7551020408163265,0.6016260162601627,0.6151644869491352,8
"['V10', 'V12', 'V20', 'V1']",0.5,0.7708333333333334,0.6065573770491803,0.579777485407618,4
"['V16', 'V9', 'V21', 'V11']",0.5,0.7708333333333334,0.6065573770491803,0.5821537453299677,4
"['V10', 'V8', 'V21', 'V20', 'V1']",0.5,0.7708333333333334,0.6065573770491803,0.5630750223851199,5
"['V4', 'V10', 'V9', 'V8', 'V7', 'V20', 'V1']",0.5,0.7708333333333334,0.6065573770491803,0.5975120481895784,7
"['V4', 'V10', 'V9', 'V8', 'V21', 'V7', 'V11', 'V1']",0.5,0.7708333333333334,0.6065573770491803,0.6125277803952609,8
"['V4', 'V10', 'V9', 'V21', 'V12', 'V7', 'V11']",0.5,0.7115384615384616,0.5873015873015873,0.6094778599905126,7
"['V4', 'V16', 'V21', 'V20', 'V11', 'V1']",0.5,0.7551020408163265,0.6016260162601627,0.5905937480216905,6
"['V4', 'V16', 'V12', 'V7', 'V20', 'V1']",0.5,0.74,0.5967741935483871,0.5610288284334496,6
"['V4', 'V10', 'V9', 'V21', 'V7', 'V11', 'V1']",0.5,0.7708333333333334,0.6065573770491803,0.6131585695675494,7
"['V4', 'V10', 'V9', 'V12', 'V7', 'V11', 'V1']",0.5,0.7551020408163265,0.6016260162601627,0.6094317649272979,7
"['V4', 'V10', 'V9', 'V7', 'V20', 'V11', 'V1']",0.5,0.7708333333333334,0.6065573770491803,0.6049771298660805,7
"['V4', 'V10', 'V9', 'V8', 'V21', 'V7', 'V20', 'V11']",0.5,0.7708333333333334,0.6065573770491803,0.6133948401957443,8
"['V4', 'V10', 'V21', 'V11', 'V1']",0.5,0.74,0.5967741935483871,0.5986335497511049,5
"['V4', 'V10', 'V21', 'V7', 'V20']",0.5,0.7551020408163265,0.6016260162601627,0.6037717791809699,5
"['V10', 'V20', 'V11', 'V1']",0.5,0.7708333333333334,0.6065573770491803,0.5797285753038399,4
"['V4', 'V10', 'V21', 'V7', 'V11']",0.5,0.7115384615384616,0.5873015873015873,0.5970505940818817,5
"['V4', 'V16', 'V21', 'V12', 'V7', 'V20']",0.5,0.74,0.5967741935483871,0.5770638537089859,6
"['V16', 'V9', 'V8', 'V12', 'V7']",0.5,0.7551020408163265,0.6016260162601627,0.5761854770563677,5
"['V16', 'V9', 'V8', 'V12', 'V20']",0.5,0.7551020408163265,0.6016260162601627,0.5757826911882462,5
"['V16', 'V9', 'V8', 'V12', 'V1']",0.5,0.7551020408163265,0.6016260162601627,0.5761711865762689,5
"['V16', 'V9', 'V21', 'V7', 'V11']",0.5,0.7708333333333334,0.6065573770491803,0.5816962438899456,5
"['V16', 'V9', 'V21', 'V20', 'V11']",0.5,0.7708333333333334,0.6065573770491803,0.5805776321842874,5
"['V10', 'V16', 'V21', 'V7', 'V20']",0.5,0.7551020408163265,0.6016260162601627,0.5700018107416239,5
"['V16', 'V9', 'V21', 'V11', 'V1']",0.5,0.7708333333333334,0.6065573770491803,0.5821932535557544,5
"['V4', 'V16', 'V8', 'V21', 'V12', 'V7', 'V20', 'V1']",0.5,0.74,0.5967741935483871,0.5806111429317861,8
"['V4', 'V16', 'V8', 'V20', 'V11', 'V1']",0.5,0.7551020408163265,0.6016260162601627,0.5919413628099536,6
"['V4', 'V16', 'V9', 'V8', 'V12', 'V20', 'V11', 'V1']",0.5,0.74,0.5967741935483871,0.6066588932461762,8
"['V4', 'V16', 'V9', 'V8', 'V12', 'V7', 'V20', 'V1']",0.5,0.74,0.5967741935483871,0.5852953233142612,8
"['V4', 'V16', 'V9', 'V8', 'V21', 'V12', 'V20', 'V11', 'V1']",0.5,0.74,0.5967741935483871,0.6082640920933002,9
"['V4', 'V16', 'V9', 'V8', 'V21', 'V12', 'V7', 'V11', 'V1']",0.5,0.74,0.5967741935483871,0.61259894088795,9
"['V4', 'V16', 'V9', 'V8', 'V21', 'V12', 'V7', 'V20', 'V1']",0.5,0.74,0.5967741935483871,0.592821717224487,9
"['V4', 'V16', 'V21', 'V12', 'V7', 'V1']",0.5,0.74,0.5967741935483871,0.5705140918932745,6
"['V10', 'V16', 'V8', 'V20', 'V1']",0.5,0.7708333333333334,0.6065573770491803,0.5527398914916803,5
"['V4', 'V16', 'V8', 'V21', 'V7', 'V20', 'V11', 'V1']",0.5,0.7551020408163265,0.6016260162601627,0.6007446300845526,8
"['V10', 'V21', 'V12', 'V20']",0.5,0.7708333333333334,0.6065573770491803,0.5872251066651742,4
"['V4', 'V10', 'V9', 'V8', 'V21', 'V12', 'V7', 'V11']",0.5,0.7115384615384616,0.5873015873015873,0.6148033967750599,8
"['V10', 'V8', 'V20', 'V11', 'V1']",0.5,0.7708333333333334,0.6065573770491803,0.5795093073447218,5
"['V10', 'V8', 'V7', 'V20', 'V11']",0.5,0.7708333333333334,0.6065573770491803,0.5811712144995497,5
"['V10', 'V8', 'V21', 'V7', 'V1']",0.5,0.7708333333333334,0.6065573770491803,0.578639986998079,5
"['V14', 'V8', 'V21', 'V11']",0.5,0.6607142857142857,0.5692307692307692,0.5713236782056788,4
"['V14', 'V4', 'V20', 'V1']",0.5,0.6727272727272727,0.5736434108527132,0.5844880689272516,4
"['V4', 'V16', 'V9', 'V8', 'V20', 'V11']",0.5,0.74,0.5967741935483871,0.6000148531291414,6
"['V12', 'V20', 'V11', 'V1']",0.5,0.7254901960784313,0.592,0.5419288629238805,4
"['V4', 'V16', 'V8', 'V12', 'V7', 'V1']",0.5,0.74,0.5967741935483871,0.5768242900183398,6
"['V10', 'V16', 'V7', 'V20', 'V1']",0.5,0.7708333333333334,0.6065573770491803,0.5572124249705339,5
"['V4', 'V16', 'V9', 'V8', 'V12', 'V7', 'V1']",0.5,0.74,0.5967741935483871,0.5860562223878762,7
"['V4', 'V16', 'V9', 'V8', 'V12', 'V11', 'V1']",0.5,0.74,0.5967741935483871,0.606498805925318,7
"['V4', 'V16', 'V12', 'V20']",0.5,0.74,0.5967741935483871,0.5716768490108487,4
"['V4', 'V10', 'V9', 'V12', 'V1']",0.5,0.7551020408163265,0.6016260162601627,0.5994402639725717,5
"['V4', 'V10', 'V16', 'V20']",0.5,0.7551020408163265,0.6016260162601627,0.5959257962865306,4
"['V10', 'V9', 'V8', 'V21', 'V12']",0.5,0.7551020408163265,0.6016260162601627,0.5983270665883231,5
"['V4', 'V10', 'V9', 'V8', 'V7', 'V20', 'V11', 'V1']",0.5,0.7708333333333334,0.6065573770491803,0.6007708501567725,8
"['V4', 'V10', 'V16', 'V7']",0.5,0.7115384615384616,0.5873015873015873,0.5731066068791221,4
"['V4', 'V9', 'V8', 'V12', 'V7', 'V11']",0.5,0.74,0.5967741935483871,0.5969964596223558,6
"['V4', 'V10', 'V16', 'V8']",0.5,0.7115384615384616,0.5873015873015873,0.5764395651969104,4
"['V4', 'V16', 'V8', 'V21', 'V11', 'V1']",0.5,0.7551020408163265,0.6016260162601627,0.5929752700686458,6
"['V10', 'V9', 'V8', 'V12', 'V20']",0.5,0.7708333333333334,0.6065573770491803,0.5947700837353458,5
"['V9', 'V12', 'V20', 'V11', 'V1']",0.5,0.7551020408163265,0.6016260162601627,0.5849966409005516,5
"['V4', 'V16', 'V9', 'V21', 'V7', 'V20', 'V11']",0.5,0.7551020408163265,0.6016260162601627,0.5996108128852304,7
"['V4', 'V16', 'V21', 'V12']",0.5,0.74,0.5967741935483871,0.5773395093265146,4
"['V4', 'V10', 'V9', 'V12', 'V11']",0.5,0.7254901960784313,0.592,0.6076065861496694,5
"['V9', 'V12', 'V7', 'V20', 'V11']",0.5,0.7551020408163265,0.6016260162601627,0.5916636638893588,5
"['V4', 'V16', 'V21', 'V11']",0.5,0.74,0.5967741935483871,0.5830475220819339,4
"['V10', 'V9', 'V12', 'V20', 'V1']",0.5,0.7708333333333334,0.6065573770491803,0.5925960537472973,5
"['V10', 'V7', 'V20', 'V11', 'V1']",0.5,0.7708333333333334,0.6065573770491803,0.5876934336006355,5
"['V14', 'V8', 'V20', 'V1']",0.5,0.6727272727272727,0.5736434108527132,0.5599414511564813,4
"['V14', 'V4', 'V20']",0.5,0.6727272727272727,0.5736434108527132,0.5848863093113671,3
"['V14', 'V4', 'V1']",0.5,0.6607142857142857,0.5692307692307692,0.5804825479307489,3
"['V4', 'V10', 'V9', 'V8', 'V12', 'V7', 'V20', 'V11']",0.5,0.7551020408163265,0.6016260162601627,0.6182417001319396,8
"['V4', 'V10', 'V8', 'V7', 'V20', 'V11', 'V1']",0.5,0.7708333333333334,0.6065573770491803,0.607669369835343,7
"['V4', 'V10', 'V16', 'V9', 'V21', 'V12', 'V7', 'V11']",0.5,0.7115384615384616,0.5873015873015873,0.6102132663282618,8
"['V4', 'V10', 'V8', 'V21', 'V7', 'V20', 'V11']",0.5,0.7551020408163265,0.6016260162601627,0.6163733774669683,7
"['V4', 'V10', 'V12', 'V11', 'V1']",0.5,0.7551020408163265,0.6016260162601627,0.6100608392121251,5
"['V4', 'V16', 'V9', 'V11']",0.5,0.7551020408163265,0.6016260162601627,0.5867153507609508,4
"['V4', 'V10', 'V8', 'V12', 'V20']",0.5,0.7254901960784313,0.592,0.598453710353612,5
"['V4', 'V10', 'V8', 'V12', 'V7']",0.5,0.7551020408163265,0.6016260162601627,0.6007630592649585,5
"['V16', 'V21', 'V20', 'V11']",0.5,0.7551020408163265,0.6016260162601627,0.5506008397581461,4
"['V10', 'V7', 'V11', 'V1']",0.5,0.7708333333333334,0.6065573770491803,0.5785124309024354,4
"['V4', 'V10', 'V8', 'V21', 'V11']",0.5,0.7115384615384616,0.5873015873015873,0.5917254308551871,5
"['V4', 'V16', 'V12', 'V1']",0.5,0.74,0.5967741935483871,0.5642495266435021,4
"['V4', 'V16', 'V9', 'V8', 'V21', 'V20', 'V11']",0.5,0.7551020408163265,0.6016260162601627,0.6055062026021949,7
"['V4', 'V16', 'V9', 'V21', 'V12', 'V1']",0.5,0.74,0.5967741935483871,0.5800352845536344,6
"['V10', 'V16', 'V21', 'V7']",0.4864864864864865,0.7659574468085106,0.5950413223140496,0.5634433572077958,4
"['V4', 'V16', 'V8', 'V21', 'V20', 'V11']",0.4864864864864865,0.75,0.5901639344262295,0.5966393906907754,6
"['V4', 'V16', 'V8', 'V21', 'V7', 'V11']",0.4864864864864865,0.7346938775510204,0.5853658536585366,0.59384087535525,6
"['V16', 'V9', 'V8', 'V21', 'V12']",0.4864864864864865,0.75,0.5901639344262295,0.5799312962489861,5
"['V4', 'V16', 'V9', 'V8', 'V21', 'V12', 'V7', 'V20']",0.4864864864864865,0.7346938775510204,0.5853658536585366,0.5927604282806606,8
"['V4', 'V10', 'V16', 'V8', 'V7', 'V11']",0.4864864864864865,0.72,0.5806451612903226,0.6049717918346806,6
"['V10', 'V16', 'V8', 'V20']",0.4864864864864865,0.7659574468085106,0.5950413223140496,0.5514819616983916,4
"['V10', 'V9', 'V7', 'V11', 'V1']",0.4864864864864865,0.7659574468085106,0.5950413223140496,0.5834659833865329,5
"['V10', 'V16', 'V21', 'V20']",0.4864864864864865,0.7659574468085106,0.5950413223140496,0.5665332386641082,4
"['V4', 'V16', 'V9', 'V8', 'V21', 'V7', 'V20', 'V11']",0.4864864864864865,0.75,0.5901639344262295,0.6082845754276037,8
"['V4', 'V10', 'V16', 'V9', 'V8', 'V7']",0.4864864864864865,0.6923076923076923,0.5714285714285714,0.5640760673636707,6
"['V4', 'V16', 'V9', 'V7', 'V11']",0.4864864864864865,0.75,0.5901639344262295,0.58631718591827,5
"['V4', 'V9', 'V12', 'V7', 'V20', 'V11']",0.4864864864864865,0.7346938775510204,0.5853658536585366,0.5888523541896251,6
"['V4', 'V10', 'V16', 'V8', 'V21', 'V7']",0.4864864864864865,0.7058823529411765,0.576,0.5855956824477132,6
"['V10', 'V9', 'V21', 'V7', 'V1']",0.4864864864864865,0.7659574468085106,0.5950413223140496,0.5910604975343882,5
"['V10', 'V8', 'V7', 'V11', 'V1']",0.4864864864864865,0.7659574468085106,0.5950413223140496,0.5783571591831397,5
"['V4', 'V16', 'V9', 'V8', 'V21', 'V20', 'V11', 'V1']",0.4864864864864865,0.75,0.5901639344262295,0.6090977852940097,8
"['V10', 'V9', 'V21', 'V20', 'V1']",0.4864864864864865,0.75,0.5901639344262295,0.5811246846547599,5
"['V10', 'V9', 'V12', 'V7', 'V1']",0.4864864864864865,0.7659574468085106,0.5950413223140496,0.5931787380696443,5
"['V4', 'V16', 'V9', 'V8', 'V21', 'V7', 'V11', 'V1']",0.4864864864864865,0.75,0.5901639344262295,0.6055084537149227,8
"['V4', 'V16', 'V9', 'V8', 'V21', 'V12', 'V7', 'V1']",0.4864864864864865,0.7346938775510204,0.5853658536585366,0.5945989320303215,8
"['V4', 'V21', 'V12', 'V7', 'V20']",0.4864864864864865,0.7346938775510204,0.5853658536585366,0.5295731966672873,5
"['V4', 'V10', 'V16', 'V9', 'V7', 'V20']",0.4864864864864865,0.7659574468085106,0.5950413223140496,0.5872112616982965,6
"['V4', 'V10', 'V20', 'V11']",0.4864864864864865,0.7058823529411765,0.576,0.5852653075441019,4
"['V16', 'V9', 'V21', 'V20', 'V11', 'V1']",0.4864864864864865,0.7659574468085106,0.5950413223140496,0.5812597327661254,6
"['V4', 'V16', 'V9', 'V8', 'V7', 'V20', 'V11', 'V1']",0.4864864864864865,0.75,0.5901639344262295,0.5996472090071336,8
"['V4', 'V10', 'V8', 'V21', 'V20', 'V11']",0.4864864864864865,0.7058823529411765,0.576,0.5999919314219461,6
"['V4', 'V10', 'V9', 'V12', 'V7', 'V11']",0.4864864864864865,0.75,0.5901639344262295,0.6113827596811034,6
"['V4', 'V10', 'V9', 'V12', 'V20', 'V1']",0.4864864864864865,0.75,0.5901639344262295,0.6075773873724345,6
"['V10', 'V8', 'V12']",0.4864864864864865,0.7659574468085106,0.5950413223140496,0.5797006794038838,3
"['V4', 'V10', 'V9', 'V7', 'V20', 'V11']",0.4864864864864865,0.7659574468085106,0.5950413223140496,0.5891116273558364,6
"['V4', 'V10', 'V9', 'V7', 'V20', 'V1']",0.4864864864864865,0.7659574468085106,0.5950413223140496,0.5967261312576911,6
"['V4', 'V16', 'V9', 'V21', 'V12', 'V20']",0.4864864864864865,0.7346938775510204,0.5853658536585366,0.5882431330470544,6
"['V4', 'V16', 'V9', 'V21', 'V12', 'V7']",0.4864864864864865,0.7346938775510204,0.5853658536585366,0.5860295504425407,6
"['V4', 'V16', 'V9', 'V8', 'V11', 'V1']",0.4864864864864865,0.75,0.5901639344262295,0.6000180662078072,6
"['V4', 'V10', 'V8', 'V21', 'V12']",0.4864864864864865,0.7058823529411765,0.576,0.6009513951115062,5
"['V4', 'V9', 'V8', 'V12', 'V11']",0.4864864864864865,0.7346938775510204,0.5853658536585366,0.5901559217736632,5
"['V16', 'V9', 'V8', 'V21', 'V12', 'V7', 'V20', 'V1']",0.4864864864864865,0.75,0.5901639344262295,0.5866957819469147,8
"['V4', 'V16', 'V9', 'V8', 'V7', 'V11']",0.4864864864864865,0.7346938775510204,0.5853658536585366,0.5969542853377467,6
"['V4', 'V16', 'V9', 'V8', 'V12', 'V20']",0.4864864864864865,0.7346938775510204,0.5853658536585366,0.5880544482834685,6
"['V4', 'V10', 'V8', 'V21', 'V11', 'V1']",0.4864864864864865,0.7346938775510204,0.5853658536585366,0.6020237377656401,6
"['V4', 'V10', 'V8', 'V12']",0.4864864864864865,0.72,0.5806451612903226,0.5967689606623818,4
"['V4', 'V10', 'V16', 'V11']",0.4864864864864865,0.72,0.5806451612903226,0.60162148284105,4
"['V4', 'V21', 'V12']",0.4864864864864865,0.7346938775510204,0.5853658536585366,0.5204190166616235,3
"['V4', 'V8', 'V21', 'V12', 'V7', 'V20']",0.4864864864864865,0.7346938775510204,0.5853658536585366,0.5290292915797922,6
"['V4', 'V10', 'V16', 'V21']",0.4864864864864865,0.7058823529411765,0.576,0.5777576373829695,4
"['V4', 'V10', 'V16', 'V9']",0.4864864864864865,0.72,0.5806451612903226,0.5661611672052475,4
"['V4', 'V10', 'V8', 'V7', 'V20', 'V11']",0.4864864864864865,0.7659574468085106,0.5950413223140496,0.6013471291631755,6
"['V4', 'V10', 'V8', 'V7', 'V20', 'V1']",0.4864864864864865,0.7659574468085106,0.5950413223140496,0.6040625365754988,6
"['V4', 'V10', 'V16', 'V9', 'V8']",0.4864864864864865,0.72,0.5806451612903226,0.5693153221105486,5
"['V4', 'V10', 'V16', 'V9', 'V20']",0.4864864864864865,0.7659574468085106,0.5950413223140496,0.5893545786939199,5
"['V4', 'V10', 'V9', 'V12', 'V20']",0.4864864864864865,0.75,0.5901639344262295,0.5990973275559982,5
"['V4', 'V10', 'V16', 'V9', 'V21']",0.4864864864864865,0.7058823529411765,0.576,0.574079528288931,5
"['V4', 'V16', 'V21', 'V7', 'V11']",0.4864864864864865,0.72,0.5806451612903226,0.5830389599152557,5
"['V4', 'V10', 'V16', 'V9', 'V7']",0.4864864864864865,0.6923076923076923,0.5714285714285714,0.5670834681242191,5
"['V4', 'V9', 'V21', 'V12', 'V11']",0.4864864864864865,0.72,0.5806451612903226,0.5885305487548499,5
"['V4', 'V16', 'V9', 'V21', 'V7', 'V11']",0.4864864864864865,0.75,0.5901639344262295,0.5898276607763011,6
"['V4', 'V10', 'V21', 'V1']",0.4864864864864865,0.7346938775510204,0.5853658536585366,0.5982490812241936,4
"['V4', 'V8', 'V21', 'V12', 'V20']",0.4864864864864865,0.7346938775510204,0.5853658536585366,0.5209593637789653,5
"['V4', 'V16', 'V9', 'V8', 'V21', 'V12']",0.4864864864864865,0.7346938775510204,0.5853658536585366,0.591299292454992,6
"['V4', 'V10', 'V9', 'V8', 'V21', 'V12']",0.4864864864864865,0.7058823529411765,0.576,0.6009610350243986,6
"['V4', 'V10', 'V11']",0.4864864864864865,0.7058823529411765,0.576,0.5834553081111942,3
"['V4', 'V16', 'V9', 'V7', 'V20', 'V11']",0.4864864864864865,0.75,0.5901639344262295,0.5911253443472443,6
"['V4', 'V10', 'V9', 'V8', 'V12', 'V20']",0.4864864864864865,0.7346938775510204,0.5853658536585366,0.5991293259967563,6
"['V4', 'V10', 'V21', 'V11']",0.4864864864864865,0.7058823529411765,0.576,0.5886508046612966,4
"['V4', 'V10', 'V9', 'V8', 'V12', 'V1']",0.4864864864864865,0.75,0.5901639344262295,0.6001979552497019,6
"['V4', 'V16', 'V9', 'V12', 'V20', 'V1']",0.4864864864864865,0.7346938775510204,0.5853658536585366,0.5723507911991519,6
"['V4', 'V16', 'V8', 'V7', 'V11']",0.4864864864864865,0.7346938775510204,0.5853658536585366,0.5932848171474361,5
"['V4', 'V9', 'V8', 'V21', 'V12', 'V7', 'V20', 'V11']",0.4864864864864865,0.7346938775510204,0.5853658536585366,0.6027113790269228,8
"['V4', 'V16', 'V8', 'V20', 'V11']",0.4864864864864865,0.7346938775510204,0.5853658536585366,0.5945385838560485,5
"['V4', 'V16', 'V11']",0.4864864864864865,0.75,0.5901639344262295,0.5858125075445065,3
"['V4', 'V9', 'V8', 'V21', 'V12', 'V7', 'V11', 'V1']",0.4864864864864865,0.7346938775510204,0.5853658536585366,0.6009961630503367,8
"['V4', 'V10', 'V16', 'V21', 'V7']",0.4864864864864865,0.7058823529411765,0.576,0.580299961333731,5
"['V4', 'V10', 'V9', 'V21', 'V20', 'V1']",0.4864864864864865,0.75,0.5901639344262295,0.6152418412932135,6
"['V10', 'V12', 'V1']",0.4864864864864865,0.7659574468085106,0.5950413223140496,0.5799161499401468,3
"['V4', 'V8', 'V21', 'V12', 'V7']",0.4864864864864865,0.7346938775510204,0.5853658536585366,0.5308102864021903,5
"['V4', 'V10', 'V9', 'V21', 'V12', 'V20']",0.4864864864864865,0.7346938775510204,0.5853658536585366,0.603118500358021,6
"['V4', 'V10', 'V9', 'V21', 'V7', 'V20']",0.4864864864864865,0.7659574468085106,0.5950413223140496,0.6010048093227729,6
"['V4', 'V16', 'V9', 'V12', 'V7', 'V20']",0.4864864864864865,0.7346938775510204,0.5853658536585366,0.5769548994439835,6
"['V4', 'V10', 'V21', 'V12']",0.4864864864864865,0.7058823529411765,0.576,0.5952065450071342,4
"['V4', 'V10', 'V8', 'V11', 'V1']",0.4864864864864865,0.7346938775510204,0.5853658536585366,0.5928523710274072,5
"['V4', 'V9', 'V12', 'V7', 'V11']",0.4864864864864865,0.7346938775510204,0.5853658536585366,0.5898548071592812,5
"['V4', 'V10', 'V9', 'V21', 'V7', 'V11']",0.4864864864864865,0.7058823529411765,0.576,0.5885394945017264,6
"['V4', 'V10', 'V8', 'V11']",0.4864864864864865,0.7058823529411765,0.576,0.5815033815235916,4
"['V14', 'V8', 'V21', 'V20']",0.4864864864864865,0.6428571428571429,0.5538461538461539,0.5730262696288972,4
"['V4', 'V10', 'V9', 'V21', 'V20', 'V11']",0.4864864864864865,0.7346938775510204,0.5853658536585366,0.5965594393985004,6
"['V4', 'V21', 'V12', 'V7', 'V20', 'V1']",0.4864864864864865,0.7346938775510204,0.5853658536585366,0.5259638793336345,6
"['V16', 'V9', 'V8', 'V12']",0.4864864864864865,0.75,0.5901639344262295,0.5753427693591566,4
"['V4', 'V9', 'V8', 'V12', 'V20', 'V11']",0.4864864864864865,0.7346938775510204,0.5853658536585366,0.5891362930523131,6
"['V10', 'V16', 'V7', 'V20']",0.4864864864864865,0.7659574468085106,0.5950413223140496,0.5551687086273868,4
"['V4', 'V12', 'V11', 'V1']",0.4864864864864865,0.72,0.5806451612903226,0.5552596996416873,4
"['V4', 'V10', 'V9', 'V8', 'V21', 'V12', 'V7']",0.4864864864864865,0.7058823529411765,0.576,0.6050562191890861,7
"['V10', 'V16', 'V9', 'V21', 'V7']",0.4864864864864865,0.7659574468085106,0.5950413223140496,0.5687459266466491,5
"['V10', 'V16', 'V9', 'V8', 'V1']",0.4864864864864865,0.75,0.5901639344262295,0.5545239863938786,5
"['V10', 'V8', 'V11', 'V1']",0.4864864864864865,0.7659574468085106,0.5950413223140496,0.5773021235074709,4
"['V4', 'V9', 'V8', 'V21', 'V12', 'V7', 'V11']",0.4864864864864865,0.7346938775510204,0.5853658536585366,0.6026665331581782,7
"['V4', 'V9', 'V21', 'V12', 'V11', 'V1']",0.4864864864864865,0.7346938775510204,0.5853658536585366,0.581011038779348,6
"['V9', 'V12', 'V11', 'V1']",0.4864864864864865,0.75,0.5901639344262295,0.5869397182141979,4
"['V4', 'V16', 'V7', 'V20', 'V11', 'V1']",0.4864864864864865,0.75,0.5901639344262295,0.5832093111425167,6
"['V10', 'V9', 'V12', 'V1']",0.4864864864864865,0.7659574468085106,0.5950413223140496,0.5873373430300318,4
"['V14', 'V8', 'V21']",0.4864864864864865,0.6428571428571429,0.5538461538461539,0.5730470219954154,3
"['V10', 'V16', 'V9', 'V8', 'V21']",0.4864864864864865,0.7346938775510204,0.5853658536585366,0.5635134222706828,5
"['V10', 'V16', 'V9', 'V7', 'V1']",0.4864864864864865,0.7346938775510204,0.5853658536585366,0.5508190061589785,5
"['V4', 'V10', 'V20', 'V11', 'V1']",0.4864864864864865,0.7659574468085106,0.5950413223140496,0.6065937760868123,5
"['V4', 'V10', 'V16', 'V9', 'V21', 'V7', 'V11']",0.4864864864864865,0.7058823529411765,0.576,0.5973293688563939,7
"['V16', 'V9', 'V8', 'V21', 'V12', 'V7', 'V1']",0.4864864864864865,0.7346938775510204,0.5853658536585366,0.5839700767780928,7
"['V4', 'V10', 'V9', 'V8', 'V21', 'V7', 'V11']",0.4864864864864865,0.7058823529411765,0.576,0.59462243229961,7
"['V4', 'V9', 'V8', 'V21', 'V12', 'V7', 'V20', 'V11', 'V1']",0.4864864864864865,0.7346938775510204,0.5853658536585366,0.5995931937779494,9
"['V4', 'V9', 'V8', 'V21', 'V12', 'V11', 'V1']",0.4864864864864865,0.72,0.5806451612903226,0.585662293154616,7
"['V4', 'V10', 'V9', 'V8', 'V12']",0.4864864864864865,0.72,0.5806451612903226,0.5941058825027399,5
"['V10', 'V9', 'V8', 'V7', 'V11', 'V1']",0.4864864864864865,0.7659574468085106,0.5950413223140496,0.5834091506172473,6
"['V4', 'V16', 'V9', 'V8', 'V21', 'V12', 'V7']",0.4864864864864865,0.7346938775510204,0.5853658536585366,0.5918941099524448,7
"['V4', 'V21', 'V12', 'V20']",0.4864864864864865,0.7346938775510204,0.5853658536585366,0.5194423184063325,4
"['V4', 'V21', 'V12', 'V7']",0.4864864864864865,0.7346938775510204,0.5853658536585366,0.5298845524616234,4
"['V4', 'V16', 'V9', 'V8', 'V21', 'V7', 'V11']",0.4864864864864865,0.75,0.5901639344262295,0.5991747986627791,7
"['V4', 'V9', 'V21', 'V12', 'V20', 'V11', 'V1']",0.4864864864864865,0.7346938775510204,0.5853658536585366,0.5769293473021935,7
"['V10', 'V9', 'V8', 'V21', 'V20', 'V1']",0.4864864864864865,0.75,0.5901639344262295,0.5811173536582056,6
"['V10', 'V9', 'V8', 'V21', 'V7', 'V1']",0.4864864864864865,0.7659574468085106,0.5950413223140496,0.5910014807319696,6
"['V4', 'V16', 'V9', 'V8', 'V21', 'V7', 'V20', 'V11', 'V1']",0.4864864864864865,0.75,0.5901639344262295,0.6070047025115595,9
"['V4', 'V16', 'V9', 'V8', 'V12', 'V7']",0.4864864864864865,0.7346938775510204,0.5853658536585366,0.5888025082904036,6
"['V4', 'V9', 'V21', 'V12', 'V7', 'V20', 'V11']",0.4864864864864865,0.7346938775510204,0.5853658536585366,0.5953836197508507,7
"['V4', 'V16', 'V9', 'V8', 'V21', 'V11', 'V1']",0.4864864864864865,0.75,0.5901639344262295,0.6080127297284937,7
"['V10', 'V8', 'V12', 'V7']",0.4864864864864865,0.7659574468085106,0.5950413223140496,0.5856641730268306,4
"['V10', 'V16', 'V8', 'V7', 'V20']",0.4864864864864865,0.7659574468085106,0.5950413223140496,0.5547047059696175,5
"['V4', 'V10', 'V21', 'V20', 'V11']",0.4864864864864865,0.72,0.5806451612903226,0.5995684328774273,5
"['V4', 'V16', 'V9', 'V8', 'V12', 'V7', 'V20']",0.4864864864864865,0.7346938775510204,0.5853658536585366,0.5874531747913218,7
"['V4', 'V9', 'V21', 'V12', 'V7', 'V11']",0.4864864864864865,0.7346938775510204,0.5853658536585366,0.5942760376395282,6
"['V4', 'V16', 'V9', 'V8', 'V7', 'V20', 'V11']",0.4864864864864865,0.7346938775510204,0.5853658536585366,0.5997241233419043,7
"['V4', 'V10', 'V9', 'V8', 'V21', 'V7', 'V20']",0.4864864864864865,0.7659574468085106,0.5950413223140496,0.6011358574304917,7
"['V4', 'V10', 'V9', 'V8', 'V21', 'V20', 'V11']",0.4864864864864865,0.72,0.5806451612903226,0.5971412262321502,7
"['V4', 'V16', 'V8', 'V21', 'V7', 'V20', 'V11']",0.4864864864864865,0.75,0.5901639344262295,0.5947542615476169,7
"['V4', 'V10', 'V16', 'V9', 'V8', 'V7', 'V20']",0.4864864864864865,0.7659574468085106,0.5950413223140496,0.5881967965128742,7
"['V4', 'V12', 'V20', 'V11', 'V1']",0.4864864864864865,0.7346938775510204,0.5853658536585366,0.5597261907546867,5
"['V4', 'V16', 'V12', 'V7']",0.4864864864864865,0.7346938775510204,0.5853658536585366,0.5687766916146106,4
"['V4', 'V16', 'V9', 'V21', 'V11']",0.4864864864864865,0.75,0.5901639344262295,0.5899429551431481,5
"['V10', 'V9', 'V8', 'V12']",0.4864864864864865,0.7346938775510204,0.5853658536585366,0.5892058035536994,4
"['V4', 'V10', 'V9', 'V8', 'V21', 'V11', 'V1']",0.4864864864864865,0.7346938775510204,0.5853658536585366,0.5968039790061656,7
"['V4', 'V9', 'V8', 'V12', 'V11', 'V1']",0.4864864864864865,0.7346938775510204,0.5853658536585366,0.586962011418973,6
"['V4', 'V10', 'V9', 'V8', 'V7', 'V20', 'V11']",0.4864864864864865,0.7659574468085106,0.5950413223140496,0.5930265213642345,7
"['V4', 'V10', 'V9', 'V21', 'V20', 'V11', 'V1']",0.4864864864864865,0.75,0.5901639344262295,0.6139695926968143,7
"['V4', 'V10', 'V9', 'V8', 'V12', 'V7', 'V20']",0.4864864864864865,0.75,0.5901639344262295,0.6053080148200041,7
"['V10', 'V9', 'V8', 'V12', 'V7']",0.4864864864864865,0.75,0.5901639344262295,0.5923467327186088,5
"['V4', 'V16', 'V9', 'V12', 'V7', 'V20', 'V1']",0.4864864864864865,0.7346938775510204,0.5853658536585366,0.5712736827950168,7
"['V4', 'V16', 'V9', 'V12', 'V7']",0.4864864864864865,0.7346938775510204,0.5853658536585366,0.5784583879752017,5
"['V12', 'V20', 'V11']",0.4864864864864865,0.72,0.5806451612903226,0.5403481125452957,3
"['V4', 'V16', 'V9', 'V12', 'V20']",0.4864864864864865,0.7346938775510204,0.5853658536585366,0.5793490491730465,5
"['V10', 'V9', 'V8', 'V12', 'V1']",0.4864864864864865,0.7659574468085106,0.5950413223140496,0.5870700012003214,5
"['V4', 'V16', 'V9', 'V21', 'V12']",0.4864864864864865,0.7346938775510204,0.5853658536585366,0.5812654756895921,5
"['V4', 'V9', 'V21', 'V12', 'V20', 'V11']",0.4864864864864865,0.7346938775510204,0.5853658536585366,0.590165890861569,6
"['V4', 'V16', 'V20', 'V11']",0.4864864864864865,0.75,0.5901639344262295,0.5862945925601173,4
"['V4', 'V10', 'V16', 'V9', 'V8', 'V21', 'V11']",0.4864864864864865,0.7058823529411765,0.576,0.6101258541088977,7
"['V4', 'V10', 'V9', 'V8', 'V21', 'V20', 'V1']",0.4864864864864865,0.75,0.5901639344262295,0.6152093544721323,7
"['V4', 'V16', 'V9', 'V21', 'V12', 'V7', 'V20']",0.4864864864864865,0.7346938775510204,0.5853658536585366,0.5867581680915988,7
"['V4', 'V16', 'V11', 'V1']",0.4864864864864865,0.75,0.5901639344262295,0.5791601609334921,4
"['V4', 'V16', 'V9', 'V8', 'V12']",0.4864864864864865,0.7346938775510204,0.5853658536585366,0.5875803657411575,5
"['V10', 'V16', 'V9', 'V21']",0.4864864864864865,0.7346938775510204,0.5853658536585366,0.5552009973238275,4
"['V10', 'V16', 'V9', 'V7']",0.4864864864864865,0.7346938775510204,0.5853658536585366,0.5421265924230932,4
"['V10', 'V9', 'V21', 'V12']",0.4864864864864865,0.75,0.5901639344262295,0.5901831330893773,4
"['V4', 'V16', 'V9', 'V8', 'V20', 'V11', 'V1']",0.4864864864864865,0.75,0.5901639344262295,0.601075105464834,7
"['V4', 'V16', 'V9', 'V8', 'V7', 'V11', 'V1']",0.4864864864864865,0.75,0.5901639344262295,0.5984568196025151,7
"['V4', 'V16', 'V9', 'V21', 'V12', 'V20', 'V1']",0.4864864864864865,0.7346938775510204,0.5853658536585366,0.5823329989015674,7
"['V16', 'V9', 'V8', 'V21', 'V12', 'V20']",0.47297297297297297,0.7446808510638298,0.5785123966942148,0.5800465344165685,6
"['V10', 'V8', 'V21', 'V1']",0.47297297297297297,0.7291666666666666,0.5737704918032787,0.5519900059229742,4
"['V4', 'V8', 'V21', 'V12', 'V7', 'V20', 'V1']",0.47297297297297297,0.7291666666666666,0.5737704918032787,0.5299785601666763,7
"['V4', 'V10', 'V9', 'V8', 'V11']",0.47297297297297297,0.7142857142857143,0.5691056910569106,0.5745803173195497,5
"['V4', 'V10', 'V8', 'V7', 'V20']",0.47297297297297297,0.7446808510638298,0.5785123966942148,0.5891634706606599,5
"['V4', 'V10', 'V9', 'V8', 'V7', 'V11', 'V1']",0.47297297297297297,0.7608695652173914,0.5833333333333334,0.5901108595332702,7
"['V4', 'V10', 'V8', 'V21', 'V1']",0.47297297297297297,0.7291666666666666,0.5737704918032787,0.5939029852415058,5
"['V4', 'V9', 'V21', 'V12', 'V1']",0.47297297297297297,0.7142857142857143,0.5691056910569106,0.5590526780555226,5
"['V16', 'V8', 'V21', 'V12', 'V20', 'V1']",0.47297297297297297,0.7291666666666666,0.5737704918032787,0.5545788800160811,6
"['V4', 'V10', 'V9', 'V12', 'V7', 'V20']",0.47297297297297297,0.7446808510638298,0.5785123966942148,0.6056468251859479,6
"['V16', 'V21', 'V12', 'V1']",0.47297297297297297,0.7291666666666666,0.5737704918032787,0.5518141469624698,4
"['V4', 'V10', 'V9', 'V11']",0.47297297297297297,0.7142857142857143,0.5691056910569106,0.5770453577817334,4
"['V16', 'V9', 'V8', 'V21', 'V12', 'V1']",0.47297297297297297,0.7446808510638298,0.5785123966942148,0.5827328015710999,6
"['V4', 'V9', 'V8', 'V21', 'V12', 'V7']",0.47297297297297297,0.7291666666666666,0.5737704918032787,0.5773669667319273,6
"['V4', 'V9', 'V8', 'V21', 'V12', 'V11']",0.47297297297297297,0.7142857142857143,0.5691056910569106,0.5938481854667002,6
"['V4', 'V9', 'V21', 'V12', 'V20']",0.47297297297297297,0.7291666666666666,0.5737704918032787,0.5653899705639166,5
"['V4', 'V9', 'V8', 'V21', 'V12', 'V20']",0.47297297297297297,0.7142857142857143,0.5691056910569106,0.5639036646465191,6
"['V16', 'V9', 'V8', 'V12', 'V7', 'V1']",0.47297297297297297,0.7446808510638298,0.5785123966942148,0.5769315927394808,6
"['V16', 'V9', 'V8', 'V12', 'V20', 'V1']",0.47297297297297297,0.7446808510638298,0.5785123966942148,0.5766385979820667,6
"['V8', 'V21', 'V12', 'V7', 'V20']",0.47297297297297297,0.7291666666666666,0.5737704918032787,0.5287330730843144,5
"['V4', 'V10', 'V9', 'V7', 'V11', 'V1']",0.47297297297297297,0.7608695652173914,0.5833333333333334,0.589897439757337,6
"['V4', 'V10', 'V9', 'V20', 'V11', 'V1']",0.47297297297297297,0.7608695652173914,0.5833333333333334,0.5963977055593681,6
"['V4', 'V16', 'V20', 'V11', 'V1']",0.47297297297297297,0.7446808510638298,0.5785123966942148,0.5805276668487346,5
"['V4', 'V9', 'V8', 'V21', 'V12', 'V7', 'V20']",0.47297297297297297,0.7142857142857143,0.5691056910569106,0.5777356115216249,7
"['V4', 'V10', 'V7', 'V20', 'V11']",0.47297297297297297,0.7608695652173914,0.5833333333333334,0.6013087927410719,5
"['V10', 'V16', 'V8']",0.47297297297297297,0.7446808510638298,0.5785123966942148,0.5447327258614126,3
"['V10', 'V16', 'V9']",0.47297297297297297,0.7291666666666666,0.5737704918032787,0.5418794929699204,3
"['V16', 'V9', 'V21', 'V12', 'V20', 'V1']",0.47297297297297297,0.7446808510638298,0.5785123966942148,0.5688905788108066,6
"['V4', 'V16', 'V9', 'V21', 'V12', 'V7', 'V1']",0.47297297297297297,0.7291666666666666,0.5737704918032787,0.5839301219057431,7
"['V4', 'V9', 'V8', 'V12', 'V7', 'V1']",0.47297297297297297,0.7291666666666666,0.5737704918032787,0.5588243191933976,6
"['V9', 'V12', 'V7', 'V11', 'V1']",0.47297297297297297,0.7446808510638298,0.5785123966942148,0.588221937227776,5
"['V4', 'V16', 'V7', 'V20', 'V11']",0.47297297297297297,0.7446808510638298,0.5785123966942148,0.5856509880614118,5
"['V4', 'V16', 'V9', 'V21', 'V7', 'V11', 'V1']",0.47297297297297297,0.7446808510638298,0.5785123966942148,0.5934942648735949,7
"['V4', 'V10', 'V9', 'V12', 'V7']",0.47297297297297297,0.7446808510638298,0.5785123966942148,0.5983686972635329,5
"['V4', 'V16', 'V9', 'V21', 'V20', 'V11', 'V1']",0.47297297297297297,0.7446808510638298,0.5785123966942148,0.5967485496005434,7
"['V4', 'V10', 'V9', 'V21', 'V1']",0.47297297297297297,0.7291666666666666,0.5737704918032787,0.5963354636510111,5
"['V4', 'V10', 'V9', 'V21', 'V11']",0.47297297297297297,0.7,0.5645161290322581,0.5803261292537961,5
"['V4', 'V9', 'V8', 'V21', 'V12']",0.47297297297297297,0.7142857142857143,0.5691056910569106,0.5617345817627091,5
"['V4', 'V9', 'V8', 'V21', 'V12', 'V7', 'V1']",0.47297297297297297,0.7291666666666666,0.5737704918032787,0.5740147187437199,7
"['V4', 'V8', 'V21', 'V12', 'V7', 'V1']",0.47297297297297297,0.7291666666666666,0.5737704918032787,0.5281459503353705,6
"['V4', 'V10', 'V9', 'V11', 'V1']",0.47297297297297297,0.7446808510638298,0.5785123966942148,0.5826573812487165,5
"['V4', 'V9', 'V8', 'V12', 'V7', 'V20']",0.47297297297297297,0.7291666666666666,0.5737704918032787,0.5686791584632676,6
"['V4', 'V9', 'V21', 'V12', 'V7', 'V20', 'V1']",0.47297297297297297,0.7291666666666666,0.5737704918032787,0.5680278366208253,7
"['V4', 'V9', 'V8', 'V12', 'V20', 'V11', 'V1']",0.47297297297297297,0.7291666666666666,0.5737704918032787,0.5864753962635011,7
"['V4', 'V9', 'V8', 'V12', 'V7', 'V20', 'V1']",0.47297297297297297,0.7291666666666666,0.5737704918032787,0.5610951684140097,7
"['V4', 'V9', 'V8', 'V12', 'V20']",0.47297297297297297,0.7142857142857143,0.5691056910569106,0.555013914594125,5
"['V4', 'V9', 'V8', 'V12', 'V7']",0.47297297297297297,0.7291666666666666,0.5737704918032787,0.5661071761223685,5
"['V4', 'V8', 'V12', 'V7', 'V20', 'V1']",0.47297297297297297,0.7291666666666666,0.5737704918032787,0.5254537365771805,6
"['V4', 'V9', 'V8', 'V21', 'V12', 'V20', 'V11']",0.47297297297297297,0.7291666666666666,0.5737704918032787,0.5957287515533924,7
"['V4', 'V10', 'V7', 'V20', 'V1']",0.47297297297297297,0.7608695652173914,0.5833333333333334,0.6025217444969914,5
"['V4', 'V10', 'V9', 'V20', 'V11']",0.47297297297297297,0.7446808510638298,0.5785123966942148,0.5772780621133025,5
"['V4', 'V9', 'V8', 'V21', 'V12', 'V20', 'V1']",0.47297297297297297,0.7142857142857143,0.5691056910569106,0.5619496450832611,7
"['V16', 'V9', 'V8', 'V21', 'V12', 'V7']",0.47297297297297297,0.7291666666666666,0.5737704918032787,0.5820845783715252,6
"['V4', 'V10', 'V9', 'V7', 'V11']",0.47297297297297297,0.7142857142857143,0.5691056910569106,0.5827776068089403,5
"['V4', 'V8', 'V21', 'V12', 'V20', 'V1']",0.47297297297297297,0.7291666666666666,0.5737704918032787,0.5181220861773792,6
"['V4', 'V10', 'V8', 'V7', 'V11']",0.47297297297297297,0.7142857142857143,0.5691056910569106,0.5929664462847869,5
"['V4', 'V9', 'V8', 'V21', 'V12', 'V20', 'V11', 'V1']",0.47297297297297297,0.7291666666666666,0.5737704918032787,0.5903793215652495,8
"['V10', 'V9', 'V11', 'V1']",0.47297297297297297,0.7608695652173914,0.5833333333333334,0.5841714480571016,4
"['V9', 'V12', 'V11']",0.47297297297297297,0.7446808510638298,0.5785123966942148,0.5865549452474341,3
"['V16', 'V9', 'V8', 'V21', 'V12', 'V20', 'V1']",0.47297297297297297,0.7446808510638298,0.5785123966942148,0.5842088236909004,7
"['V4', 'V9', 'V12', 'V7', 'V20', 'V1']",0.47297297297297297,0.7291666666666666,0.5737704918032787,0.5518970389303742,6
"['V4', 'V10', 'V7', 'V11']",0.47297297297297297,0.7142857142857143,0.5691056910569106,0.5937065836426137,4
"['V21', 'V12', 'V7', 'V20']",0.47297297297297297,0.7291666666666666,0.5737704918032787,0.5220587458263257,4
"['V21', 'V12', 'V20', 'V1']",0.47297297297297297,0.7291666666666666,0.5737704918032787,0.5090598993853929,4
"['V10', 'V9', 'V12', 'V20']",0.47297297297297297,0.7608695652173914,0.5833333333333334,0.5908222233469258,4
"['V4', 'V8', 'V21', 'V12']",0.47297297297297297,0.7291666666666666,0.5737704918032787,0.5175877674645792,4
"['V4', 'V8', 'V12', 'V20', 'V1']",0.47297297297297297,0.7291666666666666,0.5737704918032787,0.5027831722087582,5
"['V4', 'V8', 'V12', 'V7', 'V1']",0.47297297297297297,0.7291666666666666,0.5737704918032787,0.5218132269295901,5
"['V16', 'V20', 'V11']",0.47297297297297297,0.7446808510638298,0.5785123966942148,0.5452876656114469,3
"['V4', 'V9', 'V21', 'V12', 'V20', 'V1']",0.47297297297297297,0.7142857142857143,0.5691056910569106,0.5595294981881926,6
"['V16', 'V9', 'V7', 'V11']",0.47297297297297297,0.7608695652173914,0.5833333333333334,0.5828612014152088,4
"['V16', 'V9', 'V20', 'V11']",0.47297297297297297,0.7608695652173914,0.5833333333333334,0.5763268001364612,4
"['V4', 'V16', 'V9', 'V21', 'V12', 'V7', 'V20', 'V1']",0.47297297297297297,0.7291666666666666,0.5737704918032787,0.5834912335212348,8
"['V16', 'V9', 'V21', 'V12', 'V20']",0.47297297297297297,0.7446808510638298,0.5785123966942148,0.5689266503358202,5
"['V16', 'V9', 'V11', 'V1']",0.47297297297297297,0.7608695652173914,0.5833333333333334,0.5766083896844424,4
"['V4', 'V8', 'V12', 'V7']",0.47297297297297297,0.7142857142857143,0.5691056910569106,0.5235363277047428,4
"['V4', 'V16', 'V8', 'V7', 'V20', 'V11']",0.47297297297297297,0.7446808510638298,0.5785123966942148,0.5947409567624979,6
"['V9', 'V12', 'V20', 'V11']",0.47297297297297297,0.7446808510638298,0.5785123966942148,0.5860702883619999,4
"['V4', 'V8', 'V12', 'V7', 'V20']",0.47297297297297297,0.7142857142857143,0.5691056910569106,0.5220579577287252,5
"['V16', 'V9', 'V8', 'V12', 'V7', 'V20', 'V1']",0.47297297297297297,0.7446808510638298,0.5785123966942148,0.5775070774429275,7
"['V12', 'V11', 'V1']",0.47297297297297297,0.7142857142857143,0.5691056910569106,0.5452399843189846,3
"['V4', 'V21', 'V12', 'V20', 'V1']",0.47297297297297297,0.7291666666666666,0.5737704918032787,0.5178763027953245,5
"['V21', 'V12', 'V1']",0.47297297297297297,0.7291666666666666,0.5737704918032787,0.5076378349942274,3
"['V4', 'V16', 'V8', 'V11']",0.47297297297297297,0.7291666666666666,0.5737704918032787,0.5955112701003512,4
"['V21', 'V12', 'V20']",0.47297297297297297,0.7291666666666666,0.5737704918032787,0.5021046698587286,3
"['V21', 'V12', 'V7']",0.47297297297297297,0.7291666666666666,0.5737704918032787,0.5167938807083803,3
"['V4', 'V16', 'V9', 'V7', 'V20', 'V11', 'V1']",0.47297297297297297,0.7446808510638298,0.5785123966942148,0.5863024186993337,7
"['V4', 'V16', 'V9', 'V12', 'V1']",0.47297297297297297,0.7291666666666666,0.5737704918032787,0.5715633270286613,5
"['V10', 'V16', 'V8', 'V21']",0.47297297297297297,0.7608695652173914,0.5833333333333334,0.5572554709235065,4
"['V4', 'V16', 'V7', 'V11']",0.47297297297297297,0.7446808510638298,0.5785123966942148,0.585392329708267,4
"['V4', 'V16', 'V9', 'V20', 'V11', 'V1']",0.47297297297297297,0.7446808510638298,0.5785123966942148,0.5851990138265132,6
"['V4', 'V16', 'V9', 'V11', 'V1']",0.47297297297297297,0.7446808510638298,0.5785123966942148,0.5852249699619584,5
"['V4', 'V21', 'V12', 'V7', 'V1']",0.47297297297297297,0.7291666666666666,0.5737704918032787,0.5281093624138836,5
"['V8', 'V21', 'V12']",0.47297297297297297,0.7291666666666666,0.5737704918032787,0.49996490064576354,3
"['V4', 'V9', 'V8', 'V12']",0.47297297297297297,0.7142857142857143,0.5691056910569106,0.5528110581735831,4
"['V4', 'V10', 'V11', 'V1']",0.47297297297297297,0.7291666666666666,0.5737704918032787,0.5907627208104247,4
"['V4', 'V9', 'V21', 'V12']",0.47297297297297297,0.7142857142857143,0.5691056910569106,0.5640614656983989,4
"['V4', 'V10', 'V8', 'V20', 'V11']",0.47297297297297297,0.7,0.5645161290322581,0.584582187921735,5
"['V16', 'V8', 'V21', 'V12']",0.47297297297297297,0.7291666666666666,0.5737704918032787,0.5489895080737334,4
"['V4', 'V8', 'V12', 'V20']",0.47297297297297297,0.7291666666666666,0.5737704918032787,0.501217777604299,4
"['V16', 'V8', 'V21', 'V20', 'V11']",0.47297297297297297,0.7446808510638298,0.5785123966942148,0.5482674326002555,5
"['V4', 'V10', 'V9', 'V8', 'V20', 'V11']",0.47297297297297297,0.7291666666666666,0.5737704918032787,0.5784344143512555,6
"['V16', 'V8', 'V21', 'V12', 'V1']",0.47297297297297297,0.7291666666666666,0.5737704918032787,0.5541989841336187,5
"['V10', 'V16', 'V8', 'V7', 'V1']",0.47297297297297297,0.7608695652173914,0.5833333333333334,0.5460584166447693,5
"['V10', 'V9', 'V8', 'V11', 'V1']",0.47297297297297297,0.7608695652173914,0.5833333333333334,0.5841010143185186,5
"['V4', 'V10', 'V9', 'V8', 'V11', 'V1']",0.47297297297297297,0.7446808510638298,0.5785123966942148,0.5827024955139074,6
"['V4', 'V10', 'V9', 'V21', 'V12']",0.47297297297297297,0.7,0.5645161290322581,0.5932118705569699,5
"['V10', 'V16', 'V8', 'V21', 'V7']",0.47297297297297297,0.7608695652173914,0.5833333333333334,0.5618897145782757,5
"['V10', 'V12', 'V20']",0.47297297297297297,0.7608695652173914,0.5833333333333334,0.5871744428684332,3
"['V10', 'V9', 'V21', 'V7', 'V20', 'V1']",0.47297297297297297,0.7608695652173914,0.5833333333333334,0.589109682825441,6
"['V4', 'V10', 'V21', 'V7']",0.47297297297297297,0.6730769230769231,0.5555555555555556,0.5780329209058812,4
"['V4', 'V16', 'V9', 'V21', 'V11', 'V1']",0.47297297297297297,0.7446808510638298,0.5785123966942148,0.5921417744280759,6
"['V10', 'V21', 'V1']",0.47297297297297297,0.7291666666666666,0.5737704918032787,0.5519589706693868,3
"['V4', 'V9', 'V21', 'V12', 'V7', 'V20']",0.47297297297297297,0.7291666666666666,0.5737704918032787,0.5701514106801784,6
"['V4', 'V8', 'V12']",0.47297297297297297,0.7142857142857143,0.5691056910569106,0.5040134304293146,3
"['V8', 'V21', 'V12', 'V20']",0.47297297297297297,0.7291666666666666,0.5737704918032787,0.50014601740186,4
"['V4', 'V9', 'V12', 'V7', 'V20']",0.47297297297297297,0.7291666666666666,0.5737704918032787,0.5584485617989613,5
"['V4', 'V9', 'V8', 'V21', 'V12', 'V7', 'V20', 'V1']",0.47297297297297297,0.7291666666666666,0.5737704918032787,0.5742132214004779,8
"['V4', 'V10', 'V9', 'V8', 'V7', 'V11']",0.47297297297297297,0.7142857142857143,0.5691056910569106,0.5809983359015469,6
"['V4', 'V8', 'V21', 'V12', 'V1']",0.47297297297297297,0.7291666666666666,0.5737704918032787,0.515839507436509,5
"['V4', 'V10', 'V9', 'V8', 'V21', 'V11']",0.47297297297297297,0.7,0.5645161290322581,0.5876545995644971,6
"['V16', 'V8', 'V21', 'V11']",0.47297297297297297,0.7446808510638298,0.5785123966942148,0.549643619410345,4
"['V4', 'V8', 'V12', 'V1']",0.47297297297297297,0.7142857142857143,0.5691056910569106,0.5023822062559631,4
"['V4', 'V16', 'V9', 'V21', 'V7', 'V20', 'V11', 'V1']",0.47297297297297297,0.7446808510638298,0.5785123966942148,0.6003907527025634,8
"['V10', 'V16', 'V9', 'V20']",0.47297297297297297,0.7446808510638298,0.5785123966942148,0.5592760996196402,4
"['V10', 'V9', 'V8', 'V21', 'V7', 'V20']",0.47297297297297297,0.7608695652173914,0.5833333333333334,0.571958148135813,6
"['V16', 'V9', 'V7', 'V20', 'V11']",0.47297297297297297,0.7608695652173914,0.5833333333333334,0.582071273922814,5
"['V10', 'V9', 'V21', 'V7', 'V20']",0.47297297297297297,0.7608695652173914,0.5833333333333334,0.5708189257765379,5
"['V4', 'V10', 'V9', 'V8', 'V21', 'V1']",0.47297297297297297,0.7291666666666666,0.5737704918032787,0.5928078333896091,6
"['V21', 'V12', 'V7', 'V20', 'V1']",0.47297297297297297,0.7291666666666666,0.5737704918032787,0.519932667984973,5
"['V4', 'V10', 'V9', 'V8', 'V12', 'V7']",0.47297297297297297,0.7446808510638298,0.5785123966942148,0.5994256545609742,6
"['V16', 'V9', 'V20', 'V11', 'V1']",0.47297297297297297,0.7608695652173914,0.5833333333333334,0.5799177111276936,5
"['V10', 'V9', 'V8', 'V7', 'V20', 'V1']",0.47297297297297297,0.7608695652173914,0.5833333333333334,0.5678721504251527,6
"['V4', 'V21', 'V12', 'V1']",0.47297297297297297,0.7291666666666666,0.5737704918032787,0.5149761712812894,4
"['V4', 'V10', 'V9', 'V20', 'V1']",0.4594594594594595,0.7391304347826086,0.5666666666666667,0.5945743052058531,5
"['V4', 'V16', 'V9', 'V12', 'V7', 'V1']",0.4594594594594595,0.723404255319149,0.5619834710743802,0.5731924988136653,6
"['V4', 'V16', 'V9', 'V7', 'V11', 'V1']",0.4594594594594595,0.7391304347826086,0.5666666666666667,0.5862699931223363,6
"['V4', 'V9', 'V8', 'V12', 'V20', 'V1']",0.4594594594594595,0.7083333333333334,0.5573770491803278,0.5508504296714641,6
"['V4', 'V9', 'V12', 'V20', 'V11', 'V1']",0.4594594594594595,0.723404255319149,0.5619834710743802,0.5727022281088576,6
"['V4', 'V9', 'V21', 'V12', 'V7', 'V1']",0.4594594594594595,0.723404255319149,0.5619834710743802,0.5675329067424885,6
"['V4', 'V9', 'V8', 'V21', 'V12', 'V1']",0.4594594594594595,0.7083333333333334,0.5573770491803278,0.5580227189655568,6
"['V4', 'V10', 'V9', 'V21', 'V20']",0.4594594594594595,0.723404255319149,0.5619834710743802,0.5855740846772607,5
"['V16', 'V9', 'V21', 'V7', 'V20', 'V11', 'V1']",0.4594594594594595,0.7555555555555555,0.5714285714285714,0.5832285044264035,7
"['V16', 'V8', 'V21', 'V7', 'V20', 'V11']",0.4594594594594595,0.7555555555555555,0.5714285714285714,0.5674409026768187,6
"['V16', 'V8', 'V7', 'V20', 'V11']",0.4594594594594595,0.7555555555555555,0.5714285714285714,0.5670754992209883,5
"['V16', 'V9', 'V7', 'V20', 'V11', 'V1']",0.4594594594594595,0.7555555555555555,0.5714285714285714,0.5824702394368557,6
"['V4', 'V12', 'V7', 'V20', 'V1']",0.4594594594594595,0.723404255319149,0.5619834710743802,0.5140192663526789,5
"['V16', 'V8', 'V7', 'V11', 'V1']",0.4594594594594595,0.7555555555555555,0.5714285714285714,0.5688238549637864,5
"['V16', 'V8', 'V21', 'V12', 'V7', 'V20']",0.4594594594594595,0.723404255319149,0.5619834710743802,0.5703156004551193,6
"['V12', 'V7', 'V20']",0.4594594594594595,0.723404255319149,0.5619834710743802,0.5227647560445637,3
"['V16', 'V21', 'V12', 'V7']",0.4594594594594595,0.723404255319149,0.5619834710743802,0.5582268034456266,4
"['V21', 'V12', 'V7', 'V1']",0.4594594594594595,0.723404255319149,0.5619834710743802,0.5168808272134358,4
"['V16', 'V8', 'V21', 'V12', 'V7', 'V1']",0.4594594594594595,0.723404255319149,0.5619834710743802,0.5710700265364054,6
"['V16', 'V8', 'V21', 'V7', 'V11', 'V1']",0.4594594594594595,0.7555555555555555,0.5714285714285714,0.5700231983659839,6
"['V16', 'V12', 'V20']",0.4594594594594595,0.723404255319149,0.5619834710743802,0.5453039370524885,3
"['V16', 'V21', 'V7', 'V11']",0.4594594594594595,0.7555555555555555,0.5714285714285714,0.5600707800268465,4
"['V16', 'V21', 'V7', 'V20', 'V11']",0.4594594594594595,0.7555555555555555,0.5714285714285714,0.5595245024163689,5
"['V16', 'V8', 'V7', 'V20', 'V11', 'V1']",0.4594594594594595,0.7555555555555555,0.5714285714285714,0.5689274125284677,6
"['V16', 'V21', 'V7', 'V11', 'V1']",0.4594594594594595,0.7555555555555555,0.5714285714285714,0.562976798457607,5
"['V16', 'V9', 'V21', 'V12', 'V7', 'V20']",0.4594594594594595,0.7391304347826086,0.5666666666666667,0.5731378107051438,6
"['V16', 'V21', 'V7', 'V20', 'V11', 'V1']",0.4594594594594595,0.7555555555555555,0.5714285714285714,0.5634604244389696,6
"['V9', 'V8', 'V21', 'V12', 'V7', 'V1']",0.4594594594594595,0.723404255319149,0.5619834710743802,0.5693267871198772,6
"['V16', 'V7', 'V20', 'V11', 'V1']",0.4594594594594595,0.7555555555555555,0.5714285714285714,0.5633960226769242,5
"['V16', 'V7', 'V11']",0.4594594594594595,0.7555555555555555,0.5714285714285714,0.5610485046354103,3
"['V16', 'V8', 'V12', 'V20', 'V1']",0.4594594594594595,0.723404255319149,0.5619834710743802,0.553371559159076,5
"['V16', 'V9', 'V21', 'V12', 'V7']",0.4594594594594595,0.7391304347826086,0.5666666666666667,0.5730841233070457,5
"['V9', 'V8', 'V21', 'V12', 'V7', 'V20', 'V1']",0.4594594594594595,0.723404255319149,0.5619834710743802,0.5706595524525857,7
"['V16', 'V9', 'V21', 'V12', 'V1']",0.4594594594594595,0.7391304347826086,0.5666666666666667,0.5690148371528665,5
"['V16', 'V8', 'V12', 'V1']",0.4594594594594595,0.723404255319149,0.5619834710743802,0.5536229170858779,4
"['V16', 'V8', 'V7', 'V11']",0.4594594594594595,0.7555555555555555,0.5714285714285714,0.5644220881780307,4
"['V10', 'V8', 'V21', 'V7']",0.4594594594594595,0.7391304347826086,0.5666666666666667,0.5549365426562469,4
"['V16', 'V9', 'V7', 'V11', 'V1']",0.4594594594594595,0.7555555555555555,0.5714285714285714,0.5784112243951591,5
"['V16', 'V9', 'V21', 'V12', 'V7', 'V1']",0.4594594594594595,0.7391304347826086,0.5666666666666667,0.570420071572062,6
"['V16', 'V8', 'V21', 'V12', 'V7']",0.4594594594594595,0.723404255319149,0.5619834710743802,0.5662465179949236,5
"['V4', 'V12', 'V7', 'V20']",0.4594594594594595,0.723404255319149,0.5619834710743802,0.5151691422891177,4
"['V4', 'V12', 'V7', 'V1']",0.4594594594594595,0.723404255319149,0.5619834710743802,0.5141057607949889,4
"['V10', 'V16', 'V9', 'V8', 'V7']",0.4594594594594595,0.7391304347826086,0.5666666666666667,0.5489661229090368,5
"['V16', 'V8', 'V21', 'V12', 'V20']",0.4594594594594595,0.723404255319149,0.5619834710743802,0.553332483486729,5
"['V16', 'V9', 'V8', 'V21', 'V12', 'V7', 'V20']",0.4594594594594595,0.7391304347826086,0.5666666666666667,0.5811173725369054,7
"['V10', 'V9', 'V21', 'V1']",0.4594594594594595,0.7391304347826086,0.5666666666666667,0.5750810607696065,4
"['V16', 'V9', 'V21', 'V7', 'V11', 'V1']",0.4594594594594595,0.7555555555555555,0.5714285714285714,0.5802766897484318,6
"['V4', 'V10', 'V9', 'V21', 'V7']",0.4594594594594595,0.68,0.5483870967741935,0.5736246204875073,5
"['V10', 'V16', 'V9', 'V8']",0.4594594594594595,0.7391304347826086,0.5666666666666667,0.5464406269043706,4
"['V16', 'V8', 'V21', 'V7', 'V11']",0.4594594594594595,0.7555555555555555,0.5714285714285714,0.5675854386300286,5
"['V16', 'V9', 'V21', 'V12', 'V7', 'V20', 'V1']",0.4594594594594595,0.7391304347826086,0.5666666666666667,0.5703511596255569,7
"['V16', 'V8', 'V21', 'V12', 'V7', 'V20', 'V1']",0.4594594594594595,0.723404255319149,0.5619834710743802,0.5688119883881524,7
"['V16', 'V8', 'V21', 'V7', 'V20', 'V11', 'V1']",0.4594594594594595,0.7555555555555555,0.5714285714285714,0.5689860344369133,7
"['V16', 'V12', 'V1']",0.4594594594594595,0.723404255319149,0.5619834710743802,0.5457970780420587,3
"['V8', 'V21', 'V12', 'V20', 'V1']",0.4594594594594595,0.723404255319149,0.5619834710743802,0.5055639584221178,5
"['V16', 'V9', 'V12', 'V20', 'V1']",0.4594594594594595,0.7391304347826086,0.5666666666666667,0.56909307871361,5
"['V4', 'V12', 'V7']",0.4594594594594595,0.723404255319149,0.5619834710743802,0.5172676220344983,3
"['V16', 'V7', 'V20', 'V11']",0.4594594594594595,0.7555555555555555,0.5714285714285714,0.5609857956677057,4
"['V4', 'V9', 'V8', 'V12', 'V1']",0.4594594594594595,0.7083333333333334,0.5573770491803278,0.5518424450658295,5
"['V10', 'V16', 'V20']",0.4594594594594595,0.7555555555555555,0.5714285714285714,0.5532678872474036,3
"['V16', 'V21', 'V11', 'V1']",0.4594594594594595,0.7391304347826086,0.5666666666666667,0.5506282529114258,4
"['V9', 'V8', 'V12', 'V7']",0.4594594594594595,0.723404255319149,0.5619834710743802,0.5638572191373014,4
"['V10', 'V9', 'V12']",0.4594594594594595,0.7391304347826086,0.5666666666666667,0.588565845177007,3
"['V9', 'V8', 'V12', 'V7', 'V20']",0.4594594594594595,0.723404255319149,0.5619834710743802,0.5632443025344495,5
"['V9', 'V8', 'V12', 'V7', 'V1']",0.4594594594594595,0.723404255319149,0.5619834710743802,0.5644152605095457,5
"['V16', 'V9', 'V21', 'V12']",0.4594594594594595,0.7391304347826086,0.5666666666666667,0.5697582851340373,4
"['V16', 'V7', 'V11', 'V1']",0.4594594594594595,0.7555555555555555,0.5714285714285714,0.5632436161399798,4
"['V4', 'V10', 'V9', 'V8', 'V20', 'V1']",0.4594594594594595,0.7391304347826086,0.5666666666666667,0.5910595169539458,6
"['V4', 'V9', 'V12', 'V11', 'V1']",0.4594594594594595,0.723404255319149,0.5619834710743802,0.5758849995647608,5
"['V4', 'V9', 'V21', 'V12', 'V7']",0.4594594594594595,0.723404255319149,0.5619834710743802,0.5676496989288428,5
"['V4', 'V9', 'V12', 'V20', 'V11']",0.4594594594594595,0.723404255319149,0.5619834710743802,0.5840672922017758,5
"['V10', 'V21', 'V7', 'V20']",0.4594594594594595,0.7391304347826086,0.5666666666666667,0.5597323495395788,4
"['V9', 'V8', 'V12', 'V20', 'V1']",0.4594594594594595,0.723404255319149,0.5619834710743802,0.5575095518251462,5
"['V4', 'V9', 'V12', 'V11']",0.4594594594594595,0.723404255319149,0.5619834710743802,0.585181991830364,4
"['V8', 'V21', 'V12', 'V1']",0.4594594594594595,0.723404255319149,0.5619834710743802,0.506027931178927,4
"['V9', 'V8', 'V12', 'V1']",0.4594594594594595,0.723404255319149,0.5619834710743802,0.5596277601708151,4
"['V16', 'V12', 'V20', 'V1']",0.4594594594594595,0.723404255319149,0.5619834710743802,0.5456219398259672,4
"['V10', 'V8', 'V7', 'V20', 'V1']",0.4594594594594595,0.7555555555555555,0.5714285714285714,0.558949092644581,5
"['V4', 'V12', 'V20']",0.4594594594594595,0.723404255319149,0.5619834710743802,0.5024030623427314,3
"['V4', 'V10', 'V9', 'V8', 'V21', 'V7']",0.4594594594594595,0.68,0.5483870967741935,0.5752990746193223,6
"['V9', 'V8', 'V12', 'V7', 'V20', 'V1']",0.4594594594594595,0.723404255319149,0.5619834710743802,0.5635076288943138,6
"['V10', 'V8', 'V21', 'V7', 'V20']",0.4594594594594595,0.7391304347826086,0.5666666666666667,0.5617191981690032,5
"['V4', 'V10', 'V9', 'V8', 'V21', 'V20']",0.4594594594594595,0.723404255319149,0.5619834710743802,0.582573229627618,6
"['V4', 'V16', 'V9', 'V12']",0.4594594594594595,0.7391304347826086,0.5666666666666667,0.5768137496558996,4
"['V16', 'V21', 'V12']",0.4594594594594595,0.723404255319149,0.5619834710743802,0.5492235465478318,3
"['V10', 'V16', 'V21']",0.4594594594594595,0.7555555555555555,0.5714285714285714,0.5501886704028675,3
"['V4', 'V10', 'V9', 'V12']",0.4594594594594595,0.7083333333333334,0.5573770491803278,0.5945540358583964,4
"['V8', 'V12', 'V7', 'V20']",0.44594594594594594,0.717391304347826,0.55,0.5196731313069142,4
"['V10', 'V7', 'V20', 'V1']",0.44594594594594594,0.7333333333333333,0.5546218487394958,0.5441797246032201,4
"['V10', 'V9', 'V8', 'V21', 'V1']",0.44594594594594594,0.7333333333333333,0.5546218487394958,0.5762474642328946,5
"['V16', 'V8', 'V12', 'V20']",0.44594594594594594,0.717391304347826,0.55,0.5495295641381585,4
"['V4', 'V9', 'V12', 'V7']",0.44594594594594594,0.717391304347826,0.55,0.5605652828173721,4
"['V16', 'V8', 'V12', 'V7']",0.44594594594594594,0.717391304347826,0.55,0.5634694923721206,4
"['V8', 'V12', 'V20', 'V1']",0.44594594594594594,0.717391304347826,0.55,0.5055319164407509,4
"['V4', 'V9', 'V12', 'V20']",0.44594594594594594,0.717391304347826,0.55,0.5477965812173475,4
"['V9', 'V8', 'V21', 'V12', 'V20', 'V1']",0.44594594594594594,0.717391304347826,0.55,0.5639637336863493,6
"['V4', 'V16', 'V9', 'V8', 'V7', 'V20', 'V1']",0.44594594594594594,0.7333333333333333,0.5546218487394958,0.539008524133,7
"['V16', 'V9', 'V12', 'V7', 'V20']",0.44594594594594594,0.7333333333333333,0.5546218487394958,0.5713070780443148,5
"['V4', 'V10', 'V20', 'V1']",0.44594594594594594,0.75,0.559322033898305,0.6006615747014645,4
"['V9', 'V8', 'V21', 'V12', 'V7', 'V20']",0.44594594594594594,0.717391304347826,0.55,0.5688886778217388,6
"['V16', 'V21', 'V12', 'V7', 'V20', 'V1']",0.44594594594594594,0.717391304347826,0.55,0.5618892787792041,6
"['V16', 'V8', 'V12', 'V7', 'V20', 'V1']",0.44594594594594594,0.717391304347826,0.55,0.5617101001677083,6
"['V16', 'V8', 'V21', 'V20', 'V11', 'V1']",0.44594594594594594,0.7333333333333333,0.5546218487394958,0.5479374627783582,6
"['V8', 'V21', 'V12', 'V7', 'V20', 'V1']",0.44594594594594594,0.717391304347826,0.55,0.5289856214432413,6
"['V16', 'V9', 'V12', 'V7']",0.44594594594594594,0.7333333333333333,0.5546218487394958,0.5708703026364903,4
"['V4', 'V10', 'V9', 'V8', 'V1']",0.44594594594594594,0.7333333333333333,0.5546218487394958,0.5614667461593058,5
"['V12', 'V7', 'V20', 'V1']",0.44594594594594594,0.717391304347826,0.55,0.5210563437327196,4
"['V16', 'V9', 'V12', 'V20']",0.44594594594594594,0.7333333333333333,0.5546218487394958,0.569890408745718,4
"['V9', 'V8', 'V12', 'V20']",0.44594594594594594,0.717391304347826,0.55,0.5532186893277982,4
"['V16', 'V9', 'V12', 'V1']",0.44594594594594594,0.7333333333333333,0.5546218487394958,0.5696474744451948,4
"['V9', 'V8', 'V21', 'V12']",0.44594594594594594,0.717391304347826,0.55,0.5643416317698918,4
"['V4', 'V16', 'V9', 'V8', 'V21', 'V7', 'V1']",0.44594594594594594,0.717391304347826,0.55,0.5371119031526816,7
"['V4', 'V9', 'V12', 'V1']",0.44594594594594594,0.717391304347826,0.55,0.5394977316839954,4
"['V16', 'V20', 'V11', 'V1']",0.44594594594594594,0.7333333333333333,0.5546218487394958,0.5459094816831614,4
"['V10', 'V9', 'V21', 'V7']",0.44594594594594594,0.6875,0.5409836065573771,0.5525504679553672,4
"['V9', 'V21', 'V12', 'V20']",0.44594594594594594,0.717391304347826,0.55,0.5608990208038855,4
"['V8', 'V21', 'V12', 'V7', 'V1']",0.44594594594594594,0.717391304347826,0.55,0.5209070881721831,5
"['V9', 'V8', 'V12']",0.44594594594594594,0.717391304347826,0.55,0.5569256571135249,3
"['V16', 'V11', 'V1']",0.44594594594594594,0.7333333333333333,0.5546218487394958,0.5438397353538001,3
"['V9', 'V8', 'V21', 'V12', 'V7']",0.44594594594594594,0.717391304347826,0.55,0.5708194905062627,5
"['V4', 'V10', 'V12']",0.44594594594594594,0.7021276595744681,0.5454545454545454,0.5959037640377358,3
"['V8', 'V21', 'V12', 'V7']",0.44594594594594594,0.717391304347826,0.55,0.5238822347198652,4
"['V9', 'V8', 'V21', 'V12', 'V20']",0.44594594594594594,0.717391304347826,0.55,0.5623406696706317,5
"['V9', 'V8', 'V21', 'V12', 'V1']",0.44594594594594594,0.717391304347826,0.55,0.5641931663106752,5
"['V4', 'V10', 'V8', 'V21', 'V20']",0.44594594594594594,0.7021276595744681,0.5454545454545454,0.586475704112368,5
"['V16', 'V8', 'V11']",0.44594594594594594,0.717391304347826,0.55,0.5430490354995751,3
"['V16', 'V8', 'V12']",0.44594594594594594,0.717391304347826,0.55,0.5492151372448654,3
"['V16', 'V9', 'V12']",0.44594594594594594,0.7333333333333333,0.5546218487394958,0.5710330242843837,3
"['V16', 'V21', 'V20', 'V11', 'V1']",0.44594594594594594,0.7333333333333333,0.5546218487394958,0.5503653248576564,5
"['V4', 'V10', 'V9', 'V8', 'V7', 'V1']",0.44594594594594594,0.75,0.559322033898305,0.5772770714925944,6
"['V4', 'V9', 'V12']",0.44594594594594594,0.7021276595744681,0.5454545454545454,0.5488877047784984,3
"['V4', 'V9', 'V12', 'V20', 'V1']",0.44594594594594594,0.717391304347826,0.55,0.5421108772846633,5
"['V16', 'V12', 'V7', 'V20']",0.44594594594594594,0.717391304347826,0.55,0.5596105356998164,4
"['V4', 'V10', 'V9', 'V7', 'V1']",0.44594594594594594,0.7333333333333333,0.5546218487394958,0.5750291877636757,5
"['V16', 'V12', 'V7', 'V1']",0.44594594594594594,0.717391304347826,0.55,0.557883698836281,4
"['V4', 'V10', 'V9', 'V7', 'V20']",0.44594594594594594,0.7021276595744681,0.5454545454545454,0.5489696065508243,5
"['V10', 'V16', 'V7']",0.44594594594594594,0.7333333333333333,0.5546218487394958,0.5427973394595991,3
"['V4', 'V12', 'V1']",0.44594594594594594,0.717391304347826,0.55,0.500609057153633,3
"['V9', 'V21', 'V12', 'V20', 'V1']",0.44594594594594594,0.717391304347826,0.55,0.5617750830944402,5
"['V16', 'V12', 'V7', 'V20', 'V1']",0.44594594594594594,0.717391304347826,0.55,0.5592172668932673,5
"['V16', 'V12', 'V7']",0.44594594594594594,0.717391304347826,0.55,0.5577684204306262,3
"['V9', 'V21', 'V12']",0.44594594594594594,0.717391304347826,0.55,0.5616796384091329,3
"['V10', 'V16', 'V8', 'V7']",0.44594594594594594,0.75,0.559322033898305,0.5459257393597425,4
"['V4', 'V12', 'V20', 'V1']",0.44594594594594594,0.717391304347826,0.55,0.49979935890218496,4
"['V8', 'V12', 'V7', 'V20', 'V1']",0.44594594594594594,0.717391304347826,0.55,0.5199933205209823,5
"['V16', 'V8', 'V20', 'V11']",0.44594594594594594,0.717391304347826,0.55,0.5447313547373999,4
"['V16', 'V8', 'V21', 'V11', 'V1']",0.44594594594594594,0.7333333333333333,0.5546218487394958,0.5488807212066549,5
"['V16', 'V8', 'V12', 'V7', 'V20']",0.44594594594594594,0.717391304347826,0.55,0.5605390796942924,5
"['V16', 'V8', 'V12', 'V7', 'V1']",0.44594594594594594,0.717391304347826,0.55,0.5606116785483981,5
"['V16', 'V8', 'V11', 'V1']",0.44594594594594594,0.717391304347826,0.55,0.5437122290156223,4
"['V16', 'V21', 'V12', 'V20', 'V1']",0.44594594594594594,0.717391304347826,0.55,0.5498073409844729,5
"['V16', 'V8', 'V20', 'V11', 'V1']",0.44594594594594594,0.717391304347826,0.55,0.5453749465018309,5
"['V12', 'V7', 'V1']",0.44594594594594594,0.717391304347826,0.55,0.5202491491476356,3
"['V10', 'V9', 'V8', 'V21', 'V7']",0.44594594594594594,0.7021276595744681,0.5454545454545454,0.5644518698954427,5
"['V16', 'V21', 'V12', 'V7', 'V1']",0.44594594594594594,0.717391304347826,0.55,0.5572787717291829,5
"['V4', 'V10', 'V9', 'V1']",0.44594594594594594,0.7021276595744681,0.5454545454545454,0.573871587253823,4
"['V16', 'V21', 'V12', 'V7', 'V20']",0.44594594594594594,0.717391304347826,0.55,0.5611782744325267,5
"['V16', 'V21', 'V12', 'V20']",0.44594594594594594,0.717391304347826,0.55,0.5488512213503964,4
"['V4', 'V10', 'V8', 'V20', 'V1']",0.44594594594594594,0.75,0.559322033898305,0.5995993516453766,5
"['V4', 'V10', 'V8', 'V1']",0.43243243243243246,0.7111111111111111,0.5378151260504201,0.5731457659395208,4
"['V4', 'V10', 'V21', 'V20']",0.43243243243243246,0.6956521739130435,0.5333333333333333,0.585705856566557,4
"['V9', 'V21', 'V12', 'V7', 'V1']",0.43243243243243246,0.7111111111111111,0.5378151260504201,0.562993451079856,5
"['V4', 'V16', 'V8', 'V21', 'V20', 'V1']",0.43243243243243246,0.7272727272727273,0.5423728813559322,0.5519337329578761,6
"['V4', 'V16', 'V21', 'V20']",0.43243243243243246,0.7272727272727273,0.5423728813559322,0.5553249174064223,4
"['V9', 'V21', 'V12', 'V7', 'V20']",0.43243243243243246,0.7111111111111111,0.5378151260504201,0.5627294472089024,5
"['V4', 'V16', 'V9', 'V21', 'V7', 'V20']",0.43243243243243246,0.7272727272727273,0.5423728813559322,0.5389819594603337,6
"['V16', 'V9', 'V12', 'V7', 'V1']",0.43243243243243246,0.7272727272727273,0.5423728813559322,0.5746670540486697,5
"['V10', 'V9', 'V8', 'V21', 'V20']",0.43243243243243246,0.7272727272727273,0.5423728813559322,0.5666081109990976,5
"['V4', 'V16', 'V8', 'V21', 'V7', 'V1']",0.43243243243243246,0.7111111111111111,0.5378151260504201,0.5515439875222959,6
"['V4', 'V10', 'V7', 'V1']",0.43243243243243246,0.7272727272727273,0.5423728813559322,0.5822050122468208,4
"['V4', 'V16', 'V9', 'V8', 'V21', 'V7', 'V20', 'V1']",0.43243243243243246,0.7272727272727273,0.5423728813559322,0.535360437120688,8
"['V4', 'V10', 'V8', 'V7', 'V1']",0.43243243243243246,0.7441860465116279,0.5470085470085471,0.5852539400916276,5
"['V4', 'V16', 'V9', 'V8', 'V7', 'V20']",0.43243243243243246,0.7272727272727273,0.5423728813559322,0.5407570444154869,6
"['V4', 'V16', 'V9', 'V8']",0.43243243243243246,0.7441860465116279,0.5470085470085471,0.5362723548288297,4
"['V4', 'V16', 'V9', 'V8', 'V20', 'V1']",0.43243243243243246,0.7272727272727273,0.5423728813559322,0.5395550738082218,6
"['V4', 'V10', 'V8', 'V21', 'V7']",0.43243243243243246,0.6530612244897959,0.5203252032520326,0.5762762103281862,5
"['V10', 'V9', 'V7', 'V20', 'V1']",0.43243243243243246,0.7111111111111111,0.5378151260504201,0.5550194448154475,5
"['V4', 'V16', 'V21', 'V20', 'V1']",0.43243243243243246,0.7272727272727273,0.5423728813559322,0.5473599904396498,5
"['V10', 'V9', 'V21', 'V20']",0.43243243243243246,0.7272727272727273,0.5423728813559322,0.5678338460648565,4
"['V9', 'V8', 'V7', 'V20', 'V11', 'V1']",0.43243243243243246,0.7804878048780488,0.5565217391304348,0.5403721645182787,6
"['V8', 'V12', 'V7']",0.43243243243243246,0.7111111111111111,0.5378151260504201,0.5196190761596674,3
"['V4', 'V16', 'V9', 'V8', 'V21', 'V20', 'V1']",0.43243243243243246,0.7272727272727273,0.5423728813559322,0.5435760734923062,7
"['V4', 'V16', 'V9', 'V8', 'V7']",0.43243243243243246,0.7441860465116279,0.5470085470085471,0.5350646819724986,5
"['V16', 'V9', 'V12', 'V7', 'V20', 'V1']",0.43243243243243246,0.7272727272727273,0.5423728813559322,0.5746983859416034,6
"['V4', 'V16', 'V9', 'V8', 'V20']",0.43243243243243246,0.7272727272727273,0.5423728813559322,0.5435360187312399,5
"['V4', 'V16', 'V9', 'V8', 'V1']",0.43243243243243246,0.7272727272727273,0.5423728813559322,0.5385058136740892,5
"['V4', 'V10', 'V9', 'V8', 'V7', 'V20']",0.43243243243243246,0.7272727272727273,0.5423728813559322,0.5950793697071124,6
"['V4', 'V16', 'V9', 'V8', 'V21', 'V20']",0.43243243243243246,0.7272727272727273,0.5423728813559322,0.5445674587721802,6
"['V4', 'V10', 'V1']",0.43243243243243246,0.7111111111111111,0.5378151260504201,0.5767219743394866,3
"['V4', 'V16', 'V8', 'V7', 'V1']",0.43243243243243246,0.7111111111111111,0.5378151260504201,0.5537852415611879,5
"['V4', 'V16', 'V9', 'V21', 'V20']",0.43243243243243246,0.7272727272727273,0.5423728813559322,0.5395915186950199,5
"['V4', 'V16', 'V8', 'V21', 'V1']",0.43243243243243246,0.7272727272727273,0.5423728813559322,0.5503365100341804,5
"['V8', 'V12', 'V7', 'V1']",0.43243243243243246,0.7111111111111111,0.5378151260504201,0.5194137796166827,4
"['V12', 'V20', 'V1']",0.43243243243243246,0.7111111111111111,0.5378151260504201,0.49959441147471517,3
"['V4', 'V16', 'V8', 'V20', 'V1']",0.43243243243243246,0.7272727272727273,0.5423728813559322,0.5497879169504325,5
"['V4', 'V16', 'V8', 'V21', 'V7', 'V20', 'V1']",0.43243243243243246,0.7111111111111111,0.5378151260504201,0.5551754169352492,7
"['V9', 'V21', 'V12', 'V7', 'V20', 'V1']",0.43243243243243246,0.7111111111111111,0.5378151260504201,0.5639801435812204,6
"['V9', 'V12', 'V7', 'V20']",0.43243243243243246,0.7111111111111111,0.5378151260504201,0.5601247894566611,4
"['V4', 'V9', 'V12', 'V7', 'V1']",0.43243243243243246,0.7111111111111111,0.5378151260504201,0.5543821111290371,5
"['V10', 'V21', 'V20']",0.43243243243243246,0.7441860465116279,0.5470085470085471,0.552357411424794,3
"['V10', 'V21', 'V7']",0.43243243243243246,0.7272727272727273,0.5423728813559322,0.5457954325861828,3
"['V4', 'V16', 'V9', 'V8', 'V21']",0.43243243243243246,0.7272727272727273,0.5423728813559322,0.5404728218760634,5
"['V10', 'V8', 'V21', 'V20']",0.43243243243243246,0.7441860465116279,0.5470085470085471,0.5523095396774134,4
"['V4', 'V16', 'V9', 'V8', 'V21', 'V1']",0.43243243243243246,0.7272727272727273,0.5423728813559322,0.5445052582167623,6
"['V8', 'V12', 'V1']",0.43243243243243246,0.7111111111111111,0.5378151260504201,0.5068543591690929,3
"['V9', 'V21', 'V12', 'V1']",0.43243243243243246,0.7111111111111111,0.5378151260504201,0.5615288850844544,4
"['V4', 'V16', 'V8', 'V7', 'V20', 'V1']",0.43243243243243246,0.7111111111111111,0.5378151260504201,0.5555271094171285,6
"['V9', 'V12', 'V20']",0.43243243243243246,0.7272727272727273,0.5423728813559322,0.5521681249234272,3
"['V4', 'V16', 'V21', 'V7', 'V20']",0.43243243243243246,0.7272727272727273,0.5423728813559322,0.5515298942678613,5
"['V9', 'V12', 'V1']",0.43243243243243246,0.7272727272727273,0.5423728813559322,0.5562574688980164,3
"['V9', 'V21', 'V12', 'V7']",0.43243243243243246,0.7111111111111111,0.5378151260504201,0.563512661387819,4
"['V4', 'V16', 'V21', 'V1']",0.4189189189189189,0.7209302325581395,0.5299145299145299,0.5467576007913082,4
"['V4', 'V10', 'V9', 'V7']",0.4189189189189189,0.62,0.5,0.5187586731693423,4
"['V4', 'V16', 'V8', 'V21', 'V20']",0.4189189189189189,0.7209302325581395,0.5299145299145299,0.5560201109711522,5
"['V9', 'V21', 'V20', 'V11']",0.4189189189189189,0.7948717948717948,0.5486725663716814,0.5219318743587127,4
"['V4', 'V16', 'V9', 'V8', 'V21', 'V7']",0.4189189189189189,0.7209302325581395,0.5299145299145299,0.537730643318314,6
"['V9', 'V21', 'V11']",0.4189189189189189,0.775,0.543859649122807,0.521360354923773,3
"['V9', 'V12', 'V7']",0.4189189189189189,0.7045454545454546,0.5254237288135594,0.5608235169583431,3
"['V4', 'V16', 'V8', 'V21', 'V7']",0.4189189189189189,0.6888888888888889,0.5210084033613446,0.5537999323355439,5
"['V4', 'V16', 'V8']",0.4189189189189189,0.6888888888888889,0.5210084033613446,0.5528215986586409,3
"['V9', 'V21', 'V11', 'V1']",0.4189189189189189,0.775,0.543859649122807,0.5237151106880968,4
"['V4', 'V10', 'V20']",0.4189189189189189,0.6458333333333334,0.5081967213114754,0.5525752793772725,3
"['V4', 'V16', 'V21', 'V7', 'V1']",0.4189189189189189,0.7045454545454546,0.5254237288135594,0.5444824109503119,5
"['V4', 'V16', 'V7', 'V20', 'V1']",0.4189189189189189,0.7209302325581395,0.5299145299145299,0.5444171252964525,5
"['V9', 'V21', 'V20', 'V11', 'V1']",0.4189189189189189,0.775,0.543859649122807,0.5200093623215203,5
"['V9', 'V12', 'V7', 'V20', 'V1']",0.4189189189189189,0.7045454545454546,0.5254237288135594,0.5607168280676339,5
"['V4', 'V9', 'V8', 'V21', 'V11']",0.4189189189189189,0.6888888888888889,0.5210084033613446,0.539581883961655,5
"['V4', 'V9', 'V21', 'V20', 'V11']",0.4189189189189189,0.6888888888888889,0.5210084033613446,0.5382562785735466,5
"['V4', 'V9', 'V21', 'V11', 'V1']",0.4189189189189189,0.7045454545454546,0.5254237288135594,0.5248441315535609,5
"['V9', 'V8', 'V21', 'V11', 'V1']",0.4189189189189189,0.7948717948717948,0.5486725663716814,0.5359552723811383,5
"['V4', 'V16', 'V1']",0.4189189189189189,0.7209302325581395,0.5299145299145299,0.5429111251965122,3
"['V9', 'V21', 'V7', 'V20', 'V11']",0.4189189189189189,0.7380952380952381,0.5344827586206896,0.5498981499304466,5
"['V4', 'V10', 'V9', 'V21']",0.4189189189189189,0.6595744680851063,0.512396694214876,0.5427737005454805,4
"['V4', 'V16', 'V9', 'V8', 'V7', 'V1']",0.4189189189189189,0.7209302325581395,0.5299145299145299,0.5321311151623159,6
"['V9', 'V8', 'V21', 'V20', 'V11']",0.4189189189189189,0.7948717948717948,0.5486725663716814,0.5239136480854403,5
"['V9', 'V8', 'V21', 'V7', 'V11']",0.4189189189189189,0.7560975609756098,0.5391304347826087,0.5496018116639467,5
"['V4', 'V16', 'V8', 'V7', 'V20']",0.4189189189189189,0.7209302325581395,0.5299145299145299,0.5517703104711602,5
"['V4', 'V16', 'V20']",0.4189189189189189,0.7209302325581395,0.5299145299145299,0.5443127092953354,3
"['V4', 'V16', 'V9']",0.4189189189189189,0.7380952380952381,0.5344827586206896,0.5284919075486634,3
"['V4', 'V9', 'V21', 'V20', 'V11', 'V1']",0.4189189189189189,0.7209302325581395,0.5299145299145299,0.5322622531786732,6
"['V4', 'V16', 'V9', 'V21', 'V20', 'V1']",0.4189189189189189,0.7209302325581395,0.5299145299145299,0.5354724702179847,6
"['V4', 'V10', 'V8', 'V7']",0.4189189189189189,0.6458333333333334,0.5081967213114754,0.5622492734806194,4
"['V8', 'V12', 'V20']",0.4189189189189189,0.7045454545454546,0.5254237288135594,0.4877133605008874,3
"['V4', 'V10', 'V7', 'V20']",0.4189189189189189,0.6888888888888889,0.5210084033613446,0.5569310580120067,4
"['V4', 'V16', 'V21', 'V7', 'V20', 'V1']",0.4189189189189189,0.7209302325581395,0.5299145299145299,0.5501981025781524,6
"['V9', 'V8', 'V21', 'V7', 'V11', 'V1']",0.4189189189189189,0.7560975609756098,0.5391304347826087,0.549683994766452,6
"['V9', 'V8', 'V21', 'V20', 'V11', 'V1']",0.4189189189189189,0.7948717948717948,0.5486725663716814,0.5315642244138454,6
"['V4', 'V16', 'V9', 'V21']",0.4189189189189189,0.7209302325581395,0.5299145299145299,0.5290202639047279,4
"['V9', 'V8', 'V7', 'V11']",0.4189189189189189,0.7560975609756098,0.5391304347826087,0.5388464864577863,4
"['V4', 'V16', 'V9', 'V7']",0.4189189189189189,0.7209302325581395,0.5299145299145299,0.5327250445218241,4
"['V4', 'V16', 'V9', 'V20']",0.4189189189189189,0.7209302325581395,0.5299145299145299,0.5309597831183308,4
"['V9', 'V8', 'V21', 'V11']",0.4189189189189189,0.7948717948717948,0.5486725663716814,0.5240039855653965,4
"['V4', 'V16', 'V8', 'V21']",0.4189189189189189,0.6888888888888889,0.5210084033613446,0.5549574286904982,4
"['V4', 'V16', 'V8', 'V7']",0.4189189189189189,0.6888888888888889,0.5210084033613446,0.5507307557697333,4
"['V4', 'V16', 'V8', 'V20']",0.4189189189189189,0.7209302325581395,0.5299145299145299,0.5531252659844647,4
"['V4', 'V16', 'V8', 'V21', 'V7', 'V20']",0.4189189189189189,0.7209302325581395,0.5299145299145299,0.5554227559735072,6
"['V4', 'V16', 'V8', 'V1']",0.4189189189189189,0.7209302325581395,0.5299145299145299,0.5467531172868382,4
"['V4', 'V9', 'V21', 'V11']",0.4189189189189189,0.6888888888888889,0.5210084033613446,0.5312905693640515,4
"['V4', 'V16', 'V20', 'V1']",0.4189189189189189,0.7209302325581395,0.5299145299145299,0.5423202179096972,4
"['V4', 'V16', 'V7', 'V1']",0.4189189189189189,0.7045454545454546,0.5254237288135594,0.5399606681117091,4
"['V9', 'V8', 'V11', 'V1']",0.4189189189189189,0.7948717948717948,0.5486725663716814,0.5192971009445859,4
"['V4', 'V10', 'V9', 'V8', 'V20']",0.4189189189189189,0.6888888888888889,0.5210084033613446,0.5514053821583992,5
"['V4', 'V9', 'V8', 'V21', 'V20', 'V11']",0.4189189189189189,0.7045454545454546,0.5254237288135594,0.5403261562909795,6
"['V4', 'V10', 'V9', 'V8', 'V7']",0.4189189189189189,0.6595744680851063,0.512396694214876,0.5669457764259408,5
"['V4', 'V16', 'V9', 'V21', 'V7', 'V1']",0.4189189189189189,0.7209302325581395,0.5299145299145299,0.5270793864036522,6
"['V4', 'V16', 'V9', 'V20', 'V1']",0.4189189189189189,0.7209302325581395,0.5299145299145299,0.5257666556960182,5
"['V4', 'V16', 'V9', 'V7', 'V1']",0.4189189189189189,0.7209302325581395,0.5299145299145299,0.5200780959247225,5
"['V9', 'V21', 'V7', 'V11']",0.4189189189189189,0.7380952380952381,0.5344827586206896,0.554637423179298,4
"['V4', 'V16', 'V9', 'V7', 'V20']",0.4189189189189189,0.7380952380952381,0.5344827586206896,0.530706931165936,5
"['V10', 'V9', 'V8', 'V7']",0.4189189189189189,0.7045454545454546,0.5254237288135594,0.5257368776414783,4
"['V4', 'V16', 'V9', 'V21', 'V7']",0.4189189189189189,0.7209302325581395,0.5299145299145299,0.5309371677949913,5
"['V9', 'V8', 'V21', 'V7', 'V20', 'V11', 'V1']",0.4189189189189189,0.7560975609756098,0.5391304347826087,0.5516496886066411,7
"['V9', 'V12', 'V20', 'V1']",0.4189189189189189,0.7209302325581395,0.5299145299145299,0.5525383825043106,4
"['V9', 'V7', 'V11', 'V1']",0.4189189189189189,0.7380952380952381,0.5344827586206896,0.5459035872603833,4
"['V4', 'V9', 'V8', 'V21', 'V20', 'V11', 'V1']",0.4189189189189189,0.7380952380952381,0.5344827586206896,0.5348102513303176,7
"['V4', 'V16', 'V9', 'V7', 'V20', 'V1']",0.4189189189189189,0.7209302325581395,0.5299145299145299,0.5240602114235381,6
"['V4', 'V10', 'V9', 'V8', 'V21']",0.4189189189189189,0.6595744680851063,0.512396694214876,0.5416538351025886,5
"['V4', 'V16', 'V9', 'V21', 'V7', 'V20', 'V1']",0.4189189189189189,0.7209302325581395,0.5299145299145299,0.528989909267463,7
"['V4', 'V16', 'V9', 'V8', 'V21', 'V7', 'V20']",0.4189189189189189,0.7209302325581395,0.5299145299145299,0.5393919576629976,7
"['V4', 'V9', 'V8', 'V21', 'V11', 'V1']",0.4189189189189189,0.7045454545454546,0.5254237288135594,0.5283078835141832,6
"['V9', 'V8', 'V21', 'V7', 'V20', 'V11']",0.4189189189189189,0.7380952380952381,0.5344827586206896,0.5515366051204651,6
"['V9', 'V8', 'V20', 'V11']",0.40540540540540543,0.8108108108108109,0.5405405405405406,0.5104928306873684,4
"['V10', 'V9', 'V8', 'V7', 'V20']",0.40540540540540543,0.6976744186046512,0.5128205128205128,0.5500973524926676,5
"['V4', 'V9', 'V8', 'V21', 'V7', 'V20', 'V11', 'V1']",0.40540540540540543,0.6976744186046512,0.5128205128205128,0.5523433435833682,8
"['V4', 'V16', 'V21', 'V7']",0.40540540540540543,0.6818181818181818,0.5084745762711864,0.5407511765304324,4
"['V4', 'V16', 'V7', 'V20']",0.40540540540540543,0.7142857142857143,0.5172413793103449,0.5439041652455653,4
"['V4', 'V9', 'V8', 'V11']",0.40540540540540543,0.7317073170731707,0.5217391304347826,0.5222951156550552,4
"['V4', 'V9', 'V7', 'V11']",0.40540540540540543,0.7317073170731707,0.5217391304347826,0.5363406908271163,4
"['V4', 'V9', 'V7', 'V20', 'V11', 'V1']",0.40540540540540543,0.7142857142857143,0.5172413793103449,0.5295276829144819,6
"['V4', 'V8', 'V7', 'V11']",0.40540540540540543,0.6976744186046512,0.5128205128205128,0.4924693851922315,4
"['V9', 'V21', 'V7', 'V20', 'V11', 'V1']",0.40540540540540543,0.7317073170731707,0.5217391304347826,0.5505463460843498,6
"['V4', 'V9', 'V8', 'V21', 'V7', 'V11', 'V1']",0.40540540540540543,0.6976744186046512,0.5128205128205128,0.5554217349193139,7
"['V4', 'V9', 'V8', 'V7', 'V20', 'V11', 'V1']",0.40540540540540543,0.6976744186046512,0.5128205128205128,0.5303525973987894,7
"['V4', 'V9', 'V21', 'V7', 'V20', 'V11', 'V1']",0.40540540540540543,0.6976744186046512,0.5128205128205128,0.5470203394450058,7
"['V4', 'V9', 'V8', 'V7', 'V11']",0.40540540540540543,0.7317073170731707,0.5217391304347826,0.5365741085844723,5
"['V9', 'V7', 'V20', 'V11']",0.40540540540540543,0.7317073170731707,0.5217391304347826,0.5427540686264757,4
"['V4', 'V9', 'V8', 'V20', 'V11']",0.40540540540540543,0.6976744186046512,0.5128205128205128,0.5226543157200111,5
"['V9', 'V12', 'V7', 'V1']",0.40540540540540543,0.7142857142857143,0.5172413793103449,0.5594837246211894,4
"['V4', 'V9', 'V8', 'V11', 'V1']",0.40540540540540543,0.75,0.5263157894736842,0.5184551350425533,5
"['V4', 'V9', 'V21', 'V7', 'V11']",0.40540540540540543,0.7317073170731707,0.5217391304347826,0.5460312814192654,5
"['V4', 'V9', 'V7', 'V20', 'V11']",0.40540540540540543,0.7142857142857143,0.5172413793103449,0.5359166908358746,5
"['V4', 'V9', 'V7', 'V11', 'V1']",0.40540540540540543,0.7142857142857143,0.5172413793103449,0.5295637566755026,5
"['V9', 'V7', 'V11']",0.40540540540540543,0.7317073170731707,0.5217391304347826,0.5445188507491597,3
"['V9', 'V8', 'V11']",0.40540540540540543,0.8108108108108109,0.5405405405405406,0.5125038106996552,3
"['V10', 'V9', 'V8', 'V7', 'V1']",0.40540540540540543,0.7142857142857143,0.5172413793103449,0.5328688652254177,5
"['V4', 'V9', 'V8', 'V21', 'V7', 'V20', 'V11']",0.40540540540540543,0.7317073170731707,0.5217391304347826,0.5551473464291099,7
"['V4', 'V16', 'V9', 'V21', 'V1']",0.40540540540540543,0.7142857142857143,0.5172413793103449,0.5356898503443286,5
"['V4', 'V9', 'V8', 'V20', 'V11', 'V1']",0.40540540540540543,0.75,0.5263157894736842,0.5208641396675603,6
"['V9', 'V8', 'V7', 'V20', 'V11']",0.40540540540540543,0.75,0.5263157894736842,0.5395174500427097,5
"['V4', 'V9', 'V21', 'V7', 'V20', 'V11']",0.40540540540540543,0.7317073170731707,0.5217391304347826,0.547935754591331,6
"['V4', 'V10', 'V21']",0.40540540540540543,0.6521739130434783,0.5,0.5488613408491022,3
"['V9', 'V8', 'V20', 'V11', 'V1']",0.40540540540540543,0.7894736842105263,0.5357142857142857,0.5198222692331128,5
"['V4', 'V9', 'V21', 'V7', 'V11', 'V1']",0.40540540540540543,0.6976744186046512,0.5128205128205128,0.5453596183424566,6
"['V4', 'V10', 'V7']",0.40540540540540543,0.625,0.4918032786885246,0.532003034632598,3
"['V4', 'V16', 'V21']",0.40540540540540543,0.6818181818181818,0.5084745762711864,0.5408001746981138,3
"['V4', 'V9', 'V8', 'V7', 'V20', 'V11']",0.40540540540540543,0.7317073170731707,0.5217391304347826,0.5361542761777023,6
"['V9', 'V7', 'V20', 'V11', 'V1']",0.40540540540540543,0.7317073170731707,0.5217391304347826,0.5439839690615857,5
"['V9', 'V21', 'V7', 'V11', 'V1']",0.40540540540540543,0.7317073170731707,0.5217391304347826,0.5533576402660672,5
"['V4', 'V16', 'V7']",0.40540540540540543,0.6976744186046512,0.5128205128205128,0.5431411218785551,3
"['V4', 'V9', 'V8', 'V21', 'V7', 'V11']",0.40540540540540543,0.7317073170731707,0.5217391304347826,0.5504318679869022,6
"['V4', 'V10', 'V8', 'V21']",0.40540540540540543,0.6521739130434783,0.5,0.5497829553054451,4
"['V4', 'V9', 'V8', 'V7', 'V11', 'V1']",0.40540540540540543,0.7142857142857143,0.5172413793103449,0.5328641412202828,6
"['V4', 'V7', 'V20', 'V11']",0.3918918918918919,0.7631578947368421,0.5178571428571429,0.49999609518767907,4
"['V10', 'V8', 'V21']",0.3918918918918919,0.6590909090909091,0.4915254237288136,0.5284751466366163,3
"['V9', 'V8', 'V7', 'V11', 'V1']",0.3918918918918919,0.7631578947368421,0.5178571428571429,0.5397454214760087,5
"['V4', 'V21', 'V11', 'V1']",0.3918918918918919,0.725,0.5087719298245614,0.4941570114105052,4
"['V4', 'V21', 'V20', 'V11', 'V1']",0.3918918918918919,0.7435897435897436,0.5132743362831859,0.4959218576091968,5
"['V10', 'V8', 'V1']",0.3918918918918919,0.725,0.5087719298245614,0.5146724390217347,3
"['V4', 'V10', 'V8', 'V20']",0.3918918918918919,0.6444444444444445,0.48739495798319327,0.5606044365102935,4
"['V10', 'V9', 'V8', 'V21']",0.3918918918918919,0.6744186046511628,0.49572649572649574,0.5415193960889991,4
"['V4', 'V21', 'V7', 'V20', 'V11']",0.3918918918918919,0.7435897435897436,0.5132743362831859,0.5041879153810548,5
"['V4', 'V8', 'V7', 'V20', 'V11']",0.3918918918918919,0.7435897435897436,0.5132743362831859,0.5002484446332381,5
"['V4', 'V8', 'V21', 'V11', 'V1']",0.3918918918918919,0.7435897435897436,0.5132743362831859,0.5004923318787466,5
"['V10', 'V9', 'V7', 'V20']",0.3918918918918919,0.6304347826086957,0.48333333333333334,0.5122255518334617,4
"['V4', 'V16', 'V9', 'V1']",0.3918918918918919,0.7073170731707317,0.5043478260869565,0.5300783663402504,4
"['V10', 'V9', 'V21']",0.3918918918918919,0.6744186046511628,0.49572649572649574,0.5425476494689907,3
"['V4', 'V8', 'V21', 'V7', 'V20', 'V11']",0.3918918918918919,0.7435897435897436,0.5132743362831859,0.5118985941286687,6
"['V10', 'V9', 'V8', 'V20', 'V1']",0.3918918918918919,0.725,0.5087719298245614,0.5398697844998924,5
"['V4', 'V10', 'V9', 'V20']",0.3918918918918919,0.6444444444444445,0.48739495798319327,0.5421118655170069,4
"['V4', 'V10', 'V9', 'V8']",0.3918918918918919,0.6304347826086957,0.48333333333333334,0.5299512506251132,4
"['V4', 'V8', 'V21', 'V11']",0.3918918918918919,0.7435897435897436,0.5132743362831859,0.48697984851536086,4
"['V4', 'V21', 'V7', 'V11']",0.3918918918918919,0.7631578947368421,0.5178571428571429,0.5071647504684451,4
"['V4', 'V8', 'V21', 'V7', 'V11']",0.3918918918918919,0.7631578947368421,0.5178571428571429,0.5109482431891846,5
"['V10', 'V8', 'V7', 'V1']",0.3918918918918919,0.725,0.5087719298245614,0.5239623384290402,4
"['V4', 'V8', 'V21', 'V20', 'V11']",0.3918918918918919,0.7631578947368421,0.5178571428571429,0.4902078311847468,5
"['V4', 'V21', 'V20', 'V11']",0.3918918918918919,0.7631578947368421,0.5178571428571429,0.4874938706995613,4
"['V4', 'V10', 'V9']",0.3918918918918919,0.6304347826086957,0.48333333333333334,0.5206990957384442,3
"['V4', 'V8', 'V21', 'V20', 'V11', 'V1']",0.3918918918918919,0.7435897435897436,0.5132743362831859,0.4962998303177548,6
"['V10', 'V8', 'V7', 'V20']",0.3918918918918919,0.725,0.5087719298245614,0.5336855827859249,4
"['V9', 'V11', 'V1']",0.3783783783783784,0.7567567567567568,0.5045045045045045,0.521680528942865,3
"['V10', 'V9', 'V20', 'V1']",0.3783783783783784,0.6666666666666666,0.4827586206896552,0.5433442338398937,4
"['V4', 'V8', 'V7', 'V11', 'V1']",0.3783783783783784,0.7368421052631579,0.5,0.5083180849720724,5
"['V4', 'V9', 'V20', 'V11']",0.3783783783783784,0.7,0.49122807017543857,0.517379625482974,4
"['V9', 'V20', 'V11']",0.3783783783783784,0.7567567567567568,0.5045045045045045,0.5035141549926576,3
"['V10', 'V9', 'V8', 'V1']",0.3783783783783784,0.7,0.49122807017543857,0.5280724436589801,4
"['V10', 'V8', 'V20', 'V1']",0.3783783783783784,0.717948717948718,0.49557522123893805,0.5342998096754941,4
"['V4', 'V8', 'V21', 'V7', 'V20', 'V11', 'V1']",0.3783783783783784,0.7,0.49122807017543857,0.5260689045818313,7
"['V4', 'V21', 'V7', 'V11', 'V1']",0.3783783783783784,0.717948717948718,0.49557522123893805,0.5179248571063071,5
"['V4', 'V8', 'V20', 'V11']",0.3783783783783784,0.7368421052631579,0.5,0.46745463938256626,4
"['V9', 'V20', 'V11', 'V1']",0.3783783783783784,0.7567567567567568,0.5045045045045045,0.5135449051744423,4
"['V10', 'V9', 'V8', 'V20']",0.3783783783783784,0.6829268292682927,0.48695652173913045,0.5336652110477673,4
"['V4', 'V7', 'V11', 'V1']",0.3783783783783784,0.717948717948718,0.49557522123893805,0.5038594831079718,4
"['V4', 'V9', 'V11', 'V1']",0.3783783783783784,0.717948717948718,0.49557522123893805,0.5120486405698006,4
"['V4', 'V7', 'V20', 'V11', 'V1']",0.3783783783783784,0.7368421052631579,0.5,0.5059218466862844,5
"['V10', 'V8', 'V20']",0.3783783783783784,0.717948717948718,0.49557522123893805,0.5277341453981322,3
"['V4', 'V7', 'V11']",0.3783783783783784,0.7,0.49122807017543857,0.49291193698978164,3
"['V4', 'V10', 'V8']",0.3783783783783784,0.6363636363636364,0.4745762711864407,0.5398897216281054,3
"['V4', 'V21', 'V7', 'V20', 'V11', 'V1']",0.3783783783783784,0.717948717948718,0.49557522123893805,0.5188926253704307,6
"['V10', 'V8', 'V7']",0.3783783783783784,0.7,0.49122807017543857,0.5220417174203369,3
"['V4', 'V8', 'V7', 'V20', 'V11', 'V1']",0.3783783783783784,0.717948717948718,0.49557522123893805,0.510193757125793,6
"['V4', 'V8', 'V21', 'V7', 'V11', 'V1']",0.3783783783783784,0.7368421052631579,0.5,0.5237427409764714,6
"['V4', 'V9', 'V20', 'V11', 'V1']",0.3783783783783784,0.717948717948718,0.49557522123893805,0.5123207894817755,5
"['V4', 'V9', 'V11']",0.3783783783783784,0.7,0.49122807017543857,0.5188955849426055,3
"['V4', 'V21', 'V11']",0.3783783783783784,0.7368421052631579,0.5,0.4878052466507107,3
"['V16', 'V9', 'V21', 'V7']",0.36486486486486486,0.7105263157894737,0.48214285714285715,0.5256948603938129,4
"['V4', 'V8', 'V20', 'V11', 'V1']",0.36486486486486486,0.75,0.4909090909090909,0.4709073567834503,5
"['V10', 'V7', 'V20']",0.36486486486486486,0.6428571428571429,0.46551724137931033,0.5105718219679104,3
"['V16', 'V8', 'V21', 'V7', 'V20', 'V1']",0.36486486486486486,0.7297297297297297,0.4864864864864865,0.4779640312653756,6
"['V16', 'V9', 'V21', 'V7', 'V20', 'V1']",0.36486486486486486,0.7105263157894737,0.48214285714285715,0.5200074312469404,6
"['V16', 'V8', 'V21', 'V20']",0.36486486486486486,0.7941176470588235,0.5,0.45645532189239035,4
"['V4', 'V11', 'V1']",0.36486486486486486,0.75,0.4909090909090909,0.4697865438852091,3
"['V4', 'V20', 'V11', 'V1']",0.36486486486486486,0.7714285714285715,0.4954128440366973,0.4731900383332561,4
"['V16', 'V9', 'V21', 'V7', 'V1']",0.36486486486486486,0.7105263157894737,0.48214285714285715,0.5184312543274494,5
"['V4', 'V8', 'V11', 'V1']",0.36486486486486486,0.7714285714285715,0.4954128440366973,0.4678876318536085,4
"['V16', 'V21', 'V1']",0.36486486486486486,0.8181818181818182,0.5046728971962616,0.4602684690148459,3
"['V16', 'V8', 'V21', 'V20', 'V1']",0.36486486486486486,0.8181818181818182,0.5046728971962616,0.46361258021897356,5
"['V16', 'V21', 'V20', 'V1']",0.36486486486486486,0.8181818181818182,0.5046728971962616,0.4605144453985165,4
"['V16', 'V21', 'V20']",0.36486486486486486,0.7941176470588235,0.5,0.45324457823488096,3
"['V16', 'V21', 'V7', 'V20', 'V1']",0.36486486486486486,0.7105263157894737,0.48214285714285715,0.4812548137849865,5
"['V16', 'V8', 'V21']",0.36486486486486486,0.7941176470588235,0.5,0.45171468379130425,3
"['V16', 'V8', 'V21', 'V1']",0.36486486486486486,0.8181818181818182,0.5046728971962616,0.4638224501237122,4
"['V16', 'V9', 'V21', 'V7', 'V20']",0.36486486486486486,0.7105263157894737,0.48214285714285715,0.5222118254514232,5
"['V16', 'V8', 'V21', 'V7', 'V20']",0.36486486486486486,0.75,0.4909090909090909,0.47558451497643095,5
"['V16', 'V8', 'V21', 'V7', 'V1']",0.35135135135135137,0.7878787878787878,0.48598130841121495,0.4735671853633946,5
"['V16', 'V8', 'V20', 'V1']",0.35135135135135137,0.8125,0.49056603773584906,0.4560511145236821,4
"['V16', 'V8', 'V7', 'V20', 'V1']",0.35135135135135137,0.7878787878787878,0.48598130841121495,0.4677293889081441,5
"['V16', 'V7', 'V20', 'V1']",0.35135135135135137,0.7222222222222222,0.4727272727272727,0.46081475427915974,4
"['V16', 'V8', 'V7', 'V1']",0.35135135135135137,0.7878787878787878,0.48598130841121495,0.46663327625508066,4
"['V16', 'V21', 'V7', 'V20']",0.35135135135135137,0.7222222222222222,0.4727272727272727,0.4783631159679627,4
"['V16', 'V21', 'V7', 'V1']",0.35135135135135137,0.7222222222222222,0.4727272727272727,0.4773091795153632,4
"['V10', 'V9', 'V8']",0.35135135135135137,0.6666666666666666,0.46017699115044247,0.4971114289015452,3
"['V10', 'V9', 'V7', 'V1']",0.35135135135135137,0.5909090909090909,0.4406779661016949,0.4920538426028382,4
"['V16', 'V9', 'V8', 'V21', 'V7']",0.35135135135135137,0.7027027027027027,0.46846846846846846,0.5117103105848496,5
"['V10', 'V9', 'V1']",0.35135135135135137,0.5909090909090909,0.4406779661016949,0.4897220985759918,3
"['V16', 'V9', 'V7', 'V20']",0.35135135135135137,0.7027027027027027,0.46846846846846846,0.5040102966293776,4
"['V16', 'V8', 'V7', 'V20']",0.35135135135135137,0.7878787878787878,0.48598130841121495,0.466841903323921,4
"['V16', 'V9', 'V8', 'V21', 'V7', 'V20', 'V1']",0.35135135135135137,0.7027027027027027,0.46846846846846846,0.5157263132163483,7
"['V16', 'V8', 'V21', 'V7']",0.35135135135135137,0.7878787878787878,0.48598130841121495,0.47429315843088354,4
"['V16', 'V8', 'V7']",0.35135135135135137,0.7878787878787878,0.48598130841121495,0.46707234028743183,3
"['V16', 'V9', 'V7']",0.35135135135135137,0.7027027027027027,0.46846846846846846,0.5043279148748541,3
"['V16', 'V8', 'V1']",0.35135135135135137,0.8125,0.49056603773584906,0.4568005269776199,3
"['V16', 'V7', 'V1']",0.35135135135135137,0.7222222222222222,0.4727272727272727,0.4624015503749081,3
"['V16', 'V7', 'V20']",0.35135135135135137,0.7428571428571429,0.47706422018348627,0.4591775390533522,3
"['V10', 'V7', 'V1']",0.35135135135135137,0.65,0.45614035087719296,0.4973153131400586,3
"['V16', 'V21', 'V7']",0.35135135135135137,0.7222222222222222,0.4727272727272727,0.47674993255501225,3
"['V16', 'V20', 'V1']",0.35135135135135137,0.8125,0.49056603773584906,0.4447451673759595,3
"['V10', 'V20', 'V1']",0.35135135135135137,0.6842105263157895,0.4642857142857143,0.5311298402758451,3
"['V16', 'V9', 'V8', 'V1']",0.33783783783783783,0.7142857142857143,0.45871559633027525,0.4745060236427435,4
"['V16', 'V9', 'V21', 'V20']",0.33783783783783783,0.6944444444444444,0.45454545454545453,0.4964205136083954,4
"['V16', 'V9', 'V7', 'V20', 'V1']",0.33783783783783783,0.6944444444444444,0.45454545454545453,0.5004198552095929,5
"['V16', 'V9', 'V8', 'V21', 'V7', 'V20']",0.33783783783783783,0.6944444444444444,0.45454545454545453,0.5095725169382482,6
"['V4', 'V8', 'V11']",0.33783783783783783,0.6410256410256411,0.4424778761061947,0.4544679742306805,3
"['V16', 'V9', 'V8', 'V21', 'V7', 'V1']",0.33783783783783783,0.6944444444444444,0.45454545454545453,0.5104866365671209,6
"['V16', 'V9', 'V8', 'V21', 'V20', 'V1']",0.33783783783783783,0.7352941176470589,0.46296296296296297,0.49149602354828603,6
"['V16', 'V9', 'V21', 'V20', 'V1']",0.33783783783783783,0.6944444444444444,0.45454545454545453,0.4955698138416735,5
"['V16', 'V9', 'V8']",0.33783783783783783,0.7142857142857143,0.45871559633027525,0.47644749095751915,3
"['V16', 'V9', 'V8', 'V21']",0.33783783783783783,0.6944444444444444,0.45454545454545453,0.4942216777315151,4
"['V16', 'V9', 'V20', 'V1']",0.33783783783783783,0.6944444444444444,0.45454545454545453,0.48606416982387796,4
"['V16', 'V9', 'V8', 'V20', 'V1']",0.33783783783783783,0.7352941176470589,0.46296296296296297,0.4766688507733064,5
"['V16', 'V9', 'V7', 'V1']",0.33783783783783783,0.6756756756756757,0.45045045045045046,0.500619320861196,4
"['V16', 'V9', 'V8', 'V7', 'V1']",0.33783783783783783,0.6756756756756757,0.45045045045045046,0.4960503158712401,5
"['V16', 'V9', 'V8', 'V7', 'V20']",0.33783783783783783,0.6756756756756757,0.45045045045045046,0.4983182709780968,5
"['V21', 'V7', 'V20', 'V11', 'V1']",0.33783783783783783,0.7575757575757576,0.4672897196261682,0.4981973082674227,5
"['V16', 'V9', 'V8', 'V7']",0.33783783783783783,0.6756756756756757,0.45045045045045046,0.49929407264470815,4
"['V16', 'V9', 'V8', 'V21', 'V1']",0.33783783783783783,0.7142857142857143,0.45871559633027525,0.4926672013452016,5
"['V16', 'V9', 'V8', 'V20']",0.33783783783783783,0.7142857142857143,0.45871559633027525,0.47658624039603725,4
"['V16', 'V8', 'V20']",0.33783783783783783,0.78125,0.4716981132075472,0.4383323910306027,3
"['V16', 'V9', 'V8', 'V21', 'V20']",0.33783783783783783,0.6944444444444444,0.45454545454545453,0.4961419099587347,5
"['V16', 'V9', 'V21', 'V1']",0.33783783783783783,0.6944444444444444,0.45454545454545453,0.4948796599785446,4
"['V4', 'V20', 'V11']",0.33783783783783783,0.7142857142857143,0.45871559633027525,0.4635806923598859,3
"['V16', 'V9', 'V8', 'V7', 'V20', 'V1']",0.33783783783783783,0.6756756756756757,0.45045045045045046,0.49379650310338674,6
"['V10', 'V9', 'V7']",0.33783783783783783,0.5434782608695652,0.4166666666666667,0.47301640899611785,3
"['V10', 'V9', 'V20']",0.33783783783783783,0.625,0.43859649122807015,0.5141818350151917,3
"['V16', 'V9', 'V21']",0.33783783783783783,0.7142857142857143,0.45871559633027525,0.4961224294913241,3
"['V16', 'V9', 'V1']",0.33783783783783783,0.6944444444444444,0.45454545454545453,0.484322118573711,3
"['V8', 'V7', 'V20', 'V11', 'V1']",0.32432432432432434,0.8,0.46153846153846156,0.4881903478571495,5
"['V8', 'V21', 'V7', 'V20', 'V11']",0.32432432432432434,0.7741935483870968,0.45714285714285713,0.4956677625829052,5
"['V4', 'V9', 'V8', 'V21', 'V7', 'V1']",0.32432432432432434,0.7741935483870968,0.45714285714285713,0.41315032855032635,6
"['V21', 'V20', 'V11']",0.32432432432432434,0.7058823529411765,0.4444444444444444,0.42734872857184764,3
"['V8', 'V7', 'V11', 'V1']",0.32432432432432434,0.8,0.46153846153846156,0.48408663157261983,4
"['V7', 'V20', 'V11']",0.32432432432432434,0.7741935483870968,0.45714285714285713,0.4862671500837018,3
"['V4', 'V9', 'V21', 'V7', 'V20', 'V1']",0.32432432432432434,0.75,0.4528301886792453,0.41242935071480874,6
"['V7', 'V11', 'V1']",0.32432432432432434,0.8,0.46153846153846156,0.4887887768452356,3
"['V8', 'V21', 'V7', 'V20', 'V11', 'V1']",0.32432432432432434,0.7741935483870968,0.45714285714285713,0.4969376131546321,6
"['V4', 'V9', 'V21', 'V7', 'V20']",0.32432432432432434,0.7741935483870968,0.45714285714285713,0.41370593604833167,5
"['V4', 'V9', 'V8', 'V21', 'V7', 'V20']",0.32432432432432434,0.7741935483870968,0.45714285714285713,0.4137349609821049,6
"['V4', 'V9', 'V21', 'V7', 'V1']",0.32432432432432434,0.75,0.4528301886792453,0.4114123397010034,5
"['V8', 'V21', 'V7', 'V11', 'V1']",0.32432432432432434,0.7741935483870968,0.45714285714285713,0.5024640989467859,5
"['V4', 'V9', 'V8', 'V21', 'V7', 'V20', 'V1']",0.32432432432432434,0.7741935483870968,0.45714285714285713,0.41398280253821623,7
"['V21', 'V7', 'V11', 'V1']",0.32432432432432434,0.7741935483870968,0.45714285714285713,0.49897104934059033,4
"['V7', 'V20', 'V11', 'V1']",0.32432432432432434,0.8,0.46153846153846156,0.4910557038276581,4
"['V8', 'V21', 'V7', 'V11']",0.3108108108108108,0.7666666666666667,0.4423076923076923,0.49237969777296303,4
"['V21', 'V11', 'V1']",0.3108108108108108,0.71875,0.4339622641509434,0.43406973770855306,3
"['V4', 'V9', 'V7', 'V20', 'V1']",0.3108108108108108,0.7419354838709677,0.4380952380952381,0.39436634241158125,5
"['V4', 'V9', 'V8', 'V21']",0.3108108108108108,0.7931034482758621,0.44660194174757284,0.35261993110665546,4
"['V8', 'V11', 'V1']",0.3108108108108108,0.696969696969697,0.42990654205607476,0.4053442887711312,3
"['V16', 'V9', 'V20']",0.3108108108108108,0.696969696969697,0.42990654205607476,0.4797146981982801,3
"['V21', 'V7', 'V11']",0.3108108108108108,0.7666666666666667,0.4423076923076923,0.49886456961114545,3
"['V4', 'V9', 'V8', 'V21', 'V20']",0.3108108108108108,0.7931034482758621,0.44660194174757284,0.3979078400181595,5
"['V8', 'V21', 'V11', 'V1']",0.3108108108108108,0.71875,0.4339622641509434,0.4341998487785784,4
"['V21', 'V7', 'V20', 'V11']",0.3108108108108108,0.7666666666666667,0.4423076923076923,0.49294286635811974,4
"['V4', 'V9', 'V21', 'V7']",0.3108108108108108,0.71875,0.4339622641509434,0.40748899532108546,4
"['V4', 'V9', 'V8', 'V21', 'V7']",0.3108108108108108,0.71875,0.4339622641509434,0.40833041705793044,5
"['V4', 'V9', 'V8', 'V21', 'V20', 'V1']",0.3108108108108108,0.7666666666666667,0.4423076923076923,0.39663993561002875,6
"['V8', 'V21', 'V20', 'V11', 'V1']",0.2972972972972973,0.7096774193548387,0.41904761904761906,0.42848545505710356,5
"['V8', 'V7', 'V20', 'V11']",0.2972972972972973,0.7586206896551724,0.42718446601941745,0.4856808909205679,4
"['V4', 'V9', 'V21', 'V20']",0.2972972972972973,0.88,0.4444444444444444,0.38101957847239537,4
"['V4', 'V9', 'V21', 'V1']",0.2972972972972973,0.8461538461538461,0.44,0.3480702703127542,4
"['V8', 'V7', 'V11']",0.2972972972972973,0.7586206896551724,0.42718446601941745,0.4801741982368167,3
"['V8', 'V20', 'V11', 'V1']",0.2972972972972973,0.6666666666666666,0.411214953271028,0.4115119357640209,4
"['V4', 'V9', 'V8', 'V21', 'V1']",0.2972972972972973,0.8148148148148148,0.43564356435643564,0.3523993645079426,5
"['V4', 'V9', 'V21', 'V20', 'V1']",0.2972972972972973,0.9166666666666666,0.4489795918367347,0.38152776021562473,5
"['V21', 'V20', 'V11', 'V1']",0.2972972972972973,0.7333333333333333,0.4230769230769231,0.4345528065754365,4
"['V4', 'V9', 'V21']",0.2972972972972973,0.8461538461538461,0.44,0.3460774467120513,3
"['V8', 'V21', 'V20', 'V11']",0.2972972972972973,0.7096774193548387,0.41904761904761906,0.4307585181035608,4
"['V4', 'V9', 'V8', 'V7', 'V20', 'V1']",0.28378378378378377,0.7241379310344828,0.4077669902912621,0.3910219549071006,6
"['V4', 'V9', 'V8', 'V7']",0.28378378378378377,0.7241379310344828,0.4077669902912621,0.3702195895702722,4
"['V4', 'V9', 'V7']",0.28378378378378377,0.7,0.40384615384615385,0.3728393644129588,3
"['V4', 'V9', 'V7', 'V20']",0.28378378378378377,0.6774193548387096,0.4,0.386975256083169,4
"['V4', 'V9', 'V8', 'V7', 'V1']",0.28378378378378377,0.7241379310344828,0.4077669902912621,0.3799290958134658,5
"['V4', 'V9', 'V8', 'V7', 'V20']",0.28378378378378377,0.7,0.40384615384615385,0.3849680596981144,5
"['V4', 'V9', 'V7', 'V1']",0.28378378378378377,0.7,0.40384615384615385,0.37262824128638633,4
"['V8', 'V21', 'V11']",0.28378378378378377,0.7241379310344828,0.4077669902912621,0.4364267266855494,3
"['V4', 'V9', 'V8', 'V20']",0.2702702702702703,0.9090909090909091,0.4166666666666667,0.3449673164899235,4
"['V4', 'V9', 'V8']",0.2702702702702703,0.8333333333333334,0.40816326530612246,0.3278449471755219,3
"['V4', 'V9', 'V1']",0.2702702702702703,0.8333333333333334,0.40816326530612246,0.32686842745963374,3
"['V20', 'V11', 'V1']",0.2702702702702703,0.6451612903225806,0.38095238095238093,0.4120026581075279,3
"['V4', 'V8', 'V21', 'V7', 'V1']",0.2702702702702703,0.6451612903225806,0.38095238095238093,0.3353542827518991,5
"['V4', 'V9', 'V8', 'V20', 'V1']",0.2702702702702703,0.9090909090909091,0.4166666666666667,0.34935112071531055,5
"['V9', 'V8', 'V21', 'V7', 'V20', 'V1']",0.2702702702702703,0.7407407407407407,0.39603960396039606,0.389941725557009,6
"['V4', 'V9', 'V20', 'V1']",0.2702702702702703,0.9090909090909091,0.4166666666666667,0.3482423240213169,4
"['V4', 'V9', 'V8', 'V1']",0.2702702702702703,0.8333333333333334,0.40816326530612246,0.32879686151966175,4
"['V9', 'V21', 'V7', 'V20', 'V1']",0.2702702702702703,0.7142857142857143,0.39215686274509803,0.3707072637947596,5
"['V4', 'V8', 'V21', 'V7', 'V20', 'V1']",0.2702702702702703,0.6451612903225806,0.38095238095238093,0.3388819701304214,6
"['V4', 'V9', 'V20']",0.2702702702702703,0.9090909090909091,0.4166666666666667,0.345488604553118,3
"['V8', 'V20', 'V11']",0.2702702702702703,0.6451612903225806,0.38095238095238093,0.4075761872130896,3
"['V9', 'V8', 'V21', 'V7', 'V20']",0.25675675675675674,0.76,0.3838383838383838,0.3829665388559816,5
"['V9', 'V21', 'V7', 'V1']",0.25675675675675674,0.7037037037037037,0.37623762376237624,0.3725728520282043,4
"['V9', 'V8', 'V21', 'V7']",0.25675675675675674,0.7307692307692307,0.38,0.38491812754135435,4
"['V4', 'V21', 'V7', 'V20', 'V1']",0.25675675675675674,0.59375,0.3584905660377358,0.3134454193633056,5
"['V4', 'V8', 'V7', 'V1']",0.24324324324324326,0.5806451612903226,0.34285714285714286,0.3028935459867786,4
"['V9', 'V21', 'V7']",0.24324324324324326,0.6923076923076923,0.36,0.37278369793107596,3
"['V9', 'V8', 'V21', 'V7', 'V1']",0.24324324324324326,0.75,0.3673469387755102,0.387425205371554,5
"['V9', 'V7', 'V20']",0.24324324324324326,0.6666666666666666,0.3564356435643564,0.3218179906604214,3
"['V9', 'V21', 'V7', 'V20']",0.24324324324324326,0.6923076923076923,0.36,0.371384923515226,4
"['V9', 'V7', 'V20', 'V1']",0.24324324324324326,0.72,0.36363636363636365,0.3220428667174912,4
"['V9', 'V8', 'V21', 'V1']",0.22972972972972974,0.7727272727272727,0.3541666666666667,0.3278016746107918,4
"['V4', 'V21', 'V7', 'V1']",0.22972972972972974,0.5666666666666667,0.3269230769230769,0.312769811905619,4
"['V9', 'V8', 'V7']",0.22972972972972974,0.68,0.3434343434343434,0.32866827760335954,3
"['V4', 'V8', 'V7', 'V20', 'V1']",0.22972972972972974,0.5666666666666667,0.3269230769230769,0.30404669253623734,5
"['V9', 'V8', 'V21', 'V20', 'V1']",0.22972972972972974,0.7727272727272727,0.3541666666666667,0.34935952513793733,5
"['V9', 'V7', 'V1']",0.21621621621621623,0.5925925925925926,0.31683168316831684,0.2869794189711963,3
"['V4', 'V8', 'V21', 'V7', 'V20']",0.21621621621621623,0.5333333333333333,0.3076923076923077,0.30995267030840395,5
"['V9', 'V21', 'V20', 'V1']",0.21621621621621623,0.8421052631578947,0.34408602150537637,0.3342705815530237,4
"['V4', 'V21', 'V7', 'V20']",0.21621621621621623,0.5161290322580645,0.3047619047619048,0.2922470580879802,4
"['V9', 'V8', 'V7', 'V1']",0.21621621621621623,0.6666666666666666,0.32653061224489793,0.33078719778493815,4
"['V9', 'V8', 'V7', 'V20']",0.21621621621621623,0.6666666666666666,0.32653061224489793,0.3424064178901402,4
"['V8', 'V21', 'V7', 'V1']",0.21621621621621623,0.6666666666666666,0.32653061224489793,0.2696939133640193,4
"['V9', 'V21', 'V1']",0.21621621621621623,0.8,0.3404255319148936,0.32202285272467546,3
"['V9', 'V8', 'V7', 'V20', 'V1']",0.21621621621621623,0.6666666666666666,0.32653061224489793,0.34578013312428907,5
"['V4', 'V8', 'V21', 'V7']",0.21621621621621623,0.5333333333333333,0.3076923076923077,0.3059145980290738,4
"['V8', 'V21', 'V7', 'V20', 'V1']",0.21621621621621623,0.6666666666666666,0.32653061224489793,0.2704846140367275,5
"['V9', 'V8', 'V21', 'V20']",0.21621621621621623,0.8888888888888888,0.34782608695652173,0.3396098958226543,4
"['V4', 'V21', 'V7']",0.21621621621621623,0.5161290322580645,0.3047619047619048,0.29054389640715994,3
"['V9', 'V8', 'V21']",0.21621621621621623,0.8888888888888888,0.34782608695652173,0.33851169663822916,3
"['V4', 'V7', 'V1']",0.20270270270270271,0.5357142857142857,0.29411764705882354,0.29402761295624485,3
"['V4', 'V7', 'V20', 'V1']",0.20270270270270271,0.5357142857142857,0.29411764705882354,0.29957651857499024,4
"['V9', 'V8', 'V20']",0.1891891891891892,0.875,0.3111111111111111,0.293651497151982,3
"['V8', 'V21', 'V7']",0.1891891891891892,0.6086956521739131,0.28865979381443296,0.25151593526591637,3
"['V9', 'V8', 'V1']",0.1891891891891892,0.8235294117647058,0.3076923076923077,0.2867786836948313,3
"['V9', 'V8', 'V20', 'V1']",0.1891891891891892,0.8235294117647058,0.3076923076923077,0.29170046714276837,4
"['V8', 'V21', 'V7', 'V20']",0.1891891891891892,0.6086956521739131,0.28865979381443296,0.25026570473306653,4
"['V4', 'V7', 'V20']",0.1891891891891892,0.5,0.27450980392156865,0.26426539817896083,3
"['V4', 'V8', 'V7', 'V20']",0.1891891891891892,0.5,0.27450980392156865,0.2689721103883584,4
"['V4', 'V8', 'V7']",0.1891891891891892,0.5,0.27450980392156865,0.266414237959942,3
"['V9', 'V20', 'V1']",0.17567567567567569,0.7647058823529411,0.2857142857142857,0.26800905581044615,3
"['V8', 'V7', 'V20', 'V1']",0.17567567567567569,0.5652173913043478,0.26804123711340205,0.23782959628180286,4
"['V8', 'V7', 'V1']",0.17567567567567569,0.5909090909090909,0.2708333333333333,0.23675224865612418,3
"['V21', 'V7', 'V20', 'V1']",0.16216216216216217,0.631578947368421,0.25806451612903225,0.21834956952291434,4
"['V21', 'V7', 'V1']",0.16216216216216217,0.6,0.2553191489361702,0.2218383216015832,3
"['V21', 'V7', 'V20']",0.14864864864864866,0.5789473684210527,0.23655913978494625,0.2148492225949523,3
"['V9', 'V21', 'V20']",0.14864864864864866,0.9166666666666666,0.2558139534883721,0.3220509244419994,3
"['V4', 'V8', 'V21', 'V20']",0.14864864864864866,0.5789473684210527,0.23655913978494625,0.23620065237923774,4
"['V4', 'V21', 'V20', 'V1']",0.14864864864864866,0.6111111111111112,0.2391304347826087,0.19791960425464908,4
"['V4', 'V21', 'V1']",0.14864864864864866,0.6111111111111112,0.2391304347826087,0.2094280398716222,3
"['V8', 'V7', 'V20']",0.14864864864864866,0.5238095238095238,0.23157894736842105,0.21673758231934573,3
"['V4', 'V8', 'V21', 'V20', 'V1']",0.13513513513513514,0.625,0.2222222222222222,0.26644732620712563,5
"['V7', 'V20', 'V1']",0.13513513513513514,0.5555555555555556,0.21739130434782608,0.19745743491649334,3
"['V4', 'V8', 'V21', 'V1']",0.13513513513513514,0.6666666666666666,0.2247191011235955,0.23719071285024843,4
"['V4', 'V8', 'V1']",0.13513513513513514,0.625,0.2222222222222222,0.240744390582498,3
"['V4', 'V8', 'V20', 'V1']",0.13513513513513514,0.5882352941176471,0.21978021978021978,0.21681525181460226,4
"['V4', 'V20', 'V1']",0.12162162162162163,0.5625,0.2,0.16649825472756438,3
"['V4', 'V21', 'V20']",0.12162162162162163,0.47368421052631576,0.1935483870967742,0.19908246253466272,3
"['V4', 'V8', 'V21']",0.12162162162162163,0.5,0.1956521739130435,0.2113779682940136,3
"['V4', 'V8', 'V20']",0.10810810810810811,0.5,0.17777777777777778,0.1844798304350282,3
"['V8', 'V21', 'V20']",0.05405405405405406,0.8,0.10126582278481013,0.13110422720754655,3
"['V8', 'V21', 'V1']",0.05405405405405406,0.5714285714285714,0.09876543209876543,0.09605295152656208,3
"['V8', 'V21', 'V20', 'V1']",0.05405405405405406,0.5714285714285714,0.09876543209876543,0.08819525152652931,4
"['V21', 'V20', 'V1']",0.02702702702702703,0.2857142857142857,0.04938271604938271,0.06288920488623134,3
"['V8', 'V20', 'V1']",0.013513513513513514,0.2,0.02531645569620253,0.045833099136454676,3
